{"authorDailyContributionsMap":{"tanyizhe":[{"date":"2023-01-20","commitResults":[{"hash":"c0c06daf73c667a08fc65a18e03c59312cff054f","isMergeCommit":false,"messageTitle":"ip increment level 0","messageBody":"","tags":["Level-0"],"fileTypesAndContributionMap":{"java":{"insertions":3,"deletions":0}}}]},{"date":"2023-01-26","commitResults":[{"hash":"d4fb15f93636f8e8dc6b43e5df453b7568de7640","isMergeCommit":false,"messageTitle":"Level-1 increment","messageBody":"","tags":["Level-1"],"fileTypesAndContributionMap":{"java":{"insertions":11,"deletions":0}}},{"hash":"5929d3c8897ed010bec6a23dedc22af7e4a693f8","isMergeCommit":false,"messageTitle":"Level 2 Increment: add, list","messageBody":"","tags":["Level-2"],"fileTypesAndContributionMap":{"java":{"insertions":17,"deletions":5}}},{"hash":"169d09ef0d64b7e6933a51719982a4db120948b1","isMergeCommit":false,"messageTitle":"Level-3. Mark as Done","messageBody":"","tags":["Level-3"],"fileTypesAndContributionMap":{"java":{"insertions":41,"deletions":7}}},{"hash":"8f360e92d1710d969145ef931137680eefc5994c","isMergeCommit":false,"messageTitle":"Change variable name to be more accurate/descriptive","messageBody":"","tags":["A-CodingStandard"],"fileTypesAndContributionMap":{"java":{"insertions":4,"deletions":4}}}]},{"date":"2023-02-01","commitResults":[{"hash":"e100c3843e2ce962ac3708dcebc286e886a43943","isMergeCommit":false,"messageTitle":"Level-4: ToDo, Event, Deadline","messageBody":"","tags":["Level-4","A-CodeQuality"],"fileTypesAndContributionMap":{"java":{"insertions":176,"deletions":41}}}]},{"date":"2023-02-09","commitResults":[{"hash":"455e853661ef7b8763121a072edfd8b1e626431b","isMergeCommit":false,"messageTitle":"Level-5, Handle errors extracted some methods from main","messageBody":"","tags":["A-Exceptions"],"fileTypesAndContributionMap":{"java":{"insertions":58,"deletions":26}}},{"hash":"6071740b1ca5ba16a15527e792e0a1148edcd102","isMergeCommit":false,"messageTitle":"Level-5 added abstract to Task class","messageBody":"","tags":["Level-5"],"fileTypesAndContributionMap":{"java":{"insertions":3,"deletions":6}}}]},{"date":"2023-02-10","commitResults":[{"hash":"ca326b88ea52658455bf185656fc61f1fd5b0e64","isMergeCommit":false,"messageTitle":"A-Packages - organise into Packages","messageBody":"","tags":["A-Packages"],"fileTypesAndContributionMap":{"java":{"insertions":12,"deletions":0}}}]},{"date":"2023-02-15","commitResults":[{"hash":"c5d518cf28b11c5c985b0e916d8a7c2a839c3fc5","isMergeCommit":false,"messageTitle":"Level-6 add ability to delete task","messageBody":"","tags":["Level-6","A-Collections"],"fileTypesAndContributionMap":{"java":{"insertions":35,"deletions":23}}},{"hash":"9f6b9b5e110c6bfd6ea8bb7fd747c543c26ceecc","isMergeCommit":false,"messageTitle":"Level-7 save into a text file","messageBody":"","tags":["Level-7"],"fileTypesAndContributionMap":{"java":{"insertions":88,"deletions":7}}},{"hash":"21813060f966b84e9efd0a831dffa7c76677491f","isMergeCommit":true,"messageTitle":"Merge branch \u0027branch-Level-7\u0027","messageBody":"# Conflicts:\n#\tsrc/main/java/duke/Duke.java\n","tags":["A-Jar"],"fileTypesAndContributionMap":{}}]},{"date":"2023-02-17","commitResults":[{"hash":"6be170daa1ae292d37d4dd03334b2c44093b9637","isMergeCommit":false,"messageTitle":"Format changes","messageBody":"","fileTypesAndContributionMap":{"java":{"insertions":2,"deletions":1}}},{"hash":"5bb13986027cf7b4091edf7375106c6bee0d0209","isMergeCommit":false,"messageTitle":"Level-5, Handle errors extracted some methods from main","messageBody":"(cherry picked from commit 455e853661ef7b8763121a072edfd8b1e626431b)\n","fileTypesAndContributionMap":{"java":{"insertions":58,"deletions":26}}},{"hash":"c32a5c8819a17b7bbbc382c0544b7fc7ec1cb2d6","isMergeCommit":false,"messageTitle":"Level-5 added abstract to Task class","messageBody":"(cherry picked from commit 6071740b1ca5ba16a15527e792e0a1148edcd102)\n","fileTypesAndContributionMap":{"java":{"insertions":3,"deletions":6}}},{"hash":"363d2ab4502624f00892459318fcc8335754f08f","isMergeCommit":false,"messageTitle":"Remove white spaces, removed redundant comment","messageBody":"","fileTypesAndContributionMap":{"java":{"insertions":1,"deletions":6}}},{"hash":"19a816cf95f1cca9e8a6b5c838fb74f1d91a57b2","isMergeCommit":true,"messageTitle":"Merge branch \u0027branch-Level-5a\u0027","messageBody":"# Conflicts:\n#\tsrc/main/java/Duke.java\n#\tsrc/main/java/duke/Task.java\n","tags":["Duke_v0.1"],"fileTypesAndContributionMap":{}}]},{"date":"2023-03-01","commitResults":[{"hash":"951657673db117d246239b9f4720630505b8e66e","isMergeCommit":false,"messageTitle":"Implemented more OOP into code.","messageBody":"","tags":["A-MoreOOP"],"fileTypesAndContributionMap":{"txt":{"insertions":2,"deletions":0},"java":{"insertions":115,"deletions":0}}},{"hash":"8cb0ed6b9946d9f2c4f0fe5a748bcc419dbdd941","isMergeCommit":false,"messageTitle":"added find function.","messageBody":"","tags":["Level-9"],"fileTypesAndContributionMap":{"java":{"insertions":82,"deletions":104}}},{"hash":"ccd4b4e507692bb94bf6b085249c50c480aa0045","isMergeCommit":true,"messageTitle":"Merge pull request #1 from tanyizhe/branch-Level-9","messageBody":"added find function.","fileTypesAndContributionMap":{}}]},{"date":"2023-03-02","commitResults":[{"hash":"e046c66f760f1d00659ab9286b03deae431e3e2e","isMergeCommit":false,"messageTitle":"Added documentation to many classes and methods.","messageBody":"","tags":["A-JavaDoc"],"fileTypesAndContributionMap":{"java":{"insertions":133,"deletions":24}}},{"hash":"4f1f823ff12da8c3d5b8a5f030879c08995ad915","isMergeCommit":false,"messageTitle":"Updated user guide","messageBody":"","tags":["A-UserGuide","A-Release"],"fileTypesAndContributionMap":{"java":{"insertions":18,"deletions":10},"md":{"insertions":163,"deletions":11}}}]},{"date":"2023-03-17","commitResults":[{"hash":"3d7fdd2c2435c3255a2a496872c62cccfece20db","isMergeCommit":false,"messageTitle":"Improve abstraction and added 1more exception","messageBody":"","fileTypesAndContributionMap":{"java":{"insertions":87,"deletions":46}}}]},{"date":"2023-03-18","commitResults":[{"hash":"059f26ca3bf2404c5add1d62a8793e560306fac5","isMergeCommit":false,"messageTitle":"added new CommandHandler class.","messageBody":"","fileTypesAndContributionMap":{"java":{"insertions":237,"deletions":216}}},{"hash":"7a7b0324e58dcba208fe91dd2d1c9a9c8efba06e","isMergeCommit":false,"messageTitle":"Fixed a bug","messageBody":"","tags":["v0.3"],"fileTypesAndContributionMap":{"java":{"insertions":5,"deletions":2}}}]}]},"authorFileTypeContributionMap":{"tanyizhe":{"java":627,"md":159,"fxml":0,"sh":0,"bat":0,"gradle":0,"txt":2}},"authorContributionVariance":{"tanyizhe":7550.758},"authorDisplayNameMap":{"tanyizhe":"CS2113-W13-1 TAN .. ZHE"}}
