[{"path":"src/main/java/Duke.java","fileType":"java","lines":[{"lineNumber":1,"author":{"gitId":"GraceZhuXY"},"content":"import java.util.Scanner;","lastModifiedDate":"2023-01-26"},{"lineNumber":2,"author":{"gitId":"-"},"content":"public class Duke {","lastModifiedDate":"2019-07-29"},{"lineNumber":3,"author":{"gitId":"-"},"content":"    public static void main(String[] args) {","lastModifiedDate":"2019-07-29"},{"lineNumber":4,"author":{"gitId":"GraceZhuXY"},"content":"        Scanner reader \u003d new Scanner(System.in);","lastModifiedDate":"2023-01-26"},{"lineNumber":5,"author":{"gitId":"GraceZhuXY"},"content":"        Task[] items \u003d new Task[100];","lastModifiedDate":"2023-01-30"},{"lineNumber":6,"author":{"gitId":"GraceZhuXY"},"content":"        int counter \u003d 0;","lastModifiedDate":"2023-01-26"},{"lineNumber":7,"author":{"gitId":"GraceZhuXY"},"content":"        System.out.println(\"Hi, I\u0027m bob\");","lastModifiedDate":"2023-01-26"},{"lineNumber":8,"author":{"gitId":"GraceZhuXY"},"content":"        System.out.println(\"What\u0027s up\");","lastModifiedDate":"2023-01-26"},{"lineNumber":9,"author":{"gitId":"GraceZhuXY"},"content":"        String word \u003d reader.nextLine();","lastModifiedDate":"2023-01-26"},{"lineNumber":10,"author":{"gitId":"GraceZhuXY"},"content":"        while (!word.equals(\"bye\")) {","lastModifiedDate":"2023-01-26"},{"lineNumber":11,"author":{"gitId":"GraceZhuXY"},"content":"            if (word.equals(\"list\") \u0026\u0026 counter \u003e 0) {","lastModifiedDate":"2023-01-26"},{"lineNumber":12,"author":{"gitId":"GraceZhuXY"},"content":"                for (int i \u003d 1; i \u003c\u003d counter; i++) {","lastModifiedDate":"2023-01-26"},{"lineNumber":13,"author":{"gitId":"GraceZhuXY"},"content":"                    System.out.println(i + \".[\" + items[i-1].getStatusIcon() + \"] \" + items[i-1].description);","lastModifiedDate":"2023-01-30"},{"lineNumber":14,"author":{"gitId":"GraceZhuXY"},"content":"                }","lastModifiedDate":"2023-01-30"},{"lineNumber":15,"author":{"gitId":"GraceZhuXY"},"content":"            } else if (word.contains(\"mark\")) {","lastModifiedDate":"2023-01-30"},{"lineNumber":16,"author":{"gitId":"GraceZhuXY"},"content":"                int taskNo;","lastModifiedDate":"2023-01-30"},{"lineNumber":17,"author":{"gitId":"GraceZhuXY"},"content":"                taskNo \u003d Character.getNumericValue(word.charAt(word.length()-1));","lastModifiedDate":"2023-01-30"},{"lineNumber":18,"author":{"gitId":"GraceZhuXY"},"content":"                if (word.contains(\"un\")) {","lastModifiedDate":"2023-01-30"},{"lineNumber":19,"author":{"gitId":"GraceZhuXY"},"content":"                    items[taskNo-1].unmarkAsDone();","lastModifiedDate":"2023-01-30"},{"lineNumber":20,"author":{"gitId":"GraceZhuXY"},"content":"                    System.out.println(\"This task is not done: \" + \"[\" + items[taskNo-1].getStatusIcon() +","lastModifiedDate":"2023-01-30"},{"lineNumber":21,"author":{"gitId":"GraceZhuXY"},"content":"                            \"] \" + items[taskNo-1].description);","lastModifiedDate":"2023-01-30"},{"lineNumber":22,"author":{"gitId":"GraceZhuXY"},"content":"                } else {","lastModifiedDate":"2023-01-30"},{"lineNumber":23,"author":{"gitId":"GraceZhuXY"},"content":"                    items[taskNo-1].markAsDone();","lastModifiedDate":"2023-01-30"},{"lineNumber":24,"author":{"gitId":"GraceZhuXY"},"content":"                    System.out.println(\"This task is done: \" + \"[\" + items[taskNo-1].getStatusIcon() + \"] \" +","lastModifiedDate":"2023-01-30"},{"lineNumber":25,"author":{"gitId":"GraceZhuXY"},"content":"                            items[taskNo-1].description);","lastModifiedDate":"2023-01-30"},{"lineNumber":26,"author":{"gitId":"GraceZhuXY"},"content":"                }","lastModifiedDate":"2023-01-26"},{"lineNumber":27,"author":{"gitId":"GraceZhuXY"},"content":"            } else {","lastModifiedDate":"2023-01-26"},{"lineNumber":28,"author":{"gitId":"GraceZhuXY"},"content":"                System.out.println(\"added: \" + word);","lastModifiedDate":"2023-01-26"},{"lineNumber":29,"author":{"gitId":"GraceZhuXY"},"content":"                items[counter] \u003d new Task(word);","lastModifiedDate":"2023-01-30"},{"lineNumber":30,"author":{"gitId":"GraceZhuXY"},"content":"                counter +\u003d 1;","lastModifiedDate":"2023-01-26"},{"lineNumber":31,"author":{"gitId":"GraceZhuXY"},"content":"            }","lastModifiedDate":"2023-01-26"},{"lineNumber":32,"author":{"gitId":"GraceZhuXY"},"content":"            word \u003d reader.nextLine();","lastModifiedDate":"2023-01-30"},{"lineNumber":33,"author":{"gitId":"GraceZhuXY"},"content":"        }","lastModifiedDate":"2023-01-26"},{"lineNumber":34,"author":{"gitId":"GraceZhuXY"},"content":"        System.out.println(\"Bye\");","lastModifiedDate":"2023-01-26"},{"lineNumber":35,"author":{"gitId":"-"},"content":"    }","lastModifiedDate":"2019-07-29"},{"lineNumber":36,"author":{"gitId":"-"},"content":"}","lastModifiedDate":"2019-07-29"}],"authorContributionMap":{"GraceZhuXY":32,"-":4}},{"path":"src/main/java/Task.java","fileType":"java","lines":[{"lineNumber":1,"author":{"gitId":"GraceZhuXY"},"content":"public class Task {","lastModifiedDate":"2023-01-30"},{"lineNumber":2,"author":{"gitId":"GraceZhuXY"},"content":"    protected String description;","lastModifiedDate":"2023-01-30"},{"lineNumber":3,"author":{"gitId":"GraceZhuXY"},"content":"    protected boolean isDone;","lastModifiedDate":"2023-01-30"},{"lineNumber":4,"author":{"gitId":"GraceZhuXY"},"content":"","lastModifiedDate":"2023-01-30"},{"lineNumber":5,"author":{"gitId":"GraceZhuXY"},"content":"    public Task(String description) {","lastModifiedDate":"2023-01-30"},{"lineNumber":6,"author":{"gitId":"GraceZhuXY"},"content":"        this.description \u003d description;","lastModifiedDate":"2023-01-30"},{"lineNumber":7,"author":{"gitId":"GraceZhuXY"},"content":"        this.isDone \u003d false;","lastModifiedDate":"2023-01-30"},{"lineNumber":8,"author":{"gitId":"GraceZhuXY"},"content":"    }","lastModifiedDate":"2023-01-30"},{"lineNumber":9,"author":{"gitId":"GraceZhuXY"},"content":"","lastModifiedDate":"2023-01-30"},{"lineNumber":10,"author":{"gitId":"GraceZhuXY"},"content":"    public String getStatusIcon() {","lastModifiedDate":"2023-01-30"},{"lineNumber":11,"author":{"gitId":"GraceZhuXY"},"content":"        return (isDone ? \"X\" : \" \"); // mark done task with X","lastModifiedDate":"2023-01-30"},{"lineNumber":12,"author":{"gitId":"GraceZhuXY"},"content":"    }","lastModifiedDate":"2023-01-30"},{"lineNumber":13,"author":{"gitId":"GraceZhuXY"},"content":"","lastModifiedDate":"2023-01-30"},{"lineNumber":14,"author":{"gitId":"GraceZhuXY"},"content":"    public void markAsDone(){","lastModifiedDate":"2023-01-30"},{"lineNumber":15,"author":{"gitId":"GraceZhuXY"},"content":"        isDone \u003d true;","lastModifiedDate":"2023-01-30"},{"lineNumber":16,"author":{"gitId":"GraceZhuXY"},"content":"    }","lastModifiedDate":"2023-01-30"},{"lineNumber":17,"author":{"gitId":"GraceZhuXY"},"content":"","lastModifiedDate":"2023-01-30"},{"lineNumber":18,"author":{"gitId":"GraceZhuXY"},"content":"    public void unmarkAsDone(){","lastModifiedDate":"2023-01-30"},{"lineNumber":19,"author":{"gitId":"GraceZhuXY"},"content":"        isDone \u003d false;","lastModifiedDate":"2023-01-30"},{"lineNumber":20,"author":{"gitId":"GraceZhuXY"},"content":"    }","lastModifiedDate":"2023-01-30"},{"lineNumber":21,"author":{"gitId":"GraceZhuXY"},"content":"}","lastModifiedDate":"2023-01-30"}],"authorContributionMap":{"GraceZhuXY":21}}]
