[{"path":"src/main/java/Deadline.java","fileType":"java","lines":[{"lineNumber":1,"author":{"gitId":"GraceZhuXY"},"content":"public class Deadline extends Todo {","lastModifiedDate":"2023-02-04"},{"lineNumber":2,"author":{"gitId":"GraceZhuXY"},"content":"    protected String by;","lastModifiedDate":"2023-02-04"},{"lineNumber":3,"author":{"gitId":"GraceZhuXY"},"content":"    public Deadline(String description, String by) {","lastModifiedDate":"2023-02-04"},{"lineNumber":4,"author":{"gitId":"GraceZhuXY"},"content":"        super(description);","lastModifiedDate":"2023-02-04"},{"lineNumber":5,"author":{"gitId":"GraceZhuXY"},"content":"        setBy(by);","lastModifiedDate":"2023-02-04"},{"lineNumber":6,"author":{"gitId":"GraceZhuXY"},"content":"    }","lastModifiedDate":"2023-02-04"},{"lineNumber":7,"author":{"gitId":"GraceZhuXY"},"content":"","lastModifiedDate":"2023-02-04"},{"lineNumber":8,"author":{"gitId":"GraceZhuXY"},"content":"    public void setBy(String by) {","lastModifiedDate":"2023-02-04"},{"lineNumber":9,"author":{"gitId":"GraceZhuXY"},"content":"        this.by \u003d by;","lastModifiedDate":"2023-02-04"},{"lineNumber":10,"author":{"gitId":"GraceZhuXY"},"content":"    }","lastModifiedDate":"2023-02-04"},{"lineNumber":11,"author":{"gitId":"GraceZhuXY"},"content":"","lastModifiedDate":"2023-02-04"},{"lineNumber":12,"author":{"gitId":"GraceZhuXY"},"content":"    public String getBy() {","lastModifiedDate":"2023-02-04"},{"lineNumber":13,"author":{"gitId":"GraceZhuXY"},"content":"        return this.by;","lastModifiedDate":"2023-02-04"},{"lineNumber":14,"author":{"gitId":"GraceZhuXY"},"content":"    }","lastModifiedDate":"2023-02-04"},{"lineNumber":15,"author":{"gitId":"GraceZhuXY"},"content":"","lastModifiedDate":"2023-02-04"},{"lineNumber":16,"author":{"gitId":"GraceZhuXY"},"content":"    @Override","lastModifiedDate":"2023-02-04"},{"lineNumber":17,"author":{"gitId":"GraceZhuXY"},"content":"    public String getType() {","lastModifiedDate":"2023-02-04"},{"lineNumber":18,"author":{"gitId":"GraceZhuXY"},"content":"        return \"deadline\";","lastModifiedDate":"2023-02-04"},{"lineNumber":19,"author":{"gitId":"GraceZhuXY"},"content":"    }","lastModifiedDate":"2023-02-04"},{"lineNumber":20,"author":{"gitId":"GraceZhuXY"},"content":"","lastModifiedDate":"2023-02-04"},{"lineNumber":21,"author":{"gitId":"GraceZhuXY"},"content":"    @Override","lastModifiedDate":"2023-02-04"},{"lineNumber":22,"author":{"gitId":"GraceZhuXY"},"content":"    public String getTimings() {","lastModifiedDate":"2023-02-04"},{"lineNumber":23,"author":{"gitId":"GraceZhuXY"},"content":"        return this.by;","lastModifiedDate":"2023-02-04"},{"lineNumber":24,"author":{"gitId":"GraceZhuXY"},"content":"    }","lastModifiedDate":"2023-02-04"},{"lineNumber":25,"author":{"gitId":"GraceZhuXY"},"content":"","lastModifiedDate":"2023-02-04"},{"lineNumber":26,"author":{"gitId":"GraceZhuXY"},"content":"}","lastModifiedDate":"2023-02-04"}],"authorContributionMap":{"GraceZhuXY":26}},{"path":"src/main/java/Duke.java","fileType":"java","lines":[{"lineNumber":1,"author":{"gitId":"GraceZhuXY"},"content":"import java.util.Objects;","lastModifiedDate":"2023-02-02"},{"lineNumber":2,"author":{"gitId":"GraceZhuXY"},"content":"import java.util.Scanner;","lastModifiedDate":"2023-01-26"},{"lineNumber":3,"author":{"gitId":"-"},"content":"public class Duke {","lastModifiedDate":"2019-07-29"},{"lineNumber":4,"author":{"gitId":"GraceZhuXY"},"content":"","lastModifiedDate":"2023-02-04"},{"lineNumber":5,"author":{"gitId":"GraceZhuXY"},"content":"    static final int MAX_TASKS \u003d 100;","lastModifiedDate":"2023-02-04"},{"lineNumber":6,"author":{"gitId":"GraceZhuXY"},"content":"","lastModifiedDate":"2023-02-04"},{"lineNumber":7,"author":{"gitId":"-"},"content":"    public static void main(String[] args) {","lastModifiedDate":"2019-07-29"},{"lineNumber":8,"author":{"gitId":"GraceZhuXY"},"content":"","lastModifiedDate":"2023-02-04"},{"lineNumber":9,"author":{"gitId":"GraceZhuXY"},"content":"        Scanner reader \u003d new Scanner(System.in);","lastModifiedDate":"2023-01-26"},{"lineNumber":10,"author":{"gitId":"GraceZhuXY"},"content":"        Task[] tasks \u003d new Task[MAX_TASKS];","lastModifiedDate":"2023-02-04"},{"lineNumber":11,"author":{"gitId":"GraceZhuXY"},"content":"        int counter \u003d 0;","lastModifiedDate":"2023-01-26"},{"lineNumber":12,"author":{"gitId":"GraceZhuXY"},"content":"        System.out.println(\"Hi, I\u0027m bob\");","lastModifiedDate":"2023-01-26"},{"lineNumber":13,"author":{"gitId":"GraceZhuXY"},"content":"        System.out.println(\"What\u0027s up\");","lastModifiedDate":"2023-01-26"},{"lineNumber":14,"author":{"gitId":"GraceZhuXY"},"content":"        String word \u003d reader.nextLine();","lastModifiedDate":"2023-01-26"},{"lineNumber":15,"author":{"gitId":"GraceZhuXY"},"content":"","lastModifiedDate":"2023-02-04"},{"lineNumber":16,"author":{"gitId":"GraceZhuXY"},"content":"        while (!word.equals(\"bye\")) {","lastModifiedDate":"2023-01-26"},{"lineNumber":17,"author":{"gitId":"GraceZhuXY"},"content":"","lastModifiedDate":"2023-02-04"},{"lineNumber":18,"author":{"gitId":"GraceZhuXY"},"content":"            if (word.equals(\"list\")) {","lastModifiedDate":"2023-02-04"},{"lineNumber":19,"author":{"gitId":"GraceZhuXY"},"content":"                if (counter \u003d\u003d 0) {","lastModifiedDate":"2023-02-04"},{"lineNumber":20,"author":{"gitId":"GraceZhuXY"},"content":"                    System.out.println(\"No tasks!\");","lastModifiedDate":"2023-02-04"},{"lineNumber":21,"author":{"gitId":"GraceZhuXY"},"content":"                } else {","lastModifiedDate":"2023-01-30"},{"lineNumber":22,"author":{"gitId":"GraceZhuXY"},"content":"                    getList(tasks, counter);","lastModifiedDate":"2023-02-04"},{"lineNumber":23,"author":{"gitId":"GraceZhuXY"},"content":"                }","lastModifiedDate":"2023-01-26"},{"lineNumber":24,"author":{"gitId":"GraceZhuXY"},"content":"                word \u003d reader.nextLine();","lastModifiedDate":"2023-02-06"},{"lineNumber":25,"author":{"gitId":"GraceZhuXY"},"content":"","lastModifiedDate":"2023-02-04"},{"lineNumber":26,"author":{"gitId":"GraceZhuXY"},"content":"            //mark, unmark, or add","lastModifiedDate":"2023-02-04"},{"lineNumber":27,"author":{"gitId":"GraceZhuXY"},"content":"            } else {","lastModifiedDate":"2023-01-26"},{"lineNumber":28,"author":{"gitId":"GraceZhuXY"},"content":"                int taskDescriptionIndex \u003d word.indexOf(\" \");","lastModifiedDate":"2023-02-06"},{"lineNumber":29,"author":{"gitId":"GraceZhuXY"},"content":"                String taskType \u003d word.substring(0, taskDescriptionIndex);","lastModifiedDate":"2023-02-06"},{"lineNumber":30,"author":{"gitId":"GraceZhuXY"},"content":"                String taskDescription \u003d word.substring(taskDescriptionIndex+1);","lastModifiedDate":"2023-02-06"},{"lineNumber":31,"author":{"gitId":"GraceZhuXY"},"content":"","lastModifiedDate":"2023-02-04"},{"lineNumber":32,"author":{"gitId":"GraceZhuXY"},"content":"                switch (taskType) {","lastModifiedDate":"2023-02-04"},{"lineNumber":33,"author":{"gitId":"GraceZhuXY"},"content":"                case \"mark\":","lastModifiedDate":"2023-02-04"},{"lineNumber":34,"author":{"gitId":"GraceZhuXY"},"content":"                    markTask(taskDescription, tasks);","lastModifiedDate":"2023-02-04"},{"lineNumber":35,"author":{"gitId":"GraceZhuXY"},"content":"                    word \u003d reader.nextLine();","lastModifiedDate":"2023-02-04"},{"lineNumber":36,"author":{"gitId":"GraceZhuXY"},"content":"                    break;","lastModifiedDate":"2023-02-04"},{"lineNumber":37,"author":{"gitId":"GraceZhuXY"},"content":"","lastModifiedDate":"2023-02-04"},{"lineNumber":38,"author":{"gitId":"GraceZhuXY"},"content":"                case \"unmark\":","lastModifiedDate":"2023-02-04"},{"lineNumber":39,"author":{"gitId":"GraceZhuXY"},"content":"                    unmarkTask(taskDescription, tasks);","lastModifiedDate":"2023-02-04"},{"lineNumber":40,"author":{"gitId":"GraceZhuXY"},"content":"                    word \u003d reader.nextLine();","lastModifiedDate":"2023-02-04"},{"lineNumber":41,"author":{"gitId":"GraceZhuXY"},"content":"                    break;","lastModifiedDate":"2023-02-04"},{"lineNumber":42,"author":{"gitId":"GraceZhuXY"},"content":"","lastModifiedDate":"2023-02-04"},{"lineNumber":43,"author":{"gitId":"GraceZhuXY"},"content":"                case \"todo\":","lastModifiedDate":"2023-02-04"},{"lineNumber":44,"author":{"gitId":"GraceZhuXY"},"content":"                    createTodo(tasks, counter, taskDescription);","lastModifiedDate":"2023-02-04"},{"lineNumber":45,"author":{"gitId":"GraceZhuXY"},"content":"                    counter++;","lastModifiedDate":"2023-02-04"},{"lineNumber":46,"author":{"gitId":"GraceZhuXY"},"content":"                    word \u003d reader.nextLine();","lastModifiedDate":"2023-02-04"},{"lineNumber":47,"author":{"gitId":"GraceZhuXY"},"content":"                    break;","lastModifiedDate":"2023-02-04"},{"lineNumber":48,"author":{"gitId":"GraceZhuXY"},"content":"","lastModifiedDate":"2023-02-04"},{"lineNumber":49,"author":{"gitId":"GraceZhuXY"},"content":"                case \"deadline\":","lastModifiedDate":"2023-02-04"},{"lineNumber":50,"author":{"gitId":"GraceZhuXY"},"content":"                    createDeadline(tasks, counter, taskDescription);","lastModifiedDate":"2023-02-04"},{"lineNumber":51,"author":{"gitId":"GraceZhuXY"},"content":"                    counter++;","lastModifiedDate":"2023-02-04"},{"lineNumber":52,"author":{"gitId":"GraceZhuXY"},"content":"                    word \u003d reader.nextLine();","lastModifiedDate":"2023-01-30"},{"lineNumber":53,"author":{"gitId":"GraceZhuXY"},"content":"                    break;","lastModifiedDate":"2023-02-04"},{"lineNumber":54,"author":{"gitId":"GraceZhuXY"},"content":"","lastModifiedDate":"2023-02-04"},{"lineNumber":55,"author":{"gitId":"GraceZhuXY"},"content":"                case \"event\":","lastModifiedDate":"2023-02-04"},{"lineNumber":56,"author":{"gitId":"GraceZhuXY"},"content":"                    createEvent(tasks, counter, taskDescription);","lastModifiedDate":"2023-02-04"},{"lineNumber":57,"author":{"gitId":"GraceZhuXY"},"content":"                    counter++;","lastModifiedDate":"2023-02-04"},{"lineNumber":58,"author":{"gitId":"GraceZhuXY"},"content":"                    word \u003d reader.nextLine();","lastModifiedDate":"2023-02-04"},{"lineNumber":59,"author":{"gitId":"GraceZhuXY"},"content":"                    break;","lastModifiedDate":"2023-02-04"},{"lineNumber":60,"author":{"gitId":"GraceZhuXY"},"content":"","lastModifiedDate":"2023-02-04"},{"lineNumber":61,"author":{"gitId":"GraceZhuXY"},"content":"                default:","lastModifiedDate":"2023-02-04"},{"lineNumber":62,"author":{"gitId":"GraceZhuXY"},"content":"                    System.out.println(\"That\u0027s an invalid task :(\");","lastModifiedDate":"2023-02-04"},{"lineNumber":63,"author":{"gitId":"GraceZhuXY"},"content":"                    word \u003d reader.nextLine();","lastModifiedDate":"2023-02-04"},{"lineNumber":64,"author":{"gitId":"GraceZhuXY"},"content":"                }","lastModifiedDate":"2023-02-04"},{"lineNumber":65,"author":{"gitId":"GraceZhuXY"},"content":"","lastModifiedDate":"2023-02-04"},{"lineNumber":66,"author":{"gitId":"GraceZhuXY"},"content":"            }","lastModifiedDate":"2023-02-04"},{"lineNumber":67,"author":{"gitId":"GraceZhuXY"},"content":"        }","lastModifiedDate":"2023-01-26"},{"lineNumber":68,"author":{"gitId":"GraceZhuXY"},"content":"        System.out.println(\"Bye\");","lastModifiedDate":"2023-01-26"},{"lineNumber":69,"author":{"gitId":"-"},"content":"    }","lastModifiedDate":"2019-07-29"},{"lineNumber":70,"author":{"gitId":"GraceZhuXY"},"content":"","lastModifiedDate":"2023-02-04"},{"lineNumber":71,"author":{"gitId":"GraceZhuXY"},"content":"    private static void createEvent(Task[] tasks, int counter, String taskDescription) {","lastModifiedDate":"2023-02-04"},{"lineNumber":72,"author":{"gitId":"GraceZhuXY"},"content":"        int eventStartIndex \u003d taskDescription.indexOf(\"/\");","lastModifiedDate":"2023-02-06"},{"lineNumber":73,"author":{"gitId":"GraceZhuXY"},"content":"        int eventEndIndex \u003d taskDescription.lastIndexOf(\"/\");","lastModifiedDate":"2023-02-06"},{"lineNumber":74,"author":{"gitId":"GraceZhuXY"},"content":"","lastModifiedDate":"2023-02-06"},{"lineNumber":75,"author":{"gitId":"GraceZhuXY"},"content":"        String eventDescription \u003d taskDescription.substring(0, eventStartIndex);","lastModifiedDate":"2023-02-06"},{"lineNumber":76,"author":{"gitId":"GraceZhuXY"},"content":"        //+6 to eventStartIndex to skip past \"/from \"","lastModifiedDate":"2023-02-06"},{"lineNumber":77,"author":{"gitId":"GraceZhuXY"},"content":"        String eventStart \u003d taskDescription.substring(eventStartIndex+6, eventEndIndex);","lastModifiedDate":"2023-02-06"},{"lineNumber":78,"author":{"gitId":"GraceZhuXY"},"content":"        //+4 to eventEndIndex tp skip past \"/by \"","lastModifiedDate":"2023-02-06"},{"lineNumber":79,"author":{"gitId":"GraceZhuXY"},"content":"        String eventEnd \u003d taskDescription.substring(eventEndIndex+4);","lastModifiedDate":"2023-02-06"},{"lineNumber":80,"author":{"gitId":"GraceZhuXY"},"content":"","lastModifiedDate":"2023-02-06"},{"lineNumber":81,"author":{"gitId":"GraceZhuXY"},"content":"        tasks[counter] \u003d new Event(eventDescription, eventStart, eventEnd);","lastModifiedDate":"2023-02-06"},{"lineNumber":82,"author":{"gitId":"GraceZhuXY"},"content":"        System.out.println(\"Created event: \" + eventDescription);","lastModifiedDate":"2023-02-06"},{"lineNumber":83,"author":{"gitId":"GraceZhuXY"},"content":"    }","lastModifiedDate":"2023-02-04"},{"lineNumber":84,"author":{"gitId":"GraceZhuXY"},"content":"","lastModifiedDate":"2023-02-04"},{"lineNumber":85,"author":{"gitId":"GraceZhuXY"},"content":"    private static void createDeadline(Task[] tasks, int counter, String taskDescription) {","lastModifiedDate":"2023-02-04"},{"lineNumber":86,"author":{"gitId":"GraceZhuXY"},"content":"        int deadlineByIndex \u003d taskDescription.indexOf(\"/\");","lastModifiedDate":"2023-02-06"},{"lineNumber":87,"author":{"gitId":"GraceZhuXY"},"content":"","lastModifiedDate":"2023-02-06"},{"lineNumber":88,"author":{"gitId":"GraceZhuXY"},"content":"        String deadlineDescription \u003d taskDescription.substring(0, deadlineByIndex);","lastModifiedDate":"2023-02-06"},{"lineNumber":89,"author":{"gitId":"GraceZhuXY"},"content":"        String deadlineBy \u003d taskDescription.substring(deadlineByIndex+4);","lastModifiedDate":"2023-02-06"},{"lineNumber":90,"author":{"gitId":"GraceZhuXY"},"content":"","lastModifiedDate":"2023-02-06"},{"lineNumber":91,"author":{"gitId":"GraceZhuXY"},"content":"        tasks[counter] \u003d new Deadline(deadlineDescription, deadlineBy);","lastModifiedDate":"2023-02-06"},{"lineNumber":92,"author":{"gitId":"GraceZhuXY"},"content":"        System.out.println(\"Created deadline: \" + deadlineDescription);","lastModifiedDate":"2023-02-06"},{"lineNumber":93,"author":{"gitId":"GraceZhuXY"},"content":"    }","lastModifiedDate":"2023-02-04"},{"lineNumber":94,"author":{"gitId":"GraceZhuXY"},"content":"","lastModifiedDate":"2023-02-04"},{"lineNumber":95,"author":{"gitId":"GraceZhuXY"},"content":"    private static void createTodo(Task[] tasks, int counter, String taskDescription) {","lastModifiedDate":"2023-02-04"},{"lineNumber":96,"author":{"gitId":"GraceZhuXY"},"content":"        tasks[counter] \u003d new Todo(taskDescription);","lastModifiedDate":"2023-02-04"},{"lineNumber":97,"author":{"gitId":"GraceZhuXY"},"content":"        System.out.println(\"Created todo: \" + taskDescription);","lastModifiedDate":"2023-02-04"},{"lineNumber":98,"author":{"gitId":"GraceZhuXY"},"content":"    }","lastModifiedDate":"2023-02-04"},{"lineNumber":99,"author":{"gitId":"GraceZhuXY"},"content":"","lastModifiedDate":"2023-02-04"},{"lineNumber":100,"author":{"gitId":"GraceZhuXY"},"content":"    private static void getList (Task[] tasks, int counter) {","lastModifiedDate":"2023-02-04"},{"lineNumber":101,"author":{"gitId":"GraceZhuXY"},"content":"        for (int i \u003d 0; i \u003c counter; i++) {","lastModifiedDate":"2023-02-04"},{"lineNumber":102,"author":{"gitId":"GraceZhuXY"},"content":"            System.out.print(i+1);","lastModifiedDate":"2023-02-04"},{"lineNumber":103,"author":{"gitId":"GraceZhuXY"},"content":"            String taskType \u003d tasks[i].getType();","lastModifiedDate":"2023-02-04"},{"lineNumber":104,"author":{"gitId":"GraceZhuXY"},"content":"","lastModifiedDate":"2023-02-04"},{"lineNumber":105,"author":{"gitId":"GraceZhuXY"},"content":"            switch (taskType) {","lastModifiedDate":"2023-02-04"},{"lineNumber":106,"author":{"gitId":"GraceZhuXY"},"content":"            case \"todo\":","lastModifiedDate":"2023-02-04"},{"lineNumber":107,"author":{"gitId":"GraceZhuXY"},"content":"                System.out.print(\".[T][\" + tasks[i].getStatusIcon() + \"] \" + tasks[i].description + \"\\n\");","lastModifiedDate":"2023-02-04"},{"lineNumber":108,"author":{"gitId":"GraceZhuXY"},"content":"                break;","lastModifiedDate":"2023-02-04"},{"lineNumber":109,"author":{"gitId":"GraceZhuXY"},"content":"","lastModifiedDate":"2023-02-04"},{"lineNumber":110,"author":{"gitId":"GraceZhuXY"},"content":"            case \"deadline\":","lastModifiedDate":"2023-02-04"},{"lineNumber":111,"author":{"gitId":"GraceZhuXY"},"content":"                System.out.print(\".[D][\" + tasks[i].getStatusIcon() + \"] \" + tasks[i].description);","lastModifiedDate":"2023-02-06"},{"lineNumber":112,"author":{"gitId":"GraceZhuXY"},"content":"                System.out.print(\" (by: \" + tasks[i].getTimings() + \")\\n\");","lastModifiedDate":"2023-02-04"},{"lineNumber":113,"author":{"gitId":"GraceZhuXY"},"content":"                break;","lastModifiedDate":"2023-02-04"},{"lineNumber":114,"author":{"gitId":"GraceZhuXY"},"content":"","lastModifiedDate":"2023-02-04"},{"lineNumber":115,"author":{"gitId":"GraceZhuXY"},"content":"            case \"event\":","lastModifiedDate":"2023-02-04"},{"lineNumber":116,"author":{"gitId":"GraceZhuXY"},"content":"                System.out.print(\".[E][\" + tasks[i].getStatusIcon() + \"] \" + tasks[i].description);","lastModifiedDate":"2023-02-04"},{"lineNumber":117,"author":{"gitId":"GraceZhuXY"},"content":"                String[] timings \u003d tasks[i].getTimings().split(\"/\");","lastModifiedDate":"2023-02-04"},{"lineNumber":118,"author":{"gitId":"GraceZhuXY"},"content":"                System.out.print(\" (from: \" + timings[0] + \" to: \" + timings[1] + \")\\n\");","lastModifiedDate":"2023-02-04"},{"lineNumber":119,"author":{"gitId":"GraceZhuXY"},"content":"                break;","lastModifiedDate":"2023-02-04"},{"lineNumber":120,"author":{"gitId":"GraceZhuXY"},"content":"            }","lastModifiedDate":"2023-02-04"},{"lineNumber":121,"author":{"gitId":"GraceZhuXY"},"content":"        }","lastModifiedDate":"2023-02-04"},{"lineNumber":122,"author":{"gitId":"GraceZhuXY"},"content":"    }","lastModifiedDate":"2023-02-04"},{"lineNumber":123,"author":{"gitId":"GraceZhuXY"},"content":"","lastModifiedDate":"2023-02-04"},{"lineNumber":124,"author":{"gitId":"GraceZhuXY"},"content":"","lastModifiedDate":"2023-02-04"},{"lineNumber":125,"author":{"gitId":"GraceZhuXY"},"content":"    private static void markTask (String taskDescription, Task[] tasks) {","lastModifiedDate":"2023-02-04"},{"lineNumber":126,"author":{"gitId":"GraceZhuXY"},"content":"        int taskNo \u003d Integer.parseInt(taskDescription)-1;","lastModifiedDate":"2023-02-04"},{"lineNumber":127,"author":{"gitId":"GraceZhuXY"},"content":"        tasks[taskNo].markAsDone();","lastModifiedDate":"2023-02-04"},{"lineNumber":128,"author":{"gitId":"GraceZhuXY"},"content":"        System.out.println(\"This task is done: \" + \"[\" + tasks[taskNo].getStatusIcon() + \"] \"","lastModifiedDate":"2023-02-04"},{"lineNumber":129,"author":{"gitId":"GraceZhuXY"},"content":"                + tasks[taskNo].description);","lastModifiedDate":"2023-02-04"},{"lineNumber":130,"author":{"gitId":"GraceZhuXY"},"content":"    }","lastModifiedDate":"2023-02-04"},{"lineNumber":131,"author":{"gitId":"GraceZhuXY"},"content":"","lastModifiedDate":"2023-02-04"},{"lineNumber":132,"author":{"gitId":"GraceZhuXY"},"content":"    private static void unmarkTask(String taskDescription, Task[] tasks) {","lastModifiedDate":"2023-02-04"},{"lineNumber":133,"author":{"gitId":"GraceZhuXY"},"content":"        int taskNo \u003d Integer.parseInt(taskDescription)-1;","lastModifiedDate":"2023-02-04"},{"lineNumber":134,"author":{"gitId":"GraceZhuXY"},"content":"        tasks[taskNo].unmarkAsDone();","lastModifiedDate":"2023-02-04"},{"lineNumber":135,"author":{"gitId":"GraceZhuXY"},"content":"        System.out.println(\"This task is not done: \" + \"[\" + tasks[taskNo].getStatusIcon() + \"] \"","lastModifiedDate":"2023-02-04"},{"lineNumber":136,"author":{"gitId":"GraceZhuXY"},"content":"                + tasks[taskNo].description);","lastModifiedDate":"2023-02-04"},{"lineNumber":137,"author":{"gitId":"-"},"content":"    }","lastModifiedDate":"2023-02-04"},{"lineNumber":138,"author":{"gitId":"-"},"content":"}","lastModifiedDate":"2019-07-29"}],"authorContributionMap":{"GraceZhuXY":133,"-":5}},{"path":"src/main/java/Event.java","fileType":"java","lines":[{"lineNumber":1,"author":{"gitId":"GraceZhuXY"},"content":"public class Event extends Task{","lastModifiedDate":"2023-02-06"},{"lineNumber":2,"author":{"gitId":"GraceZhuXY"},"content":"    protected String start;","lastModifiedDate":"2023-02-06"},{"lineNumber":3,"author":{"gitId":"GraceZhuXY"},"content":"    protected String end;","lastModifiedDate":"2023-02-06"},{"lineNumber":4,"author":{"gitId":"GraceZhuXY"},"content":"    public Event(String description, String start, String end) {","lastModifiedDate":"2023-02-06"},{"lineNumber":5,"author":{"gitId":"GraceZhuXY"},"content":"        super(description);","lastModifiedDate":"2023-02-06"},{"lineNumber":6,"author":{"gitId":"GraceZhuXY"},"content":"        setStartEnd(start, end);","lastModifiedDate":"2023-02-06"},{"lineNumber":7,"author":{"gitId":"GraceZhuXY"},"content":"    }","lastModifiedDate":"2023-02-06"},{"lineNumber":8,"author":{"gitId":"GraceZhuXY"},"content":"","lastModifiedDate":"2023-02-06"},{"lineNumber":9,"author":{"gitId":"GraceZhuXY"},"content":"    public void setStartEnd (String start, String end) {","lastModifiedDate":"2023-02-06"},{"lineNumber":10,"author":{"gitId":"GraceZhuXY"},"content":"        this.start \u003d start;","lastModifiedDate":"2023-02-06"},{"lineNumber":11,"author":{"gitId":"GraceZhuXY"},"content":"        this.end \u003d end;","lastModifiedDate":"2023-02-06"},{"lineNumber":12,"author":{"gitId":"GraceZhuXY"},"content":"    }","lastModifiedDate":"2023-02-04"},{"lineNumber":13,"author":{"gitId":"GraceZhuXY"},"content":"","lastModifiedDate":"2023-02-04"},{"lineNumber":14,"author":{"gitId":"GraceZhuXY"},"content":"    @Override","lastModifiedDate":"2023-02-04"},{"lineNumber":15,"author":{"gitId":"GraceZhuXY"},"content":"    public String getType() {","lastModifiedDate":"2023-02-04"},{"lineNumber":16,"author":{"gitId":"GraceZhuXY"},"content":"        return \"event\";","lastModifiedDate":"2023-02-04"},{"lineNumber":17,"author":{"gitId":"GraceZhuXY"},"content":"    }","lastModifiedDate":"2023-02-04"},{"lineNumber":18,"author":{"gitId":"GraceZhuXY"},"content":"","lastModifiedDate":"2023-02-04"},{"lineNumber":19,"author":{"gitId":"GraceZhuXY"},"content":"    @Override","lastModifiedDate":"2023-02-06"},{"lineNumber":20,"author":{"gitId":"GraceZhuXY"},"content":"    public String getTimings() {","lastModifiedDate":"2023-02-06"},{"lineNumber":21,"author":{"gitId":"GraceZhuXY"},"content":"        return this.start + \"/\" + this.end;","lastModifiedDate":"2023-02-06"},{"lineNumber":22,"author":{"gitId":"GraceZhuXY"},"content":"    }","lastModifiedDate":"2023-02-06"},{"lineNumber":23,"author":{"gitId":"GraceZhuXY"},"content":"}","lastModifiedDate":"2023-02-04"}],"authorContributionMap":{"GraceZhuXY":23}},{"path":"src/main/java/InvalidDescription.java","fileType":"java","lines":[{"lineNumber":1,"author":{"gitId":"GraceZhuXY"},"content":"public class InvalidDescription extends Exception{","lastModifiedDate":"2023-02-08"},{"lineNumber":2,"author":{"gitId":"GraceZhuXY"},"content":"}","lastModifiedDate":"2023-02-08"}],"authorContributionMap":{"GraceZhuXY":2}},{"path":"src/main/java/InvalidTask.java","fileType":"java","lines":[{"lineNumber":1,"author":{"gitId":"GraceZhuXY"},"content":"public class InvalidTask extends Exception{","lastModifiedDate":"2023-02-08"},{"lineNumber":2,"author":{"gitId":"GraceZhuXY"},"content":"}","lastModifiedDate":"2023-02-08"}],"authorContributionMap":{"GraceZhuXY":2}},{"path":"src/main/java/Task.java","fileType":"java","lines":[{"lineNumber":1,"author":{"gitId":"GraceZhuXY"},"content":"public class Task {","lastModifiedDate":"2023-01-30"},{"lineNumber":2,"author":{"gitId":"GraceZhuXY"},"content":"    protected String description;","lastModifiedDate":"2023-01-30"},{"lineNumber":3,"author":{"gitId":"GraceZhuXY"},"content":"    protected boolean isDone;","lastModifiedDate":"2023-01-30"},{"lineNumber":4,"author":{"gitId":"GraceZhuXY"},"content":"    protected String type;","lastModifiedDate":"2023-02-04"},{"lineNumber":5,"author":{"gitId":"GraceZhuXY"},"content":"","lastModifiedDate":"2023-01-30"},{"lineNumber":6,"author":{"gitId":"GraceZhuXY"},"content":"    public Task(String description) {","lastModifiedDate":"2023-01-30"},{"lineNumber":7,"author":{"gitId":"GraceZhuXY"},"content":"        this.description \u003d description;","lastModifiedDate":"2023-01-30"},{"lineNumber":8,"author":{"gitId":"GraceZhuXY"},"content":"        this.isDone \u003d false;","lastModifiedDate":"2023-01-30"},{"lineNumber":9,"author":{"gitId":"GraceZhuXY"},"content":"    }","lastModifiedDate":"2023-01-30"},{"lineNumber":10,"author":{"gitId":"GraceZhuXY"},"content":"","lastModifiedDate":"2023-01-30"},{"lineNumber":11,"author":{"gitId":"GraceZhuXY"},"content":"    public String getStatusIcon() {","lastModifiedDate":"2023-01-30"},{"lineNumber":12,"author":{"gitId":"GraceZhuXY"},"content":"        // mark done task with X","lastModifiedDate":"2023-02-08"},{"lineNumber":13,"author":{"gitId":"GraceZhuXY"},"content":"        return (isDone ? \"X\" : \" \");","lastModifiedDate":"2023-02-08"},{"lineNumber":14,"author":{"gitId":"GraceZhuXY"},"content":"    }","lastModifiedDate":"2023-01-30"},{"lineNumber":15,"author":{"gitId":"GraceZhuXY"},"content":"","lastModifiedDate":"2023-01-30"},{"lineNumber":16,"author":{"gitId":"GraceZhuXY"},"content":"    public void markAsDone(){","lastModifiedDate":"2023-01-30"},{"lineNumber":17,"author":{"gitId":"GraceZhuXY"},"content":"        isDone \u003d true;","lastModifiedDate":"2023-01-30"},{"lineNumber":18,"author":{"gitId":"GraceZhuXY"},"content":"    }","lastModifiedDate":"2023-01-30"},{"lineNumber":19,"author":{"gitId":"GraceZhuXY"},"content":"","lastModifiedDate":"2023-01-30"},{"lineNumber":20,"author":{"gitId":"GraceZhuXY"},"content":"    public void unmarkAsDone(){","lastModifiedDate":"2023-01-30"},{"lineNumber":21,"author":{"gitId":"GraceZhuXY"},"content":"        isDone \u003d false;","lastModifiedDate":"2023-01-30"},{"lineNumber":22,"author":{"gitId":"GraceZhuXY"},"content":"    }","lastModifiedDate":"2023-01-30"},{"lineNumber":23,"author":{"gitId":"GraceZhuXY"},"content":"","lastModifiedDate":"2023-02-04"},{"lineNumber":24,"author":{"gitId":"GraceZhuXY"},"content":"    public String getType() {","lastModifiedDate":"2023-02-04"},{"lineNumber":25,"author":{"gitId":"GraceZhuXY"},"content":"        return null;","lastModifiedDate":"2023-02-04"},{"lineNumber":26,"author":{"gitId":"GraceZhuXY"},"content":"    }","lastModifiedDate":"2023-02-04"},{"lineNumber":27,"author":{"gitId":"GraceZhuXY"},"content":"","lastModifiedDate":"2023-02-04"},{"lineNumber":28,"author":{"gitId":"GraceZhuXY"},"content":"    public String getTimings() {","lastModifiedDate":"2023-02-04"},{"lineNumber":29,"author":{"gitId":"GraceZhuXY"},"content":"        return null;","lastModifiedDate":"2023-02-04"},{"lineNumber":30,"author":{"gitId":"GraceZhuXY"},"content":"    }","lastModifiedDate":"2023-02-04"},{"lineNumber":31,"author":{"gitId":"GraceZhuXY"},"content":"}","lastModifiedDate":"2023-01-30"}],"authorContributionMap":{"GraceZhuXY":31}},{"path":"src/main/java/Todo.java","fileType":"java","lines":[{"lineNumber":1,"author":{"gitId":"GraceZhuXY"},"content":"public class Todo extends Task {","lastModifiedDate":"2023-02-04"},{"lineNumber":2,"author":{"gitId":"GraceZhuXY"},"content":"    protected boolean isDone;","lastModifiedDate":"2023-02-04"},{"lineNumber":3,"author":{"gitId":"GraceZhuXY"},"content":"    public Todo(String description) {","lastModifiedDate":"2023-02-04"},{"lineNumber":4,"author":{"gitId":"GraceZhuXY"},"content":"        super(description);","lastModifiedDate":"2023-02-04"},{"lineNumber":5,"author":{"gitId":"GraceZhuXY"},"content":"        isDone \u003d false;","lastModifiedDate":"2023-02-04"},{"lineNumber":6,"author":{"gitId":"GraceZhuXY"},"content":"    }","lastModifiedDate":"2023-02-04"},{"lineNumber":7,"author":{"gitId":"GraceZhuXY"},"content":"","lastModifiedDate":"2023-02-04"},{"lineNumber":8,"author":{"gitId":"GraceZhuXY"},"content":"    @Override","lastModifiedDate":"2023-02-04"},{"lineNumber":9,"author":{"gitId":"GraceZhuXY"},"content":"    public String getType() {","lastModifiedDate":"2023-02-04"},{"lineNumber":10,"author":{"gitId":"GraceZhuXY"},"content":"        return \"todo\";","lastModifiedDate":"2023-02-04"},{"lineNumber":11,"author":{"gitId":"GraceZhuXY"},"content":"    }","lastModifiedDate":"2023-02-04"},{"lineNumber":12,"author":{"gitId":"GraceZhuXY"},"content":"","lastModifiedDate":"2023-02-04"},{"lineNumber":13,"author":{"gitId":"GraceZhuXY"},"content":"}","lastModifiedDate":"2023-02-04"}],"authorContributionMap":{"GraceZhuXY":13}}]
