{"authorDailyContributionsMap":{"GraceZhuXY":[{"date":"2023-01-26","commitResults":[{"hash":"34734441dcba29dde63e93c8d5488d964f2d968c","messageTitle":"Implement Greet","messageBody":"","tags":["Level-0"],"fileTypesAndContributionMap":{"java":{"insertions":3,"deletions":6}}},{"hash":"07a8c29f39a0ed0107f036ded754b48ada15b8e9","messageTitle":"Implement Greet, Echo, Exit","messageBody":"","tags":["Level-1"],"fileTypesAndContributionMap":{"java":{"insertions":10,"deletions":3}}},{"hash":"f850b5d399dc164546512a06bc1434b9aed4611c","messageTitle":"Implement Add, List","messageBody":"","tags":["Level-2"],"fileTypesAndContributionMap":{"java":{"insertions":13,"deletions":2}}}]},{"date":"2023-01-30","commitResults":[{"hash":"eca39c2abc5a72fd98a39acd37f9d3ff4fe06c4d","messageTitle":"Implement Mark as Done","messageBody":"","tags":["Level-3"],"fileTypesAndContributionMap":{"java":{"insertions":35,"deletions":5}}},{"hash":"e2eb837b4b0addb36a23ac04bbd18249a366fa83","messageTitle":"Tweak to comply with coding standard","messageBody":"","tags":["A-CodingStandard"],"fileTypesAndContributionMap":{"java":{"insertions":4,"deletions":2}}}]}]},"authorFileTypeContributionMap":{"GraceZhuXY":{"java":53,"md":0,"fxml":0,"sh":0,"bat":0,"gradle":0,"txt":0}},"authorContributionVariance":{"GraceZhuXY":172.34877},"authorDisplayNameMap":{"GraceZhuXY":"CS2113-T11-3 GRAC..G YU"}}
