[{"path":"src/main/java/Duke.java","fileType":"java","lines":[{"lineNumber":1,"author":{"gitId":"KN-CY"},"content":"import java.util.Scanner;","lastModifiedDate":"2023-01-21"},{"lineNumber":2,"author":{"gitId":"KN-CY"},"content":"","lastModifiedDate":"2023-01-21"},{"lineNumber":3,"author":{"gitId":"-"},"content":"public class Duke {","lastModifiedDate":"2019-07-29"},{"lineNumber":4,"author":{"gitId":"KN-CY"},"content":"","lastModifiedDate":"2023-01-21"},{"lineNumber":5,"author":{"gitId":"KN-CY"},"content":"    public static void printSeperator() {","lastModifiedDate":"2023-01-21"},{"lineNumber":6,"author":{"gitId":"KN-CY"},"content":"        System.out.println(\"____________________________________________________________\");","lastModifiedDate":"2023-01-21"},{"lineNumber":7,"author":{"gitId":"KN-CY"},"content":"    }","lastModifiedDate":"2023-01-14"},{"lineNumber":8,"author":{"gitId":"KN-CY"},"content":"","lastModifiedDate":"2023-01-21"},{"lineNumber":9,"author":{"gitId":"KN-CY"},"content":"    public static void greet() {","lastModifiedDate":"2023-01-21"},{"lineNumber":10,"author":{"gitId":"KN-CY"},"content":"        printSeperator();","lastModifiedDate":"2023-01-21"},{"lineNumber":11,"author":{"gitId":"KN-CY"},"content":"        System.out.println(\" Hello! I\u0027m Duke\\n\" + \" What can I do for you?\");","lastModifiedDate":"2023-01-21"},{"lineNumber":12,"author":{"gitId":"KN-CY"},"content":"        printSeperator();","lastModifiedDate":"2023-01-21"},{"lineNumber":13,"author":{"gitId":"KN-CY"},"content":"        System.out.println(\"\");","lastModifiedDate":"2023-01-21"},{"lineNumber":14,"author":{"gitId":"KN-CY"},"content":"    }","lastModifiedDate":"2023-01-21"},{"lineNumber":15,"author":{"gitId":"KN-CY"},"content":"","lastModifiedDate":"2023-01-21"},{"lineNumber":16,"author":{"gitId":"KN-CY"},"content":"","lastModifiedDate":"2023-01-21"},{"lineNumber":17,"author":{"gitId":"KN-CY"},"content":"    public static void farewell() {","lastModifiedDate":"2023-01-21"},{"lineNumber":18,"author":{"gitId":"KN-CY"},"content":"        printSeperator();","lastModifiedDate":"2023-01-21"},{"lineNumber":19,"author":{"gitId":"KN-CY"},"content":"        System.out.println(\" Bye. Hope to see you again soon!\");","lastModifiedDate":"2023-01-21"},{"lineNumber":20,"author":{"gitId":"KN-CY"},"content":"        printSeperator();","lastModifiedDate":"2023-01-21"},{"lineNumber":21,"author":{"gitId":"KN-CY"},"content":"    }","lastModifiedDate":"2023-01-21"},{"lineNumber":22,"author":{"gitId":"KN-CY"},"content":"","lastModifiedDate":"2023-01-21"},{"lineNumber":23,"author":{"gitId":"-"},"content":"    public static void main(String[] args) {","lastModifiedDate":"2019-07-29"},{"lineNumber":24,"author":{"gitId":"-"},"content":"        String logo \u003d \" ____        _        \\n\"","lastModifiedDate":"2019-07-29"},{"lineNumber":25,"author":{"gitId":"-"},"content":"                + \"|  _ \\\\ _   _| | _____ \\n\"","lastModifiedDate":"2019-07-29"},{"lineNumber":26,"author":{"gitId":"-"},"content":"                + \"| | | | | | | |/ / _ \\\\\\n\"","lastModifiedDate":"2019-07-29"},{"lineNumber":27,"author":{"gitId":"-"},"content":"                + \"| |_| | |_| |   \u003c  __/\\n\"","lastModifiedDate":"2019-07-29"},{"lineNumber":28,"author":{"gitId":"-"},"content":"                + \"|____/ \\\\__,_|_|\\\\_\\\\___|\\n\";","lastModifiedDate":"2019-07-29"},{"lineNumber":29,"author":{"gitId":"KN-CY"},"content":"","lastModifiedDate":"2023-01-21"},{"lineNumber":30,"author":{"gitId":"KN-CY"},"content":"        greet();","lastModifiedDate":"2023-01-21"},{"lineNumber":31,"author":{"gitId":"KN-CY"},"content":"        List list \u003d new List();","lastModifiedDate":"2023-01-21"},{"lineNumber":32,"author":{"gitId":"KN-CY"},"content":"","lastModifiedDate":"2023-01-21"},{"lineNumber":33,"author":{"gitId":"KN-CY"},"content":"        Scanner in \u003d new Scanner(System.in);","lastModifiedDate":"2023-01-21"},{"lineNumber":34,"author":{"gitId":"KN-CY"},"content":"        String response \u003d in.nextLine();","lastModifiedDate":"2023-01-21"},{"lineNumber":35,"author":{"gitId":"KN-CY"},"content":"","lastModifiedDate":"2023-01-21"},{"lineNumber":36,"author":{"gitId":"KN-CY"},"content":"        while (!response.equals(\"bye\")) {","lastModifiedDate":"2023-01-21"},{"lineNumber":37,"author":{"gitId":"KN-CY"},"content":"            if (response.equals(\"list\")) {","lastModifiedDate":"2023-01-21"},{"lineNumber":38,"author":{"gitId":"KN-CY"},"content":"                printSeperator();","lastModifiedDate":"2023-01-21"},{"lineNumber":39,"author":{"gitId":"KN-CY"},"content":"                list.listDisplay();","lastModifiedDate":"2023-01-21"},{"lineNumber":40,"author":{"gitId":"KN-CY"},"content":"                printSeperator();","lastModifiedDate":"2023-01-21"},{"lineNumber":41,"author":{"gitId":"KN-CY"},"content":"            } else if (response.length() \u003e\u003d 5 \u0026\u0026 response.substring(0, 5).equals(\"mark \")) {","lastModifiedDate":"2023-01-21"},{"lineNumber":42,"author":{"gitId":"KN-CY"},"content":"                printSeperator();","lastModifiedDate":"2023-01-21"},{"lineNumber":43,"author":{"gitId":"KN-CY"},"content":"                list.markTask(response.substring(5));","lastModifiedDate":"2023-01-21"},{"lineNumber":44,"author":{"gitId":"KN-CY"},"content":"                printSeperator();","lastModifiedDate":"2023-01-21"},{"lineNumber":45,"author":{"gitId":"KN-CY"},"content":"            } else if (response.length() \u003e\u003d 7 \u0026\u0026 response.substring(0, 7).equals(\"unmark \")) {","lastModifiedDate":"2023-01-21"},{"lineNumber":46,"author":{"gitId":"KN-CY"},"content":"                printSeperator();","lastModifiedDate":"2023-01-21"},{"lineNumber":47,"author":{"gitId":"KN-CY"},"content":"                list.unmarkTask(response.substring(7));","lastModifiedDate":"2023-01-21"},{"lineNumber":48,"author":{"gitId":"KN-CY"},"content":"                printSeperator();","lastModifiedDate":"2023-01-21"},{"lineNumber":49,"author":{"gitId":"KN-CY"},"content":"            } else {","lastModifiedDate":"2023-01-27"},{"lineNumber":50,"author":{"gitId":"KN-CY"},"content":"                printSeperator();","lastModifiedDate":"2023-01-21"},{"lineNumber":51,"author":{"gitId":"KN-CY"},"content":"                list.listAdd(response);","lastModifiedDate":"2023-01-21"},{"lineNumber":52,"author":{"gitId":"KN-CY"},"content":"                printSeperator();","lastModifiedDate":"2023-01-21"},{"lineNumber":53,"author":{"gitId":"KN-CY"},"content":"            }","lastModifiedDate":"2023-01-21"},{"lineNumber":54,"author":{"gitId":"KN-CY"},"content":"            response \u003d in.nextLine();","lastModifiedDate":"2023-01-21"},{"lineNumber":55,"author":{"gitId":"KN-CY"},"content":"        }","lastModifiedDate":"2023-01-21"},{"lineNumber":56,"author":{"gitId":"KN-CY"},"content":"        // response is bye.","lastModifiedDate":"2023-01-21"},{"lineNumber":57,"author":{"gitId":"KN-CY"},"content":"        farewell();","lastModifiedDate":"2023-01-21"},{"lineNumber":58,"author":{"gitId":"KN-CY"},"content":"","lastModifiedDate":"2023-01-21"},{"lineNumber":59,"author":{"gitId":"-"},"content":"    }","lastModifiedDate":"2019-07-29"},{"lineNumber":60,"author":{"gitId":"-"},"content":"}","lastModifiedDate":"2019-07-29"}],"authorContributionMap":{"KN-CY":51,"-":9}},{"path":"src/main/java/List.java","fileType":"java","lines":[{"lineNumber":1,"author":{"gitId":"KN-CY"},"content":"import com.sun.source.util.TaskListener;","lastModifiedDate":"2023-01-21"},{"lineNumber":2,"author":{"gitId":"KN-CY"},"content":"","lastModifiedDate":"2023-01-21"},{"lineNumber":3,"author":{"gitId":"KN-CY"},"content":"public class List {","lastModifiedDate":"2023-01-21"},{"lineNumber":4,"author":{"gitId":"KN-CY"},"content":"    private int numItems \u003d 0;","lastModifiedDate":"2023-01-21"},{"lineNumber":5,"author":{"gitId":"KN-CY"},"content":"    private Task[] taskList;","lastModifiedDate":"2023-01-21"},{"lineNumber":6,"author":{"gitId":"KN-CY"},"content":"","lastModifiedDate":"2023-01-21"},{"lineNumber":7,"author":{"gitId":"KN-CY"},"content":"    public List() {","lastModifiedDate":"2023-01-21"},{"lineNumber":8,"author":{"gitId":"KN-CY"},"content":"        taskList \u003d new Task[100]; // Note: only initialise array of obj, but not individual obj","lastModifiedDate":"2023-01-21"},{"lineNumber":9,"author":{"gitId":"KN-CY"},"content":"    }","lastModifiedDate":"2023-01-21"},{"lineNumber":10,"author":{"gitId":"KN-CY"},"content":"","lastModifiedDate":"2023-01-21"},{"lineNumber":11,"author":{"gitId":"KN-CY"},"content":"    public void listDisplay() {","lastModifiedDate":"2023-01-21"},{"lineNumber":12,"author":{"gitId":"KN-CY"},"content":"        for (int i \u003d 0; i \u003c numItems; i +\u003d 1) {","lastModifiedDate":"2023-01-21"},{"lineNumber":13,"author":{"gitId":"KN-CY"},"content":"            System.out.print(\" \" + (i + 1) + \".\");","lastModifiedDate":"2023-01-21"},{"lineNumber":14,"author":{"gitId":"KN-CY"},"content":"","lastModifiedDate":"2023-01-21"},{"lineNumber":15,"author":{"gitId":"KN-CY"},"content":"            // checkbox","lastModifiedDate":"2023-01-21"},{"lineNumber":16,"author":{"gitId":"KN-CY"},"content":"            if (taskList[i].getIsComplete()) {","lastModifiedDate":"2023-01-21"},{"lineNumber":17,"author":{"gitId":"KN-CY"},"content":"                System.out.print(\"[X] \");","lastModifiedDate":"2023-01-21"},{"lineNumber":18,"author":{"gitId":"KN-CY"},"content":"            } else {","lastModifiedDate":"2023-01-21"},{"lineNumber":19,"author":{"gitId":"KN-CY"},"content":"                System.out.print(\"[ ] \");","lastModifiedDate":"2023-01-21"},{"lineNumber":20,"author":{"gitId":"KN-CY"},"content":"            }","lastModifiedDate":"2023-01-21"},{"lineNumber":21,"author":{"gitId":"KN-CY"},"content":"","lastModifiedDate":"2023-01-21"},{"lineNumber":22,"author":{"gitId":"KN-CY"},"content":"            System.out.println(taskList[i].getTaskName());","lastModifiedDate":"2023-01-21"},{"lineNumber":23,"author":{"gitId":"KN-CY"},"content":"        }","lastModifiedDate":"2023-01-21"},{"lineNumber":24,"author":{"gitId":"KN-CY"},"content":"    }","lastModifiedDate":"2023-01-21"},{"lineNumber":25,"author":{"gitId":"KN-CY"},"content":"","lastModifiedDate":"2023-01-21"},{"lineNumber":26,"author":{"gitId":"KN-CY"},"content":"    public void listAdd(String sentence) {","lastModifiedDate":"2023-01-21"},{"lineNumber":27,"author":{"gitId":"KN-CY"},"content":"        taskList[numItems] \u003d new Task(sentence);","lastModifiedDate":"2023-01-21"},{"lineNumber":28,"author":{"gitId":"KN-CY"},"content":"        numItems +\u003d 1;","lastModifiedDate":"2023-01-21"},{"lineNumber":29,"author":{"gitId":"KN-CY"},"content":"","lastModifiedDate":"2023-01-21"},{"lineNumber":30,"author":{"gitId":"KN-CY"},"content":"        System.out.print(\" added: \");","lastModifiedDate":"2023-01-21"},{"lineNumber":31,"author":{"gitId":"KN-CY"},"content":"        System.out.println(sentence);","lastModifiedDate":"2023-01-21"},{"lineNumber":32,"author":{"gitId":"KN-CY"},"content":"    }","lastModifiedDate":"2023-01-21"},{"lineNumber":33,"author":{"gitId":"KN-CY"},"content":"","lastModifiedDate":"2023-01-21"},{"lineNumber":34,"author":{"gitId":"KN-CY"},"content":"    public void markTask(String index) {","lastModifiedDate":"2023-01-21"},{"lineNumber":35,"author":{"gitId":"KN-CY"},"content":"        int i;","lastModifiedDate":"2023-01-21"},{"lineNumber":36,"author":{"gitId":"KN-CY"},"content":"        // ensure its a number","lastModifiedDate":"2023-01-21"},{"lineNumber":37,"author":{"gitId":"KN-CY"},"content":"        // https://stackoverflow.com/questions/1486077/good-way-to-encapsulate-integer-parseint","lastModifiedDate":"2023-01-21"},{"lineNumber":38,"author":{"gitId":"KN-CY"},"content":"        try {","lastModifiedDate":"2023-01-21"},{"lineNumber":39,"author":{"gitId":"KN-CY"},"content":"            i \u003d Integer.parseInt(index);","lastModifiedDate":"2023-01-21"},{"lineNumber":40,"author":{"gitId":"KN-CY"},"content":"            i -\u003d 1; // convert to 0-index","lastModifiedDate":"2023-01-21"},{"lineNumber":41,"author":{"gitId":"KN-CY"},"content":"","lastModifiedDate":"2023-01-21"},{"lineNumber":42,"author":{"gitId":"KN-CY"},"content":"            if (i \u003e\u003d numItems) {","lastModifiedDate":"2023-01-21"},{"lineNumber":43,"author":{"gitId":"KN-CY"},"content":"                System.out.println(\" Invalid task number!\");","lastModifiedDate":"2023-01-21"},{"lineNumber":44,"author":{"gitId":"KN-CY"},"content":"                return;","lastModifiedDate":"2023-01-21"},{"lineNumber":45,"author":{"gitId":"KN-CY"},"content":"            }","lastModifiedDate":"2023-01-21"},{"lineNumber":46,"author":{"gitId":"KN-CY"},"content":"","lastModifiedDate":"2023-01-21"},{"lineNumber":47,"author":{"gitId":"KN-CY"},"content":"            taskList[i].setIsComplete(true);","lastModifiedDate":"2023-01-21"},{"lineNumber":48,"author":{"gitId":"KN-CY"},"content":"            System.out.println(\" Nice! I\u0027ve marked this task as done:\");","lastModifiedDate":"2023-01-21"},{"lineNumber":49,"author":{"gitId":"KN-CY"},"content":"            System.out.print(\"   [X] \");","lastModifiedDate":"2023-01-21"},{"lineNumber":50,"author":{"gitId":"KN-CY"},"content":"            System.out.println(taskList[i].getTaskName());","lastModifiedDate":"2023-01-21"},{"lineNumber":51,"author":{"gitId":"KN-CY"},"content":"        } catch (NumberFormatException e) {","lastModifiedDate":"2023-01-21"},{"lineNumber":52,"author":{"gitId":"KN-CY"},"content":"            System.out.println(\"NOT A NUMBER!\");","lastModifiedDate":"2023-01-21"},{"lineNumber":53,"author":{"gitId":"KN-CY"},"content":"        }","lastModifiedDate":"2023-01-21"},{"lineNumber":54,"author":{"gitId":"KN-CY"},"content":"    }","lastModifiedDate":"2023-01-21"},{"lineNumber":55,"author":{"gitId":"KN-CY"},"content":"","lastModifiedDate":"2023-01-21"},{"lineNumber":56,"author":{"gitId":"KN-CY"},"content":"    public void unmarkTask(String index) {","lastModifiedDate":"2023-01-21"},{"lineNumber":57,"author":{"gitId":"KN-CY"},"content":"        int i;","lastModifiedDate":"2023-01-21"},{"lineNumber":58,"author":{"gitId":"KN-CY"},"content":"        // ensure its a number","lastModifiedDate":"2023-01-21"},{"lineNumber":59,"author":{"gitId":"KN-CY"},"content":"        // https://stackoverflow.com/questions/1486077/good-way-to-encapsulate-integer-parseint","lastModifiedDate":"2023-01-21"},{"lineNumber":60,"author":{"gitId":"KN-CY"},"content":"        try {","lastModifiedDate":"2023-01-21"},{"lineNumber":61,"author":{"gitId":"KN-CY"},"content":"            i \u003d Integer.parseInt(index);","lastModifiedDate":"2023-01-21"},{"lineNumber":62,"author":{"gitId":"KN-CY"},"content":"            i -\u003d 1; // convert to 0-index","lastModifiedDate":"2023-01-21"},{"lineNumber":63,"author":{"gitId":"KN-CY"},"content":"","lastModifiedDate":"2023-01-21"},{"lineNumber":64,"author":{"gitId":"KN-CY"},"content":"            if (i \u003e\u003d numItems) {","lastModifiedDate":"2023-01-21"},{"lineNumber":65,"author":{"gitId":"KN-CY"},"content":"                System.out.println(\" Invalid task number!\");","lastModifiedDate":"2023-01-21"},{"lineNumber":66,"author":{"gitId":"KN-CY"},"content":"                return;","lastModifiedDate":"2023-01-21"},{"lineNumber":67,"author":{"gitId":"KN-CY"},"content":"            }","lastModifiedDate":"2023-01-21"},{"lineNumber":68,"author":{"gitId":"KN-CY"},"content":"            taskList[i].setIsComplete(false);","lastModifiedDate":"2023-01-21"},{"lineNumber":69,"author":{"gitId":"KN-CY"},"content":"            System.out.println(\" OK, I\u0027ve marked this task as not done yet:\");","lastModifiedDate":"2023-01-21"},{"lineNumber":70,"author":{"gitId":"KN-CY"},"content":"            System.out.print(\"   [ ] \");","lastModifiedDate":"2023-01-21"},{"lineNumber":71,"author":{"gitId":"KN-CY"},"content":"            System.out.println(taskList[i].getTaskName());","lastModifiedDate":"2023-01-21"},{"lineNumber":72,"author":{"gitId":"KN-CY"},"content":"        } catch (NumberFormatException e) {","lastModifiedDate":"2023-01-21"},{"lineNumber":73,"author":{"gitId":"KN-CY"},"content":"            System.out.println(\"NOT A NUMBER!\");","lastModifiedDate":"2023-01-21"},{"lineNumber":74,"author":{"gitId":"KN-CY"},"content":"        }","lastModifiedDate":"2023-01-21"},{"lineNumber":75,"author":{"gitId":"KN-CY"},"content":"    }","lastModifiedDate":"2023-01-21"},{"lineNumber":76,"author":{"gitId":"KN-CY"},"content":"}","lastModifiedDate":"2023-01-21"}],"authorContributionMap":{"KN-CY":76}},{"path":"src/main/java/Task.java","fileType":"java","lines":[{"lineNumber":1,"author":{"gitId":"KN-CY"},"content":"public class Task {","lastModifiedDate":"2023-01-21"},{"lineNumber":2,"author":{"gitId":"KN-CY"},"content":"    private boolean isComplete;","lastModifiedDate":"2023-01-21"},{"lineNumber":3,"author":{"gitId":"KN-CY"},"content":"    private String taskName;","lastModifiedDate":"2023-01-21"},{"lineNumber":4,"author":{"gitId":"KN-CY"},"content":"","lastModifiedDate":"2023-01-21"},{"lineNumber":5,"author":{"gitId":"KN-CY"},"content":"    public Task(String taskName) {","lastModifiedDate":"2023-01-21"},{"lineNumber":6,"author":{"gitId":"KN-CY"},"content":"        isComplete \u003d false;","lastModifiedDate":"2023-01-21"},{"lineNumber":7,"author":{"gitId":"KN-CY"},"content":"        this.taskName \u003d taskName;","lastModifiedDate":"2023-01-21"},{"lineNumber":8,"author":{"gitId":"KN-CY"},"content":"    }","lastModifiedDate":"2023-01-21"},{"lineNumber":9,"author":{"gitId":"KN-CY"},"content":"","lastModifiedDate":"2023-01-21"},{"lineNumber":10,"author":{"gitId":"KN-CY"},"content":"    public void setTaskName(String taskName) {","lastModifiedDate":"2023-01-21"},{"lineNumber":11,"author":{"gitId":"KN-CY"},"content":"        this.taskName \u003d taskName;","lastModifiedDate":"2023-01-21"},{"lineNumber":12,"author":{"gitId":"KN-CY"},"content":"    }","lastModifiedDate":"2023-01-21"},{"lineNumber":13,"author":{"gitId":"KN-CY"},"content":"","lastModifiedDate":"2023-01-21"},{"lineNumber":14,"author":{"gitId":"KN-CY"},"content":"    public String getTaskName() {","lastModifiedDate":"2023-01-21"},{"lineNumber":15,"author":{"gitId":"KN-CY"},"content":"        return taskName;","lastModifiedDate":"2023-01-21"},{"lineNumber":16,"author":{"gitId":"KN-CY"},"content":"    }","lastModifiedDate":"2023-01-21"},{"lineNumber":17,"author":{"gitId":"KN-CY"},"content":"","lastModifiedDate":"2023-01-21"},{"lineNumber":18,"author":{"gitId":"KN-CY"},"content":"    public void setIsComplete(boolean isComplete) {","lastModifiedDate":"2023-01-21"},{"lineNumber":19,"author":{"gitId":"KN-CY"},"content":"        this.isComplete \u003d isComplete;","lastModifiedDate":"2023-01-21"},{"lineNumber":20,"author":{"gitId":"KN-CY"},"content":"    }","lastModifiedDate":"2023-01-21"},{"lineNumber":21,"author":{"gitId":"KN-CY"},"content":"","lastModifiedDate":"2023-01-21"},{"lineNumber":22,"author":{"gitId":"KN-CY"},"content":"    public boolean getIsComplete() {","lastModifiedDate":"2023-01-21"},{"lineNumber":23,"author":{"gitId":"KN-CY"},"content":"        return isComplete;","lastModifiedDate":"2023-01-21"},{"lineNumber":24,"author":{"gitId":"KN-CY"},"content":"    }","lastModifiedDate":"2023-01-21"},{"lineNumber":25,"author":{"gitId":"KN-CY"},"content":"","lastModifiedDate":"2023-01-21"},{"lineNumber":26,"author":{"gitId":"KN-CY"},"content":"}","lastModifiedDate":"2023-01-21"}],"authorContributionMap":{"KN-CY":26}}]
