[{"path":"src/main/java/Deadline.java","fileType":"java","lines":[{"lineNumber":1,"author":{"gitId":"YC-Michael"},"content":"public class Deadline extends Task {","lastModifiedDate":"2023-01-26"},{"lineNumber":2,"author":{"gitId":"YC-Michael"},"content":"","lastModifiedDate":"2023-01-26"},{"lineNumber":3,"author":{"gitId":"YC-Michael"},"content":"    protected String by;","lastModifiedDate":"2023-01-26"},{"lineNumber":4,"author":{"gitId":"YC-Michael"},"content":"","lastModifiedDate":"2023-01-26"},{"lineNumber":5,"author":{"gitId":"YC-Michael"},"content":"    public Deadline(String description, String by) {","lastModifiedDate":"2023-01-26"},{"lineNumber":6,"author":{"gitId":"YC-Michael"},"content":"        super(description);","lastModifiedDate":"2023-01-26"},{"lineNumber":7,"author":{"gitId":"YC-Michael"},"content":"        this.by \u003d by;","lastModifiedDate":"2023-01-26"},{"lineNumber":8,"author":{"gitId":"YC-Michael"},"content":"    }","lastModifiedDate":"2023-01-26"},{"lineNumber":9,"author":{"gitId":"YC-Michael"},"content":"","lastModifiedDate":"2023-01-26"},{"lineNumber":10,"author":{"gitId":"YC-Michael"},"content":"    @Override","lastModifiedDate":"2023-01-26"},{"lineNumber":11,"author":{"gitId":"YC-Michael"},"content":"    public String toString() {","lastModifiedDate":"2023-01-26"},{"lineNumber":12,"author":{"gitId":"YC-Michael"},"content":"        return \"[D]\" + super.toString() + \" (by: \" + by + \")\";","lastModifiedDate":"2023-01-26"},{"lineNumber":13,"author":{"gitId":"YC-Michael"},"content":"    }","lastModifiedDate":"2023-01-26"},{"lineNumber":14,"author":{"gitId":"YC-Michael"},"content":"}","lastModifiedDate":"2023-01-26"},{"lineNumber":15,"author":{"gitId":"YC-Michael"},"content":"","lastModifiedDate":"2023-01-26"}],"authorContributionMap":{"YC-Michael":15}},{"path":"src/main/java/Duke.java","fileType":"java","lines":[{"lineNumber":1,"author":{"gitId":"YC-Michael"},"content":"import java.util.Scanner;","lastModifiedDate":"2023-01-19"},{"lineNumber":2,"author":{"gitId":"YC-Michael"},"content":"import java.util.ArrayList;","lastModifiedDate":"2023-01-19"},{"lineNumber":3,"author":{"gitId":"-"},"content":"public class Duke {","lastModifiedDate":"2019-07-29"},{"lineNumber":4,"author":{"gitId":"-"},"content":"    public static void main(String[] args) {","lastModifiedDate":"2019-07-29"},{"lineNumber":5,"author":{"gitId":"-"},"content":"        String logo \u003d \" ____        _        \\n\"","lastModifiedDate":"2019-07-29"},{"lineNumber":6,"author":{"gitId":"-"},"content":"                + \"|  _ \\\\ _   _| | _____ \\n\"","lastModifiedDate":"2019-07-29"},{"lineNumber":7,"author":{"gitId":"-"},"content":"                + \"| | | | | | | |/ / _ \\\\\\n\"","lastModifiedDate":"2019-07-29"},{"lineNumber":8,"author":{"gitId":"-"},"content":"                + \"| |_| | |_| |   \u003c  __/\\n\"","lastModifiedDate":"2019-07-29"},{"lineNumber":9,"author":{"gitId":"-"},"content":"                + \"|____/ \\\\__,_|_|\\\\_\\\\___|\\n\";","lastModifiedDate":"2019-07-29"},{"lineNumber":10,"author":{"gitId":"-"},"content":"        System.out.println(\"Hello from\\n\" + logo);","lastModifiedDate":"2019-07-29"},{"lineNumber":11,"author":{"gitId":"YC-Michael"},"content":"","lastModifiedDate":"2023-01-19"},{"lineNumber":12,"author":{"gitId":"YC-Michael"},"content":"        String line \u003d \"___________________________________________________\";","lastModifiedDate":"2023-01-19"},{"lineNumber":13,"author":{"gitId":"YC-Michael"},"content":"        System.out.println(line);","lastModifiedDate":"2023-01-19"},{"lineNumber":14,"author":{"gitId":"YC-Michael"},"content":"        System.out.println(\"Hello! I\u0027m Duke \\nWhat can I do for you?\");","lastModifiedDate":"2023-01-19"},{"lineNumber":15,"author":{"gitId":"YC-Michael"},"content":"        System.out.println(line);","lastModifiedDate":"2023-01-19"},{"lineNumber":16,"author":{"gitId":"YC-Michael"},"content":"        Scanner in \u003d new Scanner(System.in);","lastModifiedDate":"2023-01-19"},{"lineNumber":17,"author":{"gitId":"YC-Michael"},"content":"        ArrayList\u003cTask\u003e tasks \u003d new ArrayList\u003cTask\u003e();","lastModifiedDate":"2023-01-26"},{"lineNumber":18,"author":{"gitId":"YC-Michael"},"content":"","lastModifiedDate":"2023-01-26"},{"lineNumber":19,"author":{"gitId":"YC-Michael"},"content":"//        Task[] tasks \u003d new Task[100];","lastModifiedDate":"2023-01-26"},{"lineNumber":20,"author":{"gitId":"YC-Michael"},"content":"        String input;","lastModifiedDate":"2023-01-19"},{"lineNumber":21,"author":{"gitId":"YC-Michael"},"content":"        while(in.hasNext()){","lastModifiedDate":"2023-01-19"},{"lineNumber":22,"author":{"gitId":"YC-Michael"},"content":"            input \u003d in.nextLine();","lastModifiedDate":"2023-01-19"},{"lineNumber":23,"author":{"gitId":"YC-Michael"},"content":"            if(input.equals(\"bye\")){","lastModifiedDate":"2023-01-19"},{"lineNumber":24,"author":{"gitId":"YC-Michael"},"content":"                break;","lastModifiedDate":"2023-01-19"},{"lineNumber":25,"author":{"gitId":"YC-Michael"},"content":"            }","lastModifiedDate":"2023-01-19"},{"lineNumber":26,"author":{"gitId":"YC-Michael"},"content":"            if(input.equals(\"list\")){","lastModifiedDate":"2023-01-19"},{"lineNumber":27,"author":{"gitId":"YC-Michael"},"content":"                System.out.println(line);","lastModifiedDate":"2023-01-19"},{"lineNumber":28,"author":{"gitId":"YC-Michael"},"content":"                for(int i \u003d 0;i\u003ctasks.size();i++){","lastModifiedDate":"2023-01-26"},{"lineNumber":29,"author":{"gitId":"YC-Michael"},"content":"                    System.out.print(i+1+\".\");","lastModifiedDate":"2023-01-19"},{"lineNumber":30,"author":{"gitId":"YC-Michael"},"content":"                    System.out.println(tasks.get(i).toString());","lastModifiedDate":"2023-01-26"},{"lineNumber":31,"author":{"gitId":"YC-Michael"},"content":"                }","lastModifiedDate":"2023-01-19"},{"lineNumber":32,"author":{"gitId":"YC-Michael"},"content":"            }else if(input.contains(\"deadline\")){","lastModifiedDate":"2023-01-26"},{"lineNumber":33,"author":{"gitId":"YC-Michael"},"content":"                String [] indexArr \u003d input.split(\"/\",2);","lastModifiedDate":"2023-01-26"},{"lineNumber":34,"author":{"gitId":"YC-Michael"},"content":"                String nameAndCommand \u003d indexArr[0];","lastModifiedDate":"2023-01-26"},{"lineNumber":35,"author":{"gitId":"YC-Michael"},"content":"                String byDate \u003d indexArr[1];","lastModifiedDate":"2023-01-26"},{"lineNumber":36,"author":{"gitId":"YC-Michael"},"content":"                String description \u003d nameAndCommand.substring(9).trim();","lastModifiedDate":"2023-01-26"},{"lineNumber":37,"author":{"gitId":"YC-Michael"},"content":"                String by \u003d byDate.substring(3).trim();","lastModifiedDate":"2023-01-26"},{"lineNumber":38,"author":{"gitId":"YC-Michael"},"content":"                tasks.add(new Deadline(description,by));","lastModifiedDate":"2023-01-26"},{"lineNumber":39,"author":{"gitId":"YC-Michael"},"content":"                //print out necessary statements","lastModifiedDate":"2023-01-26"},{"lineNumber":40,"author":{"gitId":"YC-Michael"},"content":"                System.out.println(line);","lastModifiedDate":"2023-01-26"},{"lineNumber":41,"author":{"gitId":"YC-Michael"},"content":"                int lastIndexOfTasks \u003d tasks.size()-1;","lastModifiedDate":"2023-01-26"},{"lineNumber":42,"author":{"gitId":"YC-Michael"},"content":"                System.out.println(\"Got it. I\u0027ve added this task:\");","lastModifiedDate":"2023-01-26"},{"lineNumber":43,"author":{"gitId":"YC-Michael"},"content":"                System.out.println(tasks.get(lastIndexOfTasks).toString());","lastModifiedDate":"2023-01-26"},{"lineNumber":44,"author":{"gitId":"YC-Michael"},"content":"                System.out.println(\"Now you have \"+tasks.size()+\" tasks in the list.\");","lastModifiedDate":"2023-01-26"},{"lineNumber":45,"author":{"gitId":"YC-Michael"},"content":"            }else if(input.contains(\"event\")){","lastModifiedDate":"2023-01-26"},{"lineNumber":46,"author":{"gitId":"YC-Michael"},"content":"                String [] indexArr \u003d input.split(\"/\",3);","lastModifiedDate":"2023-01-26"},{"lineNumber":47,"author":{"gitId":"YC-Michael"},"content":"                String nameAndCommand \u003d indexArr[0];","lastModifiedDate":"2023-01-26"},{"lineNumber":48,"author":{"gitId":"YC-Michael"},"content":"                String fromDate \u003d indexArr[1];","lastModifiedDate":"2023-01-26"},{"lineNumber":49,"author":{"gitId":"YC-Michael"},"content":"                String toDate \u003d indexArr[2];","lastModifiedDate":"2023-01-26"},{"lineNumber":50,"author":{"gitId":"YC-Michael"},"content":"                String description \u003d nameAndCommand.substring(6).trim();","lastModifiedDate":"2023-01-26"},{"lineNumber":51,"author":{"gitId":"YC-Michael"},"content":"                String from \u003d fromDate.substring(5).trim();","lastModifiedDate":"2023-01-26"},{"lineNumber":52,"author":{"gitId":"YC-Michael"},"content":"                String to \u003d toDate.substring(3).trim();","lastModifiedDate":"2023-01-26"},{"lineNumber":53,"author":{"gitId":"YC-Michael"},"content":"                tasks.add(new Event(description,from,to));","lastModifiedDate":"2023-01-26"},{"lineNumber":54,"author":{"gitId":"YC-Michael"},"content":"                //print out necessary statements","lastModifiedDate":"2023-01-26"},{"lineNumber":55,"author":{"gitId":"YC-Michael"},"content":"                System.out.println(line);","lastModifiedDate":"2023-01-26"},{"lineNumber":56,"author":{"gitId":"YC-Michael"},"content":"                int lastIndexOfTasks \u003d tasks.size()-1;","lastModifiedDate":"2023-01-26"},{"lineNumber":57,"author":{"gitId":"YC-Michael"},"content":"                System.out.println(\"Got it. I\u0027ve added this task:\");","lastModifiedDate":"2023-01-26"},{"lineNumber":58,"author":{"gitId":"YC-Michael"},"content":"                System.out.println(tasks.get(lastIndexOfTasks).toString());","lastModifiedDate":"2023-01-26"},{"lineNumber":59,"author":{"gitId":"YC-Michael"},"content":"                System.out.println(\"Now you have \"+tasks.size()+\" tasks in the list.\");","lastModifiedDate":"2023-01-26"},{"lineNumber":60,"author":{"gitId":"YC-Michael"},"content":"            } else if(input.contains(\"unmark\")){","lastModifiedDate":"2023-01-19"},{"lineNumber":61,"author":{"gitId":"YC-Michael"},"content":"                System.out.println(line);","lastModifiedDate":"2023-01-19"},{"lineNumber":62,"author":{"gitId":"YC-Michael"},"content":"                System.out.println(\"OK, I\u0027ve marked this task as not done yet:\");","lastModifiedDate":"2023-01-19"},{"lineNumber":63,"author":{"gitId":"YC-Michael"},"content":"                Integer index;","lastModifiedDate":"2023-01-26"},{"lineNumber":64,"author":{"gitId":"YC-Michael"},"content":"                //temp placeholder to organise inputs","lastModifiedDate":"2023-01-26"},{"lineNumber":65,"author":{"gitId":"YC-Michael"},"content":"                String [] IndexArr \u003d input.split(\" \",2);","lastModifiedDate":"2023-01-19"},{"lineNumber":66,"author":{"gitId":"YC-Michael"},"content":"                index \u003d Integer.parseInt(IndexArr[1])-1;","lastModifiedDate":"2023-01-19"},{"lineNumber":67,"author":{"gitId":"YC-Michael"},"content":"                tasks.get(index).isDone\u003dfalse;","lastModifiedDate":"2023-01-26"},{"lineNumber":68,"author":{"gitId":"YC-Michael"},"content":"                System.out.println(tasks.get(index).toString());","lastModifiedDate":"2023-01-26"},{"lineNumber":69,"author":{"gitId":"YC-Michael"},"content":"            }else if(input.contains(\"mark\")){","lastModifiedDate":"2023-01-19"},{"lineNumber":70,"author":{"gitId":"YC-Michael"},"content":"                Integer index;","lastModifiedDate":"2023-01-26"},{"lineNumber":71,"author":{"gitId":"YC-Michael"},"content":"                String [] IndexArr \u003d input.split(\" \",2);","lastModifiedDate":"2023-01-19"},{"lineNumber":72,"author":{"gitId":"YC-Michael"},"content":"                System.out.println(line);","lastModifiedDate":"2023-01-19"},{"lineNumber":73,"author":{"gitId":"YC-Michael"},"content":"                System.out.println(\"Nice! I\u0027ve marked this task as done:\");","lastModifiedDate":"2023-01-19"},{"lineNumber":74,"author":{"gitId":"YC-Michael"},"content":"                index \u003d Integer.parseInt(IndexArr[1])-1;","lastModifiedDate":"2023-01-19"},{"lineNumber":75,"author":{"gitId":"YC-Michael"},"content":"                tasks.get(index).isDone\u003dtrue;","lastModifiedDate":"2023-01-26"},{"lineNumber":76,"author":{"gitId":"YC-Michael"},"content":"                System.out.println(tasks.get(index).toString());","lastModifiedDate":"2023-01-26"},{"lineNumber":77,"author":{"gitId":"YC-Michael"},"content":"            }else if(input.contains(\"todo\")){","lastModifiedDate":"2023-01-26"},{"lineNumber":78,"author":{"gitId":"YC-Michael"},"content":"                String description \u003d input.substring(5).trim();","lastModifiedDate":"2023-01-26"},{"lineNumber":79,"author":{"gitId":"YC-Michael"},"content":"                tasks.add(new Todo(description));","lastModifiedDate":"2023-01-26"},{"lineNumber":80,"author":{"gitId":"YC-Michael"},"content":"                System.out.println(line);","lastModifiedDate":"2023-01-26"},{"lineNumber":81,"author":{"gitId":"YC-Michael"},"content":"                int lastIndexOfTasks \u003d tasks.size()-1;","lastModifiedDate":"2023-01-26"},{"lineNumber":82,"author":{"gitId":"YC-Michael"},"content":"                System.out.println(\"Got it. I\u0027ve added this task:\");","lastModifiedDate":"2023-01-26"},{"lineNumber":83,"author":{"gitId":"YC-Michael"},"content":"                System.out.println(tasks.get(lastIndexOfTasks).toString());","lastModifiedDate":"2023-01-26"},{"lineNumber":84,"author":{"gitId":"YC-Michael"},"content":"                System.out.println(\"Now you have \"+tasks.size()+\" tasks in the list.\");","lastModifiedDate":"2023-01-26"},{"lineNumber":85,"author":{"gitId":"YC-Michael"},"content":"            }else {","lastModifiedDate":"2023-01-19"},{"lineNumber":86,"author":{"gitId":"YC-Michael"},"content":"                tasks.add(new Task(input, false));","lastModifiedDate":"2023-01-26"},{"lineNumber":87,"author":{"gitId":"YC-Michael"},"content":"                System.out.println(\"Added: \"+input);","lastModifiedDate":"2023-01-27"},{"lineNumber":88,"author":{"gitId":"YC-Michael"},"content":"            }","lastModifiedDate":"2023-01-19"},{"lineNumber":89,"author":{"gitId":"YC-Michael"},"content":"            System.out.println(line);","lastModifiedDate":"2023-01-19"},{"lineNumber":90,"author":{"gitId":"YC-Michael"},"content":"        }","lastModifiedDate":"2023-01-19"},{"lineNumber":91,"author":{"gitId":"YC-Michael"},"content":"        System.out.println(line);","lastModifiedDate":"2023-01-19"},{"lineNumber":92,"author":{"gitId":"YC-Michael"},"content":"        System.out.println(\"Bye. Hope to see you again soon!\");","lastModifiedDate":"2023-01-19"},{"lineNumber":93,"author":{"gitId":"YC-Michael"},"content":"        System.out.println(line);","lastModifiedDate":"2023-01-19"},{"lineNumber":94,"author":{"gitId":"-"},"content":"    }","lastModifiedDate":"2019-07-29"},{"lineNumber":95,"author":{"gitId":"-"},"content":"}","lastModifiedDate":"2019-07-29"}],"authorContributionMap":{"-":10,"YC-Michael":85}},{"path":"src/main/java/Event.java","fileType":"java","lines":[{"lineNumber":1,"author":{"gitId":"YC-Michael"},"content":"public class Event extends Task{","lastModifiedDate":"2023-01-26"},{"lineNumber":2,"author":{"gitId":"YC-Michael"},"content":"    protected String from;","lastModifiedDate":"2023-01-26"},{"lineNumber":3,"author":{"gitId":"YC-Michael"},"content":"    protected String to;","lastModifiedDate":"2023-01-26"},{"lineNumber":4,"author":{"gitId":"YC-Michael"},"content":"","lastModifiedDate":"2023-01-26"},{"lineNumber":5,"author":{"gitId":"YC-Michael"},"content":"    public Event(String description, String from,String to) {","lastModifiedDate":"2023-01-26"},{"lineNumber":6,"author":{"gitId":"YC-Michael"},"content":"        super(description);","lastModifiedDate":"2023-01-26"},{"lineNumber":7,"author":{"gitId":"YC-Michael"},"content":"        this.from \u003d from;","lastModifiedDate":"2023-01-26"},{"lineNumber":8,"author":{"gitId":"YC-Michael"},"content":"        this.to \u003d to;","lastModifiedDate":"2023-01-26"},{"lineNumber":9,"author":{"gitId":"YC-Michael"},"content":"    }","lastModifiedDate":"2023-01-26"},{"lineNumber":10,"author":{"gitId":"YC-Michael"},"content":"","lastModifiedDate":"2023-01-26"},{"lineNumber":11,"author":{"gitId":"YC-Michael"},"content":"    @Override","lastModifiedDate":"2023-01-26"},{"lineNumber":12,"author":{"gitId":"YC-Michael"},"content":"    public String toString() {","lastModifiedDate":"2023-01-26"},{"lineNumber":13,"author":{"gitId":"YC-Michael"},"content":"        return \"[E]\" + super.toString() + \" (from: \" + from + \" to: \" + to + \")\";","lastModifiedDate":"2023-01-26"},{"lineNumber":14,"author":{"gitId":"YC-Michael"},"content":"    }","lastModifiedDate":"2023-01-26"},{"lineNumber":15,"author":{"gitId":"YC-Michael"},"content":"}","lastModifiedDate":"2023-01-26"}],"authorContributionMap":{"YC-Michael":15}},{"path":"src/main/java/Task.java","fileType":"java","lines":[{"lineNumber":1,"author":{"gitId":"YC-Michael"},"content":"public class Task {","lastModifiedDate":"2023-01-19"},{"lineNumber":2,"author":{"gitId":"YC-Michael"},"content":"    protected String name;","lastModifiedDate":"2023-01-19"},{"lineNumber":3,"author":{"gitId":"YC-Michael"},"content":"    protected boolean isDone;","lastModifiedDate":"2023-01-19"},{"lineNumber":4,"author":{"gitId":"YC-Michael"},"content":"","lastModifiedDate":"2023-01-19"},{"lineNumber":5,"author":{"gitId":"YC-Michael"},"content":"    public Task() {","lastModifiedDate":"2023-01-26"},{"lineNumber":6,"author":{"gitId":"YC-Michael"},"content":"    }","lastModifiedDate":"2023-01-19"},{"lineNumber":7,"author":{"gitId":"YC-Michael"},"content":"","lastModifiedDate":"2023-01-19"},{"lineNumber":8,"author":{"gitId":"YC-Michael"},"content":"    public Task(String description) {","lastModifiedDate":"2023-01-26"},{"lineNumber":9,"author":{"gitId":"YC-Michael"},"content":"        this.name \u003d description;","lastModifiedDate":"2023-01-26"},{"lineNumber":10,"author":{"gitId":"YC-Michael"},"content":"    }","lastModifiedDate":"2023-01-26"},{"lineNumber":11,"author":{"gitId":"YC-Michael"},"content":"    public Task(String description, boolean isDone) {","lastModifiedDate":"2023-01-26"},{"lineNumber":12,"author":{"gitId":"YC-Michael"},"content":"        this.name \u003d description;","lastModifiedDate":"2023-01-26"},{"lineNumber":13,"author":{"gitId":"YC-Michael"},"content":"        this.isDone \u003d isDone;","lastModifiedDate":"2023-01-26"},{"lineNumber":14,"author":{"gitId":"YC-Michael"},"content":"    }","lastModifiedDate":"2023-01-19"},{"lineNumber":15,"author":{"gitId":"YC-Michael"},"content":"","lastModifiedDate":"2023-01-19"},{"lineNumber":16,"author":{"gitId":"YC-Michael"},"content":"    public String toString(){","lastModifiedDate":"2023-01-26"},{"lineNumber":17,"author":{"gitId":"YC-Michael"},"content":"        return(isDone?\"[X] \"+this.name:\"[ ] \"+this.name);","lastModifiedDate":"2023-01-26"},{"lineNumber":18,"author":{"gitId":"YC-Michael"},"content":"    }","lastModifiedDate":"2023-01-19"},{"lineNumber":19,"author":{"gitId":"YC-Michael"},"content":"","lastModifiedDate":"2023-01-19"},{"lineNumber":20,"author":{"gitId":"YC-Michael"},"content":"","lastModifiedDate":"2023-01-19"},{"lineNumber":21,"author":{"gitId":"YC-Michael"},"content":"","lastModifiedDate":"2023-01-26"},{"lineNumber":22,"author":{"gitId":"YC-Michael"},"content":"}","lastModifiedDate":"2023-01-19"}],"authorContributionMap":{"YC-Michael":22}},{"path":"src/main/java/Todo.java","fileType":"java","lines":[{"lineNumber":1,"author":{"gitId":"YC-Michael"},"content":"public class Todo extends Task{","lastModifiedDate":"2023-01-26"},{"lineNumber":2,"author":{"gitId":"YC-Michael"},"content":"","lastModifiedDate":"2023-01-26"},{"lineNumber":3,"author":{"gitId":"YC-Michael"},"content":"    public Todo(String description) {","lastModifiedDate":"2023-01-26"},{"lineNumber":4,"author":{"gitId":"YC-Michael"},"content":"        super(description);","lastModifiedDate":"2023-01-26"},{"lineNumber":5,"author":{"gitId":"YC-Michael"},"content":"    }","lastModifiedDate":"2023-01-26"},{"lineNumber":6,"author":{"gitId":"YC-Michael"},"content":"    public String toString() {","lastModifiedDate":"2023-01-26"},{"lineNumber":7,"author":{"gitId":"YC-Michael"},"content":"        return \"[T]\" + super.toString();","lastModifiedDate":"2023-01-26"},{"lineNumber":8,"author":{"gitId":"YC-Michael"},"content":"    }","lastModifiedDate":"2023-01-26"},{"lineNumber":9,"author":{"gitId":"YC-Michael"},"content":"}","lastModifiedDate":"2023-01-26"}],"authorContributionMap":{"YC-Michael":9}}]
