{"authorDailyContributionsMap":{"YC-Michael":[{"date":"2023-01-19","commitResults":[{"hash":"a80c350abe37e7cfb4aebfd938e01e2bde9f005f","messageTitle":"Add level 0","messageBody":"","fileTypesAndContributionMap":{"java":{"insertions":7,"deletions":0}}},{"hash":"002b7709cfbd5d2aa352e40261a60f6af772498d","messageTitle":"Add Level 1","messageBody":"","tags":["Level-1"],"fileTypesAndContributionMap":{"java":{"insertions":13,"deletions":0}}},{"hash":"ced8d681b52dc5b361a75e61d1a32c9988d915d2","messageTitle":"Add Level 2","messageBody":"","tags":["Level-2"],"fileTypesAndContributionMap":{"java":{"insertions":15,"deletions":2}}},{"hash":"64820df7ed59a13f5c940cd41afedf1c476d2d9c","messageTitle":"Add Level 3","messageBody":"","fileTypesAndContributionMap":{"java":{"insertions":47,"deletions":3}}}]},{"date":"2023-01-26","commitResults":[{"hash":"4c43f6bbb3334ce044a869e6b45a69146324f33a","messageTitle":"Add Level 4","messageBody":"","fileTypesAndContributionMap":{"java":{"insertions":101,"deletions":27}}}]},{"date":"2023-01-27","commitResults":[{"hash":"1cad41a4231d11284c732dbb4e2cf9a5ca7bada5","messageTitle":"Add Level 4","messageBody":"","fileTypesAndContributionMap":{"java":{"insertions":3,"deletions":8}}}]},{"date":"2023-02-02","commitResults":[{"hash":"d1f7493d350d9dd6c61c6de081eea2dff681d895","messageTitle":"Update Level 4","messageBody":"","tags":["Level-4","A-CodeQuality"],"fileTypesAndContributionMap":{"java":{"insertions":172,"deletions":82}}}]},{"date":"2023-02-07","commitResults":[{"hash":"2903864d5ec45ee9c25df9c6e41aada77be95f9a","messageTitle":"Add level 5","messageBody":"","fileTypesAndContributionMap":{"java":{"insertions":2,"deletions":0}}},{"hash":"9218e22f954fd6a2b43ae7edccac7884ff48be46","messageTitle":"Create exceptions","messageBody":"","tags":["A-Exceptions"],"fileTypesAndContributionMap":{"java":{"insertions":48,"deletions":31}}},{"hash":"83f190407edd182d3abcabff042527f1b1213d16","messageTitle":"Add exceptions for todo","messageBody":"","fileTypesAndContributionMap":{"java":{"insertions":27,"deletions":10}}}]}]},"authorFileTypeContributionMap":{"YC-Michael":{"java":272,"md":0,"fxml":0,"sh":0,"bat":0,"gradle":0,"txt":0}},"authorContributionVariance":{"YC-Michael":3413.8462},"authorDisplayNameMap":{"YC-Michael":"CS2113-F10-2 HUI ..CONG"}}
