{"authorDailyContributionsMap":{"brennanzuz":[{"date":"2023-01-27","commitResults":[{"hash":"f7cf7c52c6c1d07a83956d50333a911a07f5a41b","messageTitle":"Added level-0. greet","messageBody":"Implemented an initial skeletal version of the Duke that simply greets the user and exits.\n","tags":["Level-0"],"fileTypesAndContributionMap":{"java":{"insertions":9,"deletions":0}}}]},{"date":"2023-01-29","commitResults":[{"hash":"c8f47da41140859390aba9cdbf90ce071a79f505","messageTitle":"Added greet, echo and exit","messageBody":"Added DukePrinter class to handle printing the output with the correct horizontal line separators and indents.\nAdded ability to echo all user input, except bye, which would cause the program to terminate.\nMoved relevant printing code to DukePrinter.\n","tags":["Level-1"],"fileTypesAndContributionMap":{"java":{"insertions":37,"deletions":15}}},{"hash":"99085c8ef9720c5eb2a6fb95cd70f53286297012","messageTitle":"Added Add, List functionality","messageBody":"Added userMessages array to store user messages and echo each element when \"list\" is entered by the user.\nAdded printMessages which echoes each element in a given array with the 1-based index of the element.\n","tags":["Level-2"],"fileTypesAndContributionMap":{"java":{"insertions":23,"deletions":1}}},{"hash":"903586a2c4355be7cc594b6d6e0d7d1496413500","messageTitle":"Added \"Mark as Done\".","messageBody":"Added Task class to store the description of added messages and its marked status.\nAdded ability to return the string of the task represented with its marked status in brackets in front.\nAdded commands to mark and unmark with the 2nd argument in the input delimited by spaces to be the 1-based index of the task to be marked.\nReplaced messages with tasks.\n","tags":["Level-3"],"fileTypesAndContributionMap":{"java":{"insertions":70,"deletions":12}}}]},{"date":"2023-02-01","commitResults":[{"hash":"8912a01b8ee06e04e6bced37a9b7b29978224975","messageTitle":"Added \"Level 4. ToDos, Events, Deadlines\"","messageBody":"Added 3 new commands of todo(), deadline(by), and event(from, to) that the user can type into the console.\nAdded 3 subclasses of Task to allow for the 3 new commands.\nAdded prefixes \u0027T\u0027, \u0027D\u0027 and \u0027E\u0027 in the returned display of the task to correspond to the type of task being referred to.\nAdded printAddedTask function to allow easier display of tasks in list\nChanged name of project to DukeNUS.\nChanged the welcome message logo\nRemoved the default command to add task when no command is specified.\n","tags":["Level-4"],"fileTypesAndContributionMap":{"java":{"insertions":175,"deletions":87},"bat":{"insertions":1,"deletions":1},"md":{"insertions":2,"deletions":2}}},{"hash":"8294cd06aefeafd71b930db98e03fe9436d61f3d","messageTitle":"Improved code quality.","messageBody":"Added Javadoc comments on almost all functions.\nAdded Javadoc comments on classes.\nAdded comments on some variables.\nAdded error throwing for marking and unmarking tasks that are out of bounds.\nMoved printing messages for marking and unmarking to DukeNUSPrinter.java.\nFixed some variable names using snake_case instead of camelCase.\n","tags":["A-CodeQuality"],"fileTypesAndContributionMap":{"java":{"insertions":123,"deletions":21}}}]},{"date":"2023-02-07","commitResults":[{"hash":"7b4712da5e5adbca991caeeb1630bd1f8c11078e","messageTitle":"Added \"Level-5: Handle Errors\".","messageBody":"Added packages \"io\" and \"tasks\" and moved corresponding classes into them.\nAdded error handling try-catch statements in switch statement for interpreting commands in user input.\nChanged all error messages to be more consistent.\nMoved main switch statement to `interpret_command()` function.\nFixed javadoc comments in DukeNUSPrinter.java to be neater.\nRemoved `isTaskIndexValid()` function.\n","fileTypesAndContributionMap":{"java":{"insertions":115,"deletions":63}}}]}]},"authorFileTypeContributionMap":{"brennanzuz":{"java":363,"md":2,"fxml":0,"sh":0,"bat":1,"gradle":0,"txt":0}},"authorContributionVariance":{"brennanzuz":7862.794},"authorDisplayNameMap":{"brennanzuz":"CS2113-W13-3 BRAN.. WEI"}}
