[{"path":"data/duke.txt","fileType":"txt","lines":[{"lineNumber":1,"author":{"gitId":"Khulon"},"content":"T:1:project meeting","lastModifiedDate":"2023-02-13"},{"lineNumber":2,"author":{"gitId":"Khulon"},"content":"T:1:hihihi","lastModifiedDate":"2023-02-13"},{"lineNumber":3,"author":{"gitId":"Khulon"},"content":"T:0:test","lastModifiedDate":"2023-02-13"}],"authorContributionMap":{"Khulon":3}},{"path":"src/main/java/Deadline.java","fileType":"java","lines":[{"lineNumber":1,"author":{"gitId":"Khulon"},"content":"public class Deadline extends Task{","lastModifiedDate":"2023-01-29"},{"lineNumber":2,"author":{"gitId":"Khulon"},"content":"","lastModifiedDate":"2023-01-29"},{"lineNumber":3,"author":{"gitId":"Khulon"},"content":"    protected String day;","lastModifiedDate":"2023-01-29"},{"lineNumber":4,"author":{"gitId":"Khulon"},"content":"","lastModifiedDate":"2023-01-29"},{"lineNumber":5,"author":{"gitId":"Khulon"},"content":"    public Deadline(String description, String day) {","lastModifiedDate":"2023-01-29"},{"lineNumber":6,"author":{"gitId":"Khulon"},"content":"        super(description);","lastModifiedDate":"2023-01-29"},{"lineNumber":7,"author":{"gitId":"Khulon"},"content":"        this.day \u003d day;","lastModifiedDate":"2023-01-29"},{"lineNumber":8,"author":{"gitId":"Khulon"},"content":"    }","lastModifiedDate":"2023-01-29"},{"lineNumber":9,"author":{"gitId":"Khulon"},"content":"","lastModifiedDate":"2023-01-29"},{"lineNumber":10,"author":{"gitId":"Khulon"},"content":"    public String getTaskIcon() {","lastModifiedDate":"2023-01-29"},{"lineNumber":11,"author":{"gitId":"Khulon"},"content":"        return \"D\";","lastModifiedDate":"2023-01-29"},{"lineNumber":12,"author":{"gitId":"Khulon"},"content":"    }","lastModifiedDate":"2023-01-29"},{"lineNumber":13,"author":{"gitId":"Khulon"},"content":"","lastModifiedDate":"2023-01-29"},{"lineNumber":14,"author":{"gitId":"Khulon"},"content":"    public String getBy() {","lastModifiedDate":"2023-02-13"},{"lineNumber":15,"author":{"gitId":"Khulon"},"content":"        return day;","lastModifiedDate":"2023-02-13"},{"lineNumber":16,"author":{"gitId":"Khulon"},"content":"    }","lastModifiedDate":"2023-02-13"},{"lineNumber":17,"author":{"gitId":"Khulon"},"content":"","lastModifiedDate":"2023-02-13"},{"lineNumber":18,"author":{"gitId":"Khulon"},"content":"    @Override","lastModifiedDate":"2023-01-29"},{"lineNumber":19,"author":{"gitId":"Khulon"},"content":"    public String printTask() {","lastModifiedDate":"2023-01-29"},{"lineNumber":20,"author":{"gitId":"Khulon"},"content":"        return super.printTask() + \"(by: \" + day + \")\";","lastModifiedDate":"2023-01-29"},{"lineNumber":21,"author":{"gitId":"Khulon"},"content":"    }","lastModifiedDate":"2023-01-29"},{"lineNumber":22,"author":{"gitId":"Khulon"},"content":"","lastModifiedDate":"2023-01-29"},{"lineNumber":23,"author":{"gitId":"Khulon"},"content":"}","lastModifiedDate":"2023-01-29"}],"authorContributionMap":{"Khulon":23}},{"path":"src/main/java/Duke.java","fileType":"java","lines":[{"lineNumber":1,"author":{"gitId":"Khulon"},"content":"import java.util.Scanner;","lastModifiedDate":"2023-01-24"},{"lineNumber":2,"author":{"gitId":"Khulon"},"content":"import java.util.ArrayList;","lastModifiedDate":"2023-02-12"},{"lineNumber":3,"author":{"gitId":"Khulon"},"content":"import java.io.File;","lastModifiedDate":"2023-02-13"},{"lineNumber":4,"author":{"gitId":"Khulon"},"content":"import java.io.FileNotFoundException;","lastModifiedDate":"2023-02-13"},{"lineNumber":5,"author":{"gitId":"Khulon"},"content":"import java.io.FileWriter;","lastModifiedDate":"2023-02-13"},{"lineNumber":6,"author":{"gitId":"Khulon"},"content":"import java.io.IOException;","lastModifiedDate":"2023-02-13"},{"lineNumber":7,"author":{"gitId":"Khulon"},"content":"","lastModifiedDate":"2023-02-13"},{"lineNumber":8,"author":{"gitId":"Khulon"},"content":"","lastModifiedDate":"2023-01-24"},{"lineNumber":9,"author":{"gitId":"-"},"content":"public class Duke {","lastModifiedDate":"2019-07-29"},{"lineNumber":10,"author":{"gitId":"Khulon"},"content":"","lastModifiedDate":"2023-01-29"},{"lineNumber":11,"author":{"gitId":"Khulon"},"content":"    public static ArrayList\u003cTask\u003e tasks \u003d new ArrayList\u003c\u003e();","lastModifiedDate":"2023-02-12"},{"lineNumber":12,"author":{"gitId":"Khulon"},"content":"","lastModifiedDate":"2023-02-12"},{"lineNumber":13,"author":{"gitId":"Khulon"},"content":"    //public static int tasksLength \u003d 0;","lastModifiedDate":"2023-02-12"},{"lineNumber":14,"author":{"gitId":"Khulon"},"content":"","lastModifiedDate":"2023-01-24"},{"lineNumber":15,"author":{"gitId":"Khulon"},"content":"    public static void printTasks() {","lastModifiedDate":"2023-02-07"},{"lineNumber":16,"author":{"gitId":"Khulon"},"content":"        Greeting.printSeperator();","lastModifiedDate":"2023-02-07"},{"lineNumber":17,"author":{"gitId":"Khulon"},"content":"        System.out.println(\"\\tHere are the tasks in your list:\");","lastModifiedDate":"2023-02-07"},{"lineNumber":18,"author":{"gitId":"Khulon"},"content":"        for (int i \u003d 0; i \u003c tasks.size(); i++) {","lastModifiedDate":"2023-02-12"},{"lineNumber":19,"author":{"gitId":"Khulon"},"content":"            System.out.println(\"\\t\" + (i+1) + \".\" + tasks.get(i).printTask());","lastModifiedDate":"2023-02-12"},{"lineNumber":20,"author":{"gitId":"Khulon"},"content":"        }","lastModifiedDate":"2023-02-07"},{"lineNumber":21,"author":{"gitId":"Khulon"},"content":"        Greeting.printSeperator();","lastModifiedDate":"2023-02-07"},{"lineNumber":22,"author":{"gitId":"Khulon"},"content":"    }","lastModifiedDate":"2023-02-07"},{"lineNumber":23,"author":{"gitId":"Khulon"},"content":"","lastModifiedDate":"2023-02-07"},{"lineNumber":24,"author":{"gitId":"Khulon"},"content":"    public static void printNewTask(int taskNumber) {","lastModifiedDate":"2023-01-29"},{"lineNumber":25,"author":{"gitId":"Khulon"},"content":"        Greeting.printSeperator();","lastModifiedDate":"2023-01-29"},{"lineNumber":26,"author":{"gitId":"Khulon"},"content":"        System.out.println(\"\\tGot it. I\u0027ve added this task: \\n\"+ \"\\t\\t\" + tasks.get(tasks.size()-1).printTask());","lastModifiedDate":"2023-02-12"},{"lineNumber":27,"author":{"gitId":"Khulon"},"content":"        //tasksLength ++;","lastModifiedDate":"2023-02-12"},{"lineNumber":28,"author":{"gitId":"Khulon"},"content":"        System.out.println(\"\\tNow you have \" + tasks.size() + \" tasks in the list.\");","lastModifiedDate":"2023-02-12"},{"lineNumber":29,"author":{"gitId":"Khulon"},"content":"        Greeting.printSeperator();","lastModifiedDate":"2023-01-29"},{"lineNumber":30,"author":{"gitId":"Khulon"},"content":"    }","lastModifiedDate":"2023-01-24"},{"lineNumber":31,"author":{"gitId":"Khulon"},"content":"","lastModifiedDate":"2023-01-24"},{"lineNumber":32,"author":{"gitId":"Khulon"},"content":"    public static void mark(String userInput) {","lastModifiedDate":"2023-01-24"},{"lineNumber":33,"author":{"gitId":"Khulon"},"content":"        int taskNumber \u003d Integer.parseInt(userInput);","lastModifiedDate":"2023-01-24"},{"lineNumber":34,"author":{"gitId":"Khulon"},"content":"        tasks.get(taskNumber - 1).MarkStatusDone();","lastModifiedDate":"2023-02-12"},{"lineNumber":35,"author":{"gitId":"Khulon"},"content":"        Greeting.printSeperator();","lastModifiedDate":"2023-01-29"},{"lineNumber":36,"author":{"gitId":"Khulon"},"content":"        System.out.println(\"\\tNice! I\u0027ve marked this task as done:\\n\" +","lastModifiedDate":"2023-01-24"},{"lineNumber":37,"author":{"gitId":"Khulon"},"content":"                \"\\t\\t\" + tasks.get(taskNumber - 1).printTask());","lastModifiedDate":"2023-02-12"},{"lineNumber":38,"author":{"gitId":"Khulon"},"content":"        Greeting.printSeperator();","lastModifiedDate":"2023-01-29"},{"lineNumber":39,"author":{"gitId":"Khulon"},"content":"    }","lastModifiedDate":"2023-01-24"},{"lineNumber":40,"author":{"gitId":"Khulon"},"content":"","lastModifiedDate":"2023-01-24"},{"lineNumber":41,"author":{"gitId":"Khulon"},"content":"    public static void unmark(String userInput) {","lastModifiedDate":"2023-01-24"},{"lineNumber":42,"author":{"gitId":"Khulon"},"content":"        int taskNumber \u003d Integer.parseInt(userInput);","lastModifiedDate":"2023-01-24"},{"lineNumber":43,"author":{"gitId":"Khulon"},"content":"        tasks.get(taskNumber - 1).MarkStatusUndone();","lastModifiedDate":"2023-02-12"},{"lineNumber":44,"author":{"gitId":"Khulon"},"content":"        Greeting.printSeperator();","lastModifiedDate":"2023-01-29"},{"lineNumber":45,"author":{"gitId":"Khulon"},"content":"        System.out.println(\"\\tOK, I\u0027ve marked this task as not done yet:\\n\" +","lastModifiedDate":"2023-01-24"},{"lineNumber":46,"author":{"gitId":"Khulon"},"content":"","lastModifiedDate":"2023-02-13"},{"lineNumber":47,"author":{"gitId":"Khulon"},"content":"                \"\\t\\t\" + tasks.get(taskNumber - 1).printTask());","lastModifiedDate":"2023-02-12"},{"lineNumber":48,"author":{"gitId":"Khulon"},"content":"        Greeting.printSeperator();","lastModifiedDate":"2023-02-12"},{"lineNumber":49,"author":{"gitId":"Khulon"},"content":"    }","lastModifiedDate":"2023-02-12"},{"lineNumber":50,"author":{"gitId":"Khulon"},"content":"","lastModifiedDate":"2023-02-12"},{"lineNumber":51,"author":{"gitId":"Khulon"},"content":"    public static void deleteTask(String userInput) {","lastModifiedDate":"2023-02-12"},{"lineNumber":52,"author":{"gitId":"Khulon"},"content":"        int taskNumber \u003d Integer.parseInt(userInput);","lastModifiedDate":"2023-02-12"},{"lineNumber":53,"author":{"gitId":"Khulon"},"content":"        Task taskToBeRemoved \u003d tasks.get(taskNumber - 1);","lastModifiedDate":"2023-02-12"},{"lineNumber":54,"author":{"gitId":"Khulon"},"content":"        tasks.remove(taskNumber - 1);","lastModifiedDate":"2023-02-12"},{"lineNumber":55,"author":{"gitId":"Khulon"},"content":"        Greeting.printSeperator();","lastModifiedDate":"2023-02-12"},{"lineNumber":56,"author":{"gitId":"Khulon"},"content":"        System.out.println(\"\\tNoted. I\u0027ve removed this task:\\n\" +","lastModifiedDate":"2023-02-12"},{"lineNumber":57,"author":{"gitId":"Khulon"},"content":"                \"\\t\\t\" + taskToBeRemoved.printTask());","lastModifiedDate":"2023-02-12"},{"lineNumber":58,"author":{"gitId":"Khulon"},"content":"        Greeting.printSeperator();","lastModifiedDate":"2023-01-29"},{"lineNumber":59,"author":{"gitId":"Khulon"},"content":"    }","lastModifiedDate":"2023-01-24"},{"lineNumber":60,"author":{"gitId":"Khulon"},"content":"","lastModifiedDate":"2023-01-24"},{"lineNumber":61,"author":{"gitId":"Khulon"},"content":"    public static void ChatPolling() {","lastModifiedDate":"2023-01-24"},{"lineNumber":62,"author":{"gitId":"Khulon"},"content":"        String userInput;","lastModifiedDate":"2023-01-24"},{"lineNumber":63,"author":{"gitId":"Khulon"},"content":"        Scanner in \u003d new Scanner(System.in);","lastModifiedDate":"2023-01-24"},{"lineNumber":64,"author":{"gitId":"Khulon"},"content":"        userInput \u003d in.nextLine();","lastModifiedDate":"2023-01-24"},{"lineNumber":65,"author":{"gitId":"Khulon"},"content":"        String[] inputType \u003d userInput.split(\" \", 2);","lastModifiedDate":"2023-01-29"},{"lineNumber":66,"author":{"gitId":"Khulon"},"content":"","lastModifiedDate":"2023-01-24"},{"lineNumber":67,"author":{"gitId":"Khulon"},"content":"        while (!inputType[0].equals(\"bye\")) {","lastModifiedDate":"2023-02-01"},{"lineNumber":68,"author":{"gitId":"Khulon"},"content":"            switch (inputType[0]) {","lastModifiedDate":"2023-02-01"},{"lineNumber":69,"author":{"gitId":"Khulon"},"content":"            case \"list\":","lastModifiedDate":"2023-01-29"},{"lineNumber":70,"author":{"gitId":"Khulon"},"content":"                printTasks();","lastModifiedDate":"2023-02-07"},{"lineNumber":71,"author":{"gitId":"Khulon"},"content":"                break;","lastModifiedDate":"2023-01-29"},{"lineNumber":72,"author":{"gitId":"Khulon"},"content":"","lastModifiedDate":"2023-01-29"},{"lineNumber":73,"author":{"gitId":"Khulon"},"content":"            case \"unmark\":","lastModifiedDate":"2023-01-29"},{"lineNumber":74,"author":{"gitId":"Khulon"},"content":"                String taskNumberUnmark \u003d userInput.substring(7);","lastModifiedDate":"2023-01-29"},{"lineNumber":75,"author":{"gitId":"Khulon"},"content":"                unmark(taskNumberUnmark);","lastModifiedDate":"2023-01-29"},{"lineNumber":76,"author":{"gitId":"Khulon"},"content":"                break;","lastModifiedDate":"2023-01-29"},{"lineNumber":77,"author":{"gitId":"Khulon"},"content":"","lastModifiedDate":"2023-01-29"},{"lineNumber":78,"author":{"gitId":"Khulon"},"content":"            case \"mark\":","lastModifiedDate":"2023-01-29"},{"lineNumber":79,"author":{"gitId":"Khulon"},"content":"                String taskNumberMark \u003d userInput.substring(5);","lastModifiedDate":"2023-01-29"},{"lineNumber":80,"author":{"gitId":"Khulon"},"content":"                mark(taskNumberMark);","lastModifiedDate":"2023-01-29"},{"lineNumber":81,"author":{"gitId":"Khulon"},"content":"                break;","lastModifiedDate":"2023-01-29"},{"lineNumber":82,"author":{"gitId":"Khulon"},"content":"","lastModifiedDate":"2023-01-29"},{"lineNumber":83,"author":{"gitId":"Khulon"},"content":"            case \"delete\":","lastModifiedDate":"2023-02-12"},{"lineNumber":84,"author":{"gitId":"Khulon"},"content":"                String taskNumberDelete \u003d userInput.substring(7);","lastModifiedDate":"2023-02-12"},{"lineNumber":85,"author":{"gitId":"Khulon"},"content":"                deleteTask(taskNumberDelete);","lastModifiedDate":"2023-02-12"},{"lineNumber":86,"author":{"gitId":"Khulon"},"content":"                break;","lastModifiedDate":"2023-02-12"},{"lineNumber":87,"author":{"gitId":"Khulon"},"content":"","lastModifiedDate":"2023-02-12"},{"lineNumber":88,"author":{"gitId":"Khulon"},"content":"            case \"todo\":","lastModifiedDate":"2023-01-29"},{"lineNumber":89,"author":{"gitId":"Khulon"},"content":"                try {","lastModifiedDate":"2023-02-07"},{"lineNumber":90,"author":{"gitId":"Khulon"},"content":"                    addTodo(userInput);","lastModifiedDate":"2023-02-07"},{"lineNumber":91,"author":{"gitId":"Khulon"},"content":"                    printNewTask(tasks.size());","lastModifiedDate":"2023-02-12"},{"lineNumber":92,"author":{"gitId":"Khulon"},"content":"                } catch (IllegalInputException e){","lastModifiedDate":"2023-02-07"},{"lineNumber":93,"author":{"gitId":"Khulon"},"content":"                    Greeting.printEmptyTask();","lastModifiedDate":"2023-02-07"},{"lineNumber":94,"author":{"gitId":"Khulon"},"content":"                }","lastModifiedDate":"2023-02-07"},{"lineNumber":95,"author":{"gitId":"Khulon"},"content":"                break;","lastModifiedDate":"2023-01-29"},{"lineNumber":96,"author":{"gitId":"Khulon"},"content":"","lastModifiedDate":"2023-01-29"},{"lineNumber":97,"author":{"gitId":"Khulon"},"content":"            case \"deadline\":","lastModifiedDate":"2023-01-29"},{"lineNumber":98,"author":{"gitId":"Khulon"},"content":"                try {","lastModifiedDate":"2023-02-07"},{"lineNumber":99,"author":{"gitId":"Khulon"},"content":"                    addDeadline(userInput);","lastModifiedDate":"2023-02-07"},{"lineNumber":100,"author":{"gitId":"Khulon"},"content":"                    printNewTask(tasks.size());","lastModifiedDate":"2023-02-12"},{"lineNumber":101,"author":{"gitId":"Khulon"},"content":"                } catch (IllegalInputException e){","lastModifiedDate":"2023-02-07"},{"lineNumber":102,"author":{"gitId":"Khulon"},"content":"                    Greeting.printEmptyTask();","lastModifiedDate":"2023-02-07"},{"lineNumber":103,"author":{"gitId":"Khulon"},"content":"                } catch (MissingCommandException e) {","lastModifiedDate":"2023-02-07"},{"lineNumber":104,"author":{"gitId":"Khulon"},"content":"                    Greeting.printEmptyCommand();","lastModifiedDate":"2023-02-07"},{"lineNumber":105,"author":{"gitId":"Khulon"},"content":"                } catch (IllegalDayException e) {","lastModifiedDate":"2023-02-07"},{"lineNumber":106,"author":{"gitId":"Khulon"},"content":"                    Greeting.printEmptyDate();","lastModifiedDate":"2023-02-07"},{"lineNumber":107,"author":{"gitId":"Khulon"},"content":"                }","lastModifiedDate":"2023-02-07"},{"lineNumber":108,"author":{"gitId":"Khulon"},"content":"                break;","lastModifiedDate":"2023-01-29"},{"lineNumber":109,"author":{"gitId":"Khulon"},"content":"","lastModifiedDate":"2023-01-29"},{"lineNumber":110,"author":{"gitId":"Khulon"},"content":"            case \"event\":","lastModifiedDate":"2023-01-29"},{"lineNumber":111,"author":{"gitId":"Khulon"},"content":"                try {","lastModifiedDate":"2023-02-07"},{"lineNumber":112,"author":{"gitId":"Khulon"},"content":"                    addEvent(userInput);","lastModifiedDate":"2023-02-07"},{"lineNumber":113,"author":{"gitId":"Khulon"},"content":"                    printNewTask(tasks.size());","lastModifiedDate":"2023-02-12"},{"lineNumber":114,"author":{"gitId":"Khulon"},"content":"                } catch (IllegalInputException e){","lastModifiedDate":"2023-02-07"},{"lineNumber":115,"author":{"gitId":"Khulon"},"content":"                    Greeting.printEmptyTask();","lastModifiedDate":"2023-02-07"},{"lineNumber":116,"author":{"gitId":"Khulon"},"content":"                } catch (MissingCommandException e) {","lastModifiedDate":"2023-02-07"},{"lineNumber":117,"author":{"gitId":"Khulon"},"content":"                    Greeting.printEmptyCommand();","lastModifiedDate":"2023-02-07"},{"lineNumber":118,"author":{"gitId":"Khulon"},"content":"                } catch (IllegalDayException e) {","lastModifiedDate":"2023-02-07"},{"lineNumber":119,"author":{"gitId":"Khulon"},"content":"                    Greeting.printEmptyDate();","lastModifiedDate":"2023-02-07"},{"lineNumber":120,"author":{"gitId":"Khulon"},"content":"                }","lastModifiedDate":"2023-02-07"},{"lineNumber":121,"author":{"gitId":"Khulon"},"content":"                break;","lastModifiedDate":"2023-01-29"},{"lineNumber":122,"author":{"gitId":"Khulon"},"content":"","lastModifiedDate":"2023-01-24"},{"lineNumber":123,"author":{"gitId":"Khulon"},"content":"            default:","lastModifiedDate":"2023-01-29"},{"lineNumber":124,"author":{"gitId":"Khulon"},"content":"                Greeting.printHelp();","lastModifiedDate":"2023-01-29"},{"lineNumber":125,"author":{"gitId":"Khulon"},"content":"            }","lastModifiedDate":"2023-01-24"},{"lineNumber":126,"author":{"gitId":"Khulon"},"content":"            userInput \u003d in.nextLine();","lastModifiedDate":"2023-02-01"},{"lineNumber":127,"author":{"gitId":"Khulon"},"content":"            inputType \u003d userInput.split(\" \", 2);","lastModifiedDate":"2023-02-01"},{"lineNumber":128,"author":{"gitId":"Khulon"},"content":"        }","lastModifiedDate":"2023-01-24"},{"lineNumber":129,"author":{"gitId":"Khulon"},"content":"","lastModifiedDate":"2023-02-13"},{"lineNumber":130,"author":{"gitId":"Khulon"},"content":"        try {","lastModifiedDate":"2023-02-13"},{"lineNumber":131,"author":{"gitId":"Khulon"},"content":"            clearFile();","lastModifiedDate":"2023-02-13"},{"lineNumber":132,"author":{"gitId":"Khulon"},"content":"        } catch (IOException e){","lastModifiedDate":"2023-02-13"},{"lineNumber":133,"author":{"gitId":"Khulon"},"content":"            System.out.println(e);","lastModifiedDate":"2023-02-13"},{"lineNumber":134,"author":{"gitId":"Khulon"},"content":"        }","lastModifiedDate":"2023-02-13"},{"lineNumber":135,"author":{"gitId":"Khulon"},"content":"        updateFile();","lastModifiedDate":"2023-02-13"},{"lineNumber":136,"author":{"gitId":"Khulon"},"content":"    }","lastModifiedDate":"2023-02-13"},{"lineNumber":137,"author":{"gitId":"Khulon"},"content":"","lastModifiedDate":"2023-02-13"},{"lineNumber":138,"author":{"gitId":"Khulon"},"content":"    private static void updateFile() {","lastModifiedDate":"2023-02-13"},{"lineNumber":139,"author":{"gitId":"Khulon"},"content":"        for (int i \u003d 0; i \u003c tasks.size(); i++) {","lastModifiedDate":"2023-02-13"},{"lineNumber":140,"author":{"gitId":"Khulon"},"content":"            Task currentTask \u003d tasks.get(i);","lastModifiedDate":"2023-02-13"},{"lineNumber":141,"author":{"gitId":"Khulon"},"content":"            String taskStatus \u003d currentTask.getStatusIcon();","lastModifiedDate":"2023-02-13"},{"lineNumber":142,"author":{"gitId":"Khulon"},"content":"            String taskType \u003d currentTask.getTaskIcon();","lastModifiedDate":"2023-02-13"},{"lineNumber":143,"author":{"gitId":"Khulon"},"content":"            String taskName \u003d currentTask.getTask();","lastModifiedDate":"2023-02-13"},{"lineNumber":144,"author":{"gitId":"Khulon"},"content":"            String taskStatusBinary \u003d (taskStatus \u003d\u003d \"X\") ? \"1\" : \"0\";","lastModifiedDate":"2023-02-13"},{"lineNumber":145,"author":{"gitId":"Khulon"},"content":"","lastModifiedDate":"2023-02-13"},{"lineNumber":146,"author":{"gitId":"Khulon"},"content":"            switch (taskType) {","lastModifiedDate":"2023-02-13"},{"lineNumber":147,"author":{"gitId":"Khulon"},"content":"            case \"T\":","lastModifiedDate":"2023-02-13"},{"lineNumber":148,"author":{"gitId":"Khulon"},"content":"                try {","lastModifiedDate":"2023-02-13"},{"lineNumber":149,"author":{"gitId":"Khulon"},"content":"                    writeToFile(\"T:\"+taskStatusBinary+\":\"+taskName);","lastModifiedDate":"2023-02-13"},{"lineNumber":150,"author":{"gitId":"Khulon"},"content":"                } catch (IOException e){","lastModifiedDate":"2023-02-13"},{"lineNumber":151,"author":{"gitId":"Khulon"},"content":"                    System.out.println(e);","lastModifiedDate":"2023-02-13"},{"lineNumber":152,"author":{"gitId":"Khulon"},"content":"                }","lastModifiedDate":"2023-02-13"},{"lineNumber":153,"author":{"gitId":"Khulon"},"content":"                break;","lastModifiedDate":"2023-02-13"},{"lineNumber":154,"author":{"gitId":"Khulon"},"content":"            case \"D\":","lastModifiedDate":"2023-02-13"},{"lineNumber":155,"author":{"gitId":"Khulon"},"content":"                String deadlineDay \u003d currentTask.getBy();","lastModifiedDate":"2023-02-13"},{"lineNumber":156,"author":{"gitId":"Khulon"},"content":"                try {","lastModifiedDate":"2023-02-13"},{"lineNumber":157,"author":{"gitId":"Khulon"},"content":"                    writeToFile(\"T:\"+taskStatusBinary+\":\"+taskName+\":\"+deadlineDay);","lastModifiedDate":"2023-02-13"},{"lineNumber":158,"author":{"gitId":"Khulon"},"content":"                } catch (IOException e){","lastModifiedDate":"2023-02-13"},{"lineNumber":159,"author":{"gitId":"Khulon"},"content":"                    System.out.println(e);","lastModifiedDate":"2023-02-13"},{"lineNumber":160,"author":{"gitId":"Khulon"},"content":"                }","lastModifiedDate":"2023-02-13"},{"lineNumber":161,"author":{"gitId":"Khulon"},"content":"                break;","lastModifiedDate":"2023-02-13"},{"lineNumber":162,"author":{"gitId":"Khulon"},"content":"            case \"E\":","lastModifiedDate":"2023-02-13"},{"lineNumber":163,"author":{"gitId":"Khulon"},"content":"                String eventFrom \u003d currentTask.getFrom();","lastModifiedDate":"2023-02-13"},{"lineNumber":164,"author":{"gitId":"Khulon"},"content":"                String eventTo \u003d currentTask.getTo();","lastModifiedDate":"2023-02-13"},{"lineNumber":165,"author":{"gitId":"Khulon"},"content":"                try {","lastModifiedDate":"2023-02-13"},{"lineNumber":166,"author":{"gitId":"Khulon"},"content":"                    writeToFile(\"T:\"+taskStatusBinary+\":\"+taskName+\":\"+eventTo+\":\"+eventFrom);","lastModifiedDate":"2023-02-13"},{"lineNumber":167,"author":{"gitId":"Khulon"},"content":"                } catch (IOException e){","lastModifiedDate":"2023-02-13"},{"lineNumber":168,"author":{"gitId":"Khulon"},"content":"                    System.out.println(e);","lastModifiedDate":"2023-02-13"},{"lineNumber":169,"author":{"gitId":"Khulon"},"content":"                }","lastModifiedDate":"2023-02-13"},{"lineNumber":170,"author":{"gitId":"Khulon"},"content":"                break;","lastModifiedDate":"2023-02-13"},{"lineNumber":171,"author":{"gitId":"Khulon"},"content":"            default:","lastModifiedDate":"2023-02-13"},{"lineNumber":172,"author":{"gitId":"Khulon"},"content":"                Greeting.printHelp();","lastModifiedDate":"2023-02-13"},{"lineNumber":173,"author":{"gitId":"Khulon"},"content":"            }","lastModifiedDate":"2023-02-13"},{"lineNumber":174,"author":{"gitId":"Khulon"},"content":"        }","lastModifiedDate":"2023-02-13"},{"lineNumber":175,"author":{"gitId":"Khulon"},"content":"    }","lastModifiedDate":"2023-01-24"},{"lineNumber":176,"author":{"gitId":"Khulon"},"content":"","lastModifiedDate":"2023-02-07"},{"lineNumber":177,"author":{"gitId":"Khulon"},"content":"     ","lastModifiedDate":"2023-02-07"},{"lineNumber":178,"author":{"gitId":"Khulon"},"content":"    private static void addTodo(String userInput) throws IllegalInputException {","lastModifiedDate":"2023-02-07"},{"lineNumber":179,"author":{"gitId":"Khulon"},"content":"","lastModifiedDate":"2023-02-07"},{"lineNumber":180,"author":{"gitId":"Khulon"},"content":"        String todoTask \u003d userInput.substring(4).trim();","lastModifiedDate":"2023-02-07"},{"lineNumber":181,"author":{"gitId":"Khulon"},"content":"        if (todoTask \u003d\u003d \"\") {","lastModifiedDate":"2023-02-07"},{"lineNumber":182,"author":{"gitId":"Khulon"},"content":"            throw new IllegalInputException();","lastModifiedDate":"2023-02-07"},{"lineNumber":183,"author":{"gitId":"Khulon"},"content":"        }","lastModifiedDate":"2023-02-07"},{"lineNumber":184,"author":{"gitId":"Khulon"},"content":"        tasks.add(new Todo (todoTask));","lastModifiedDate":"2023-02-12"},{"lineNumber":185,"author":{"gitId":"Khulon"},"content":"","lastModifiedDate":"2023-02-13"},{"lineNumber":186,"author":{"gitId":"Khulon"},"content":"        return;","lastModifiedDate":"2023-02-07"},{"lineNumber":187,"author":{"gitId":"Khulon"},"content":"    }","lastModifiedDate":"2023-02-07"},{"lineNumber":188,"author":{"gitId":"Khulon"},"content":"","lastModifiedDate":"2023-02-07"},{"lineNumber":189,"author":{"gitId":"Khulon"},"content":"    private static void addDeadline(String userInput) throws IllegalInputException, MissingCommandException, IllegalDayException {","lastModifiedDate":"2023-02-07"},{"lineNumber":190,"author":{"gitId":"Khulon"},"content":"","lastModifiedDate":"2023-02-07"},{"lineNumber":191,"author":{"gitId":"Khulon"},"content":"        if ((userInput.indexOf(\"/by\") \u003c 0 )){","lastModifiedDate":"2023-02-07"},{"lineNumber":192,"author":{"gitId":"Khulon"},"content":"            throw new MissingCommandException();","lastModifiedDate":"2023-02-07"},{"lineNumber":193,"author":{"gitId":"Khulon"},"content":"        }","lastModifiedDate":"2023-02-07"},{"lineNumber":194,"author":{"gitId":"Khulon"},"content":"        String deadlineTask \u003d userInput.substring(8, userInput.indexOf(\"/by\")).trim();","lastModifiedDate":"2023-02-07"},{"lineNumber":195,"author":{"gitId":"Khulon"},"content":"        if (deadlineTask \u003d\u003d \"\") {","lastModifiedDate":"2023-02-07"},{"lineNumber":196,"author":{"gitId":"Khulon"},"content":"            throw new IllegalInputException();","lastModifiedDate":"2023-02-07"},{"lineNumber":197,"author":{"gitId":"Khulon"},"content":"        }","lastModifiedDate":"2023-02-07"},{"lineNumber":198,"author":{"gitId":"Khulon"},"content":"        String deadlineDay \u003d userInput.substring(userInput.indexOf(\"/by\") + 3).trim();","lastModifiedDate":"2023-02-07"},{"lineNumber":199,"author":{"gitId":"Khulon"},"content":"        if (deadlineDay \u003d\u003d \"\") {","lastModifiedDate":"2023-02-07"},{"lineNumber":200,"author":{"gitId":"Khulon"},"content":"            throw new IllegalDayException();","lastModifiedDate":"2023-02-07"},{"lineNumber":201,"author":{"gitId":"Khulon"},"content":"        }","lastModifiedDate":"2023-02-07"},{"lineNumber":202,"author":{"gitId":"Khulon"},"content":"        tasks.add(new Deadline(deadlineTask, deadlineDay));","lastModifiedDate":"2023-02-12"},{"lineNumber":203,"author":{"gitId":"Khulon"},"content":"","lastModifiedDate":"2023-02-13"},{"lineNumber":204,"author":{"gitId":"Khulon"},"content":"        try {","lastModifiedDate":"2023-02-13"},{"lineNumber":205,"author":{"gitId":"Khulon"},"content":"            writeToFile(\"T:0:\"+deadlineTask+\":\"+deadlineDay);","lastModifiedDate":"2023-02-13"},{"lineNumber":206,"author":{"gitId":"Khulon"},"content":"        } catch (IOException e){","lastModifiedDate":"2023-02-13"},{"lineNumber":207,"author":{"gitId":"Khulon"},"content":"            System.out.println(e);","lastModifiedDate":"2023-02-13"},{"lineNumber":208,"author":{"gitId":"Khulon"},"content":"        }","lastModifiedDate":"2023-02-13"},{"lineNumber":209,"author":{"gitId":"Khulon"},"content":"","lastModifiedDate":"2023-02-13"},{"lineNumber":210,"author":{"gitId":"Khulon"},"content":"        return;","lastModifiedDate":"2023-02-07"},{"lineNumber":211,"author":{"gitId":"Khulon"},"content":"    }","lastModifiedDate":"2023-02-07"},{"lineNumber":212,"author":{"gitId":"Khulon"},"content":"","lastModifiedDate":"2023-02-07"},{"lineNumber":213,"author":{"gitId":"Khulon"},"content":"    private static void addEvent(String userInput) throws IllegalInputException, MissingCommandException, IllegalDayException {","lastModifiedDate":"2023-02-07"},{"lineNumber":214,"author":{"gitId":"Khulon"},"content":"","lastModifiedDate":"2023-02-07"},{"lineNumber":215,"author":{"gitId":"Khulon"},"content":"        if ((userInput.indexOf(\"/from\") \u003c 0 ) || (userInput.indexOf(\"/to\") \u003c 0 )){","lastModifiedDate":"2023-02-07"},{"lineNumber":216,"author":{"gitId":"Khulon"},"content":"            throw new MissingCommandException();","lastModifiedDate":"2023-02-07"},{"lineNumber":217,"author":{"gitId":"Khulon"},"content":"        }","lastModifiedDate":"2023-02-07"},{"lineNumber":218,"author":{"gitId":"Khulon"},"content":"        String eventTask \u003d userInput.substring(5, userInput.indexOf(\"/\")).trim();","lastModifiedDate":"2023-02-07"},{"lineNumber":219,"author":{"gitId":"Khulon"},"content":"        if (eventTask \u003d\u003d \"\") {","lastModifiedDate":"2023-02-07"},{"lineNumber":220,"author":{"gitId":"Khulon"},"content":"            throw new IllegalInputException();","lastModifiedDate":"2023-02-07"},{"lineNumber":221,"author":{"gitId":"Khulon"},"content":"        }","lastModifiedDate":"2023-02-07"},{"lineNumber":222,"author":{"gitId":"Khulon"},"content":"        String eventFrom \u003d userInput.substring(userInput.indexOf(\"/from\") + 5, userInput.indexOf(\"/to\")).trim();","lastModifiedDate":"2023-02-07"},{"lineNumber":223,"author":{"gitId":"Khulon"},"content":"        String eventTo \u003d userInput.substring(userInput.indexOf(\"/to\") + 3).trim();","lastModifiedDate":"2023-02-07"},{"lineNumber":224,"author":{"gitId":"Khulon"},"content":"        if (eventFrom \u003d\u003d \"\" || eventTo \u003d\u003d \"\") {","lastModifiedDate":"2023-02-07"},{"lineNumber":225,"author":{"gitId":"Khulon"},"content":"            throw new IllegalDayException();","lastModifiedDate":"2023-02-07"},{"lineNumber":226,"author":{"gitId":"Khulon"},"content":"        }","lastModifiedDate":"2023-02-07"},{"lineNumber":227,"author":{"gitId":"Khulon"},"content":"        tasks.add(new Event(eventTask, eventFrom, eventTo));","lastModifiedDate":"2023-02-12"},{"lineNumber":228,"author":{"gitId":"Khulon"},"content":"","lastModifiedDate":"2023-02-13"},{"lineNumber":229,"author":{"gitId":"Khulon"},"content":"        try {","lastModifiedDate":"2023-02-13"},{"lineNumber":230,"author":{"gitId":"Khulon"},"content":"            writeToFile(\"T:0:\"+eventTask+\":\"+eventFrom+\":\"+eventTo);","lastModifiedDate":"2023-02-13"},{"lineNumber":231,"author":{"gitId":"Khulon"},"content":"        } catch (IOException e){","lastModifiedDate":"2023-02-13"},{"lineNumber":232,"author":{"gitId":"Khulon"},"content":"            System.out.println(e);","lastModifiedDate":"2023-02-13"},{"lineNumber":233,"author":{"gitId":"Khulon"},"content":"        }","lastModifiedDate":"2023-02-13"},{"lineNumber":234,"author":{"gitId":"Khulon"},"content":"","lastModifiedDate":"2023-02-13"},{"lineNumber":235,"author":{"gitId":"Khulon"},"content":"        return;","lastModifiedDate":"2023-02-07"},{"lineNumber":236,"author":{"gitId":"Khulon"},"content":"    }","lastModifiedDate":"2023-02-07"},{"lineNumber":237,"author":{"gitId":"Khulon"},"content":"","lastModifiedDate":"2023-02-07"},{"lineNumber":238,"author":{"gitId":"Khulon"},"content":"    private static void readFileContents(String filePath) throws FileNotFoundException {","lastModifiedDate":"2023-02-13"},{"lineNumber":239,"author":{"gitId":"Khulon"},"content":"        File f \u003d new File(filePath); // create a File for the given file path","lastModifiedDate":"2023-02-13"},{"lineNumber":240,"author":{"gitId":"Khulon"},"content":"        Scanner s \u003d new Scanner(f); // create a Scanner using the File as the source","lastModifiedDate":"2023-02-13"},{"lineNumber":241,"author":{"gitId":"Khulon"},"content":"        while (s.hasNext()) {","lastModifiedDate":"2023-02-13"},{"lineNumber":242,"author":{"gitId":"Khulon"},"content":"            String newLine \u003d s.nextLine(); ","lastModifiedDate":"2023-02-13"},{"lineNumber":243,"author":{"gitId":"Khulon"},"content":"            String[] newInput \u003d newLine.split(\":\");","lastModifiedDate":"2023-02-13"},{"lineNumber":244,"author":{"gitId":"Khulon"},"content":"            String taskName \u003d newInput[2];","lastModifiedDate":"2023-02-13"},{"lineNumber":245,"author":{"gitId":"Khulon"},"content":"            String taskType \u003d newInput[0];","lastModifiedDate":"2023-02-13"},{"lineNumber":246,"author":{"gitId":"Khulon"},"content":"","lastModifiedDate":"2023-02-13"},{"lineNumber":247,"author":{"gitId":"Khulon"},"content":"            switch (taskType) {","lastModifiedDate":"2023-02-13"},{"lineNumber":248,"author":{"gitId":"Khulon"},"content":"            case \"T\":","lastModifiedDate":"2023-02-13"},{"lineNumber":249,"author":{"gitId":"Khulon"},"content":"                tasks.add(new Todo (taskName));","lastModifiedDate":"2023-02-13"},{"lineNumber":250,"author":{"gitId":"Khulon"},"content":"                break;","lastModifiedDate":"2023-02-13"},{"lineNumber":251,"author":{"gitId":"Khulon"},"content":"            case \"D\":","lastModifiedDate":"2023-02-13"},{"lineNumber":252,"author":{"gitId":"Khulon"},"content":"                String deadlineDay \u003d newInput[3];","lastModifiedDate":"2023-02-13"},{"lineNumber":253,"author":{"gitId":"Khulon"},"content":"                tasks.add(new Deadline(taskName, deadlineDay));","lastModifiedDate":"2023-02-13"},{"lineNumber":254,"author":{"gitId":"Khulon"},"content":"                break;","lastModifiedDate":"2023-02-13"},{"lineNumber":255,"author":{"gitId":"Khulon"},"content":"            case \"E\":","lastModifiedDate":"2023-02-13"},{"lineNumber":256,"author":{"gitId":"Khulon"},"content":"                String eventFrom \u003d newInput[3];","lastModifiedDate":"2023-02-13"},{"lineNumber":257,"author":{"gitId":"Khulon"},"content":"                String eventTo \u003d newInput[4];","lastModifiedDate":"2023-02-13"},{"lineNumber":258,"author":{"gitId":"Khulon"},"content":"                tasks.add(new Event(taskName, eventFrom, eventTo));","lastModifiedDate":"2023-02-13"},{"lineNumber":259,"author":{"gitId":"Khulon"},"content":"                break;","lastModifiedDate":"2023-02-13"},{"lineNumber":260,"author":{"gitId":"Khulon"},"content":"            default:","lastModifiedDate":"2023-02-13"},{"lineNumber":261,"author":{"gitId":"Khulon"},"content":"                Greeting.printHelp();","lastModifiedDate":"2023-02-13"},{"lineNumber":262,"author":{"gitId":"Khulon"},"content":"            }","lastModifiedDate":"2023-02-13"},{"lineNumber":263,"author":{"gitId":"Khulon"},"content":"            if (newInput[1].equals(\"1\")) {","lastModifiedDate":"2023-02-13"},{"lineNumber":264,"author":{"gitId":"Khulon"},"content":"                tasks.get(tasks.size() - 1).MarkStatusDone();","lastModifiedDate":"2023-02-13"},{"lineNumber":265,"author":{"gitId":"Khulon"},"content":"            }","lastModifiedDate":"2023-02-13"},{"lineNumber":266,"author":{"gitId":"Khulon"},"content":"        }","lastModifiedDate":"2023-02-13"},{"lineNumber":267,"author":{"gitId":"Khulon"},"content":"    }","lastModifiedDate":"2023-02-13"},{"lineNumber":268,"author":{"gitId":"Khulon"},"content":"","lastModifiedDate":"2023-02-13"},{"lineNumber":269,"author":{"gitId":"Khulon"},"content":"    private static void writeToFile(String textToAdd) throws IOException {","lastModifiedDate":"2023-02-13"},{"lineNumber":270,"author":{"gitId":"Khulon"},"content":"        FileWriter fw \u003d new FileWriter(\"data/duke.txt\", true);","lastModifiedDate":"2023-02-13"},{"lineNumber":271,"author":{"gitId":"Khulon"},"content":"        fw.write(textToAdd+System.lineSeparator());","lastModifiedDate":"2023-02-13"},{"lineNumber":272,"author":{"gitId":"Khulon"},"content":"        fw.close();","lastModifiedDate":"2023-02-13"},{"lineNumber":273,"author":{"gitId":"Khulon"},"content":"    }","lastModifiedDate":"2023-02-13"},{"lineNumber":274,"author":{"gitId":"Khulon"},"content":"","lastModifiedDate":"2023-02-07"},{"lineNumber":275,"author":{"gitId":"Khulon"},"content":"    private static void clearFile() throws IOException {","lastModifiedDate":"2023-02-13"},{"lineNumber":276,"author":{"gitId":"Khulon"},"content":"        FileWriter fw \u003d new FileWriter(\"data/duke.txt\");","lastModifiedDate":"2023-02-13"},{"lineNumber":277,"author":{"gitId":"Khulon"},"content":"        fw.write(\"\");","lastModifiedDate":"2023-02-13"},{"lineNumber":278,"author":{"gitId":"Khulon"},"content":"        fw.close();","lastModifiedDate":"2023-02-13"},{"lineNumber":279,"author":{"gitId":"Khulon"},"content":"    }","lastModifiedDate":"2023-02-13"},{"lineNumber":280,"author":{"gitId":"Khulon"},"content":"","lastModifiedDate":"2023-02-07"},{"lineNumber":281,"author":{"gitId":"Khulon"},"content":"    public static void main (String[]args){","lastModifiedDate":"2023-01-24"},{"lineNumber":282,"author":{"gitId":"Khulon"},"content":"        try {","lastModifiedDate":"2023-02-13"},{"lineNumber":283,"author":{"gitId":"Khulon"},"content":"            readFileContents(\"data/duke.txt\");","lastModifiedDate":"2023-02-13"},{"lineNumber":284,"author":{"gitId":"Khulon"},"content":"        } catch (FileNotFoundException e) {","lastModifiedDate":"2023-02-13"},{"lineNumber":285,"author":{"gitId":"Khulon"},"content":"            System.out.println(\"File not found\");","lastModifiedDate":"2023-02-13"},{"lineNumber":286,"author":{"gitId":"Khulon"},"content":"        }","lastModifiedDate":"2023-02-13"},{"lineNumber":287,"author":{"gitId":"Khulon"},"content":"","lastModifiedDate":"2023-02-13"},{"lineNumber":288,"author":{"gitId":"Khulon"},"content":"        Greeting.printLogo();","lastModifiedDate":"2023-01-29"},{"lineNumber":289,"author":{"gitId":"Khulon"},"content":"        Greeting.printWelcome();","lastModifiedDate":"2023-01-29"},{"lineNumber":290,"author":{"gitId":"Khulon"},"content":"        ChatPolling();","lastModifiedDate":"2023-01-24"},{"lineNumber":291,"author":{"gitId":"Khulon"},"content":"        Greeting.printGoodbye();","lastModifiedDate":"2023-01-29"},{"lineNumber":292,"author":{"gitId":"-"},"content":"    }","lastModifiedDate":"2019-07-29"},{"lineNumber":293,"author":{"gitId":"-"},"content":"}","lastModifiedDate":"2019-07-29"}],"authorContributionMap":{"Khulon":290,"-":3}},{"path":"src/main/java/Event.java","fileType":"java","lines":[{"lineNumber":1,"author":{"gitId":"Khulon"},"content":"public class Event extends Task{","lastModifiedDate":"2023-01-29"},{"lineNumber":2,"author":{"gitId":"Khulon"},"content":"","lastModifiedDate":"2023-01-29"},{"lineNumber":3,"author":{"gitId":"Khulon"},"content":"    protected String from;","lastModifiedDate":"2023-01-29"},{"lineNumber":4,"author":{"gitId":"Khulon"},"content":"    protected String to;","lastModifiedDate":"2023-01-29"},{"lineNumber":5,"author":{"gitId":"Khulon"},"content":"","lastModifiedDate":"2023-01-29"},{"lineNumber":6,"author":{"gitId":"Khulon"},"content":"    public Event(String description, String from, String to) {","lastModifiedDate":"2023-01-29"},{"lineNumber":7,"author":{"gitId":"Khulon"},"content":"        super(description);","lastModifiedDate":"2023-01-29"},{"lineNumber":8,"author":{"gitId":"Khulon"},"content":"        this.from \u003d from;","lastModifiedDate":"2023-01-29"},{"lineNumber":9,"author":{"gitId":"Khulon"},"content":"        this.to \u003d to;","lastModifiedDate":"2023-01-29"},{"lineNumber":10,"author":{"gitId":"Khulon"},"content":"    }","lastModifiedDate":"2023-01-29"},{"lineNumber":11,"author":{"gitId":"Khulon"},"content":"","lastModifiedDate":"2023-01-29"},{"lineNumber":12,"author":{"gitId":"Khulon"},"content":"    public String getTaskIcon() {","lastModifiedDate":"2023-01-29"},{"lineNumber":13,"author":{"gitId":"Khulon"},"content":"        return \"E\";","lastModifiedDate":"2023-01-29"},{"lineNumber":14,"author":{"gitId":"Khulon"},"content":"    }","lastModifiedDate":"2023-01-29"},{"lineNumber":15,"author":{"gitId":"Khulon"},"content":"","lastModifiedDate":"2023-01-29"},{"lineNumber":16,"author":{"gitId":"Khulon"},"content":"    public String getFrom() {","lastModifiedDate":"2023-02-13"},{"lineNumber":17,"author":{"gitId":"Khulon"},"content":"        return from;","lastModifiedDate":"2023-02-13"},{"lineNumber":18,"author":{"gitId":"Khulon"},"content":"    }","lastModifiedDate":"2023-02-13"},{"lineNumber":19,"author":{"gitId":"Khulon"},"content":"","lastModifiedDate":"2023-02-13"},{"lineNumber":20,"author":{"gitId":"Khulon"},"content":"    public String getTo() {","lastModifiedDate":"2023-02-13"},{"lineNumber":21,"author":{"gitId":"Khulon"},"content":"        return to;","lastModifiedDate":"2023-02-13"},{"lineNumber":22,"author":{"gitId":"Khulon"},"content":"    }","lastModifiedDate":"2023-02-13"},{"lineNumber":23,"author":{"gitId":"Khulon"},"content":"","lastModifiedDate":"2023-02-13"},{"lineNumber":24,"author":{"gitId":"Khulon"},"content":"    @Override","lastModifiedDate":"2023-01-29"},{"lineNumber":25,"author":{"gitId":"Khulon"},"content":"    public String printTask() {","lastModifiedDate":"2023-01-29"},{"lineNumber":26,"author":{"gitId":"Khulon"},"content":"        return super.printTask() + \"(from: \" + from + \" to: \" + to + \")\";","lastModifiedDate":"2023-01-29"},{"lineNumber":27,"author":{"gitId":"Khulon"},"content":"    }","lastModifiedDate":"2023-01-29"},{"lineNumber":28,"author":{"gitId":"Khulon"},"content":"    ","lastModifiedDate":"2023-01-29"},{"lineNumber":29,"author":{"gitId":"Khulon"},"content":"}","lastModifiedDate":"2023-01-29"}],"authorContributionMap":{"Khulon":29}},{"path":"src/main/java/Greeting.java","fileType":"java","lines":[{"lineNumber":1,"author":{"gitId":"Khulon"},"content":"public class Greeting {","lastModifiedDate":"2023-01-29"},{"lineNumber":2,"author":{"gitId":"Khulon"},"content":"    ","lastModifiedDate":"2023-01-29"},{"lineNumber":3,"author":{"gitId":"Khulon"},"content":"    public static void printSeperator() {","lastModifiedDate":"2023-01-29"},{"lineNumber":4,"author":{"gitId":"Khulon"},"content":"        System.out.println(\"____________________________________________________________\\n\");","lastModifiedDate":"2023-01-29"},{"lineNumber":5,"author":{"gitId":"Khulon"},"content":"    }","lastModifiedDate":"2023-01-29"},{"lineNumber":6,"author":{"gitId":"Khulon"},"content":"","lastModifiedDate":"2023-01-29"},{"lineNumber":7,"author":{"gitId":"Khulon"},"content":"    public static void printLogo() {","lastModifiedDate":"2023-01-29"},{"lineNumber":8,"author":{"gitId":"Khulon"},"content":"        String logo \u003d \" ____        _        \\n\"","lastModifiedDate":"2023-01-29"},{"lineNumber":9,"author":{"gitId":"Khulon"},"content":"                + \"|  _ \\\\ _   _| | _____ \\n\"","lastModifiedDate":"2023-01-29"},{"lineNumber":10,"author":{"gitId":"Khulon"},"content":"                + \"| | | | | | | |/ / _ \\\\\\n\"","lastModifiedDate":"2023-01-29"},{"lineNumber":11,"author":{"gitId":"Khulon"},"content":"                + \"| |_| | |_| |   \u003c  __/\\n\"","lastModifiedDate":"2023-01-29"},{"lineNumber":12,"author":{"gitId":"Khulon"},"content":"                + \"|____/ \\\\__,_|_|\\\\_\\\\___|\\n\";","lastModifiedDate":"2023-01-29"},{"lineNumber":13,"author":{"gitId":"Khulon"},"content":"        System.out.println(\"\\tHello from\\n\" + logo);","lastModifiedDate":"2023-01-29"},{"lineNumber":14,"author":{"gitId":"Khulon"},"content":"    }","lastModifiedDate":"2023-01-29"},{"lineNumber":15,"author":{"gitId":"Khulon"},"content":"","lastModifiedDate":"2023-01-29"},{"lineNumber":16,"author":{"gitId":"Khulon"},"content":"    public static void printWelcome() {","lastModifiedDate":"2023-01-29"},{"lineNumber":17,"author":{"gitId":"Khulon"},"content":"        printSeperator();","lastModifiedDate":"2023-02-01"},{"lineNumber":18,"author":{"gitId":"Khulon"},"content":"        System.out.println(","lastModifiedDate":"2023-01-29"},{"lineNumber":19,"author":{"gitId":"Khulon"},"content":"                \"\\tHello! I\u0027m Duke\\n\" +","lastModifiedDate":"2023-01-29"},{"lineNumber":20,"author":{"gitId":"Khulon"},"content":"                        \"\\tWhat can I do for you?\\n\");","lastModifiedDate":"2023-01-29"},{"lineNumber":21,"author":{"gitId":"Khulon"},"content":"        printSeperator();","lastModifiedDate":"2023-01-29"},{"lineNumber":22,"author":{"gitId":"Khulon"},"content":"    }","lastModifiedDate":"2023-01-29"},{"lineNumber":23,"author":{"gitId":"Khulon"},"content":"","lastModifiedDate":"2023-01-29"},{"lineNumber":24,"author":{"gitId":"Khulon"},"content":"    public static void printHelp() {","lastModifiedDate":"2023-01-29"},{"lineNumber":25,"author":{"gitId":"Khulon"},"content":"        printSeperator();","lastModifiedDate":"2023-02-01"},{"lineNumber":26,"author":{"gitId":"Khulon"},"content":"        System.out.println(","lastModifiedDate":"2023-01-29"},{"lineNumber":27,"author":{"gitId":"Khulon"},"content":"                \"\\tPlease Type a valid command!\\n\");","lastModifiedDate":"2023-01-29"},{"lineNumber":28,"author":{"gitId":"Khulon"},"content":"        printSeperator();","lastModifiedDate":"2023-01-29"},{"lineNumber":29,"author":{"gitId":"Khulon"},"content":"    }","lastModifiedDate":"2023-01-29"},{"lineNumber":30,"author":{"gitId":"Khulon"},"content":"","lastModifiedDate":"2023-01-29"},{"lineNumber":31,"author":{"gitId":"Khulon"},"content":"    public static void printEmptyTask() {","lastModifiedDate":"2023-02-07"},{"lineNumber":32,"author":{"gitId":"Khulon"},"content":"        printSeperator();","lastModifiedDate":"2023-02-07"},{"lineNumber":33,"author":{"gitId":"Khulon"},"content":"        System.out.println(\"\\tTask cannot be empty!\");","lastModifiedDate":"2023-02-07"},{"lineNumber":34,"author":{"gitId":"Khulon"},"content":"        printSeperator();","lastModifiedDate":"2023-02-07"},{"lineNumber":35,"author":{"gitId":"Khulon"},"content":"    }","lastModifiedDate":"2023-02-07"},{"lineNumber":36,"author":{"gitId":"Khulon"},"content":"","lastModifiedDate":"2023-02-07"},{"lineNumber":37,"author":{"gitId":"Khulon"},"content":"    public static void printEmptyDate() {","lastModifiedDate":"2023-02-07"},{"lineNumber":38,"author":{"gitId":"Khulon"},"content":"        printSeperator();","lastModifiedDate":"2023-02-07"},{"lineNumber":39,"author":{"gitId":"Khulon"},"content":"        System.out.println(\"\\tDate cannot be empty!\");","lastModifiedDate":"2023-02-07"},{"lineNumber":40,"author":{"gitId":"Khulon"},"content":"        printSeperator();","lastModifiedDate":"2023-02-07"},{"lineNumber":41,"author":{"gitId":"Khulon"},"content":"    }","lastModifiedDate":"2023-02-07"},{"lineNumber":42,"author":{"gitId":"Khulon"},"content":"","lastModifiedDate":"2023-02-07"},{"lineNumber":43,"author":{"gitId":"Khulon"},"content":"    public static void printEmptyCommand() {","lastModifiedDate":"2023-02-07"},{"lineNumber":44,"author":{"gitId":"Khulon"},"content":"        printSeperator();","lastModifiedDate":"2023-02-07"},{"lineNumber":45,"author":{"gitId":"Khulon"},"content":"        System.out.println(\"\\tPlease use the relevant commands for this task type!\");","lastModifiedDate":"2023-02-07"},{"lineNumber":46,"author":{"gitId":"Khulon"},"content":"        printSeperator();","lastModifiedDate":"2023-02-07"},{"lineNumber":47,"author":{"gitId":"Khulon"},"content":"    }","lastModifiedDate":"2023-02-07"},{"lineNumber":48,"author":{"gitId":"Khulon"},"content":"","lastModifiedDate":"2023-02-07"},{"lineNumber":49,"author":{"gitId":"Khulon"},"content":"","lastModifiedDate":"2023-02-07"},{"lineNumber":50,"author":{"gitId":"Khulon"},"content":"    public static void printGoodbye() {","lastModifiedDate":"2023-01-29"},{"lineNumber":51,"author":{"gitId":"Khulon"},"content":"        printSeperator();","lastModifiedDate":"2023-02-01"},{"lineNumber":52,"author":{"gitId":"Khulon"},"content":"        System.out.println(","lastModifiedDate":"2023-01-29"},{"lineNumber":53,"author":{"gitId":"Khulon"},"content":"                \"\\tBye. Hope to see you again soon!\\n\"","lastModifiedDate":"2023-01-29"},{"lineNumber":54,"author":{"gitId":"Khulon"},"content":"        );","lastModifiedDate":"2023-01-29"},{"lineNumber":55,"author":{"gitId":"Khulon"},"content":"        printSeperator();","lastModifiedDate":"2023-01-29"},{"lineNumber":56,"author":{"gitId":"Khulon"},"content":"    }","lastModifiedDate":"2023-01-29"},{"lineNumber":57,"author":{"gitId":"Khulon"},"content":"}","lastModifiedDate":"2023-01-29"}],"authorContributionMap":{"Khulon":57}},{"path":"src/main/java/IllegalDayException.java","fileType":"java","lines":[{"lineNumber":1,"author":{"gitId":"Khulon"},"content":"public class IllegalDayException extends Exception {","lastModifiedDate":"2023-02-07"},{"lineNumber":2,"author":{"gitId":"Khulon"},"content":"    ","lastModifiedDate":"2023-02-07"},{"lineNumber":3,"author":{"gitId":"Khulon"},"content":"}","lastModifiedDate":"2023-02-07"}],"authorContributionMap":{"Khulon":3}},{"path":"src/main/java/IllegalInputException.java","fileType":"java","lines":[{"lineNumber":1,"author":{"gitId":"Khulon"},"content":"public class IllegalInputException extends Exception{","lastModifiedDate":"2023-02-07"},{"lineNumber":2,"author":{"gitId":"Khulon"},"content":"    ","lastModifiedDate":"2023-02-07"},{"lineNumber":3,"author":{"gitId":"Khulon"},"content":"}","lastModifiedDate":"2023-02-07"}],"authorContributionMap":{"Khulon":3}},{"path":"src/main/java/MissingCommandException.java","fileType":"java","lines":[{"lineNumber":1,"author":{"gitId":"Khulon"},"content":"public class MissingCommandException extends Exception{","lastModifiedDate":"2023-02-07"},{"lineNumber":2,"author":{"gitId":"Khulon"},"content":"    ","lastModifiedDate":"2023-02-07"},{"lineNumber":3,"author":{"gitId":"Khulon"},"content":"}","lastModifiedDate":"2023-02-07"}],"authorContributionMap":{"Khulon":3}},{"path":"src/main/java/Task.java","fileType":"java","lines":[{"lineNumber":1,"author":{"gitId":"Khulon"},"content":"public class Task {","lastModifiedDate":"2023-01-24"},{"lineNumber":2,"author":{"gitId":"Khulon"},"content":"","lastModifiedDate":"2023-01-29"},{"lineNumber":3,"author":{"gitId":"Khulon"},"content":"    protected String description;","lastModifiedDate":"2023-01-24"},{"lineNumber":4,"author":{"gitId":"Khulon"},"content":"    protected boolean isDone;","lastModifiedDate":"2023-01-24"},{"lineNumber":5,"author":{"gitId":"Khulon"},"content":"","lastModifiedDate":"2023-01-24"},{"lineNumber":6,"author":{"gitId":"Khulon"},"content":"    public String getTask(){","lastModifiedDate":"2023-01-24"},{"lineNumber":7,"author":{"gitId":"Khulon"},"content":"        return this.description;","lastModifiedDate":"2023-01-24"},{"lineNumber":8,"author":{"gitId":"Khulon"},"content":"    }","lastModifiedDate":"2023-01-24"},{"lineNumber":9,"author":{"gitId":"Khulon"},"content":"    public Task(String description) {","lastModifiedDate":"2023-01-24"},{"lineNumber":10,"author":{"gitId":"Khulon"},"content":"        this.description \u003d description;","lastModifiedDate":"2023-01-24"},{"lineNumber":11,"author":{"gitId":"Khulon"},"content":"        this.isDone \u003d false;","lastModifiedDate":"2023-01-24"},{"lineNumber":12,"author":{"gitId":"Khulon"},"content":"    }","lastModifiedDate":"2023-01-24"},{"lineNumber":13,"author":{"gitId":"Khulon"},"content":"","lastModifiedDate":"2023-01-29"},{"lineNumber":14,"author":{"gitId":"Khulon"},"content":"    public String printTask() {","lastModifiedDate":"2023-01-29"},{"lineNumber":15,"author":{"gitId":"Khulon"},"content":"        return (\"[\" + this.getTaskIcon() + \"] \" + \"[\" + this.getStatusIcon() + \"] \" + this.getTask() + \" \");","lastModifiedDate":"2023-02-07"},{"lineNumber":16,"author":{"gitId":"Khulon"},"content":"    }","lastModifiedDate":"2023-01-29"},{"lineNumber":17,"author":{"gitId":"Khulon"},"content":"","lastModifiedDate":"2023-01-29"},{"lineNumber":18,"author":{"gitId":"Khulon"},"content":"    public String getStatusIcon() {","lastModifiedDate":"2023-01-24"},{"lineNumber":19,"author":{"gitId":"Khulon"},"content":"        return (isDone ? \"X\" : \" \"); ","lastModifiedDate":"2023-01-29"},{"lineNumber":20,"author":{"gitId":"Khulon"},"content":"    }","lastModifiedDate":"2023-01-29"},{"lineNumber":21,"author":{"gitId":"Khulon"},"content":"    public String getTaskIcon() {","lastModifiedDate":"2023-01-29"},{"lineNumber":22,"author":{"gitId":"Khulon"},"content":"        return \" \";","lastModifiedDate":"2023-01-29"},{"lineNumber":23,"author":{"gitId":"Khulon"},"content":"    }","lastModifiedDate":"2023-01-24"},{"lineNumber":24,"author":{"gitId":"Khulon"},"content":"    public void MarkStatusDone() {","lastModifiedDate":"2023-01-24"},{"lineNumber":25,"author":{"gitId":"Khulon"},"content":"","lastModifiedDate":"2023-01-29"},{"lineNumber":26,"author":{"gitId":"Khulon"},"content":"        this.isDone \u003d true;","lastModifiedDate":"2023-01-24"},{"lineNumber":27,"author":{"gitId":"Khulon"},"content":"    }","lastModifiedDate":"2023-01-24"},{"lineNumber":28,"author":{"gitId":"Khulon"},"content":"    public void MarkStatusUndone() {","lastModifiedDate":"2023-01-24"},{"lineNumber":29,"author":{"gitId":"Khulon"},"content":"        this.isDone \u003d false;","lastModifiedDate":"2023-01-24"},{"lineNumber":30,"author":{"gitId":"Khulon"},"content":"    }","lastModifiedDate":"2023-01-24"},{"lineNumber":31,"author":{"gitId":"Khulon"},"content":"    public String getBy() {","lastModifiedDate":"2023-02-13"},{"lineNumber":32,"author":{"gitId":"Khulon"},"content":"        return \" \";","lastModifiedDate":"2023-02-13"},{"lineNumber":33,"author":{"gitId":"Khulon"},"content":"    }","lastModifiedDate":"2023-02-13"},{"lineNumber":34,"author":{"gitId":"Khulon"},"content":"    public String getTo() {","lastModifiedDate":"2023-02-13"},{"lineNumber":35,"author":{"gitId":"Khulon"},"content":"        return \" \";","lastModifiedDate":"2023-02-13"},{"lineNumber":36,"author":{"gitId":"Khulon"},"content":"    }","lastModifiedDate":"2023-02-13"},{"lineNumber":37,"author":{"gitId":"Khulon"},"content":"    public String getFrom() {","lastModifiedDate":"2023-02-13"},{"lineNumber":38,"author":{"gitId":"Khulon"},"content":"        return \" \";","lastModifiedDate":"2023-02-13"},{"lineNumber":39,"author":{"gitId":"Khulon"},"content":"    }","lastModifiedDate":"2023-02-13"},{"lineNumber":40,"author":{"gitId":"Khulon"},"content":"}","lastModifiedDate":"2023-01-24"}],"authorContributionMap":{"Khulon":40}},{"path":"src/main/java/Todo.java","fileType":"java","lines":[{"lineNumber":1,"author":{"gitId":"Khulon"},"content":"public class Todo extends Task {","lastModifiedDate":"2023-01-29"},{"lineNumber":2,"author":{"gitId":"Khulon"},"content":"","lastModifiedDate":"2023-01-29"},{"lineNumber":3,"author":{"gitId":"Khulon"},"content":"    public Todo(String description) {","lastModifiedDate":"2023-01-29"},{"lineNumber":4,"author":{"gitId":"Khulon"},"content":"        super(description);","lastModifiedDate":"2023-01-29"},{"lineNumber":5,"author":{"gitId":"Khulon"},"content":"","lastModifiedDate":"2023-01-29"},{"lineNumber":6,"author":{"gitId":"Khulon"},"content":"    }","lastModifiedDate":"2023-01-29"},{"lineNumber":7,"author":{"gitId":"Khulon"},"content":"    ","lastModifiedDate":"2023-01-29"},{"lineNumber":8,"author":{"gitId":"Khulon"},"content":"    @Override","lastModifiedDate":"2023-01-29"},{"lineNumber":9,"author":{"gitId":"Khulon"},"content":"    public String getTaskIcon() {","lastModifiedDate":"2023-01-29"},{"lineNumber":10,"author":{"gitId":"Khulon"},"content":"        return \"T\";","lastModifiedDate":"2023-01-29"},{"lineNumber":11,"author":{"gitId":"Khulon"},"content":"    }","lastModifiedDate":"2023-01-29"},{"lineNumber":12,"author":{"gitId":"Khulon"},"content":"","lastModifiedDate":"2023-01-29"},{"lineNumber":13,"author":{"gitId":"Khulon"},"content":"","lastModifiedDate":"2023-01-29"},{"lineNumber":14,"author":{"gitId":"Khulon"},"content":"}","lastModifiedDate":"2023-01-29"}],"authorContributionMap":{"Khulon":14}}]
