{"authorDailyContributionsMap":{"Khulon":[{"date":"2023-01-24","commitResults":[{"hash":"040f7a74b21ada4e88315bde4262e8a0a03d50d9","messageTitle":"Level-0","messageBody":"","tags":["Level-0,Greet"],"fileTypesAndContributionMap":{"java":{"insertions":6,"deletions":0}}},{"hash":"50199b4ce95ab144a33e6249165f42945d1fb592","messageTitle":"Level-1","messageBody":"","tags":["Level-1,Greet,Echo,Exit"],"fileTypesAndContributionMap":{"java":{"insertions":46,"deletions":8}}},{"hash":"fe0d001531293197aec6cfe00b844f4cded223fb","messageTitle":"Level-2","messageBody":"","tags":["Level-2,Add,List"],"fileTypesAndContributionMap":{"java":{"insertions":28,"deletions":5}}},{"hash":"a95a98f5924bc6ac10acbd36007b59d973b59b3f","messageTitle":"Level-2","messageBody":"","fileTypesAndContributionMap":{"java":{"insertions":55,"deletions":9}}},{"hash":"f4c880dc661879d7a13241cc860fde9df8c7f94d","messageTitle":"Revert \"Level-2\"","messageBody":"This reverts commit a95a98f5924bc6ac10acbd36007b59d973b59b3f.\n","fileTypesAndContributionMap":{"java":{"insertions":9,"deletions":55}}},{"hash":"95e142e3dc37125aa3a9d5415ef6b688d8d13128","messageTitle":"Level-3","messageBody":"","tags":["Level-3,MarkasDone"],"fileTypesAndContributionMap":{"java":{"insertions":35,"deletions":36}}},{"hash":"5963566e569c04630937f69af3e03bfef81db2a6","messageTitle":"Level-3","messageBody":"","tags":["Level-3,Mark-as-Done"],"fileTypesAndContributionMap":{"java":{"insertions":21,"deletions":0}}}]},{"date":"2023-01-29","commitResults":[{"hash":"17ed71cb8ab3fc3fe9cf48d5efd185e81d796343","messageTitle":"Added Greetings.java","messageBody":"","fileTypesAndContributionMap":{"java":{"insertions":51,"deletions":39}}},{"hash":"2cfbf76938d7b67e12933ac6fd84bea7a6717ad6","messageTitle":"Level 4","messageBody":"","fileTypesAndContributionMap":{"java":{"insertions":75,"deletions":29}}},{"hash":"cf2b818477acfd51b68faffbaf709b010690eddd","messageTitle":"Level 4","messageBody":"","tags":["Level-4,ToDo,Event,Deadline"],"fileTypesAndContributionMap":{"java":{"insertions":55,"deletions":4}}}]},{"date":"2023-02-01","commitResults":[{"hash":"dc3d542d204811a23d2c7c77d1f8f74fe9b57bbd","messageTitle":"modifications after Peer Review","messageBody":"","fileTypesAndContributionMap":{"java":{"insertions":58,"deletions":59}}}]},{"date":"2023-02-07","commitResults":[{"hash":"45ed33bde089197c1e35f61c6c6547662c588e44","messageTitle":"Level 5, Handle Errors update","messageBody":"","tags":["Level-5,HandleErrors","Level-4,HandleErrors"],"fileTypesAndContributionMap":{"java":{"insertions":113,"deletions":29}}}]},{"date":"2023-02-12","commitResults":[{"hash":"aae4ff656c17133b606e89794139d0654c7fe0c7","messageTitle":"changed to array list","messageBody":"","fileTypesAndContributionMap":{"java":{"insertions":19,"deletions":17}}},{"hash":"5029ac67faebab97527e0ae655d9c77bf429cc2b","messageTitle":"Level 6. Delete","messageBody":"","fileTypesAndContributionMap":{"java":{"insertions":34,"deletions":17}}}]},{"date":"2023-02-13","commitResults":[{"hash":"d1fbe181b5b060e1da5fbcdcf9e9c8748a4ca3e8","messageTitle":"level 7 save","messageBody":"","fileTypesAndContributionMap":{"txt":{"insertions":6,"deletions":0},"java":{"insertions":138,"deletions":2}}},{"hash":"193680d1960cdf637d65cf8f3dde3373f810f086","messageTitle":"removed unneccesary code","messageBody":"","fileTypesAndContributionMap":{"txt":{"insertions":1,"deletions":4},"java":{"insertions":0,"deletions":3}}},{"hash":"35f45d99f7f1539d08b5ce748272840ee16b8b8f","messageTitle":"A-Jar","messageBody":"","fileTypesAndContributionMap":{"txt":{"insertions":2,"deletions":1}}}]},{"date":"2023-02-15","commitResults":[{"hash":"2d3e2bfb871c4ff787a19149c03f9163ca81c84f","messageTitle":"Updated File Saving","messageBody":"","fileTypesAndContributionMap":{"txt":{"insertions":0,"deletions":0},"java":{"insertions":5,"deletions":4}}}]},{"date":"2023-02-24","commitResults":[{"hash":"b99818c5e319bf6e9e176418fa2a7b44141fc0bd","messageTitle":"created array list class (better oop)","messageBody":"","fileTypesAndContributionMap":{"java":{"insertions":87,"deletions":101}}},{"hash":"22a52fd76a77543b7c0886e2444d24837b53fabe","messageTitle":"created array list class","messageBody":"","fileTypesAndContributionMap":{"txt":{"insertions":3,"deletions":3},"java":{"insertions":100,"deletions":0}}},{"hash":"15382e19c20e87d9bb45f026bde143fddb3665a3","messageTitle":"added storage class (better oop)","messageBody":"","fileTypesAndContributionMap":{"txt":{"insertions":2,"deletions":3},"java":{"insertions":163,"deletions":189}}},{"hash":"a8baee0ada02b19f441974e16d20a0b801ab9a04","messageTitle":"level 9- find","messageBody":"","fileTypesAndContributionMap":{"java":{"insertions":18,"deletions":19}}},{"hash":"3f03455aa699340441e80cc145c68d043b45ff52","messageTitle":"added comments for A-JavaDoc","messageBody":"","tags":["A-JavaDoc"],"fileTypesAndContributionMap":{"txt":{"insertions":2,"deletions":1},"java":{"insertions":278,"deletions":72}}},{"hash":"4e6dbae4bc503aba5c48bb61611a903e86864d80","messageTitle":"customized interactions with user","messageBody":"","fileTypesAndContributionMap":{"java":{"insertions":47,"deletions":27}}}]}]},"authorFileTypeContributionMap":{"Khulon":{"java":748,"md":0,"fxml":0,"sh":0,"bat":0,"gradle":0,"txt":4}},"authorContributionVariance":{"Khulon":31616.559},"authorDisplayNameMap":{"Khulon":"CS2113-W13-2 CLEO.. WEI"}}
