{"authorDailyContributionsMap":{"Khulon":[{"date":"2023-01-24","commitResults":[{"hash":"040f7a74b21ada4e88315bde4262e8a0a03d50d9","messageTitle":"Level-0","messageBody":"","tags":["Level-0,Greet"],"fileTypesAndContributionMap":{"java":{"insertions":6,"deletions":0}}},{"hash":"50199b4ce95ab144a33e6249165f42945d1fb592","messageTitle":"Level-1","messageBody":"","tags":["Level-1,Greet,Echo,Exit"],"fileTypesAndContributionMap":{"java":{"insertions":46,"deletions":8}}},{"hash":"fe0d001531293197aec6cfe00b844f4cded223fb","messageTitle":"Level-2","messageBody":"","tags":["Level-2,Add,List"],"fileTypesAndContributionMap":{"java":{"insertions":28,"deletions":5}}},{"hash":"a95a98f5924bc6ac10acbd36007b59d973b59b3f","messageTitle":"Level-2","messageBody":"","fileTypesAndContributionMap":{"java":{"insertions":55,"deletions":9}}},{"hash":"f4c880dc661879d7a13241cc860fde9df8c7f94d","messageTitle":"Revert \"Level-2\"","messageBody":"This reverts commit a95a98f5924bc6ac10acbd36007b59d973b59b3f.\n","fileTypesAndContributionMap":{"java":{"insertions":9,"deletions":55}}},{"hash":"95e142e3dc37125aa3a9d5415ef6b688d8d13128","messageTitle":"Level-3","messageBody":"","fileTypesAndContributionMap":{"java":{"insertions":35,"deletions":36}}},{"hash":"5963566e569c04630937f69af3e03bfef81db2a6","messageTitle":"Level-3","messageBody":"","tags":["Level-3,Mark-as-Done"],"fileTypesAndContributionMap":{"java":{"insertions":21,"deletions":0}}}]}]},"authorFileTypeContributionMap":{"Khulon":{"java":114,"md":0,"fxml":0,"sh":0,"bat":0,"gradle":0,"txt":0}},"authorContributionVariance":{"Khulon":7483.7427},"authorDisplayNameMap":{"Khulon":"CLEO.. WEI"}}
