{"authorDailyContributionsMap":{"Aung-Phone-Naing":[{"date":"2023-01-26","commitResults":[{"hash":"b73ee5fde5f3fbd698e94e99f05c438bf1dbcdd4","messageTitle":"Added greeting message","messageBody":"","tags":["Level-0"],"fileTypesAndContributionMap":{"java":{"insertions":3,"deletions":0}}}]},{"date":"2023-01-27","commitResults":[{"hash":"3d37039c25a0deb9d07cd51a85d258638a40000e","messageTitle":"Add greet, echo, exit","messageBody":"","tags":["Level-1"],"fileTypesAndContributionMap":{"java":{"insertions":12,"deletions":3}}}]},{"date":"2023-02-01","commitResults":[{"hash":"c1d6e71f6431989361594e5b3ccd215937396f2e","messageTitle":"Add list and add functions along with spacings.","messageBody":"","tags":["Level-2"],"fileTypesAndContributionMap":{"java":{"insertions":23,"deletions":2}}}]},{"date":"2023-02-02","commitResults":[{"hash":"db1c39abc8638e82cb170b216c443a674a3ab4a3","messageTitle":"Add task class and mark as done function","messageBody":"","tags":["Level-3","A-CodingStandard","A-CodeQuality"],"fileTypesAndContributionMap":{"java":{"insertions":58,"deletions":7}}}]},{"date":"2023-02-15","commitResults":[{"hash":"423bad2f35d3146914ca9a34138d0a58d7a8a4bb","messageTitle":"Refine Level-3 to use string splitting","messageBody":"","fileTypesAndContributionMap":{"java":{"insertions":82,"deletions":33}}},{"hash":"3bd2745b859145b58455b4f168280c7dc92634dc","messageTitle":"Add ToDo class and adjusted print statements","messageBody":"","tags":["Level-4"],"fileTypesAndContributionMap":{"java":{"insertions":104,"deletions":20}}}]},{"date":"2023-02-17","commitResults":[{"hash":"e514170cfdf64448921a39d623abbab003ea6bf0","messageTitle":"Adding to handle Deadlines and Events","messageBody":"","fileTypesAndContributionMap":{"java":{"insertions":35,"deletions":4}}}]},{"date":"2023-02-23","commitResults":[{"hash":"de34319a9e770462e09d0105b697f6d9941562ca","messageTitle":"Add jar file for current duke version","messageBody":"","tags":["A-Jar"],"fileTypesAndContributionMap":{"bat":{"insertions":1,"deletions":1},"sh":{"insertions":1,"deletions":5}}},{"hash":"c0f5c92b3c1ad89f252a62de3c07e00611cef9d3","messageTitle":"Refine Greet messgae and add help list","messageBody":"","fileTypesAndContributionMap":{"java":{"insertions":50,"deletions":8}}},{"hash":"c948534ac36d061b83d1de1b218f15e0eb968b57","messageTitle":"Add execptions handling","messageBody":"","fileTypesAndContributionMap":{"java":{"insertions":99,"deletions":35}}},{"hash":"5c84ae010ff92ee437eceb49293ea1303788d49e","messageTitle":"Add packages Exceptions and Tasks","messageBody":"","tags":["A-Packages","A-Exceptions"],"fileTypesAndContributionMap":{"java":{"insertions":16,"deletions":4}}}]},{"date":"2023-02-26","commitResults":[{"hash":"82abdad4f20d6ffa3926d9a8da941a5f7d24a2bb","messageTitle":"Change to using ArrayList\u003cTasks\u003e instead of a simple Array of Tasks. Update exceptions to fit the ArrayList as well.","messageBody":"","tags":["A-Collections"],"fileTypesAndContributionMap":{"java":{"insertions":56,"deletions":35}}},{"hash":"70042a93d328979986cf569667fac78b98bf64b9","messageTitle":"Add support for deleting tasks from the list.","messageBody":"","fileTypesAndContributionMap":{"java":{"insertions":29,"deletions":1}}}]}]},"authorFileTypeContributionMap":{"Aung-Phone-Naing":{"java":421,"md":0,"fxml":0,"sh":1,"bat":1,"gradle":0,"txt":0}},"authorContributionVariance":{"Aung-Phone-Naing":2556.0427},"authorDisplayNameMap":{"Aung-Phone-Naing":"CS2113-F13-1 AUNG..AING"}}
