[{"path":"src/main/java/Command.java","fileType":"java","lines":[{"lineNumber":1,"author":{"gitId":"dendendenden04"},"content":"import java.util.Scanner;","lastModifiedDate":"2023-02-07"},{"lineNumber":2,"author":{"gitId":"dendendenden04"},"content":"","lastModifiedDate":"2023-02-07"},{"lineNumber":3,"author":{"gitId":"dendendenden04"},"content":"public class Command {","lastModifiedDate":"2023-02-07"},{"lineNumber":4,"author":{"gitId":"dendendenden04"},"content":"","lastModifiedDate":"2023-02-07"},{"lineNumber":5,"author":{"gitId":"dendendenden04"},"content":"    private static final int NOT_FOUND \u003d -1;","lastModifiedDate":"2023-02-07"},{"lineNumber":6,"author":{"gitId":"dendendenden04"},"content":"    private static Scanner in \u003d new Scanner(System.in);","lastModifiedDate":"2023-02-07"},{"lineNumber":7,"author":{"gitId":"dendendenden04"},"content":"","lastModifiedDate":"2023-02-07"},{"lineNumber":8,"author":{"gitId":"dendendenden04"},"content":"    public static void linePrint() {","lastModifiedDate":"2023-02-07"},{"lineNumber":9,"author":{"gitId":"dendendenden04"},"content":"        for (int i \u003d 0; i \u003c 100; i++) {","lastModifiedDate":"2023-02-07"},{"lineNumber":10,"author":{"gitId":"dendendenden04"},"content":"            System.out.print(\"-\");","lastModifiedDate":"2023-02-14"},{"lineNumber":11,"author":{"gitId":"dendendenden04"},"content":"        }","lastModifiedDate":"2023-02-07"},{"lineNumber":12,"author":{"gitId":"dendendenden04"},"content":"        System.out.println();","lastModifiedDate":"2023-02-07"},{"lineNumber":13,"author":{"gitId":"dendendenden04"},"content":"    }","lastModifiedDate":"2023-02-07"},{"lineNumber":14,"author":{"gitId":"dendendenden04"},"content":"","lastModifiedDate":"2023-02-08"},{"lineNumber":15,"author":{"gitId":"dendendenden04"},"content":"    public static void createToDo(String input, int space) {","lastModifiedDate":"2023-02-07"},{"lineNumber":16,"author":{"gitId":"dendendenden04"},"content":"        if (space \u003d\u003d NOT_FOUND) {","lastModifiedDate":"2023-02-07"},{"lineNumber":17,"author":{"gitId":"dendendenden04"},"content":"            linePrint();","lastModifiedDate":"2023-02-07"},{"lineNumber":18,"author":{"gitId":"dendendenden04"},"content":"            System.out.println(\"Todo task cannot be empty! \u003e:(\");","lastModifiedDate":"2023-02-07"},{"lineNumber":19,"author":{"gitId":"dendendenden04"},"content":"            linePrint();","lastModifiedDate":"2023-02-07"},{"lineNumber":20,"author":{"gitId":"dendendenden04"},"content":"            return;","lastModifiedDate":"2023-02-07"},{"lineNumber":21,"author":{"gitId":"dendendenden04"},"content":"        }","lastModifiedDate":"2023-02-07"},{"lineNumber":22,"author":{"gitId":"dendendenden04"},"content":"        String description \u003d input.substring(space + 1);","lastModifiedDate":"2023-02-07"},{"lineNumber":23,"author":{"gitId":"dendendenden04"},"content":"        Psyduck.addToDo(description);","lastModifiedDate":"2023-02-07"},{"lineNumber":24,"author":{"gitId":"dendendenden04"},"content":"        linePrint();","lastModifiedDate":"2023-02-07"},{"lineNumber":25,"author":{"gitId":"dendendenden04"},"content":"        System.out.println(\"Psyduck has added the task: \" + Psyduck.getNewestTask());","lastModifiedDate":"2023-02-07"},{"lineNumber":26,"author":{"gitId":"dendendenden04"},"content":"        System.out.print(\"You now have: \" + Psyduck.getTaskCount());","lastModifiedDate":"2023-02-08"},{"lineNumber":27,"author":{"gitId":"dendendenden04"},"content":"        if (Psyduck.getTaskCount() \u003d\u003d 1) {","lastModifiedDate":"2023-02-08"},{"lineNumber":28,"author":{"gitId":"dendendenden04"},"content":"            System.out.println(\" task\");","lastModifiedDate":"2023-02-08"},{"lineNumber":29,"author":{"gitId":"dendendenden04"},"content":"        } else {","lastModifiedDate":"2023-02-08"},{"lineNumber":30,"author":{"gitId":"dendendenden04"},"content":"            System.out.println(\" tasks\");","lastModifiedDate":"2023-02-08"},{"lineNumber":31,"author":{"gitId":"dendendenden04"},"content":"        }","lastModifiedDate":"2023-02-08"},{"lineNumber":32,"author":{"gitId":"dendendenden04"},"content":"        linePrint();","lastModifiedDate":"2023-02-07"},{"lineNumber":33,"author":{"gitId":"dendendenden04"},"content":"    }","lastModifiedDate":"2023-02-07"},{"lineNumber":34,"author":{"gitId":"dendendenden04"},"content":"","lastModifiedDate":"2023-02-07"},{"lineNumber":35,"author":{"gitId":"dendendenden04"},"content":"    public static void createEvent(String input, int space) {","lastModifiedDate":"2023-02-07"},{"lineNumber":36,"author":{"gitId":"dendendenden04"},"content":"        if (space \u003d\u003d NOT_FOUND) {","lastModifiedDate":"2023-02-07"},{"lineNumber":37,"author":{"gitId":"dendendenden04"},"content":"            System.out.println(\"Event task cannot be empty! \u003e:(\");","lastModifiedDate":"2023-02-07"},{"lineNumber":38,"author":{"gitId":"dendendenden04"},"content":"            linePrint();","lastModifiedDate":"2023-02-07"},{"lineNumber":39,"author":{"gitId":"dendendenden04"},"content":"            return;","lastModifiedDate":"2023-02-07"},{"lineNumber":40,"author":{"gitId":"dendendenden04"},"content":"        }","lastModifiedDate":"2023-02-07"},{"lineNumber":41,"author":{"gitId":"dendendenden04"},"content":"        int fromPos \u003d input.indexOf(\"/from\");","lastModifiedDate":"2023-02-07"},{"lineNumber":42,"author":{"gitId":"dendendenden04"},"content":"        int toPos \u003d input.indexOf(\"/to\");","lastModifiedDate":"2023-02-07"},{"lineNumber":43,"author":{"gitId":"dendendenden04"},"content":"        if (fromPos \u003d\u003d NOT_FOUND || toPos \u003d\u003d NOT_FOUND) {","lastModifiedDate":"2023-02-07"},{"lineNumber":44,"author":{"gitId":"dendendenden04"},"content":"            linePrint();","lastModifiedDate":"2023-02-07"},{"lineNumber":45,"author":{"gitId":"dendendenden04"},"content":"            System.out.println(\"Psyduck needs a start or end date.\");","lastModifiedDate":"2023-02-07"},{"lineNumber":46,"author":{"gitId":"dendendenden04"},"content":"            linePrint();","lastModifiedDate":"2023-02-07"},{"lineNumber":47,"author":{"gitId":"dendendenden04"},"content":"            return;","lastModifiedDate":"2023-02-07"},{"lineNumber":48,"author":{"gitId":"dendendenden04"},"content":"        }","lastModifiedDate":"2023-02-07"},{"lineNumber":49,"author":{"gitId":"dendendenden04"},"content":"        String description \u003d input.substring(space + 1, fromPos);","lastModifiedDate":"2023-02-07"},{"lineNumber":50,"author":{"gitId":"dendendenden04"},"content":"        String from \u003d input.substring(fromPos + 6, toPos);","lastModifiedDate":"2023-02-07"},{"lineNumber":51,"author":{"gitId":"dendendenden04"},"content":"        String to \u003d input.substring(toPos + 4);","lastModifiedDate":"2023-02-07"},{"lineNumber":52,"author":{"gitId":"dendendenden04"},"content":"        Psyduck.addEvent(description, from, to);","lastModifiedDate":"2023-02-07"},{"lineNumber":53,"author":{"gitId":"dendendenden04"},"content":"        linePrint();","lastModifiedDate":"2023-02-07"},{"lineNumber":54,"author":{"gitId":"dendendenden04"},"content":"        System.out.println(\"Psyduck has added the task: \" + Psyduck.getNewestTask());","lastModifiedDate":"2023-02-07"},{"lineNumber":55,"author":{"gitId":"dendendenden04"},"content":"        System.out.print(\"You now have: \" + Psyduck.getTaskCount());","lastModifiedDate":"2023-02-08"},{"lineNumber":56,"author":{"gitId":"dendendenden04"},"content":"        if (Psyduck.getTaskCount() \u003d\u003d 1) {","lastModifiedDate":"2023-02-08"},{"lineNumber":57,"author":{"gitId":"dendendenden04"},"content":"            System.out.println(\" task\");","lastModifiedDate":"2023-02-08"},{"lineNumber":58,"author":{"gitId":"dendendenden04"},"content":"        } else {","lastModifiedDate":"2023-02-08"},{"lineNumber":59,"author":{"gitId":"dendendenden04"},"content":"            System.out.println(\" tasks\");","lastModifiedDate":"2023-02-08"},{"lineNumber":60,"author":{"gitId":"dendendenden04"},"content":"        }","lastModifiedDate":"2023-02-08"},{"lineNumber":61,"author":{"gitId":"dendendenden04"},"content":"        linePrint();","lastModifiedDate":"2023-02-07"},{"lineNumber":62,"author":{"gitId":"dendendenden04"},"content":"    }","lastModifiedDate":"2023-02-07"},{"lineNumber":63,"author":{"gitId":"dendendenden04"},"content":"","lastModifiedDate":"2023-02-07"},{"lineNumber":64,"author":{"gitId":"dendendenden04"},"content":"    public static void removeTask(String input, int space) {","lastModifiedDate":"2023-02-14"},{"lineNumber":65,"author":{"gitId":"dendendenden04"},"content":"        try {","lastModifiedDate":"2023-02-14"},{"lineNumber":66,"author":{"gitId":"dendendenden04"},"content":"            int taskNum \u003d Integer.parseInt(input.substring(space + 1));","lastModifiedDate":"2023-02-14"},{"lineNumber":67,"author":{"gitId":"dendendenden04"},"content":"            Task temp \u003d Psyduck.getTask(taskNum);","lastModifiedDate":"2023-02-14"},{"lineNumber":68,"author":{"gitId":"dendendenden04"},"content":"            Psyduck.removeTask(taskNum);","lastModifiedDate":"2023-02-14"},{"lineNumber":69,"author":{"gitId":"dendendenden04"},"content":"            linePrint();","lastModifiedDate":"2023-02-14"},{"lineNumber":70,"author":{"gitId":"dendendenden04"},"content":"            System.out.println(\"Psyduck has removed the task: \" + temp);","lastModifiedDate":"2023-02-14"},{"lineNumber":71,"author":{"gitId":"dendendenden04"},"content":"            linePrint();","lastModifiedDate":"2023-02-14"},{"lineNumber":72,"author":{"gitId":"dendendenden04"},"content":"        } catch (NullPointerException e) {","lastModifiedDate":"2023-02-14"},{"lineNumber":73,"author":{"gitId":"dendendenden04"},"content":"            linePrint();","lastModifiedDate":"2023-02-14"},{"lineNumber":74,"author":{"gitId":"dendendenden04"},"content":"            System.out.println(\"Please mark a valid task.\");","lastModifiedDate":"2023-02-14"},{"lineNumber":75,"author":{"gitId":"dendendenden04"},"content":"            linePrint();","lastModifiedDate":"2023-02-14"},{"lineNumber":76,"author":{"gitId":"dendendenden04"},"content":"        } catch (NumberFormatException e) {","lastModifiedDate":"2023-02-14"},{"lineNumber":77,"author":{"gitId":"dendendenden04"},"content":"            linePrint();","lastModifiedDate":"2023-02-14"},{"lineNumber":78,"author":{"gitId":"dendendenden04"},"content":"            System.out.println(\"Please mark a valid task with an integer from 1-100.\");","lastModifiedDate":"2023-02-14"},{"lineNumber":79,"author":{"gitId":"dendendenden04"},"content":"            linePrint();","lastModifiedDate":"2023-02-14"},{"lineNumber":80,"author":{"gitId":"dendendenden04"},"content":"        } catch (IndexOutOfBoundsException e) {","lastModifiedDate":"2023-02-14"},{"lineNumber":81,"author":{"gitId":"dendendenden04"},"content":"            linePrint();","lastModifiedDate":"2023-02-14"},{"lineNumber":82,"author":{"gitId":"dendendenden04"},"content":"            System.out.println(\"Please unmark a valid task.\");","lastModifiedDate":"2023-02-14"},{"lineNumber":83,"author":{"gitId":"dendendenden04"},"content":"            linePrint();","lastModifiedDate":"2023-02-14"},{"lineNumber":84,"author":{"gitId":"dendendenden04"},"content":"        }","lastModifiedDate":"2023-02-14"},{"lineNumber":85,"author":{"gitId":"dendendenden04"},"content":"    }","lastModifiedDate":"2023-02-14"},{"lineNumber":86,"author":{"gitId":"dendendenden04"},"content":"","lastModifiedDate":"2023-02-14"},{"lineNumber":87,"author":{"gitId":"dendendenden04"},"content":"    public static void markTask(String input, int space) {","lastModifiedDate":"2023-02-07"},{"lineNumber":88,"author":{"gitId":"dendendenden04"},"content":"        try {","lastModifiedDate":"2023-02-08"},{"lineNumber":89,"author":{"gitId":"dendendenden04"},"content":"            int taskNum \u003d Integer.parseInt(input.substring(space + 1));","lastModifiedDate":"2023-02-07"},{"lineNumber":90,"author":{"gitId":"dendendenden04"},"content":"            Psyduck.getTask(taskNum).markDone();","lastModifiedDate":"2023-02-07"},{"lineNumber":91,"author":{"gitId":"dendendenden04"},"content":"            linePrint();","lastModifiedDate":"2023-02-07"},{"lineNumber":92,"author":{"gitId":"dendendenden04"},"content":"            System.out.println(\"You have marked the task: \" + Psyduck.getTask(taskNum).getDescription());","lastModifiedDate":"2023-02-07"},{"lineNumber":93,"author":{"gitId":"dendendenden04"},"content":"            linePrint();","lastModifiedDate":"2023-02-07"},{"lineNumber":94,"author":{"gitId":"dendendenden04"},"content":"        } catch (NullPointerException e) {","lastModifiedDate":"2023-02-08"},{"lineNumber":95,"author":{"gitId":"dendendenden04"},"content":"            linePrint();","lastModifiedDate":"2023-02-08"},{"lineNumber":96,"author":{"gitId":"dendendenden04"},"content":"            System.out.println(\"Please mark a valid task.\");","lastModifiedDate":"2023-02-08"},{"lineNumber":97,"author":{"gitId":"dendendenden04"},"content":"            linePrint();","lastModifiedDate":"2023-02-08"},{"lineNumber":98,"author":{"gitId":"dendendenden04"},"content":"        } catch (NumberFormatException e) {","lastModifiedDate":"2023-02-08"},{"lineNumber":99,"author":{"gitId":"dendendenden04"},"content":"            linePrint();","lastModifiedDate":"2023-02-08"},{"lineNumber":100,"author":{"gitId":"dendendenden04"},"content":"            System.out.println(\"Please mark a valid task with an integer from 1-100.\");","lastModifiedDate":"2023-02-08"},{"lineNumber":101,"author":{"gitId":"dendendenden04"},"content":"            linePrint();","lastModifiedDate":"2023-02-08"},{"lineNumber":102,"author":{"gitId":"dendendenden04"},"content":"        } catch (IndexOutOfBoundsException e) {","lastModifiedDate":"2023-02-14"},{"lineNumber":103,"author":{"gitId":"dendendenden04"},"content":"            linePrint();","lastModifiedDate":"2023-02-14"},{"lineNumber":104,"author":{"gitId":"dendendenden04"},"content":"            System.out.println(\"Please unmark a valid task.\");","lastModifiedDate":"2023-02-14"},{"lineNumber":105,"author":{"gitId":"dendendenden04"},"content":"            linePrint();","lastModifiedDate":"2023-02-14"},{"lineNumber":106,"author":{"gitId":"dendendenden04"},"content":"        }","lastModifiedDate":"2023-02-08"},{"lineNumber":107,"author":{"gitId":"dendendenden04"},"content":"    }","lastModifiedDate":"2023-02-07"},{"lineNumber":108,"author":{"gitId":"dendendenden04"},"content":"","lastModifiedDate":"2023-02-07"},{"lineNumber":109,"author":{"gitId":"dendendenden04"},"content":"    public static void unmarkTask(String input, int space) {","lastModifiedDate":"2023-02-07"},{"lineNumber":110,"author":{"gitId":"dendendenden04"},"content":"        try {","lastModifiedDate":"2023-02-08"},{"lineNumber":111,"author":{"gitId":"dendendenden04"},"content":"            int taskNum \u003d Integer.parseInt(input.substring(space + 1));","lastModifiedDate":"2023-02-07"},{"lineNumber":112,"author":{"gitId":"dendendenden04"},"content":"            Psyduck.getTask(taskNum).unmarkDone();","lastModifiedDate":"2023-02-07"},{"lineNumber":113,"author":{"gitId":"dendendenden04"},"content":"            linePrint();","lastModifiedDate":"2023-02-07"},{"lineNumber":114,"author":{"gitId":"dendendenden04"},"content":"            System.out.println(\"You have unmarked the task: \" + Psyduck.getTask(taskNum).getDescription());","lastModifiedDate":"2023-02-07"},{"lineNumber":115,"author":{"gitId":"dendendenden04"},"content":"            linePrint();","lastModifiedDate":"2023-02-07"},{"lineNumber":116,"author":{"gitId":"dendendenden04"},"content":"        } catch (NullPointerException e) {","lastModifiedDate":"2023-02-08"},{"lineNumber":117,"author":{"gitId":"dendendenden04"},"content":"            linePrint();","lastModifiedDate":"2023-02-08"},{"lineNumber":118,"author":{"gitId":"dendendenden04"},"content":"            System.out.println(\"Please unmark a valid task.\");","lastModifiedDate":"2023-02-08"},{"lineNumber":119,"author":{"gitId":"dendendenden04"},"content":"            linePrint();","lastModifiedDate":"2023-02-08"},{"lineNumber":120,"author":{"gitId":"dendendenden04"},"content":"        } catch (NumberFormatException e) {","lastModifiedDate":"2023-02-08"},{"lineNumber":121,"author":{"gitId":"dendendenden04"},"content":"            linePrint();","lastModifiedDate":"2023-02-08"},{"lineNumber":122,"author":{"gitId":"dendendenden04"},"content":"            System.out.println(\"Please unmark a valid task with an integer from 1-100.\");","lastModifiedDate":"2023-02-08"},{"lineNumber":123,"author":{"gitId":"dendendenden04"},"content":"            linePrint();","lastModifiedDate":"2023-02-08"},{"lineNumber":124,"author":{"gitId":"dendendenden04"},"content":"        } catch (IndexOutOfBoundsException e) {","lastModifiedDate":"2023-02-14"},{"lineNumber":125,"author":{"gitId":"dendendenden04"},"content":"            linePrint();","lastModifiedDate":"2023-02-14"},{"lineNumber":126,"author":{"gitId":"dendendenden04"},"content":"            System.out.println(\"Please unmark a valid task.\");","lastModifiedDate":"2023-02-14"},{"lineNumber":127,"author":{"gitId":"dendendenden04"},"content":"            linePrint();","lastModifiedDate":"2023-02-14"},{"lineNumber":128,"author":{"gitId":"dendendenden04"},"content":"        }","lastModifiedDate":"2023-02-08"},{"lineNumber":129,"author":{"gitId":"dendendenden04"},"content":"    }","lastModifiedDate":"2023-02-07"},{"lineNumber":130,"author":{"gitId":"dendendenden04"},"content":"","lastModifiedDate":"2023-02-07"},{"lineNumber":131,"author":{"gitId":"dendendenden04"},"content":"    public static void createDeadline(String input, int space) {","lastModifiedDate":"2023-02-07"},{"lineNumber":132,"author":{"gitId":"dendendenden04"},"content":"        if (space \u003d\u003d NOT_FOUND) {","lastModifiedDate":"2023-02-07"},{"lineNumber":133,"author":{"gitId":"dendendenden04"},"content":"            System.out.println(\"Deadline task cannot be empty! \u003e:(\");","lastModifiedDate":"2023-02-07"},{"lineNumber":134,"author":{"gitId":"dendendenden04"},"content":"            linePrint();","lastModifiedDate":"2023-02-07"},{"lineNumber":135,"author":{"gitId":"dendendenden04"},"content":"            return;","lastModifiedDate":"2023-02-07"},{"lineNumber":136,"author":{"gitId":"dendendenden04"},"content":"        }","lastModifiedDate":"2023-02-07"},{"lineNumber":137,"author":{"gitId":"dendendenden04"},"content":"        int byPos \u003d input.indexOf(\"/by\");","lastModifiedDate":"2023-02-07"},{"lineNumber":138,"author":{"gitId":"dendendenden04"},"content":"        if (byPos \u003d\u003d NOT_FOUND) {","lastModifiedDate":"2023-02-07"},{"lineNumber":139,"author":{"gitId":"dendendenden04"},"content":"            linePrint();","lastModifiedDate":"2023-02-07"},{"lineNumber":140,"author":{"gitId":"dendendenden04"},"content":"            System.out.println(\"Psyduck needs a deadline.\");","lastModifiedDate":"2023-02-07"},{"lineNumber":141,"author":{"gitId":"dendendenden04"},"content":"            linePrint();","lastModifiedDate":"2023-02-07"},{"lineNumber":142,"author":{"gitId":"dendendenden04"},"content":"            return;","lastModifiedDate":"2023-02-07"},{"lineNumber":143,"author":{"gitId":"dendendenden04"},"content":"        }","lastModifiedDate":"2023-02-07"},{"lineNumber":144,"author":{"gitId":"dendendenden04"},"content":"        String description \u003d input.substring(space + 1, byPos);","lastModifiedDate":"2023-02-07"},{"lineNumber":145,"author":{"gitId":"dendendenden04"},"content":"        String by \u003d input.substring(byPos + 4);","lastModifiedDate":"2023-02-07"},{"lineNumber":146,"author":{"gitId":"dendendenden04"},"content":"        Psyduck.addDeadline(description, by);","lastModifiedDate":"2023-02-07"},{"lineNumber":147,"author":{"gitId":"dendendenden04"},"content":"        linePrint();","lastModifiedDate":"2023-02-07"},{"lineNumber":148,"author":{"gitId":"dendendenden04"},"content":"        System.out.println(\"Psyduck has added the task: \" + Psyduck.getNewestTask());","lastModifiedDate":"2023-02-07"},{"lineNumber":149,"author":{"gitId":"dendendenden04"},"content":"        System.out.print(\"You now have: \" + Psyduck.getTaskCount());","lastModifiedDate":"2023-02-08"},{"lineNumber":150,"author":{"gitId":"dendendenden04"},"content":"        if (Psyduck.getTaskCount() \u003d\u003d 1) {","lastModifiedDate":"2023-02-08"},{"lineNumber":151,"author":{"gitId":"dendendenden04"},"content":"            System.out.println(\" task\");","lastModifiedDate":"2023-02-08"},{"lineNumber":152,"author":{"gitId":"dendendenden04"},"content":"        } else {","lastModifiedDate":"2023-02-08"},{"lineNumber":153,"author":{"gitId":"dendendenden04"},"content":"            System.out.println(\" tasks\");","lastModifiedDate":"2023-02-08"},{"lineNumber":154,"author":{"gitId":"dendendenden04"},"content":"        }","lastModifiedDate":"2023-02-08"},{"lineNumber":155,"author":{"gitId":"dendendenden04"},"content":"        linePrint();","lastModifiedDate":"2023-02-07"},{"lineNumber":156,"author":{"gitId":"dendendenden04"},"content":"    }","lastModifiedDate":"2023-02-07"},{"lineNumber":157,"author":{"gitId":"dendendenden04"},"content":"","lastModifiedDate":"2023-02-07"},{"lineNumber":158,"author":{"gitId":"dendendenden04"},"content":"    public static void handleInvalidCommand() {","lastModifiedDate":"2023-02-07"},{"lineNumber":159,"author":{"gitId":"dendendenden04"},"content":"        linePrint();","lastModifiedDate":"2023-02-07"},{"lineNumber":160,"author":{"gitId":"dendendenden04"},"content":"        System.out.println(\"Invalid command, Psyduck does not understand. (◎_◎;)\");","lastModifiedDate":"2023-02-07"},{"lineNumber":161,"author":{"gitId":"dendendenden04"},"content":"        System.out.println(\"Please enter a valid command.\");","lastModifiedDate":"2023-02-07"},{"lineNumber":162,"author":{"gitId":"dendendenden04"},"content":"        linePrint();","lastModifiedDate":"2023-02-07"},{"lineNumber":163,"author":{"gitId":"dendendenden04"},"content":"    }","lastModifiedDate":"2023-02-07"},{"lineNumber":164,"author":{"gitId":"dendendenden04"},"content":"","lastModifiedDate":"2023-02-08"},{"lineNumber":165,"author":{"gitId":"dendendenden04"},"content":"    public static void processCommands() {","lastModifiedDate":"2023-02-07"},{"lineNumber":166,"author":{"gitId":"dendendenden04"},"content":"        String input \u003d in.nextLine();","lastModifiedDate":"2023-02-07"},{"lineNumber":167,"author":{"gitId":"dendendenden04"},"content":"        input \u003d input.trim();","lastModifiedDate":"2023-02-07"},{"lineNumber":168,"author":{"gitId":"dendendenden04"},"content":"        int space \u003d input.indexOf(\" \");","lastModifiedDate":"2023-02-07"},{"lineNumber":169,"author":{"gitId":"dendendenden04"},"content":"        String command;","lastModifiedDate":"2023-02-07"},{"lineNumber":170,"author":{"gitId":"dendendenden04"},"content":"        if (space \u003d\u003d NOT_FOUND) {","lastModifiedDate":"2023-02-07"},{"lineNumber":171,"author":{"gitId":"dendendenden04"},"content":"            command \u003d input;","lastModifiedDate":"2023-02-07"},{"lineNumber":172,"author":{"gitId":"dendendenden04"},"content":"        } else {","lastModifiedDate":"2023-02-07"},{"lineNumber":173,"author":{"gitId":"dendendenden04"},"content":"            command \u003d input.substring(0, space);","lastModifiedDate":"2023-02-07"},{"lineNumber":174,"author":{"gitId":"dendendenden04"},"content":"        }","lastModifiedDate":"2023-02-07"},{"lineNumber":175,"author":{"gitId":"dendendenden04"},"content":"        switch (command) {","lastModifiedDate":"2023-02-07"},{"lineNumber":176,"author":{"gitId":"dendendenden04"},"content":"        case \"bye\":","lastModifiedDate":"2023-02-07"},{"lineNumber":177,"author":{"gitId":"dendendenden04"},"content":"            //fallthrough","lastModifiedDate":"2023-02-07"},{"lineNumber":178,"author":{"gitId":"dendendenden04"},"content":"        case \"exit\":","lastModifiedDate":"2023-02-07"},{"lineNumber":179,"author":{"gitId":"dendendenden04"},"content":"            Psyduck.setShouldExit(true);","lastModifiedDate":"2023-02-07"},{"lineNumber":180,"author":{"gitId":"dendendenden04"},"content":"            break;","lastModifiedDate":"2023-02-07"},{"lineNumber":181,"author":{"gitId":"dendendenden04"},"content":"        case \"list\":","lastModifiedDate":"2023-02-07"},{"lineNumber":182,"author":{"gitId":"dendendenden04"},"content":"            Psyduck.listTasks();","lastModifiedDate":"2023-02-07"},{"lineNumber":183,"author":{"gitId":"dendendenden04"},"content":"            break;","lastModifiedDate":"2023-02-07"},{"lineNumber":184,"author":{"gitId":"dendendenden04"},"content":"        case \"mark\":","lastModifiedDate":"2023-02-07"},{"lineNumber":185,"author":{"gitId":"dendendenden04"},"content":"            markTask(input, space);","lastModifiedDate":"2023-02-07"},{"lineNumber":186,"author":{"gitId":"dendendenden04"},"content":"            break;","lastModifiedDate":"2023-02-07"},{"lineNumber":187,"author":{"gitId":"dendendenden04"},"content":"        case \"unmark\":","lastModifiedDate":"2023-02-07"},{"lineNumber":188,"author":{"gitId":"dendendenden04"},"content":"            unmarkTask(input, space);","lastModifiedDate":"2023-02-07"},{"lineNumber":189,"author":{"gitId":"dendendenden04"},"content":"            break;","lastModifiedDate":"2023-02-07"},{"lineNumber":190,"author":{"gitId":"dendendenden04"},"content":"        case \"delete\":","lastModifiedDate":"2023-02-14"},{"lineNumber":191,"author":{"gitId":"dendendenden04"},"content":"            //fallthrough","lastModifiedDate":"2023-02-14"},{"lineNumber":192,"author":{"gitId":"dendendenden04"},"content":"        case \"remove\":","lastModifiedDate":"2023-02-14"},{"lineNumber":193,"author":{"gitId":"dendendenden04"},"content":"            removeTask(input, space);","lastModifiedDate":"2023-02-14"},{"lineNumber":194,"author":{"gitId":"dendendenden04"},"content":"            break;","lastModifiedDate":"2023-02-14"},{"lineNumber":195,"author":{"gitId":"dendendenden04"},"content":"        case \"todo\":","lastModifiedDate":"2023-02-07"},{"lineNumber":196,"author":{"gitId":"dendendenden04"},"content":"            createToDo(input, space);","lastModifiedDate":"2023-02-07"},{"lineNumber":197,"author":{"gitId":"dendendenden04"},"content":"            break;","lastModifiedDate":"2023-02-07"},{"lineNumber":198,"author":{"gitId":"dendendenden04"},"content":"        case \"deadline\":","lastModifiedDate":"2023-02-07"},{"lineNumber":199,"author":{"gitId":"dendendenden04"},"content":"            createDeadline(input, space);","lastModifiedDate":"2023-02-07"},{"lineNumber":200,"author":{"gitId":"dendendenden04"},"content":"            break;","lastModifiedDate":"2023-02-07"},{"lineNumber":201,"author":{"gitId":"dendendenden04"},"content":"        case \"event\":","lastModifiedDate":"2023-02-07"},{"lineNumber":202,"author":{"gitId":"dendendenden04"},"content":"            createEvent(input, space);","lastModifiedDate":"2023-02-07"},{"lineNumber":203,"author":{"gitId":"dendendenden04"},"content":"            break;","lastModifiedDate":"2023-02-07"},{"lineNumber":204,"author":{"gitId":"dendendenden04"},"content":"        default:","lastModifiedDate":"2023-02-07"},{"lineNumber":205,"author":{"gitId":"dendendenden04"},"content":"            handleInvalidCommand();","lastModifiedDate":"2023-02-07"},{"lineNumber":206,"author":{"gitId":"dendendenden04"},"content":"        }","lastModifiedDate":"2023-02-07"},{"lineNumber":207,"author":{"gitId":"dendendenden04"},"content":"    }","lastModifiedDate":"2023-02-07"},{"lineNumber":208,"author":{"gitId":"dendendenden04"},"content":"}","lastModifiedDate":"2023-02-07"},{"lineNumber":209,"author":{"gitId":"dendendenden04"},"content":"","lastModifiedDate":"2023-02-08"},{"lineNumber":210,"author":{"gitId":"dendendenden04"},"content":"//create branch e","lastModifiedDate":"2023-02-15"}],"authorContributionMap":{"dendendenden04":210}},{"path":"src/main/java/Deadline.java","fileType":"java","lines":[{"lineNumber":1,"author":{"gitId":"dendendenden04"},"content":"public class Deadline extends Task {","lastModifiedDate":"2023-01-30"},{"lineNumber":2,"author":{"gitId":"dendendenden04"},"content":"    protected String by;","lastModifiedDate":"2023-01-30"},{"lineNumber":3,"author":{"gitId":"dendendenden04"},"content":"","lastModifiedDate":"2023-01-30"},{"lineNumber":4,"author":{"gitId":"dendendenden04"},"content":"    public Deadline(String description, String by) {","lastModifiedDate":"2023-01-30"},{"lineNumber":5,"author":{"gitId":"dendendenden04"},"content":"        super(description);","lastModifiedDate":"2023-01-30"},{"lineNumber":6,"author":{"gitId":"dendendenden04"},"content":"        this.by \u003d by;","lastModifiedDate":"2023-01-30"},{"lineNumber":7,"author":{"gitId":"dendendenden04"},"content":"        this.type \u003d \"D\";","lastModifiedDate":"2023-02-15"},{"lineNumber":8,"author":{"gitId":"dendendenden04"},"content":"    }","lastModifiedDate":"2023-01-30"},{"lineNumber":9,"author":{"gitId":"dendendenden04"},"content":"","lastModifiedDate":"2023-01-30"},{"lineNumber":10,"author":{"gitId":"dendendenden04"},"content":"    public String getBy() {","lastModifiedDate":"2023-02-15"},{"lineNumber":11,"author":{"gitId":"dendendenden04"},"content":"        return by;","lastModifiedDate":"2023-02-15"},{"lineNumber":12,"author":{"gitId":"dendendenden04"},"content":"    }","lastModifiedDate":"2023-02-15"},{"lineNumber":13,"author":{"gitId":"dendendenden04"},"content":"","lastModifiedDate":"2023-02-15"},{"lineNumber":14,"author":{"gitId":"dendendenden04"},"content":"    @Override","lastModifiedDate":"2023-01-30"},{"lineNumber":15,"author":{"gitId":"dendendenden04"},"content":"    public String toString() {","lastModifiedDate":"2023-01-30"},{"lineNumber":16,"author":{"gitId":"dendendenden04"},"content":"        return \"[D]\" + super.toString() + \" (by: \" + by + \")\";","lastModifiedDate":"2023-01-30"},{"lineNumber":17,"author":{"gitId":"dendendenden04"},"content":"    }","lastModifiedDate":"2023-01-30"},{"lineNumber":18,"author":{"gitId":"dendendenden04"},"content":"}","lastModifiedDate":"2023-01-30"}],"authorContributionMap":{"dendendenden04":18}},{"path":"src/main/java/Event.java","fileType":"java","lines":[{"lineNumber":1,"author":{"gitId":"dendendenden04"},"content":"public class Event extends Task {","lastModifiedDate":"2023-01-30"},{"lineNumber":2,"author":{"gitId":"dendendenden04"},"content":"    protected String from;","lastModifiedDate":"2023-01-30"},{"lineNumber":3,"author":{"gitId":"dendendenden04"},"content":"    protected String to;","lastModifiedDate":"2023-01-30"},{"lineNumber":4,"author":{"gitId":"dendendenden04"},"content":"","lastModifiedDate":"2023-01-30"},{"lineNumber":5,"author":{"gitId":"dendendenden04"},"content":"    public String getFrom() {","lastModifiedDate":"2023-02-15"},{"lineNumber":6,"author":{"gitId":"dendendenden04"},"content":"        return from;","lastModifiedDate":"2023-02-15"},{"lineNumber":7,"author":{"gitId":"dendendenden04"},"content":"    }","lastModifiedDate":"2023-02-15"},{"lineNumber":8,"author":{"gitId":"dendendenden04"},"content":"","lastModifiedDate":"2023-02-15"},{"lineNumber":9,"author":{"gitId":"dendendenden04"},"content":"    public String getTo() {","lastModifiedDate":"2023-02-15"},{"lineNumber":10,"author":{"gitId":"dendendenden04"},"content":"        return to;","lastModifiedDate":"2023-02-15"},{"lineNumber":11,"author":{"gitId":"dendendenden04"},"content":"    }","lastModifiedDate":"2023-02-15"},{"lineNumber":12,"author":{"gitId":"dendendenden04"},"content":"","lastModifiedDate":"2023-02-15"},{"lineNumber":13,"author":{"gitId":"dendendenden04"},"content":"    public Event(String description, String from, String to) {","lastModifiedDate":"2023-01-30"},{"lineNumber":14,"author":{"gitId":"dendendenden04"},"content":"        super(description);","lastModifiedDate":"2023-01-30"},{"lineNumber":15,"author":{"gitId":"dendendenden04"},"content":"        this.from \u003d from;","lastModifiedDate":"2023-01-30"},{"lineNumber":16,"author":{"gitId":"dendendenden04"},"content":"        this.to \u003d to;","lastModifiedDate":"2023-01-30"},{"lineNumber":17,"author":{"gitId":"dendendenden04"},"content":"        this.type \u003d \"E\";","lastModifiedDate":"2023-02-15"},{"lineNumber":18,"author":{"gitId":"dendendenden04"},"content":"    }","lastModifiedDate":"2023-01-30"},{"lineNumber":19,"author":{"gitId":"dendendenden04"},"content":"","lastModifiedDate":"2023-01-30"},{"lineNumber":20,"author":{"gitId":"dendendenden04"},"content":"    @Override","lastModifiedDate":"2023-01-30"},{"lineNumber":21,"author":{"gitId":"dendendenden04"},"content":"    public String toString() {","lastModifiedDate":"2023-01-30"},{"lineNumber":22,"author":{"gitId":"dendendenden04"},"content":"        return \"[E]\" + super.toString() + \" (from: \" + from + \" to: \" + to + \")\";","lastModifiedDate":"2023-01-30"},{"lineNumber":23,"author":{"gitId":"dendendenden04"},"content":"    }","lastModifiedDate":"2023-01-30"},{"lineNumber":24,"author":{"gitId":"dendendenden04"},"content":"}","lastModifiedDate":"2023-01-30"}],"authorContributionMap":{"dendendenden04":24}},{"path":"src/main/java/Psyduck.java","fileType":"java","lines":[{"lineNumber":1,"author":{"gitId":"dendendenden04"},"content":"","lastModifiedDate":"2023-02-15"},{"lineNumber":2,"author":{"gitId":"dendendenden04"},"content":"import java.util.ArrayList;","lastModifiedDate":"2023-02-14"},{"lineNumber":3,"author":{"gitId":"dendendenden04"},"content":"import java.io.File;","lastModifiedDate":"2023-02-15"},{"lineNumber":4,"author":{"gitId":"dendendenden04"},"content":"import java.io.FileNotFoundException;","lastModifiedDate":"2023-02-15"},{"lineNumber":5,"author":{"gitId":"dendendenden04"},"content":"import java.io.IOException;","lastModifiedDate":"2023-02-15"},{"lineNumber":6,"author":{"gitId":"dendendenden04"},"content":"","lastModifiedDate":"2023-01-24"},{"lineNumber":7,"author":{"gitId":"dendendenden04"},"content":"public class Psyduck {","lastModifiedDate":"2023-01-24"},{"lineNumber":8,"author":{"gitId":"dendendenden04"},"content":"    private static Storage storage \u003d new Storage();","lastModifiedDate":"2023-02-15"},{"lineNumber":9,"author":{"gitId":"dendendenden04"},"content":"    private static String filepath \u003d \"save.txt\";","lastModifiedDate":"2023-02-15"},{"lineNumber":10,"author":{"gitId":"dendendenden04"},"content":"    private static boolean shouldExit \u003d false;","lastModifiedDate":"2023-01-31"},{"lineNumber":11,"author":{"gitId":"dendendenden04"},"content":"","lastModifiedDate":"2023-01-30"},{"lineNumber":12,"author":{"gitId":"dendendenden04"},"content":"    private static ArrayList\u003cTask\u003e tasks \u003d new ArrayList\u003c\u003e();","lastModifiedDate":"2023-02-14"},{"lineNumber":13,"author":{"gitId":"dendendenden04"},"content":"","lastModifiedDate":"2023-01-30"},{"lineNumber":14,"author":{"gitId":"dendendenden04"},"content":"    private static int taskCount \u003d 0;","lastModifiedDate":"2023-01-30"},{"lineNumber":15,"author":{"gitId":"dendendenden04"},"content":"","lastModifiedDate":"2023-01-30"},{"lineNumber":16,"author":{"gitId":"dendendenden04"},"content":"    public static int getTaskCount() {","lastModifiedDate":"2023-02-08"},{"lineNumber":17,"author":{"gitId":"dendendenden04"},"content":"        return taskCount;","lastModifiedDate":"2023-02-08"},{"lineNumber":18,"author":{"gitId":"dendendenden04"},"content":"    }","lastModifiedDate":"2023-02-08"},{"lineNumber":19,"author":{"gitId":"dendendenden04"},"content":"","lastModifiedDate":"2023-02-08"},{"lineNumber":20,"author":{"gitId":"dendendenden04"},"content":"    public static Task getTask(int taskNum) {","lastModifiedDate":"2023-02-07"},{"lineNumber":21,"author":{"gitId":"dendendenden04"},"content":"        return tasks.get(taskNum - 1); //array is 0-indexed, taskNum is 1-indexed","lastModifiedDate":"2023-02-14"},{"lineNumber":22,"author":{"gitId":"dendendenden04"},"content":"    }","lastModifiedDate":"2023-02-07"},{"lineNumber":23,"author":{"gitId":"dendendenden04"},"content":"","lastModifiedDate":"2023-02-07"},{"lineNumber":24,"author":{"gitId":"dendendenden04"},"content":"    public static Task getNewestTask() {","lastModifiedDate":"2023-02-07"},{"lineNumber":25,"author":{"gitId":"dendendenden04"},"content":"        return tasks.get(taskCount - 1); //array is 0-indexed, taskNum is 1-indexed","lastModifiedDate":"2023-02-14"},{"lineNumber":26,"author":{"gitId":"dendendenden04"},"content":"    }","lastModifiedDate":"2023-02-07"},{"lineNumber":27,"author":{"gitId":"dendendenden04"},"content":"","lastModifiedDate":"2023-02-07"},{"lineNumber":28,"author":{"gitId":"dendendenden04"},"content":"    public static void setShouldExit(boolean shouldExit) {","lastModifiedDate":"2023-02-07"},{"lineNumber":29,"author":{"gitId":"dendendenden04"},"content":"        Psyduck.shouldExit \u003d shouldExit;","lastModifiedDate":"2023-02-07"},{"lineNumber":30,"author":{"gitId":"dendendenden04"},"content":"    }","lastModifiedDate":"2023-02-07"},{"lineNumber":31,"author":{"gitId":"dendendenden04"},"content":"","lastModifiedDate":"2023-01-31"},{"lineNumber":32,"author":{"gitId":"dendendenden04"},"content":"    public static void addToDo(String description) {","lastModifiedDate":"2023-01-30"},{"lineNumber":33,"author":{"gitId":"dendendenden04"},"content":"        ToDo newTask \u003d new ToDo(description);","lastModifiedDate":"2023-01-30"},{"lineNumber":34,"author":{"gitId":"dendendenden04"},"content":"        tasks.add(newTask);","lastModifiedDate":"2023-02-14"},{"lineNumber":35,"author":{"gitId":"dendendenden04"},"content":"        taskCount++;","lastModifiedDate":"2023-01-30"},{"lineNumber":36,"author":{"gitId":"dendendenden04"},"content":"    }","lastModifiedDate":"2023-01-30"},{"lineNumber":37,"author":{"gitId":"dendendenden04"},"content":"","lastModifiedDate":"2023-01-30"},{"lineNumber":38,"author":{"gitId":"dendendenden04"},"content":"","lastModifiedDate":"2023-01-31"},{"lineNumber":39,"author":{"gitId":"dendendenden04"},"content":"    public static void addDeadline(String description, String by) {","lastModifiedDate":"2023-01-30"},{"lineNumber":40,"author":{"gitId":"dendendenden04"},"content":"        Deadline newTask \u003d new Deadline(description, by);","lastModifiedDate":"2023-01-30"},{"lineNumber":41,"author":{"gitId":"dendendenden04"},"content":"        tasks.add(newTask);","lastModifiedDate":"2023-02-14"},{"lineNumber":42,"author":{"gitId":"dendendenden04"},"content":"        taskCount++;","lastModifiedDate":"2023-01-30"},{"lineNumber":43,"author":{"gitId":"dendendenden04"},"content":"    }","lastModifiedDate":"2023-01-30"},{"lineNumber":44,"author":{"gitId":"dendendenden04"},"content":"","lastModifiedDate":"2023-02-01"},{"lineNumber":45,"author":{"gitId":"dendendenden04"},"content":"    public static void addEvent(String description, String from, String to) {","lastModifiedDate":"2023-01-30"},{"lineNumber":46,"author":{"gitId":"dendendenden04"},"content":"        Event newTask \u003d new Event(description, from, to);","lastModifiedDate":"2023-01-30"},{"lineNumber":47,"author":{"gitId":"dendendenden04"},"content":"        tasks.add(newTask);","lastModifiedDate":"2023-02-14"},{"lineNumber":48,"author":{"gitId":"dendendenden04"},"content":"        taskCount++;","lastModifiedDate":"2023-01-30"},{"lineNumber":49,"author":{"gitId":"dendendenden04"},"content":"    }","lastModifiedDate":"2023-01-30"},{"lineNumber":50,"author":{"gitId":"dendendenden04"},"content":"","lastModifiedDate":"2023-01-30"},{"lineNumber":51,"author":{"gitId":"dendendenden04"},"content":"    public static void removeTask(int taskNum) {","lastModifiedDate":"2023-02-14"},{"lineNumber":52,"author":{"gitId":"dendendenden04"},"content":"        tasks.remove(taskNum - 1);","lastModifiedDate":"2023-02-14"},{"lineNumber":53,"author":{"gitId":"dendendenden04"},"content":"        taskCount--;","lastModifiedDate":"2023-02-14"},{"lineNumber":54,"author":{"gitId":"dendendenden04"},"content":"","lastModifiedDate":"2023-02-14"},{"lineNumber":55,"author":{"gitId":"dendendenden04"},"content":"    }","lastModifiedDate":"2023-02-14"},{"lineNumber":56,"author":{"gitId":"dendendenden04"},"content":"","lastModifiedDate":"2023-02-15"},{"lineNumber":57,"author":{"gitId":"dendendenden04"},"content":"    public static void listTasks() {","lastModifiedDate":"2023-01-30"},{"lineNumber":58,"author":{"gitId":"dendendenden04"},"content":"        Command.linePrint();","lastModifiedDate":"2023-02-07"},{"lineNumber":59,"author":{"gitId":"dendendenden04"},"content":"        if (taskCount \u003d\u003d 0) { //list is empty","lastModifiedDate":"2023-02-14"},{"lineNumber":60,"author":{"gitId":"dendendenden04"},"content":"            System.out.println(\"List is empty.\");","lastModifiedDate":"2023-02-14"},{"lineNumber":61,"author":{"gitId":"dendendenden04"},"content":"        } else {","lastModifiedDate":"2023-02-14"},{"lineNumber":62,"author":{"gitId":"dendendenden04"},"content":"            for (int i \u003d 0; i \u003c taskCount; i++) {","lastModifiedDate":"2023-01-30"},{"lineNumber":63,"author":{"gitId":"dendendenden04"},"content":"                System.out.print(Integer.toString(i + 1) + \".\");","lastModifiedDate":"2023-01-30"},{"lineNumber":64,"author":{"gitId":"dendendenden04"},"content":"                System.out.println(tasks.get(i));","lastModifiedDate":"2023-02-14"},{"lineNumber":65,"author":{"gitId":"dendendenden04"},"content":"            }","lastModifiedDate":"2023-02-14"},{"lineNumber":66,"author":{"gitId":"dendendenden04"},"content":"        }","lastModifiedDate":"2023-01-30"},{"lineNumber":67,"author":{"gitId":"dendendenden04"},"content":"        Command.linePrint();","lastModifiedDate":"2023-02-07"},{"lineNumber":68,"author":{"gitId":"dendendenden04"},"content":"    }","lastModifiedDate":"2023-01-24"},{"lineNumber":69,"author":{"gitId":"dendendenden04"},"content":"","lastModifiedDate":"2023-01-30"},{"lineNumber":70,"author":{"gitId":"dendendenden04"},"content":"    public static void greet() {","lastModifiedDate":"2023-01-31"},{"lineNumber":71,"author":{"gitId":"dendendenden04"},"content":"        Command.linePrint();","lastModifiedDate":"2023-02-07"},{"lineNumber":72,"author":{"gitId":"dendendenden04"},"content":"        System.out.println(\"( ´ ▽ ` )ﾉ Hi I am Psyduck! How can I help you?\");","lastModifiedDate":"2023-01-31"},{"lineNumber":73,"author":{"gitId":"dendendenden04"},"content":"        Command.linePrint();","lastModifiedDate":"2023-02-07"},{"lineNumber":74,"author":{"gitId":"dendendenden04"},"content":"    }","lastModifiedDate":"2023-01-31"},{"lineNumber":75,"author":{"gitId":"dendendenden04"},"content":"","lastModifiedDate":"2023-01-31"},{"lineNumber":76,"author":{"gitId":"dendendenden04"},"content":"","lastModifiedDate":"2023-02-01"},{"lineNumber":77,"author":{"gitId":"dendendenden04"},"content":"    public static void sayBye() {","lastModifiedDate":"2023-02-07"},{"lineNumber":78,"author":{"gitId":"dendendenden04"},"content":"        System.out.println(\"Bye see you soon! (⌒ー⌒)ﾉ\");","lastModifiedDate":"2023-02-07"},{"lineNumber":79,"author":{"gitId":"dendendenden04"},"content":"        Command.linePrint();","lastModifiedDate":"2023-02-07"},{"lineNumber":80,"author":{"gitId":"dendendenden04"},"content":"    }","lastModifiedDate":"2023-01-31"},{"lineNumber":81,"author":{"gitId":"dendendenden04"},"content":"","lastModifiedDate":"2023-01-31"},{"lineNumber":82,"author":{"gitId":"dendendenden04"},"content":"    public static void main(String[] args) {","lastModifiedDate":"2023-01-31"},{"lineNumber":83,"author":{"gitId":"dendendenden04"},"content":"        greet();","lastModifiedDate":"2023-01-31"},{"lineNumber":84,"author":{"gitId":"dendendenden04"},"content":"        try {","lastModifiedDate":"2023-02-15"},{"lineNumber":85,"author":{"gitId":"dendendenden04"},"content":"            storage.readFile(filepath);","lastModifiedDate":"2023-02-15"},{"lineNumber":86,"author":{"gitId":"dendendenden04"},"content":"        } catch (FileNotFoundException e) {","lastModifiedDate":"2023-02-15"},{"lineNumber":87,"author":{"gitId":"dendendenden04"},"content":"            Command.linePrint();","lastModifiedDate":"2023-02-15"},{"lineNumber":88,"author":{"gitId":"dendendenden04"},"content":"            System.out.println(\"No past file record is made, will create a \" +","lastModifiedDate":"2023-02-15"},{"lineNumber":89,"author":{"gitId":"dendendenden04"},"content":"                    \"new save file after terminating the program.\");","lastModifiedDate":"2023-02-15"},{"lineNumber":90,"author":{"gitId":"dendendenden04"},"content":"            Command.linePrint();","lastModifiedDate":"2023-02-15"},{"lineNumber":91,"author":{"gitId":"dendendenden04"},"content":"        }","lastModifiedDate":"2023-02-15"},{"lineNumber":92,"author":{"gitId":"dendendenden04"},"content":"        do {","lastModifiedDate":"2023-01-31"},{"lineNumber":93,"author":{"gitId":"dendendenden04"},"content":"            Command.processCommands();","lastModifiedDate":"2023-02-07"},{"lineNumber":94,"author":{"gitId":"dendendenden04"},"content":"        } while (!shouldExit);","lastModifiedDate":"2023-01-31"},{"lineNumber":95,"author":{"gitId":"dendendenden04"},"content":"        sayBye();","lastModifiedDate":"2023-02-07"},{"lineNumber":96,"author":{"gitId":"dendendenden04"},"content":"        try {","lastModifiedDate":"2023-02-15"},{"lineNumber":97,"author":{"gitId":"dendendenden04"},"content":"            storage.writeToFile(filepath);","lastModifiedDate":"2023-02-15"},{"lineNumber":98,"author":{"gitId":"dendendenden04"},"content":"        } catch (IOException e) {","lastModifiedDate":"2023-02-15"},{"lineNumber":99,"author":{"gitId":"dendendenden04"},"content":"            System.out.println(\"Error occurred when saving file. Aborting.\");","lastModifiedDate":"2023-02-15"},{"lineNumber":100,"author":{"gitId":"dendendenden04"},"content":"        }","lastModifiedDate":"2023-02-15"},{"lineNumber":101,"author":{"gitId":"dendendenden04"},"content":"    }","lastModifiedDate":"2023-01-24"},{"lineNumber":102,"author":{"gitId":"dendendenden04"},"content":"}","lastModifiedDate":"2023-01-24"}],"authorContributionMap":{"dendendenden04":102}},{"path":"src/main/java/PsyduckExceptions.java","fileType":"java","lines":[{"lineNumber":1,"author":{"gitId":"dendendenden04"},"content":"public class PsyduckExceptions {","lastModifiedDate":"2023-02-15"},{"lineNumber":2,"author":{"gitId":"dendendenden04"},"content":"}","lastModifiedDate":"2023-02-15"}],"authorContributionMap":{"dendendenden04":2}},{"path":"src/main/java/Storage.java","fileType":"java","lines":[{"lineNumber":1,"author":{"gitId":"dendendenden04"},"content":"import java.io.FileWriter;","lastModifiedDate":"2023-02-15"},{"lineNumber":2,"author":{"gitId":"dendendenden04"},"content":"import java.io.IOException;","lastModifiedDate":"2023-02-15"},{"lineNumber":3,"author":{"gitId":"dendendenden04"},"content":"import java.io.File;","lastModifiedDate":"2023-02-15"},{"lineNumber":4,"author":{"gitId":"dendendenden04"},"content":"import java.io.FileNotFoundException;","lastModifiedDate":"2023-02-15"},{"lineNumber":5,"author":{"gitId":"dendendenden04"},"content":"import java.util.Scanner;","lastModifiedDate":"2023-02-15"},{"lineNumber":6,"author":{"gitId":"dendendenden04"},"content":"","lastModifiedDate":"2023-02-15"},{"lineNumber":7,"author":{"gitId":"dendendenden04"},"content":"public class Storage {","lastModifiedDate":"2023-02-15"},{"lineNumber":8,"author":{"gitId":"dendendenden04"},"content":"","lastModifiedDate":"2023-02-15"},{"lineNumber":9,"author":{"gitId":"dendendenden04"},"content":"    public static File createFile(String filepath) {","lastModifiedDate":"2023-02-15"},{"lineNumber":10,"author":{"gitId":"dendendenden04"},"content":"        try {","lastModifiedDate":"2023-02-15"},{"lineNumber":11,"author":{"gitId":"dendendenden04"},"content":"            File f \u003d new File(filepath);","lastModifiedDate":"2023-02-15"},{"lineNumber":12,"author":{"gitId":"dendendenden04"},"content":"            if (f.createNewFile()) {","lastModifiedDate":"2023-02-15"},{"lineNumber":13,"author":{"gitId":"dendendenden04"},"content":"                System.out.println(\"File created: \" + f.getName());","lastModifiedDate":"2023-02-15"},{"lineNumber":14,"author":{"gitId":"dendendenden04"},"content":"            } else {","lastModifiedDate":"2023-02-15"},{"lineNumber":15,"author":{"gitId":"dendendenden04"},"content":"            }","lastModifiedDate":"2023-02-15"},{"lineNumber":16,"author":{"gitId":"dendendenden04"},"content":"            return f;","lastModifiedDate":"2023-02-15"},{"lineNumber":17,"author":{"gitId":"dendendenden04"},"content":"        } catch (IOException e) {","lastModifiedDate":"2023-02-15"},{"lineNumber":18,"author":{"gitId":"dendendenden04"},"content":"            System.out.println(\"An error occurred.\");","lastModifiedDate":"2023-02-15"},{"lineNumber":19,"author":{"gitId":"dendendenden04"},"content":"        }","lastModifiedDate":"2023-02-15"},{"lineNumber":20,"author":{"gitId":"dendendenden04"},"content":"        return null;","lastModifiedDate":"2023-02-15"},{"lineNumber":21,"author":{"gitId":"dendendenden04"},"content":"    }","lastModifiedDate":"2023-02-15"},{"lineNumber":22,"author":{"gitId":"dendendenden04"},"content":"","lastModifiedDate":"2023-02-15"},{"lineNumber":23,"author":{"gitId":"dendendenden04"},"content":"    public static void readFile(String filePath) throws FileNotFoundException {","lastModifiedDate":"2023-02-15"},{"lineNumber":24,"author":{"gitId":"dendendenden04"},"content":"        File f \u003d new File(filePath); // create a File for the given file path","lastModifiedDate":"2023-02-15"},{"lineNumber":25,"author":{"gitId":"dendendenden04"},"content":"        Scanner s \u003d new Scanner(f); // create a Scanner using the File as the source","lastModifiedDate":"2023-02-15"},{"lineNumber":26,"author":{"gitId":"dendendenden04"},"content":"        while (s.hasNext()) {","lastModifiedDate":"2023-02-15"},{"lineNumber":27,"author":{"gitId":"dendendenden04"},"content":"            String[] fullLine \u003d s.nextLine().split(\" / \");","lastModifiedDate":"2023-02-15"},{"lineNumber":28,"author":{"gitId":"dendendenden04"},"content":"            String taskType \u003d fullLine[0];","lastModifiedDate":"2023-02-15"},{"lineNumber":29,"author":{"gitId":"dendendenden04"},"content":"            String isTaskDone \u003d fullLine[1];","lastModifiedDate":"2023-02-15"},{"lineNumber":30,"author":{"gitId":"dendendenden04"},"content":"            String description \u003d fullLine[2];","lastModifiedDate":"2023-02-15"},{"lineNumber":31,"author":{"gitId":"dendendenden04"},"content":"            switch (taskType) {","lastModifiedDate":"2023-02-15"},{"lineNumber":32,"author":{"gitId":"dendendenden04"},"content":"            case \"T\":","lastModifiedDate":"2023-02-15"},{"lineNumber":33,"author":{"gitId":"dendendenden04"},"content":"                Psyduck.addToDo(description);","lastModifiedDate":"2023-02-15"},{"lineNumber":34,"author":{"gitId":"dendendenden04"},"content":"                Psyduck.getNewestTask().setDone(Boolean.parseBoolean(isTaskDone));","lastModifiedDate":"2023-02-15"},{"lineNumber":35,"author":{"gitId":"dendendenden04"},"content":"                break;","lastModifiedDate":"2023-02-15"},{"lineNumber":36,"author":{"gitId":"dendendenden04"},"content":"            case \"D\":","lastModifiedDate":"2023-02-15"},{"lineNumber":37,"author":{"gitId":"dendendenden04"},"content":"                String by \u003d fullLine[3];","lastModifiedDate":"2023-02-15"},{"lineNumber":38,"author":{"gitId":"dendendenden04"},"content":"                Psyduck.addDeadline(description, by);","lastModifiedDate":"2023-02-15"},{"lineNumber":39,"author":{"gitId":"dendendenden04"},"content":"                Psyduck.getNewestTask().setDone(Boolean.parseBoolean(isTaskDone));","lastModifiedDate":"2023-02-15"},{"lineNumber":40,"author":{"gitId":"dendendenden04"},"content":"                break;","lastModifiedDate":"2023-02-15"},{"lineNumber":41,"author":{"gitId":"dendendenden04"},"content":"            case \"E\":","lastModifiedDate":"2023-02-15"},{"lineNumber":42,"author":{"gitId":"dendendenden04"},"content":"                String from \u003d fullLine[3];","lastModifiedDate":"2023-02-15"},{"lineNumber":43,"author":{"gitId":"dendendenden04"},"content":"                String to \u003d fullLine[4];","lastModifiedDate":"2023-02-15"},{"lineNumber":44,"author":{"gitId":"dendendenden04"},"content":"                Psyduck.addEvent(description, from, to);","lastModifiedDate":"2023-02-15"},{"lineNumber":45,"author":{"gitId":"dendendenden04"},"content":"                Psyduck.getNewestTask().setDone(Boolean.parseBoolean(isTaskDone));","lastModifiedDate":"2023-02-15"},{"lineNumber":46,"author":{"gitId":"dendendenden04"},"content":"                break;","lastModifiedDate":"2023-02-15"},{"lineNumber":47,"author":{"gitId":"dendendenden04"},"content":"            default:","lastModifiedDate":"2023-02-15"},{"lineNumber":48,"author":{"gitId":"dendendenden04"},"content":"                //invalid task type/wrong format ignored","lastModifiedDate":"2023-02-15"},{"lineNumber":49,"author":{"gitId":"dendendenden04"},"content":"            }","lastModifiedDate":"2023-02-15"},{"lineNumber":50,"author":{"gitId":"dendendenden04"},"content":"","lastModifiedDate":"2023-02-15"},{"lineNumber":51,"author":{"gitId":"dendendenden04"},"content":"        }","lastModifiedDate":"2023-02-15"},{"lineNumber":52,"author":{"gitId":"dendendenden04"},"content":"    }","lastModifiedDate":"2023-02-15"},{"lineNumber":53,"author":{"gitId":"dendendenden04"},"content":"    public static void writeToFile(String filePath) throws IOException {","lastModifiedDate":"2023-02-15"},{"lineNumber":54,"author":{"gitId":"dendendenden04"},"content":"        FileWriter fw \u003d new FileWriter(createFile(filePath));","lastModifiedDate":"2023-02-15"},{"lineNumber":55,"author":{"gitId":"dendendenden04"},"content":"        for (int i \u003d 1; i \u003c Psyduck.getTaskCount() + 1; i++) {","lastModifiedDate":"2023-02-15"},{"lineNumber":56,"author":{"gitId":"dendendenden04"},"content":"            if (Psyduck.getTask(i).getType().equals(\"T\")) {","lastModifiedDate":"2023-02-15"},{"lineNumber":57,"author":{"gitId":"dendendenden04"},"content":"                fw.write( Psyduck.getTask(i).getType() + \" / \"","lastModifiedDate":"2023-02-15"},{"lineNumber":58,"author":{"gitId":"dendendenden04"},"content":"                        + Psyduck.getTask(i).isDone() + \" / \"","lastModifiedDate":"2023-02-15"},{"lineNumber":59,"author":{"gitId":"dendendenden04"},"content":"                        + Psyduck.getTask(i).getDescription() + \" / \"","lastModifiedDate":"2023-02-15"},{"lineNumber":60,"author":{"gitId":"dendendenden04"},"content":"                        + System.lineSeparator());","lastModifiedDate":"2023-02-15"},{"lineNumber":61,"author":{"gitId":"dendendenden04"},"content":"            } else if (Psyduck.getTask(i).getType().equals(\"D\")) {","lastModifiedDate":"2023-02-15"},{"lineNumber":62,"author":{"gitId":"dendendenden04"},"content":"                Deadline temp \u003d (Deadline) Psyduck.getTask(i);","lastModifiedDate":"2023-02-15"},{"lineNumber":63,"author":{"gitId":"dendendenden04"},"content":"                fw.write( temp.getType() + \" / \"","lastModifiedDate":"2023-02-15"},{"lineNumber":64,"author":{"gitId":"dendendenden04"},"content":"                        + temp.isDone() + \" / \"","lastModifiedDate":"2023-02-15"},{"lineNumber":65,"author":{"gitId":"dendendenden04"},"content":"                        + temp.getDescription() + \" / \"","lastModifiedDate":"2023-02-15"},{"lineNumber":66,"author":{"gitId":"dendendenden04"},"content":"                        + temp.getBy() + \" / \"","lastModifiedDate":"2023-02-15"},{"lineNumber":67,"author":{"gitId":"dendendenden04"},"content":"                        + System.lineSeparator());","lastModifiedDate":"2023-02-15"},{"lineNumber":68,"author":{"gitId":"dendendenden04"},"content":"            } else if (Psyduck.getTask(i).getType().equals(\"E\")) {","lastModifiedDate":"2023-02-15"},{"lineNumber":69,"author":{"gitId":"dendendenden04"},"content":"                Event temp \u003d (Event) Psyduck.getTask(i);","lastModifiedDate":"2023-02-15"},{"lineNumber":70,"author":{"gitId":"dendendenden04"},"content":"                fw.write( temp.getType() + \" / \"","lastModifiedDate":"2023-02-15"},{"lineNumber":71,"author":{"gitId":"dendendenden04"},"content":"                        + temp.isDone() + \" / \"","lastModifiedDate":"2023-02-15"},{"lineNumber":72,"author":{"gitId":"dendendenden04"},"content":"                        + temp.getDescription() + \" / \"","lastModifiedDate":"2023-02-15"},{"lineNumber":73,"author":{"gitId":"dendendenden04"},"content":"                        + temp.getFrom() + \" / \"","lastModifiedDate":"2023-02-15"},{"lineNumber":74,"author":{"gitId":"dendendenden04"},"content":"                        + temp.getTo() + \" / \"","lastModifiedDate":"2023-02-15"},{"lineNumber":75,"author":{"gitId":"dendendenden04"},"content":"                        + System.lineSeparator());","lastModifiedDate":"2023-02-15"},{"lineNumber":76,"author":{"gitId":"dendendenden04"},"content":"            } else {","lastModifiedDate":"2023-02-15"},{"lineNumber":77,"author":{"gitId":"dendendenden04"},"content":"                System.out.println(\"An error has occurred, file writing unsuccessful\");","lastModifiedDate":"2023-02-15"},{"lineNumber":78,"author":{"gitId":"dendendenden04"},"content":"                fw.close();","lastModifiedDate":"2023-02-15"},{"lineNumber":79,"author":{"gitId":"dendendenden04"},"content":"                return;","lastModifiedDate":"2023-02-15"},{"lineNumber":80,"author":{"gitId":"dendendenden04"},"content":"            }","lastModifiedDate":"2023-02-15"},{"lineNumber":81,"author":{"gitId":"dendendenden04"},"content":"","lastModifiedDate":"2023-02-15"},{"lineNumber":82,"author":{"gitId":"dendendenden04"},"content":"        }","lastModifiedDate":"2023-02-15"},{"lineNumber":83,"author":{"gitId":"dendendenden04"},"content":"        fw.close();","lastModifiedDate":"2023-02-15"},{"lineNumber":84,"author":{"gitId":"dendendenden04"},"content":"    }","lastModifiedDate":"2023-02-15"},{"lineNumber":85,"author":{"gitId":"dendendenden04"},"content":"","lastModifiedDate":"2023-02-15"},{"lineNumber":86,"author":{"gitId":"dendendenden04"},"content":"}","lastModifiedDate":"2023-02-15"}],"authorContributionMap":{"dendendenden04":86}},{"path":"src/main/java/Task.java","fileType":"java","lines":[{"lineNumber":1,"author":{"gitId":"dendendenden04"},"content":"public class Task {","lastModifiedDate":"2023-01-25"},{"lineNumber":2,"author":{"gitId":"dendendenden04"},"content":"    protected String description;","lastModifiedDate":"2023-01-30"},{"lineNumber":3,"author":{"gitId":"dendendenden04"},"content":"    protected boolean isDone;","lastModifiedDate":"2023-01-30"},{"lineNumber":4,"author":{"gitId":"dendendenden04"},"content":"","lastModifiedDate":"2023-01-25"},{"lineNumber":5,"author":{"gitId":"dendendenden04"},"content":"    protected String type;","lastModifiedDate":"2023-02-15"},{"lineNumber":6,"author":{"gitId":"dendendenden04"},"content":"","lastModifiedDate":"2023-02-15"},{"lineNumber":7,"author":{"gitId":"dendendenden04"},"content":"    public String getType() {","lastModifiedDate":"2023-02-15"},{"lineNumber":8,"author":{"gitId":"dendendenden04"},"content":"        return type;","lastModifiedDate":"2023-02-15"},{"lineNumber":9,"author":{"gitId":"dendendenden04"},"content":"    }","lastModifiedDate":"2023-02-15"},{"lineNumber":10,"author":{"gitId":"dendendenden04"},"content":"","lastModifiedDate":"2023-02-15"},{"lineNumber":11,"author":{"gitId":"dendendenden04"},"content":"    public boolean isDone() {","lastModifiedDate":"2023-01-30"},{"lineNumber":12,"author":{"gitId":"dendendenden04"},"content":"        return isDone;","lastModifiedDate":"2023-01-30"},{"lineNumber":13,"author":{"gitId":"dendendenden04"},"content":"    }","lastModifiedDate":"2023-01-30"},{"lineNumber":14,"author":{"gitId":"dendendenden04"},"content":"","lastModifiedDate":"2023-01-30"},{"lineNumber":15,"author":{"gitId":"dendendenden04"},"content":"    public void setDone(boolean done) {","lastModifiedDate":"2023-02-15"},{"lineNumber":16,"author":{"gitId":"dendendenden04"},"content":"        isDone \u003d done;","lastModifiedDate":"2023-02-15"},{"lineNumber":17,"author":{"gitId":"dendendenden04"},"content":"    }","lastModifiedDate":"2023-02-15"},{"lineNumber":18,"author":{"gitId":"dendendenden04"},"content":"","lastModifiedDate":"2023-02-15"},{"lineNumber":19,"author":{"gitId":"dendendenden04"},"content":"    public String getDescription() {","lastModifiedDate":"2023-01-30"},{"lineNumber":20,"author":{"gitId":"dendendenden04"},"content":"        return description;","lastModifiedDate":"2023-01-30"},{"lineNumber":21,"author":{"gitId":"dendendenden04"},"content":"    }","lastModifiedDate":"2023-01-25"},{"lineNumber":22,"author":{"gitId":"dendendenden04"},"content":"","lastModifiedDate":"2023-01-25"},{"lineNumber":23,"author":{"gitId":"dendendenden04"},"content":"    public void markDone() {","lastModifiedDate":"2023-01-30"},{"lineNumber":24,"author":{"gitId":"dendendenden04"},"content":"","lastModifiedDate":"2023-02-07"},{"lineNumber":25,"author":{"gitId":"dendendenden04"},"content":"        isDone \u003d true;","lastModifiedDate":"2023-01-30"},{"lineNumber":26,"author":{"gitId":"dendendenden04"},"content":"    }","lastModifiedDate":"2023-01-30"},{"lineNumber":27,"author":{"gitId":"dendendenden04"},"content":"","lastModifiedDate":"2023-01-30"},{"lineNumber":28,"author":{"gitId":"dendendenden04"},"content":"    public void unmarkDone() {","lastModifiedDate":"2023-01-30"},{"lineNumber":29,"author":{"gitId":"dendendenden04"},"content":"","lastModifiedDate":"2023-02-07"},{"lineNumber":30,"author":{"gitId":"dendendenden04"},"content":"        isDone \u003d false;","lastModifiedDate":"2023-01-30"},{"lineNumber":31,"author":{"gitId":"dendendenden04"},"content":"    }","lastModifiedDate":"2023-01-30"},{"lineNumber":32,"author":{"gitId":"dendendenden04"},"content":"","lastModifiedDate":"2023-01-30"},{"lineNumber":33,"author":{"gitId":"dendendenden04"},"content":"    public Task(String description) {","lastModifiedDate":"2023-01-30"},{"lineNumber":34,"author":{"gitId":"dendendenden04"},"content":"        this.description \u003d description;","lastModifiedDate":"2023-01-30"},{"lineNumber":35,"author":{"gitId":"dendendenden04"},"content":"        this.isDone \u003d false;","lastModifiedDate":"2023-01-30"},{"lineNumber":36,"author":{"gitId":"dendendenden04"},"content":"    }","lastModifiedDate":"2023-01-25"},{"lineNumber":37,"author":{"gitId":"dendendenden04"},"content":"","lastModifiedDate":"2023-01-25"},{"lineNumber":38,"author":{"gitId":"dendendenden04"},"content":"    @Override","lastModifiedDate":"2023-01-30"},{"lineNumber":39,"author":{"gitId":"dendendenden04"},"content":"    public String toString() {","lastModifiedDate":"2023-01-30"},{"lineNumber":40,"author":{"gitId":"dendendenden04"},"content":"        String status;","lastModifiedDate":"2023-01-30"},{"lineNumber":41,"author":{"gitId":"dendendenden04"},"content":"        if (isDone) {","lastModifiedDate":"2023-01-30"},{"lineNumber":42,"author":{"gitId":"dendendenden04"},"content":"            status \u003d \"[X] \";","lastModifiedDate":"2023-01-30"},{"lineNumber":43,"author":{"gitId":"dendendenden04"},"content":"        } else {","lastModifiedDate":"2023-01-30"},{"lineNumber":44,"author":{"gitId":"dendendenden04"},"content":"            status \u003d \"[ ] \";","lastModifiedDate":"2023-01-30"},{"lineNumber":45,"author":{"gitId":"dendendenden04"},"content":"        }","lastModifiedDate":"2023-01-30"},{"lineNumber":46,"author":{"gitId":"dendendenden04"},"content":"        return status + description;","lastModifiedDate":"2023-01-30"},{"lineNumber":47,"author":{"gitId":"dendendenden04"},"content":"    }","lastModifiedDate":"2023-01-25"},{"lineNumber":48,"author":{"gitId":"dendendenden04"},"content":"","lastModifiedDate":"2023-01-25"},{"lineNumber":49,"author":{"gitId":"dendendenden04"},"content":"}","lastModifiedDate":"2023-01-25"}],"authorContributionMap":{"dendendenden04":49}},{"path":"src/main/java/ToDo.java","fileType":"java","lines":[{"lineNumber":1,"author":{"gitId":"dendendenden04"},"content":"public class ToDo extends Task {","lastModifiedDate":"2023-01-30"},{"lineNumber":2,"author":{"gitId":"dendendenden04"},"content":"","lastModifiedDate":"2023-01-30"},{"lineNumber":3,"author":{"gitId":"dendendenden04"},"content":"    public ToDo(String description) {","lastModifiedDate":"2023-01-30"},{"lineNumber":4,"author":{"gitId":"dendendenden04"},"content":"        super(description);","lastModifiedDate":"2023-01-30"},{"lineNumber":5,"author":{"gitId":"dendendenden04"},"content":"        this.type \u003d \"T\";","lastModifiedDate":"2023-02-15"},{"lineNumber":6,"author":{"gitId":"dendendenden04"},"content":"    }","lastModifiedDate":"2023-01-30"},{"lineNumber":7,"author":{"gitId":"dendendenden04"},"content":"","lastModifiedDate":"2023-01-30"},{"lineNumber":8,"author":{"gitId":"dendendenden04"},"content":"","lastModifiedDate":"2023-01-30"},{"lineNumber":9,"author":{"gitId":"dendendenden04"},"content":"    @Override","lastModifiedDate":"2023-01-30"},{"lineNumber":10,"author":{"gitId":"dendendenden04"},"content":"    public String toString() {","lastModifiedDate":"2023-01-30"},{"lineNumber":11,"author":{"gitId":"dendendenden04"},"content":"","lastModifiedDate":"2023-01-30"},{"lineNumber":12,"author":{"gitId":"dendendenden04"},"content":"        return \"[T]\" + super.toString();","lastModifiedDate":"2023-01-30"},{"lineNumber":13,"author":{"gitId":"dendendenden04"},"content":"    }","lastModifiedDate":"2023-01-30"},{"lineNumber":14,"author":{"gitId":"dendendenden04"},"content":"}","lastModifiedDate":"2023-01-30"}],"authorContributionMap":{"dendendenden04":14}}]
