{"authorDailyContributionsMap":{"dendendenden04":[{"date":"2023-01-24","commitResults":[{"hash":"b1ee8972206b942ba59d15e6e263ab7989e8755d","messageTitle":"Level-0","messageBody":"Changed bot name to Psyduck\n","fileTypesAndContributionMap":{"java":{"insertions":16,"deletions":10}}},{"hash":"d90300a1aed2c3c091200769f797abdf197690dc","messageTitle":"Level - 01","messageBody":"Added echo function to Psyduck bot.\nUse command \"Bye\" to exit the bot.\n","tags":["Level-1","Level-01"],"fileTypesAndContributionMap":{"java":{"insertions":10,"deletions":1}}},{"hash":"3edc96951ef2ef9a1984e81727aa441a114f8736","messageTitle":"Level - 02","messageBody":"Added a list function for Psyduck.\nAny text other than the special commands will add the task to a list.\nAdded exit as an option to exit the program.\n","tags":["Level-2"],"fileTypesAndContributionMap":{"java":{"insertions":42,"deletions":4}}}]},{"date":"2023-01-25","commitResults":[{"hash":"c9b6096ab29d48b26bd0c62e0beea6fdb6fe7004","messageTitle":"Level - 2.5","messageBody":"Unfinished debugging to do with marking and unmarking tasks.\n","tags":["Level-3_Incomplete"],"fileTypesAndContributionMap":{"java":{"insertions":53,"deletions":6}}}]},{"date":"2023-01-30","commitResults":[{"hash":"0788c4753c3ea3069c5556ee435d4486e3efe734","messageTitle":"Reworked Psyduck.java to process inputs better","messageBody":"TodoList.java: added ability to get task description\n","tags":["Level-3","A-CodingStandard"],"fileTypesAndContributionMap":{"java":{"insertions":48,"deletions":19}}},{"hash":"af36adf4444affa91f105c705ebf7c577125e062","messageTitle":"Renamed ToDoList class to ToDo class","messageBody":"Refactor code to fit inheritance for the ToDo class from the Task class\n\nCurrently there are errors with method calls for markDone(), unmarkDone() and Todo()\n","fileTypesAndContributionMap":{"java":{"insertions":62,"deletions":27}}},{"hash":"c0c5eb356cee3495c76ee0acf38430dfc3b5b15c","messageTitle":"Task classes: Changed properties of Task class to accommodate child classes","messageBody":"ToDo class now works as a child of the Task class\n\nPrior errors are now fixed\n","fileTypesAndContributionMap":{"java":{"insertions":29,"deletions":27}}},{"hash":"2ae54df4beb591de9d8e03ca8d219127437288f7","messageTitle":"Add Deadline.java","messageBody":"Deadline class inherits from Task class with a deadline property\n\nAdjust Psyduck main() method to accommodate the new Deadline class\n\nPsyduck can now add tasks that are of Deadline type\n","fileTypesAndContributionMap":{"java":{"insertions":57,"deletions":3}}},{"hash":"4ebf539bfaa5af27a46d42b77caa33f7e21a6626","messageTitle":"Add Event.java","messageBody":"Contains the Event class which inherits from the Task class.\n\nAdd addEvent() method to Psyduck class\n\nTo accommodate the new task type\n","tags":["Level-4"],"fileTypesAndContributionMap":{"java":{"insertions":51,"deletions":6}}},{"hash":"d0bf180fe3a57ea6a2b49fec6bc8fbe74e529b47","messageTitle":"Delete ToDoList.java","messageBody":"Outdated ToDo class","fileTypesAndContributionMap":{"java":{"insertions":0,"deletions":46}}}]},{"date":"2023-01-31","commitResults":[{"hash":"04744020d277015dd260e9274c2785c8da83fb91","messageTitle":"Refactor code in Psyduck.java","messageBody":"Refactor code to meet code quality standards\n","tags":["A-CodeQuality"],"fileTypesAndContributionMap":{"java":{"insertions":137,"deletions":107}}}]},{"date":"2023-02-01","commitResults":[{"hash":"dc2492016f9a7622e80b2f57dd316d3f53414199","messageTitle":"Refactor Psyduck class by auto indenting","messageBody":"","fileTypesAndContributionMap":{"java":{"insertions":3,"deletions":0}}}]},{"date":"2023-02-07","commitResults":[{"hash":"3821de2e75d538f71c042a564846aef19a92db18","messageTitle":"Reorganise code to fit command related methods into Command.java","messageBody":"Most of the code that do not have to deal with managing the list of\ntask is reorganised into a Command class\n","fileTypesAndContributionMap":{"java":{"insertions":157,"deletions":136}}}]},{"date":"2023-02-08","commitResults":[{"hash":"7c5683b4c2de564b572b1891d8378429ba4c306c","messageTitle":"Add NullPointerException catch for marking and unmarking tasks","messageBody":"This will catch errors to prevent users from accessing unintialised\nTask.\n\nAdd a line to remind users how many tasks are in the list\n","fileTypesAndContributionMap":{"java":{"insertions":25,"deletions":12}}},{"hash":"b420a04d068510b13c711dbf7d9f2ef5fe61f0c4","messageTitle":"Add a comment to branch","messageBody":"","fileTypesAndContributionMap":{"java":{"insertions":2,"deletions":0}}},{"hash":"283602e4254d5ec30fba4de71902466c53446b1f","messageTitle":"Add NumberFormatException for marking/unmarking of tasks","messageBody":"This exception will catch erroneous user inputs who input a string\nafter the command \"mark\". Also minor changes to the formatting for\nprinting of total number of tasks.\n","fileTypesAndContributionMap":{"java":{"insertions":15,"deletions":3}}},{"hash":"0dcf5d1d9d1365455b2551ca28f279464e58d7a1","messageTitle":"Update create\u003cTask\u003e methods","messageBody":"Now correctly outputs \u0027task\u0027 or \u0027tasks\u0027 depending on number of\ntasks in the list.\n","fileTypesAndContributionMap":{"java":{"insertions":18,"deletions":3}}},{"hash":"1e4c5fda0bb9a0c32d67da2531d949b784478bd9","messageTitle":"Minor edit in spacing between methods","messageBody":"","fileTypesAndContributionMap":{"java":{"insertions":2,"deletions":1}}}]},{"date":"2023-02-14","commitResults":[{"hash":"13f2d395b5f8b22eed1025f69897e1aa3100332d","messageTitle":"Change tasks from array type to ArrayList\u003c\u003e type","messageBody":"Also done respective changes to each function that is affected.\nThese functions perform the same but supports the new data type\n\nAdd remove functionality for the list\n","fileTypesAndContributionMap":{"java":{"insertions":56,"deletions":10}}}]},{"date":"2023-02-15","commitResults":[{"hash":"6e29a6c64410b9a0ec99303ff0bf58cfa7fbad24","messageTitle":"Incomplete commit","messageBody":"","fileTypesAndContributionMap":{"java":{"insertions":51,"deletions":0}}},{"hash":"9ee1fcf557bc5c6deec84bf2c2fe6136f2f92af9","messageTitle":"merging branch back","messageBody":"","fileTypesAndContributionMap":{"java":{"insertions":1,"deletions":1}}},{"hash":"c335e3e00a62de3ff4ae476bb239ec481fc1983e","messageTitle":"Add PsyduckExceptions","messageBody":"","tags":["Level-6","A-Exceptions"],"fileTypesAndContributionMap":{"java":{"insertions":2,"deletions":0}}},{"hash":"3df651d05a0118e83a30b8400ae033fd096f9f33","messageTitle":"Add file reading and writing capability","messageBody":"Add .gitignore for \u0027save.txt\u0027\n\n\u0027save.txt\u0027 is the file created and read from for saving purposes\n","fileTypesAndContributionMap":{"java":{"insertions":87,"deletions":13}}},{"hash":"0681320b72377ed90f9ce3b764c6fca4eb1b24cf","messageTitle":"Remove lines generated by resolving merge conflict","messageBody":"","tags":["Level-7","A-Jar","A-Collections"],"fileTypesAndContributionMap":{"java":{"insertions":5,"deletions":6}}}]},{"date":"2023-03-01","commitResults":[{"hash":"6d3403fe25210458a8f380f72e7aa428321907de","messageTitle":"Refactor code to make it more OOP","messageBody":"","tags":["A-Packages","A-MoreOOP"],"fileTypesAndContributionMap":{"java":{"insertions":578,"deletions":309}}},{"hash":"8c5db51770f937c48f98d85536012c0363ed54dc","messageTitle":"Add Level-9 Find functionality","messageBody":"","fileTypesAndContributionMap":{"java":{"insertions":72,"deletions":1}}}]},{"date":"2023-03-02","commitResults":[{"hash":"8587a880febede6378b81f02f2e583a94c43fbde","messageTitle":"Added JavaDoc comments to most public classes/methods","messageBody":"","fileTypesAndContributionMap":{"java":{"insertions":322,"deletions":10}}},{"hash":"1dd6eb19b81b19cb8b64ff7813d200506386d3a3","messageTitle":"Edit README.md","messageBody":"","fileTypesAndContributionMap":{"md":{"insertions":99,"deletions":10}}},{"hash":"7319230da1a5ae94f627df7315e162e065c0e48a","messageTitle":"Update README.md for user guide","messageBody":"Minor changes to Ui.java for line printing optimisation\n","tags":["A-UserGuide","A-Release","A-JavaDoc"],"fileTypesAndContributionMap":{"java":{"insertions":14,"deletions":5},"md":{"insertions":181,"deletions":5}}}]}]},"authorFileTypeContributionMap":{"dendendenden04":{"java":1166,"md":263,"fxml":0,"sh":0,"bat":0,"gradle":0,"txt":0}},"authorContributionVariance":{"dendendenden04":30470.04},"authorDisplayNameMap":{"dendendenden04":"CS2113-W12-1 DENN..KANG"}}
