{"authorDailyContributionsMap":{"YongbinWang":[{"date":"2023-01-26","commitResults":[{"hash":"711f1fc4b3e23c60b5bc482cb272669e80d41808","messageTitle":"Level-0: Duke Greet","messageBody":"","tags":["Level0"],"fileTypesAndContributionMap":{"java":{"insertions":10,"deletions":6}}}]},{"date":"2023-01-27","commitResults":[{"hash":"bc68e91af36e05b87cacabc4fe1dc537343c9de0","messageTitle":"Changed name of bot and updated level-1","messageBody":"","tags":["Level-1"],"fileTypesAndContributionMap":{"java":{"insertions":43,"deletions":14}}}]},{"date":"2023-01-29","commitResults":[{"hash":"84bc23496a48a32960af3274dca763aa5b92f553","messageTitle":"Completed Level 3 and updated some of the older code.","messageBody":"","fileTypesAndContributionMap":{"java":{"insertions":23,"deletions":8}}},{"hash":"f65b57913b017247454e13e6f43b839cb838c6a8","messageTitle":"Revert \"Completed Level 3 and updated some of the older code.\"","messageBody":"This reverts commit 84bc23496a48a32960af3274dca763aa5b92f553.\n","fileTypesAndContributionMap":{"java":{"insertions":8,"deletions":23}}},{"hash":"932794b575a204b2d01231a358e82fe66b1cc81e","messageTitle":"Completed Level 3 and updated previous code.","messageBody":"","tags":["Level-2"],"fileTypesAndContributionMap":{"java":{"insertions":23,"deletions":8}}}]},{"date":"2023-01-30","commitResults":[{"hash":"3ab19444b20913b75e01ada20d3fb48443d5955e","messageTitle":"Completed Level 3, previous 2 commits were on level 2.","messageBody":"","tags":["Level3"],"fileTypesAndContributionMap":{"java":{"insertions":52,"deletions":9}}}]},{"date":"2023-02-02","commitResults":[{"hash":"6fa4be9cbcbef798681270624c860554a771df02","messageTitle":"Checked and tweaked code to follow coding standard","messageBody":"","tags":["A-CodingStandard"],"fileTypesAndContributionMap":{"java":{"insertions":13,"deletions":12}}},{"hash":"210655f51318c67ef4648378824d6d95d2fcffa8","messageTitle":"Completed Level-4","messageBody":"","tags":["Level-4"],"fileTypesAndContributionMap":{"java":{"insertions":114,"deletions":12}}}]},{"date":"2023-02-03","commitResults":[{"hash":"8429e8bee3aee2610072293b50c61defa42a772b","messageTitle":"A-CodeQuality. Refactored methods and added TaskManager class to handle inputs. Reduced repetitive code. Added relevant comments","messageBody":"","tags":["A-CodeQuality"],"fileTypesAndContributionMap":{"java":{"insertions":125,"deletions":104}}}]},{"date":"2023-02-09","commitResults":[{"hash":"8ab5b731ad3daf0b076f0a91fcbcfbf6b57da49e","messageTitle":"Added basic error handling for duke","messageBody":"","fileTypesAndContributionMap":{"java":{"insertions":25,"deletions":4}}}]}]},"authorFileTypeContributionMap":{"YongbinWang":{"java":246,"md":0,"fxml":0,"sh":0,"bat":0,"gradle":0,"txt":0}},"authorContributionVariance":{"YongbinWang":2768.2754},"authorDisplayNameMap":{"YongbinWang":"CS2113-T12-4 WANG..GBIN"}}
