{"authorDailyContributionsMap":{"quanganh2810":[{"date":"2023-01-26","commitResults":[{"hash":"6118ea3bf12ac1af4222fd9d07dfbfad0a760ec4","messageTitle":"Level-0","messageBody":"","tags":["Level-0"],"fileTypesAndContributionMap":{"java":{"insertions":3,"deletions":0}}},{"hash":"9877b901dc55b31b0c85f3b360fde92591e77155","messageTitle":"Add ability to echo input","messageBody":"","tags":["Level-1"],"fileTypesAndContributionMap":{"java":{"insertions":8,"deletions":0}}},{"hash":"bc1e77d35764b8254fceab6a2ac7479fa868b39f","messageTitle":"Add the ability to read and store user commands","messageBody":"","tags":["Level-2"],"fileTypesAndContributionMap":{"java":{"insertions":20,"deletions":2}}}]},{"date":"2023-01-27","commitResults":[{"hash":"012958edaf56d70993f4c9f5558999a6b9a7e88e","messageTitle":"Added Task and TaskManager as the class, add Duke\u0027s abiity to record, mark and unmark task","messageBody":"","tags":["Level-3"],"fileTypesAndContributionMap":{"java":{"insertions":94,"deletions":14}}}]},{"date":"2023-01-30","commitResults":[{"hash":"ba5a640162ca9474e1fee19567f7ba9275698c26","messageTitle":"fix some variable-naming issues and fix further formatting issues in compliance with coding standard","messageBody":"","tags":["A-CodingStandard"],"fileTypesAndContributionMap":{"java":{"insertions":26,"deletions":24}}}]},{"date":"2023-02-05","commitResults":[{"hash":"09c76af478545c57d6451ef7267c5ee157177b34","messageTitle":"Add Deadline and Event as subclasses","messageBody":"","fileTypesAndContributionMap":{"java":{"insertions":142,"deletions":37}}},{"hash":"97f41d123e7f8cdc758e347da4f05d038a1a3244","messageTitle":"Tidy up the Duke class a little bit by refactoring and shorter print lines","messageBody":"","tags":["A-CodeQuality"],"fileTypesAndContributionMap":{"java":{"insertions":8,"deletions":5}}}]},{"date":"2023-02-06","commitResults":[{"hash":"af773e9cac2d1a06c2dc5fb21bcffc274705c494","messageTitle":"Fix error of not tracking Deadline and Event java files/ added toString methods in classes to make code neater","messageBody":"","fileTypesAndContributionMap":{"java":{"insertions":62,"deletions":2}}},{"hash":"452032b827915a05af22a4589ed9290c456c68fd","messageTitle":"Added exceptions to catch error inputs","messageBody":"","fileTypesAndContributionMap":{"java":{"insertions":38,"deletions":20}}},{"hash":"d47c75ddbd1452319e1e69a56495de6a5437f8c5","messageTitle":"Change the way Duke says goodbye","messageBody":"","fileTypesAndContributionMap":{"java":{"insertions":4,"deletions":1}}}]},{"date":"2023-02-07","commitResults":[{"hash":"4e75a59866dd85ba98535d91085a0953bdf9414f","messageTitle":"change the way Duke says goodbye","messageBody":"","tags":["A-Exceptions"],"fileTypesAndContributionMap":{"java":{"insertions":7,"deletions":2}}},{"hash":"3cf14116c51a66651b770c54600ccdbdbd01e62e","messageTitle":"Create package called \"Duke\" to store all of the classes","messageBody":"","tags":["A-Packages"],"fileTypesAndContributionMap":{"java":{"insertions":7,"deletions":2}}}]},{"date":"2023-02-27","commitResults":[{"hash":"c209898cc1987d4abfe3af446582bf8d85f1f1f6","messageTitle":"Changing names to comply with the coding standards","messageBody":"","fileTypesAndContributionMap":{"java":{"insertions":7,"deletions":7}}},{"hash":"894b7aa2deb6e665d9e5f4c3aa71b7507292317c","messageTitle":"Add the ability to remove tasks and implement using ArrayList","messageBody":"","fileTypesAndContributionMap":{"java":{"insertions":67,"deletions":60}}}]},{"date":"2023-02-28","commitResults":[{"hash":"dc3db0f19fefdf41786a6ec481f35c284d4c509e","messageTitle":"Add ability to write and read to harddrive","messageBody":"","fileTypesAndContributionMap":{"txt":{"insertions":4,"deletions":0},"java":{"insertions":131,"deletions":6}}},{"hash":"5fe873f1b54f53e3aa02bfb71141beb15b747716","messageTitle":"Add the ability to read and save data in a file called load.txt properly","messageBody":"","tags":["Level-7","A-Jar"],"fileTypesAndContributionMap":{"txt":{"insertions":0,"deletions":4},"java":{"insertions":60,"deletions":93}}}]}]},"authorFileTypeContributionMap":{"quanganh2810":{"java":404,"md":0,"fxml":0,"sh":0,"bat":0,"gradle":0,"txt":0}},"authorContributionVariance":{"quanganh2810":3348.0742},"authorDisplayNameMap":{"quanganh2810":"CS2113-W13-4 NGUY.. ANH"}}
