[{"path":"src/main/java/Deadline.java","fileType":"java","lines":[{"lineNumber":1,"author":{"gitId":"TJ-Hoo"},"content":"public class Deadline extends Task {","lastModifiedDate":"2023-02-01"},{"lineNumber":2,"author":{"gitId":"TJ-Hoo"},"content":"\tprotected String due;","lastModifiedDate":"2023-02-01"},{"lineNumber":3,"author":{"gitId":"TJ-Hoo"},"content":"\tpublic Deadline(String info, String due) {","lastModifiedDate":"2023-02-01"},{"lineNumber":4,"author":{"gitId":"TJ-Hoo"},"content":"\t\tsuper(info);","lastModifiedDate":"2023-02-01"},{"lineNumber":5,"author":{"gitId":"TJ-Hoo"},"content":"\t\tthis.due \u003d due;","lastModifiedDate":"2023-02-01"},{"lineNumber":6,"author":{"gitId":"TJ-Hoo"},"content":"\t}","lastModifiedDate":"2023-02-01"},{"lineNumber":7,"author":{"gitId":"TJ-Hoo"},"content":"\t@Override","lastModifiedDate":"2023-02-01"},{"lineNumber":8,"author":{"gitId":"TJ-Hoo"},"content":"\tpublic String toString(){","lastModifiedDate":"2023-02-01"},{"lineNumber":9,"author":{"gitId":"TJ-Hoo"},"content":"\t\treturn \"[D]\" + super.toString() + \"(by: \" + due + \")\";","lastModifiedDate":"2023-02-01"},{"lineNumber":10,"author":{"gitId":"TJ-Hoo"},"content":"\t}","lastModifiedDate":"2023-02-01"},{"lineNumber":11,"author":{"gitId":"TJ-Hoo"},"content":"}","lastModifiedDate":"2023-02-01"}],"authorContributionMap":{"TJ-Hoo":11}},{"path":"src/main/java/Duke.java","fileType":"java","lines":[{"lineNumber":1,"author":{"gitId":"TJ-Hoo"},"content":"import java.util.Scanner;","lastModifiedDate":"2023-01-31"},{"lineNumber":2,"author":{"gitId":"TJ-Hoo"},"content":"import java.util.ArrayList;","lastModifiedDate":"2023-02-01"},{"lineNumber":3,"author":{"gitId":"TJ-Hoo"},"content":"import java.security.InvalidParameterException;","lastModifiedDate":"2023-02-16"},{"lineNumber":4,"author":{"gitId":"TJ-Hoo"},"content":"import java.util.MissingFormatArgumentException;","lastModifiedDate":"2023-02-09"},{"lineNumber":5,"author":{"gitId":"-"},"content":"public class Duke {","lastModifiedDate":"2019-07-29"},{"lineNumber":6,"author":{"gitId":"-"},"content":"    public static void main(String[] args) {","lastModifiedDate":"2019-07-29"},{"lineNumber":7,"author":{"gitId":"TJ-Hoo"},"content":"        System.out.println(\"Hello! I\u0027m Duke \\nWhat can I do for you?\");","lastModifiedDate":"2023-01-31"},{"lineNumber":8,"author":{"gitId":"TJ-Hoo"},"content":"        Scanner in \u003d new Scanner(System.in);","lastModifiedDate":"2023-02-01"},{"lineNumber":9,"author":{"gitId":"TJ-Hoo"},"content":"        ArrayList\u003cTask\u003e tasks \u003d new ArrayList\u003cTask\u003e();","lastModifiedDate":"2023-02-09"},{"lineNumber":10,"author":{"gitId":"TJ-Hoo"},"content":"        while (true) {","lastModifiedDate":"2023-02-16"},{"lineNumber":11,"author":{"gitId":"TJ-Hoo"},"content":"            String userInput \u003d in.nextLine();","lastModifiedDate":"2023-02-16"},{"lineNumber":12,"author":{"gitId":"TJ-Hoo"},"content":"            processUserInput(tasks, userInput);","lastModifiedDate":"2023-02-16"},{"lineNumber":13,"author":{"gitId":"TJ-Hoo"},"content":"        }","lastModifiedDate":"2023-02-16"},{"lineNumber":14,"author":{"gitId":"TJ-Hoo"},"content":"    }","lastModifiedDate":"2023-02-16"},{"lineNumber":15,"author":{"gitId":"TJ-Hoo"},"content":"    private static String[] splitActionAndDescription(String userInput) {","lastModifiedDate":"2023-02-16"},{"lineNumber":16,"author":{"gitId":"TJ-Hoo"},"content":"        String[] actionAndDescription \u003d userInput.split(\" \", 2);","lastModifiedDate":"2023-02-16"},{"lineNumber":17,"author":{"gitId":"TJ-Hoo"},"content":"        return actionAndDescription.length \u003d\u003d 2 ? actionAndDescription : new String[]{actionAndDescription[0], \"\"};","lastModifiedDate":"2023-02-16"},{"lineNumber":18,"author":{"gitId":"TJ-Hoo"},"content":"    }","lastModifiedDate":"2023-02-16"},{"lineNumber":19,"author":{"gitId":"TJ-Hoo"},"content":"    private static void processUserInput(ArrayList\u003cTask\u003e tasks, String userInput) {","lastModifiedDate":"2023-02-16"},{"lineNumber":20,"author":{"gitId":"TJ-Hoo"},"content":"        String[] actionAndDescription \u003d splitActionAndDescription(userInput);","lastModifiedDate":"2023-02-16"},{"lineNumber":21,"author":{"gitId":"TJ-Hoo"},"content":"        String action \u003d actionAndDescription[0];","lastModifiedDate":"2023-02-16"},{"lineNumber":22,"author":{"gitId":"TJ-Hoo"},"content":"        String description \u003d actionAndDescription[1];","lastModifiedDate":"2023-02-16"},{"lineNumber":23,"author":{"gitId":"TJ-Hoo"},"content":"        switch (action) {","lastModifiedDate":"2023-02-16"},{"lineNumber":24,"author":{"gitId":"TJ-Hoo"},"content":"        case \"bye\":","lastModifiedDate":"2023-02-16"},{"lineNumber":25,"author":{"gitId":"TJ-Hoo"},"content":"            System.out.println(\"Bye. Hope to see you again soon!\");","lastModifiedDate":"2023-02-09"},{"lineNumber":26,"author":{"gitId":"TJ-Hoo"},"content":"            break;","lastModifiedDate":"2023-02-01"},{"lineNumber":27,"author":{"gitId":"TJ-Hoo"},"content":"        case \"list\":","lastModifiedDate":"2023-02-16"},{"lineNumber":28,"author":{"gitId":"TJ-Hoo"},"content":"            executeListAction(tasks);","lastModifiedDate":"2023-02-16"},{"lineNumber":29,"author":{"gitId":"TJ-Hoo"},"content":"            break;","lastModifiedDate":"2023-02-16"},{"lineNumber":30,"author":{"gitId":"TJ-Hoo"},"content":"        case \"mark\":","lastModifiedDate":"2023-02-16"},{"lineNumber":31,"author":{"gitId":"TJ-Hoo"},"content":"            executeMarkAction(tasks, description);","lastModifiedDate":"2023-02-16"},{"lineNumber":32,"author":{"gitId":"TJ-Hoo"},"content":"            break;","lastModifiedDate":"2023-02-16"},{"lineNumber":33,"author":{"gitId":"TJ-Hoo"},"content":"        case \"unmark\":","lastModifiedDate":"2023-02-16"},{"lineNumber":34,"author":{"gitId":"TJ-Hoo"},"content":"            executeUnmarkAction(tasks, description);","lastModifiedDate":"2023-02-16"},{"lineNumber":35,"author":{"gitId":"TJ-Hoo"},"content":"            break;","lastModifiedDate":"2023-02-16"},{"lineNumber":36,"author":{"gitId":"TJ-Hoo"},"content":"        case \"todo\":","lastModifiedDate":"2023-02-16"},{"lineNumber":37,"author":{"gitId":"TJ-Hoo"},"content":"            executeTodoAction(tasks, description);","lastModifiedDate":"2023-02-16"},{"lineNumber":38,"author":{"gitId":"TJ-Hoo"},"content":"            break;","lastModifiedDate":"2023-02-16"},{"lineNumber":39,"author":{"gitId":"TJ-Hoo"},"content":"        case \"event\":","lastModifiedDate":"2023-02-16"},{"lineNumber":40,"author":{"gitId":"TJ-Hoo"},"content":"            executeEventAction(tasks, description);","lastModifiedDate":"2023-02-16"},{"lineNumber":41,"author":{"gitId":"TJ-Hoo"},"content":"            break;","lastModifiedDate":"2023-02-16"},{"lineNumber":42,"author":{"gitId":"TJ-Hoo"},"content":"        case \"deadline\":","lastModifiedDate":"2023-02-16"},{"lineNumber":43,"author":{"gitId":"TJ-Hoo"},"content":"            executeDeadlineAction(tasks, description);","lastModifiedDate":"2023-02-16"},{"lineNumber":44,"author":{"gitId":"TJ-Hoo"},"content":"            break;","lastModifiedDate":"2023-02-16"},{"lineNumber":45,"author":{"gitId":"TJ-Hoo"},"content":"        default:","lastModifiedDate":"2023-02-16"},{"lineNumber":46,"author":{"gitId":"TJ-Hoo"},"content":"            System.out.println(\"OOPS!!! I\u0027m sorry, but I don\u0027t know what that means :-(\");","lastModifiedDate":"2023-02-16"},{"lineNumber":47,"author":{"gitId":"TJ-Hoo"},"content":"        }","lastModifiedDate":"2023-02-16"},{"lineNumber":48,"author":{"gitId":"TJ-Hoo"},"content":"    }","lastModifiedDate":"2023-02-16"},{"lineNumber":49,"author":{"gitId":"TJ-Hoo"},"content":"    private static void executeListAction(ArrayList\u003cTask\u003e tasks) {","lastModifiedDate":"2023-02-16"},{"lineNumber":50,"author":{"gitId":"TJ-Hoo"},"content":"        for (int i \u003d 0; i \u003c tasks.size(); i++) {","lastModifiedDate":"2023-02-09"},{"lineNumber":51,"author":{"gitId":"TJ-Hoo"},"content":"            System.out.print(i + 1 + \".\");","lastModifiedDate":"2023-02-01"},{"lineNumber":52,"author":{"gitId":"TJ-Hoo"},"content":"            System.out.println(tasks.get(i).toString());","lastModifiedDate":"2023-02-09"},{"lineNumber":53,"author":{"gitId":"TJ-Hoo"},"content":"        }","lastModifiedDate":"2023-02-01"},{"lineNumber":54,"author":{"gitId":"TJ-Hoo"},"content":"    }","lastModifiedDate":"2023-02-01"},{"lineNumber":55,"author":{"gitId":"TJ-Hoo"},"content":"    private static void executeMarkAction(ArrayList\u003cTask\u003e tasks, String description) {","lastModifiedDate":"2023-02-16"},{"lineNumber":56,"author":{"gitId":"TJ-Hoo"},"content":"        Integer index \u003d Integer.parseInt(description) - 1;","lastModifiedDate":"2023-02-16"},{"lineNumber":57,"author":{"gitId":"TJ-Hoo"},"content":"        tasks.get(index).isCompleted \u003d true;","lastModifiedDate":"2023-02-16"},{"lineNumber":58,"author":{"gitId":"TJ-Hoo"},"content":"        System.out.println(\"Nice! I\u0027ve marked this task as done:\");","lastModifiedDate":"2023-02-16"},{"lineNumber":59,"author":{"gitId":"TJ-Hoo"},"content":"        System.out.println(tasks.get(index).toString());","lastModifiedDate":"2023-02-16"},{"lineNumber":60,"author":{"gitId":"TJ-Hoo"},"content":"    }","lastModifiedDate":"2023-02-01"},{"lineNumber":61,"author":{"gitId":"TJ-Hoo"},"content":"    private static void executeUnmarkAction(ArrayList\u003cTask\u003e tasks, String description) {","lastModifiedDate":"2023-02-16"},{"lineNumber":62,"author":{"gitId":"TJ-Hoo"},"content":"        Integer index \u003d Integer.parseInt(description) - 1;","lastModifiedDate":"2023-02-16"},{"lineNumber":63,"author":{"gitId":"TJ-Hoo"},"content":"        tasks.get(index).isCompleted \u003d false;","lastModifiedDate":"2023-02-16"},{"lineNumber":64,"author":{"gitId":"TJ-Hoo"},"content":"        System.out.println(\"OK, I\u0027ve marked this task as not done yet:\");","lastModifiedDate":"2023-02-16"},{"lineNumber":65,"author":{"gitId":"TJ-Hoo"},"content":"        System.out.println(tasks.get(index).toString());","lastModifiedDate":"2023-02-16"},{"lineNumber":66,"author":{"gitId":"TJ-Hoo"},"content":"    }","lastModifiedDate":"2023-02-16"},{"lineNumber":67,"author":{"gitId":"TJ-Hoo"},"content":"    private static void printAcknowledgement(ArrayList\u003cTask\u003e tasks) {","lastModifiedDate":"2023-02-16"},{"lineNumber":68,"author":{"gitId":"TJ-Hoo"},"content":"        int lastIndexOfTasks \u003d tasks.size() - 1;","lastModifiedDate":"2023-02-16"},{"lineNumber":69,"author":{"gitId":"TJ-Hoo"},"content":"        System.out.println(\"Got it. I\u0027ve added this task:\");","lastModifiedDate":"2023-02-01"},{"lineNumber":70,"author":{"gitId":"TJ-Hoo"},"content":"        System.out.println(tasks.get(lastIndexOfTasks).toString());","lastModifiedDate":"2023-02-16"},{"lineNumber":71,"author":{"gitId":"TJ-Hoo"},"content":"        if (tasks.size() \u003d\u003d 1){","lastModifiedDate":"2023-02-09"},{"lineNumber":72,"author":{"gitId":"TJ-Hoo"},"content":"            System.out.println(\"Now you have \" +tasks.size()+\" task in the list.\");","lastModifiedDate":"2023-02-09"},{"lineNumber":73,"author":{"gitId":"TJ-Hoo"},"content":"        } else {","lastModifiedDate":"2023-02-01"},{"lineNumber":74,"author":{"gitId":"TJ-Hoo"},"content":"            System.out.println(\"Now you have \" + tasks.size() + \" tasks in the list.\");","lastModifiedDate":"2023-02-09"},{"lineNumber":75,"author":{"gitId":"TJ-Hoo"},"content":"        }","lastModifiedDate":"2023-02-01"},{"lineNumber":76,"author":{"gitId":"TJ-Hoo"},"content":"    }","lastModifiedDate":"2023-02-01"},{"lineNumber":77,"author":{"gitId":"TJ-Hoo"},"content":"    private static void executeTodoAction(ArrayList\u003cTask\u003e tasks, String description) {","lastModifiedDate":"2023-02-16"},{"lineNumber":78,"author":{"gitId":"TJ-Hoo"},"content":"        try {","lastModifiedDate":"2023-02-16"},{"lineNumber":79,"author":{"gitId":"TJ-Hoo"},"content":"            addTodoToList(tasks, description);","lastModifiedDate":"2023-02-16"},{"lineNumber":80,"author":{"gitId":"TJ-Hoo"},"content":"            printAcknowledgement(tasks);","lastModifiedDate":"2023-02-16"},{"lineNumber":81,"author":{"gitId":"TJ-Hoo"},"content":"        } catch (Exception e){","lastModifiedDate":"2023-02-16"},{"lineNumber":82,"author":{"gitId":"TJ-Hoo"},"content":"            System.out.println(\"Unable to add todo: No tasks given.\");","lastModifiedDate":"2023-02-16"},{"lineNumber":83,"author":{"gitId":"TJ-Hoo"},"content":"        }","lastModifiedDate":"2023-02-16"},{"lineNumber":84,"author":{"gitId":"TJ-Hoo"},"content":"    }","lastModifiedDate":"2023-02-16"},{"lineNumber":85,"author":{"gitId":"TJ-Hoo"},"content":"    private static void addTodoToList(ArrayList\u003cTask\u003e tasks, String description) throws DukeException {","lastModifiedDate":"2023-02-16"},{"lineNumber":86,"author":{"gitId":"TJ-Hoo"},"content":"        if(description\u003d\u003d\"\"){","lastModifiedDate":"2023-02-16"},{"lineNumber":87,"author":{"gitId":"TJ-Hoo"},"content":"            throw new DukeException(new IllegalArgumentException());","lastModifiedDate":"2023-02-16"},{"lineNumber":88,"author":{"gitId":"TJ-Hoo"},"content":"        }","lastModifiedDate":"2023-02-16"},{"lineNumber":89,"author":{"gitId":"TJ-Hoo"},"content":"        tasks.add(new Todo(description));","lastModifiedDate":"2023-02-16"},{"lineNumber":90,"author":{"gitId":"TJ-Hoo"},"content":"    }","lastModifiedDate":"2023-02-16"},{"lineNumber":91,"author":{"gitId":"TJ-Hoo"},"content":"    private static void executeEventAction(ArrayList\u003cTask\u003e tasks, String description) {","lastModifiedDate":"2023-02-16"},{"lineNumber":92,"author":{"gitId":"TJ-Hoo"},"content":"        try {","lastModifiedDate":"2023-02-16"},{"lineNumber":93,"author":{"gitId":"TJ-Hoo"},"content":"            String[] indexArr \u003d splitDescriptionEvent(description);","lastModifiedDate":"2023-02-16"},{"lineNumber":94,"author":{"gitId":"TJ-Hoo"},"content":"            String name \u003d indexArr[0].trim();","lastModifiedDate":"2023-02-16"},{"lineNumber":95,"author":{"gitId":"TJ-Hoo"},"content":"            String fromDate \u003d indexArr[1].substring(5).trim();","lastModifiedDate":"2023-02-16"},{"lineNumber":96,"author":{"gitId":"TJ-Hoo"},"content":"            String toDate \u003d indexArr[2].substring(3).trim();","lastModifiedDate":"2023-02-16"},{"lineNumber":97,"author":{"gitId":"TJ-Hoo"},"content":"            tasks.add(new Event(description, fromDate, toDate));","lastModifiedDate":"2023-02-16"},{"lineNumber":98,"author":{"gitId":"TJ-Hoo"},"content":"            printAcknowledgement(tasks);","lastModifiedDate":"2023-02-16"},{"lineNumber":99,"author":{"gitId":"TJ-Hoo"},"content":"        }catch (DukeException e){","lastModifiedDate":"2023-02-16"},{"lineNumber":100,"author":{"gitId":"TJ-Hoo"},"content":"            System.out.println(\"Not enough commands to execute \\\"event\\\"\");","lastModifiedDate":"2023-02-16"},{"lineNumber":101,"author":{"gitId":"TJ-Hoo"},"content":"        }","lastModifiedDate":"2023-02-16"},{"lineNumber":102,"author":{"gitId":"TJ-Hoo"},"content":"    }","lastModifiedDate":"2023-02-16"},{"lineNumber":103,"author":{"gitId":"TJ-Hoo"},"content":"    private static String[] splitDescriptionEvent(String description) throws DukeException {","lastModifiedDate":"2023-02-16"},{"lineNumber":104,"author":{"gitId":"TJ-Hoo"},"content":"        String[] indexArr \u003d description.split(\"/\", 3);","lastModifiedDate":"2023-02-16"},{"lineNumber":105,"author":{"gitId":"TJ-Hoo"},"content":"        if(indexArr.length \u003c 3){","lastModifiedDate":"2023-02-16"},{"lineNumber":106,"author":{"gitId":"TJ-Hoo"},"content":"            throw new DukeException(new IllegalArgumentException());","lastModifiedDate":"2023-02-16"},{"lineNumber":107,"author":{"gitId":"TJ-Hoo"},"content":"        }","lastModifiedDate":"2023-02-16"},{"lineNumber":108,"author":{"gitId":"TJ-Hoo"},"content":"        return indexArr;","lastModifiedDate":"2023-02-16"},{"lineNumber":109,"author":{"gitId":"TJ-Hoo"},"content":"    }","lastModifiedDate":"2023-02-16"},{"lineNumber":110,"author":{"gitId":"TJ-Hoo"},"content":"    private static void executeDeadlineAction(ArrayList\u003cTask\u003e tasks, String description) {","lastModifiedDate":"2023-02-16"},{"lineNumber":111,"author":{"gitId":"TJ-Hoo"},"content":"        try {","lastModifiedDate":"2023-02-16"},{"lineNumber":112,"author":{"gitId":"TJ-Hoo"},"content":"            String[] indexArr \u003d splitDescriptionDeadline(description);","lastModifiedDate":"2023-02-16"},{"lineNumber":113,"author":{"gitId":"TJ-Hoo"},"content":"            String name \u003d indexArr[0].trim();","lastModifiedDate":"2023-02-16"},{"lineNumber":114,"author":{"gitId":"TJ-Hoo"},"content":"            String byDate \u003d indexArr[1].substring(3).trim();","lastModifiedDate":"2023-02-16"},{"lineNumber":115,"author":{"gitId":"TJ-Hoo"},"content":"            tasks.add(new Deadline(description, byDate));","lastModifiedDate":"2023-02-16"},{"lineNumber":116,"author":{"gitId":"TJ-Hoo"},"content":"            printAcknowledgement(tasks);","lastModifiedDate":"2023-02-16"},{"lineNumber":117,"author":{"gitId":"TJ-Hoo"},"content":"        }catch(DukeException e){","lastModifiedDate":"2023-02-16"},{"lineNumber":118,"author":{"gitId":"TJ-Hoo"},"content":"            System.out.println(\"Not enough commands to execute \\\"deadline\\\"\");","lastModifiedDate":"2023-02-16"},{"lineNumber":119,"author":{"gitId":"TJ-Hoo"},"content":"        }","lastModifiedDate":"2023-02-01"},{"lineNumber":120,"author":{"gitId":"TJ-Hoo"},"content":"    }","lastModifiedDate":"2023-01-31"},{"lineNumber":121,"author":{"gitId":"TJ-Hoo"},"content":"    private static String[] splitDescriptionDeadline(String description) throws DukeException {","lastModifiedDate":"2023-02-16"},{"lineNumber":122,"author":{"gitId":"TJ-Hoo"},"content":"        String[] indexArr \u003d description.split(\"/\", 2);","lastModifiedDate":"2023-02-16"},{"lineNumber":123,"author":{"gitId":"TJ-Hoo"},"content":"        if(indexArr.length \u003c 2){","lastModifiedDate":"2023-02-16"},{"lineNumber":124,"author":{"gitId":"TJ-Hoo"},"content":"            throw new DukeException(new IllegalArgumentException());","lastModifiedDate":"2023-02-16"},{"lineNumber":125,"author":{"gitId":"TJ-Hoo"},"content":"        }","lastModifiedDate":"2023-01-31"},{"lineNumber":126,"author":{"gitId":"TJ-Hoo"},"content":"        return indexArr;","lastModifiedDate":"2023-02-16"},{"lineNumber":127,"author":{"gitId":"-"},"content":"    }","lastModifiedDate":"2019-07-29"},{"lineNumber":128,"author":{"gitId":"-"},"content":"}","lastModifiedDate":"2019-07-29"}],"authorContributionMap":{"TJ-Hoo":124,"-":4}},{"path":"src/main/java/DukeException.java","fileType":"java","lines":[{"lineNumber":1,"author":{"gitId":"TJ-Hoo"},"content":"public class DukeException extends Exception {","lastModifiedDate":"2023-02-16"},{"lineNumber":2,"author":{"gitId":"TJ-Hoo"},"content":"\tpublic DukeException(Throwable cause) {","lastModifiedDate":"2023-02-16"},{"lineNumber":3,"author":{"gitId":"TJ-Hoo"},"content":"\t\tsuper(cause);","lastModifiedDate":"2023-02-16"},{"lineNumber":4,"author":{"gitId":"TJ-Hoo"},"content":"\t}","lastModifiedDate":"2023-02-16"},{"lineNumber":5,"author":{"gitId":"TJ-Hoo"},"content":"}","lastModifiedDate":"2023-02-16"}],"authorContributionMap":{"TJ-Hoo":5}},{"path":"src/main/java/Event.java","fileType":"java","lines":[{"lineNumber":1,"author":{"gitId":"TJ-Hoo"},"content":"public class Event extends Task {","lastModifiedDate":"2023-02-01"},{"lineNumber":2,"author":{"gitId":"TJ-Hoo"},"content":"\tprotected String startTime;","lastModifiedDate":"2023-02-01"},{"lineNumber":3,"author":{"gitId":"TJ-Hoo"},"content":"\tprotected String endTime;","lastModifiedDate":"2023-02-01"},{"lineNumber":4,"author":{"gitId":"TJ-Hoo"},"content":"","lastModifiedDate":"2023-02-01"},{"lineNumber":5,"author":{"gitId":"TJ-Hoo"},"content":"\tpublic Event(String info, String startTime, String endTime) {","lastModifiedDate":"2023-02-01"},{"lineNumber":6,"author":{"gitId":"TJ-Hoo"},"content":"\t\tsuper(info);","lastModifiedDate":"2023-02-01"},{"lineNumber":7,"author":{"gitId":"TJ-Hoo"},"content":"\t\tthis.startTime \u003d startTime;","lastModifiedDate":"2023-02-01"},{"lineNumber":8,"author":{"gitId":"TJ-Hoo"},"content":"\t\tthis.endTime \u003d endTime;","lastModifiedDate":"2023-02-01"},{"lineNumber":9,"author":{"gitId":"TJ-Hoo"},"content":"\t}","lastModifiedDate":"2023-02-01"},{"lineNumber":10,"author":{"gitId":"TJ-Hoo"},"content":"","lastModifiedDate":"2023-02-01"},{"lineNumber":11,"author":{"gitId":"TJ-Hoo"},"content":"\t@Override","lastModifiedDate":"2023-02-01"},{"lineNumber":12,"author":{"gitId":"TJ-Hoo"},"content":"\tpublic String toString() {","lastModifiedDate":"2023-02-01"},{"lineNumber":13,"author":{"gitId":"TJ-Hoo"},"content":"\t\treturn \"[E]\" + super.toString() + \"(from: \"  + startTime + \" to: \" + endTime + \")\";","lastModifiedDate":"2023-02-01"},{"lineNumber":14,"author":{"gitId":"TJ-Hoo"},"content":"\t}","lastModifiedDate":"2023-02-01"},{"lineNumber":15,"author":{"gitId":"TJ-Hoo"},"content":"}","lastModifiedDate":"2023-02-01"}],"authorContributionMap":{"TJ-Hoo":15}},{"path":"src/main/java/Task.java","fileType":"java","lines":[{"lineNumber":1,"author":{"gitId":"TJ-Hoo"},"content":"public class Task {","lastModifiedDate":"2023-01-31"},{"lineNumber":2,"author":{"gitId":"TJ-Hoo"},"content":"\tprotected String name;","lastModifiedDate":"2023-02-01"},{"lineNumber":3,"author":{"gitId":"TJ-Hoo"},"content":"\tprotected boolean isCompleted;","lastModifiedDate":"2023-02-01"},{"lineNumber":4,"author":{"gitId":"TJ-Hoo"},"content":"\tpublic Task(String info) {","lastModifiedDate":"2023-02-01"},{"lineNumber":5,"author":{"gitId":"TJ-Hoo"},"content":"\t\tthis.name \u003d info;","lastModifiedDate":"2023-02-01"},{"lineNumber":6,"author":{"gitId":"TJ-Hoo"},"content":"\t}","lastModifiedDate":"2023-02-01"},{"lineNumber":7,"author":{"gitId":"TJ-Hoo"},"content":"\tpublic Task(String info, boolean isCompleted) {","lastModifiedDate":"2023-02-01"},{"lineNumber":8,"author":{"gitId":"TJ-Hoo"},"content":"\t\tthis.name \u003d info;","lastModifiedDate":"2023-02-01"},{"lineNumber":9,"author":{"gitId":"TJ-Hoo"},"content":"\t\tisCompleted \u003d false;","lastModifiedDate":"2023-02-01"},{"lineNumber":10,"author":{"gitId":"TJ-Hoo"},"content":"\t}","lastModifiedDate":"2023-01-31"},{"lineNumber":11,"author":{"gitId":"TJ-Hoo"},"content":"\tpublic String toString () {","lastModifiedDate":"2023-02-01"},{"lineNumber":12,"author":{"gitId":"TJ-Hoo"},"content":"\t\treturn(isCompleted?\"[X]\"+this.name:\"[ ]\"+this.name);","lastModifiedDate":"2023-02-01"},{"lineNumber":13,"author":{"gitId":"TJ-Hoo"},"content":"\t}","lastModifiedDate":"2023-01-31"},{"lineNumber":14,"author":{"gitId":"TJ-Hoo"},"content":"}","lastModifiedDate":"2023-01-31"}],"authorContributionMap":{"TJ-Hoo":14}},{"path":"src/main/java/Todo.java","fileType":"java","lines":[{"lineNumber":1,"author":{"gitId":"TJ-Hoo"},"content":"public class Todo extends Task {","lastModifiedDate":"2023-02-01"},{"lineNumber":2,"author":{"gitId":"TJ-Hoo"},"content":"\tpublic Todo (String info) {","lastModifiedDate":"2023-02-01"},{"lineNumber":3,"author":{"gitId":"TJ-Hoo"},"content":"\t\tsuper (info);","lastModifiedDate":"2023-02-01"},{"lineNumber":4,"author":{"gitId":"TJ-Hoo"},"content":"\t}","lastModifiedDate":"2023-02-01"},{"lineNumber":5,"author":{"gitId":"TJ-Hoo"},"content":"\tpublic String toString() {","lastModifiedDate":"2023-02-01"},{"lineNumber":6,"author":{"gitId":"TJ-Hoo"},"content":"\t\treturn \"[T]\" + super.toString();","lastModifiedDate":"2023-02-01"},{"lineNumber":7,"author":{"gitId":"TJ-Hoo"},"content":"\t}","lastModifiedDate":"2023-02-01"},{"lineNumber":8,"author":{"gitId":"TJ-Hoo"},"content":"}","lastModifiedDate":"2023-02-01"}],"authorContributionMap":{"TJ-Hoo":8}}]
