[{"path":"src/main/java/Duke.java","fileType":"java","lines":[{"lineNumber":1,"author":{"gitId":"-"},"content":"public class Duke{","lastModifiedDate":"2019-07-29"},{"lineNumber":2,"author":{"gitId":"-"},"content":"    public static void main(String[] args){","lastModifiedDate":"2019-07-29"},{"lineNumber":3,"author":{"gitId":"leonghuenweng"},"content":"        String logo \u003d \"__________________________________\\nHello I\u0027m Duke\\nWhat can I do for you?\\n\\n__________________________________\\n\"","lastModifiedDate":"2023-01-25"},{"lineNumber":4,"author":{"gitId":"leonghuenweng"},"content":"                +\"Bye. Hope to see you again soon!\\n\\n__________________________________\";","lastModifiedDate":"2023-01-25"},{"lineNumber":5,"author":{"gitId":"leonghuenweng"},"content":"        System.out.println(logo);","lastModifiedDate":"2023-01-25"},{"lineNumber":6,"author":{"gitId":"-"},"content":"    }","lastModifiedDate":"2019-07-29"},{"lineNumber":7,"author":{"gitId":"-"},"content":"}","lastModifiedDate":"2019-07-29"},{"lineNumber":8,"author":{"gitId":"leonghuenweng"},"content":"","lastModifiedDate":"2023-01-25"},{"lineNumber":9,"author":{"gitId":"leonghuenweng"},"content":"","lastModifiedDate":"2023-01-25"}],"authorContributionMap":{"leonghuenweng":5,"-":4}}]
