[{"path":"src/main/java/Deadline.java","fileType":"java","lines":[{"lineNumber":1,"author":{"gitId":"leonghuenweng"},"content":"import java.util.Arrays;","lastModifiedDate":"2023-02-03"},{"lineNumber":2,"author":{"gitId":"leonghuenweng"},"content":"","lastModifiedDate":"2023-02-03"},{"lineNumber":3,"author":{"gitId":"leonghuenweng"},"content":"public class Deadline extends Task{","lastModifiedDate":"2023-02-03"},{"lineNumber":4,"author":{"gitId":"leonghuenweng"},"content":"    public String dueDate \u003d new String();","lastModifiedDate":"2023-02-03"},{"lineNumber":5,"author":{"gitId":"leonghuenweng"},"content":"","lastModifiedDate":"2023-02-03"},{"lineNumber":6,"author":{"gitId":"leonghuenweng"},"content":"    public Deadline(String taskName,int taskNumber,String by){","lastModifiedDate":"2023-02-03"},{"lineNumber":7,"author":{"gitId":"leonghuenweng"},"content":"        super(taskName,taskNumber);","lastModifiedDate":"2023-02-03"},{"lineNumber":8,"author":{"gitId":"leonghuenweng"},"content":"        dueDate \u003d by;","lastModifiedDate":"2023-02-03"},{"lineNumber":9,"author":{"gitId":"leonghuenweng"},"content":"        description \u003d \"  [D]\"+this.getDoneString()+\" \"+this.taskName+\" (by: \"+this.dueDate+\")\";","lastModifiedDate":"2023-02-03"},{"lineNumber":10,"author":{"gitId":"leonghuenweng"},"content":"","lastModifiedDate":"2023-02-03"},{"lineNumber":11,"author":{"gitId":"leonghuenweng"},"content":"    }","lastModifiedDate":"2023-02-03"},{"lineNumber":12,"author":{"gitId":"leonghuenweng"},"content":"","lastModifiedDate":"2023-02-03"},{"lineNumber":13,"author":{"gitId":"leonghuenweng"},"content":"    public static String readName(String input){","lastModifiedDate":"2023-02-03"},{"lineNumber":14,"author":{"gitId":"leonghuenweng"},"content":"        //[\"deadline return book\",\"by sunday\"]","lastModifiedDate":"2023-02-03"},{"lineNumber":15,"author":{"gitId":"leonghuenweng"},"content":"        String[] splitByForwardSlash \u003d input.split(\"/\");","lastModifiedDate":"2023-02-03"},{"lineNumber":16,"author":{"gitId":"leonghuenweng"},"content":"        return (splitByForwardSlash[0].substring(9)).trim();","lastModifiedDate":"2023-02-03"},{"lineNumber":17,"author":{"gitId":"leonghuenweng"},"content":"    }","lastModifiedDate":"2023-02-03"},{"lineNumber":18,"author":{"gitId":"leonghuenweng"},"content":"    public static String readBy(String input){","lastModifiedDate":"2023-02-03"},{"lineNumber":19,"author":{"gitId":"leonghuenweng"},"content":"        //[\"deadline return book\",\"by Sunday\"]","lastModifiedDate":"2023-02-03"},{"lineNumber":20,"author":{"gitId":"leonghuenweng"},"content":"        String[] splitByForwardSlash \u003d input.split(\"/\");","lastModifiedDate":"2023-02-03"},{"lineNumber":21,"author":{"gitId":"leonghuenweng"},"content":"        //[\"by\",\"Sunday\"]","lastModifiedDate":"2023-02-03"},{"lineNumber":22,"author":{"gitId":"leonghuenweng"},"content":"        String[] splitBySpace \u003d splitByForwardSlash[1].split(\" \");","lastModifiedDate":"2023-02-03"},{"lineNumber":23,"author":{"gitId":"leonghuenweng"},"content":"        return splitBySpace[1];","lastModifiedDate":"2023-02-03"},{"lineNumber":24,"author":{"gitId":"leonghuenweng"},"content":"    }","lastModifiedDate":"2023-02-03"},{"lineNumber":25,"author":{"gitId":"leonghuenweng"},"content":"","lastModifiedDate":"2023-02-03"},{"lineNumber":26,"author":{"gitId":"leonghuenweng"},"content":"    @Override","lastModifiedDate":"2023-02-03"},{"lineNumber":27,"author":{"gitId":"leonghuenweng"},"content":"    public void updateTaskDescription(){","lastModifiedDate":"2023-02-03"},{"lineNumber":28,"author":{"gitId":"leonghuenweng"},"content":"        this.description \u003d \"  [D]\"+this.getDoneString()+\" \"+this.taskName+\" (by: \"+this.dueDate+\")\";","lastModifiedDate":"2023-02-03"},{"lineNumber":29,"author":{"gitId":"leonghuenweng"},"content":"    }","lastModifiedDate":"2023-02-03"},{"lineNumber":30,"author":{"gitId":"leonghuenweng"},"content":"}","lastModifiedDate":"2023-02-03"}],"authorContributionMap":{"leonghuenweng":30}},{"path":"src/main/java/Duke.java","fileType":"java","lines":[{"lineNumber":1,"author":{"gitId":"leonghuenweng"},"content":"import java.util.Scanner;","lastModifiedDate":"2023-01-30"},{"lineNumber":2,"author":{"gitId":"leonghuenweng"},"content":"import java.util.Arrays;","lastModifiedDate":"2023-01-30"},{"lineNumber":3,"author":{"gitId":"leonghuenweng"},"content":"import java.util.ArrayList;","lastModifiedDate":"2023-01-30"},{"lineNumber":4,"author":{"gitId":"-"},"content":"public class Duke{","lastModifiedDate":"2019-07-29"},{"lineNumber":5,"author":{"gitId":"-"},"content":"    public static void main(String[] args) {","lastModifiedDate":"2019-07-29"},{"lineNumber":6,"author":{"gitId":"leonghuenweng"},"content":"        String DASH \u003d \"__________________________________\";","lastModifiedDate":"2023-02-03"},{"lineNumber":7,"author":{"gitId":"leonghuenweng"},"content":"        String greet \u003d DASH + \"\\nHello I\u0027m Duke\\nWhat can I do for you?\\n\" + DASH;","lastModifiedDate":"2023-02-03"},{"lineNumber":8,"author":{"gitId":"leonghuenweng"},"content":"        System.out.println(greet);","lastModifiedDate":"2023-01-30"},{"lineNumber":9,"author":{"gitId":"leonghuenweng"},"content":"","lastModifiedDate":"2023-01-30"},{"lineNumber":10,"author":{"gitId":"leonghuenweng"},"content":"","lastModifiedDate":"2023-01-30"},{"lineNumber":11,"author":{"gitId":"leonghuenweng"},"content":"        while (true) {","lastModifiedDate":"2023-01-30"},{"lineNumber":12,"author":{"gitId":"leonghuenweng"},"content":"            Scanner scan \u003d new Scanner(System.in);","lastModifiedDate":"2023-01-30"},{"lineNumber":13,"author":{"gitId":"leonghuenweng"},"content":"            String input \u003d scan.nextLine();","lastModifiedDate":"2023-01-30"},{"lineNumber":14,"author":{"gitId":"leonghuenweng"},"content":"            String[] inputSplitBySpace \u003d input.split(\" \");","lastModifiedDate":"2023-02-03"},{"lineNumber":15,"author":{"gitId":"leonghuenweng"},"content":"","lastModifiedDate":"2023-02-03"},{"lineNumber":16,"author":{"gitId":"leonghuenweng"},"content":"            if(inputSplitBySpace[0].equals(\"todo\")){","lastModifiedDate":"2023-02-03"},{"lineNumber":17,"author":{"gitId":"leonghuenweng"},"content":"                ToDo todo \u003d new ToDo(input.substring(5), Task.lastIndex+1);","lastModifiedDate":"2023-02-03"},{"lineNumber":18,"author":{"gitId":"leonghuenweng"},"content":"                Task.addToTaskArrayList(todo);","lastModifiedDate":"2023-02-03"},{"lineNumber":19,"author":{"gitId":"leonghuenweng"},"content":"                todo.acknowledgeTaskAdded();","lastModifiedDate":"2023-02-03"},{"lineNumber":20,"author":{"gitId":"leonghuenweng"},"content":"            }","lastModifiedDate":"2023-02-03"},{"lineNumber":21,"author":{"gitId":"leonghuenweng"},"content":"            else if(inputSplitBySpace[0].equals(\"deadline\")){","lastModifiedDate":"2023-02-03"},{"lineNumber":22,"author":{"gitId":"leonghuenweng"},"content":"                Deadline deadline \u003d new Deadline(Deadline.readName(input),Task.lastIndex+1,Deadline.readBy(input));","lastModifiedDate":"2023-02-03"},{"lineNumber":23,"author":{"gitId":"leonghuenweng"},"content":"                Task.addToTaskArrayList(deadline);","lastModifiedDate":"2023-02-03"},{"lineNumber":24,"author":{"gitId":"leonghuenweng"},"content":"                deadline.acknowledgeTaskAdded();","lastModifiedDate":"2023-02-03"},{"lineNumber":25,"author":{"gitId":"leonghuenweng"},"content":"            }","lastModifiedDate":"2023-02-03"},{"lineNumber":26,"author":{"gitId":"leonghuenweng"},"content":"            else if(inputSplitBySpace[0].equals(\"event\")){","lastModifiedDate":"2023-02-03"},{"lineNumber":27,"author":{"gitId":"leonghuenweng"},"content":"                String fromString \u003d Event.readFromTo(input)[0];","lastModifiedDate":"2023-02-03"},{"lineNumber":28,"author":{"gitId":"leonghuenweng"},"content":"                String toString \u003d Event.readFromTo(input)[1];","lastModifiedDate":"2023-02-03"},{"lineNumber":29,"author":{"gitId":"leonghuenweng"},"content":"                Event event \u003d new Event(Event.readName(input),Task.lastIndex+1,fromString,toString);","lastModifiedDate":"2023-02-03"},{"lineNumber":30,"author":{"gitId":"leonghuenweng"},"content":"                Task.addToTaskArrayList(event);","lastModifiedDate":"2023-02-03"},{"lineNumber":31,"author":{"gitId":"leonghuenweng"},"content":"                event.acknowledgeTaskAdded();","lastModifiedDate":"2023-02-03"},{"lineNumber":32,"author":{"gitId":"leonghuenweng"},"content":"            }","lastModifiedDate":"2023-02-03"},{"lineNumber":33,"author":{"gitId":"leonghuenweng"},"content":"            else if(inputSplitBySpace[0].equals(\"mark\")|inputSplitBySpace[0].equals(\"unmark\")){","lastModifiedDate":"2023-02-03"},{"lineNumber":34,"author":{"gitId":"leonghuenweng"},"content":"                int indexToMark \u003d Integer.parseInt(inputSplitBySpace[1]);","lastModifiedDate":"2023-02-03"},{"lineNumber":35,"author":{"gitId":"leonghuenweng"},"content":"","lastModifiedDate":"2023-02-03"},{"lineNumber":36,"author":{"gitId":"leonghuenweng"},"content":"                Task.markOrUnmark(indexToMark);","lastModifiedDate":"2023-02-03"},{"lineNumber":37,"author":{"gitId":"leonghuenweng"},"content":"            }","lastModifiedDate":"2023-01-30"},{"lineNumber":38,"author":{"gitId":"leonghuenweng"},"content":"            else if (input.equals(\"bye\")) {","lastModifiedDate":"2023-01-30"},{"lineNumber":39,"author":{"gitId":"leonghuenweng"},"content":"                System.out.println(DASH + \"\\nBye. Hope to see you again soon!\\n\" + DASH);","lastModifiedDate":"2023-02-03"},{"lineNumber":40,"author":{"gitId":"leonghuenweng"},"content":"                break;","lastModifiedDate":"2023-01-30"},{"lineNumber":41,"author":{"gitId":"leonghuenweng"},"content":"            }","lastModifiedDate":"2023-01-30"},{"lineNumber":42,"author":{"gitId":"leonghuenweng"},"content":"            else if (input.equals(\"list\")) {","lastModifiedDate":"2023-01-30"},{"lineNumber":43,"author":{"gitId":"leonghuenweng"},"content":"                Task.printList();","lastModifiedDate":"2023-02-03"},{"lineNumber":44,"author":{"gitId":"leonghuenweng"},"content":"            }","lastModifiedDate":"2023-01-30"},{"lineNumber":45,"author":{"gitId":"leonghuenweng"},"content":"            else {","lastModifiedDate":"2023-01-30"},{"lineNumber":46,"author":{"gitId":"leonghuenweng"},"content":"                System.out.println(\"There is no such command!\");","lastModifiedDate":"2023-02-03"},{"lineNumber":47,"author":{"gitId":"leonghuenweng"},"content":"            }","lastModifiedDate":"2023-01-30"},{"lineNumber":48,"author":{"gitId":"leonghuenweng"},"content":"        }","lastModifiedDate":"2023-01-30"},{"lineNumber":49,"author":{"gitId":"-"},"content":"    }","lastModifiedDate":"2019-07-29"},{"lineNumber":50,"author":{"gitId":"leonghuenweng"},"content":"","lastModifiedDate":"2023-01-30"},{"lineNumber":51,"author":{"gitId":"leonghuenweng"},"content":"","lastModifiedDate":"2023-01-30"},{"lineNumber":52,"author":{"gitId":"-"},"content":"}","lastModifiedDate":"2019-07-29"},{"lineNumber":53,"author":{"gitId":"leonghuenweng"},"content":"","lastModifiedDate":"2023-01-25"},{"lineNumber":54,"author":{"gitId":"leonghuenweng"},"content":"","lastModifiedDate":"2023-01-25"}],"authorContributionMap":{"leonghuenweng":50,"-":4}},{"path":"src/main/java/Event.java","fileType":"java","lines":[{"lineNumber":1,"author":{"gitId":"leonghuenweng"},"content":"import java.util.Arrays;","lastModifiedDate":"2023-02-03"},{"lineNumber":2,"author":{"gitId":"leonghuenweng"},"content":"","lastModifiedDate":"2023-02-03"},{"lineNumber":3,"author":{"gitId":"leonghuenweng"},"content":"public class Event extends Task{","lastModifiedDate":"2023-02-03"},{"lineNumber":4,"author":{"gitId":"leonghuenweng"},"content":"    private String from\u003dnew String();","lastModifiedDate":"2023-02-03"},{"lineNumber":5,"author":{"gitId":"leonghuenweng"},"content":"    private String to\u003dnew String();","lastModifiedDate":"2023-02-03"},{"lineNumber":6,"author":{"gitId":"leonghuenweng"},"content":"    public Event(String taskName,int taskNumber,String from,String to){","lastModifiedDate":"2023-02-03"},{"lineNumber":7,"author":{"gitId":"leonghuenweng"},"content":"        super(taskName,taskNumber);","lastModifiedDate":"2023-02-03"},{"lineNumber":8,"author":{"gitId":"leonghuenweng"},"content":"        this.from\u003dfrom;","lastModifiedDate":"2023-02-03"},{"lineNumber":9,"author":{"gitId":"leonghuenweng"},"content":"        this.to\u003dto;","lastModifiedDate":"2023-02-03"},{"lineNumber":10,"author":{"gitId":"leonghuenweng"},"content":"        description \u003d \"  [E]\"+this.getDoneString()+\" \"+this.taskName+\" (from: \"+this.from +\" to: \"+this.to+\")\";","lastModifiedDate":"2023-02-03"},{"lineNumber":11,"author":{"gitId":"leonghuenweng"},"content":"","lastModifiedDate":"2023-02-03"},{"lineNumber":12,"author":{"gitId":"leonghuenweng"},"content":"    }","lastModifiedDate":"2023-02-03"},{"lineNumber":13,"author":{"gitId":"leonghuenweng"},"content":"","lastModifiedDate":"2023-02-03"},{"lineNumber":14,"author":{"gitId":"leonghuenweng"},"content":"    public static String readName(String input){","lastModifiedDate":"2023-02-03"},{"lineNumber":15,"author":{"gitId":"leonghuenweng"},"content":"        //[\"event project meeting\",\"from Mon 2pm\",\"to 4pm\"]","lastModifiedDate":"2023-02-03"},{"lineNumber":16,"author":{"gitId":"leonghuenweng"},"content":"        String[] splitByForwardSlash \u003d input.split(\"/\");","lastModifiedDate":"2023-02-03"},{"lineNumber":17,"author":{"gitId":"leonghuenweng"},"content":"        return (splitByForwardSlash[0].substring(6)).trim();","lastModifiedDate":"2023-02-03"},{"lineNumber":18,"author":{"gitId":"leonghuenweng"},"content":"    }","lastModifiedDate":"2023-02-03"},{"lineNumber":19,"author":{"gitId":"leonghuenweng"},"content":"","lastModifiedDate":"2023-02-03"},{"lineNumber":20,"author":{"gitId":"leonghuenweng"},"content":"    public static String[] readFromTo(String input){","lastModifiedDate":"2023-02-03"},{"lineNumber":21,"author":{"gitId":"leonghuenweng"},"content":"        //[\"event project meeting\",\"from Mon 2pm \",\"to 4pm\"]","lastModifiedDate":"2023-02-03"},{"lineNumber":22,"author":{"gitId":"leonghuenweng"},"content":"        String[] splitByForwardSlash \u003d input.split(\"/\");","lastModifiedDate":"2023-02-03"},{"lineNumber":23,"author":{"gitId":"leonghuenweng"},"content":"        //\"Mon 2pm\"","lastModifiedDate":"2023-02-03"},{"lineNumber":24,"author":{"gitId":"leonghuenweng"},"content":"        String fromString \u003d splitByForwardSlash[1].substring(5).trim();","lastModifiedDate":"2023-02-03"},{"lineNumber":25,"author":{"gitId":"leonghuenweng"},"content":"        //\"4pm\"","lastModifiedDate":"2023-02-03"},{"lineNumber":26,"author":{"gitId":"leonghuenweng"},"content":"        String toString \u003d splitByForwardSlash[2].substring(3).trim();","lastModifiedDate":"2023-02-03"},{"lineNumber":27,"author":{"gitId":"leonghuenweng"},"content":"","lastModifiedDate":"2023-02-03"},{"lineNumber":28,"author":{"gitId":"leonghuenweng"},"content":"        String[] fromToArray \u003d new String[2];","lastModifiedDate":"2023-02-03"},{"lineNumber":29,"author":{"gitId":"leonghuenweng"},"content":"        fromToArray[0]\u003dfromString;","lastModifiedDate":"2023-02-03"},{"lineNumber":30,"author":{"gitId":"leonghuenweng"},"content":"        fromToArray[1]\u003dtoString;","lastModifiedDate":"2023-02-03"},{"lineNumber":31,"author":{"gitId":"leonghuenweng"},"content":"        return fromToArray;","lastModifiedDate":"2023-02-03"},{"lineNumber":32,"author":{"gitId":"leonghuenweng"},"content":"    }","lastModifiedDate":"2023-02-03"},{"lineNumber":33,"author":{"gitId":"leonghuenweng"},"content":"","lastModifiedDate":"2023-02-03"},{"lineNumber":34,"author":{"gitId":"leonghuenweng"},"content":"    @Override","lastModifiedDate":"2023-02-03"},{"lineNumber":35,"author":{"gitId":"leonghuenweng"},"content":"    public void updateTaskDescription(){","lastModifiedDate":"2023-02-03"},{"lineNumber":36,"author":{"gitId":"leonghuenweng"},"content":"        this.description \u003d \"  [E]\"+this.getDoneString()+\" \"+this.taskName+\" (from: \"+this.from +\" to: \"+this.to+\")\";","lastModifiedDate":"2023-02-03"},{"lineNumber":37,"author":{"gitId":"leonghuenweng"},"content":"    }","lastModifiedDate":"2023-02-03"},{"lineNumber":38,"author":{"gitId":"leonghuenweng"},"content":"}","lastModifiedDate":"2023-02-03"}],"authorContributionMap":{"leonghuenweng":38}},{"path":"src/main/java/Task.java","fileType":"java","lines":[{"lineNumber":1,"author":{"gitId":"leonghuenweng"},"content":"import java.util.ArrayList;","lastModifiedDate":"2023-02-03"},{"lineNumber":2,"author":{"gitId":"leonghuenweng"},"content":"import java.util.Arrays;","lastModifiedDate":"2023-02-03"},{"lineNumber":3,"author":{"gitId":"leonghuenweng"},"content":"","lastModifiedDate":"2023-02-03"},{"lineNumber":4,"author":{"gitId":"leonghuenweng"},"content":"public class Task {","lastModifiedDate":"2023-01-30"},{"lineNumber":5,"author":{"gitId":"leonghuenweng"},"content":"    //class level attributes","lastModifiedDate":"2023-02-03"},{"lineNumber":6,"author":{"gitId":"leonghuenweng"},"content":"    private static Task[] taskArray \u003d new Task[100];","lastModifiedDate":"2023-02-03"},{"lineNumber":7,"author":{"gitId":"leonghuenweng"},"content":"    public static int lastIndex \u003d 0;","lastModifiedDate":"2023-02-03"},{"lineNumber":8,"author":{"gitId":"leonghuenweng"},"content":"    public static String DASH \u003d \"__________________________________\";","lastModifiedDate":"2023-02-03"},{"lineNumber":9,"author":{"gitId":"leonghuenweng"},"content":"","lastModifiedDate":"2023-02-03"},{"lineNumber":10,"author":{"gitId":"leonghuenweng"},"content":"    //instance level attributes","lastModifiedDate":"2023-02-03"},{"lineNumber":11,"author":{"gitId":"leonghuenweng"},"content":"    protected boolean isDone\u003dfalse;","lastModifiedDate":"2023-02-03"},{"lineNumber":12,"author":{"gitId":"leonghuenweng"},"content":"    protected String taskName \u003d new String();","lastModifiedDate":"2023-02-03"},{"lineNumber":13,"author":{"gitId":"leonghuenweng"},"content":"    protected int taskNumber;","lastModifiedDate":"2023-02-03"},{"lineNumber":14,"author":{"gitId":"leonghuenweng"},"content":"    protected String description \u003d new String();","lastModifiedDate":"2023-02-03"},{"lineNumber":15,"author":{"gitId":"leonghuenweng"},"content":"","lastModifiedDate":"2023-02-03"},{"lineNumber":16,"author":{"gitId":"leonghuenweng"},"content":"    public Task(String taskName,int taskNumber){","lastModifiedDate":"2023-02-03"},{"lineNumber":17,"author":{"gitId":"leonghuenweng"},"content":"        this.taskName \u003d taskName;","lastModifiedDate":"2023-02-03"},{"lineNumber":18,"author":{"gitId":"leonghuenweng"},"content":"        this.taskNumber \u003dtaskNumber;","lastModifiedDate":"2023-02-03"},{"lineNumber":19,"author":{"gitId":"leonghuenweng"},"content":"    }","lastModifiedDate":"2023-02-03"},{"lineNumber":20,"author":{"gitId":"leonghuenweng"},"content":"","lastModifiedDate":"2023-02-03"},{"lineNumber":21,"author":{"gitId":"leonghuenweng"},"content":"    public static void addToTaskArrayList(Task taskToBeAdded){","lastModifiedDate":"2023-02-03"},{"lineNumber":22,"author":{"gitId":"leonghuenweng"},"content":"        taskArray[lastIndex]\u003dtaskToBeAdded;","lastModifiedDate":"2023-02-03"},{"lineNumber":23,"author":{"gitId":"leonghuenweng"},"content":"        lastIndex++;","lastModifiedDate":"2023-02-03"},{"lineNumber":24,"author":{"gitId":"leonghuenweng"},"content":"    }","lastModifiedDate":"2023-02-03"},{"lineNumber":25,"author":{"gitId":"leonghuenweng"},"content":"","lastModifiedDate":"2023-02-03"},{"lineNumber":26,"author":{"gitId":"leonghuenweng"},"content":"    public static void markOrUnmark(int taskIndex){","lastModifiedDate":"2023-02-03"},{"lineNumber":27,"author":{"gitId":"leonghuenweng"},"content":"        taskArray[taskIndex-1].isDone \u003d (!taskArray[taskIndex - 1].isDone);","lastModifiedDate":"2023-02-03"},{"lineNumber":28,"author":{"gitId":"leonghuenweng"},"content":"        taskArray[taskIndex-1].updateTaskDescription();","lastModifiedDate":"2023-02-03"},{"lineNumber":29,"author":{"gitId":"leonghuenweng"},"content":"        System.out.println(DASH+\"\\nNice! I\u0027ve marked this task as done:\\n\"+taskArray[taskIndex-1].description+\"\\n\"+DASH);","lastModifiedDate":"2023-02-03"},{"lineNumber":30,"author":{"gitId":"leonghuenweng"},"content":"    }","lastModifiedDate":"2023-02-03"},{"lineNumber":31,"author":{"gitId":"leonghuenweng"},"content":"","lastModifiedDate":"2023-02-03"},{"lineNumber":32,"author":{"gitId":"leonghuenweng"},"content":"    public static void printList(){","lastModifiedDate":"2023-02-03"},{"lineNumber":33,"author":{"gitId":"leonghuenweng"},"content":"        System.out.println(DASH+\"\\nHere are the tasks in your list:\");","lastModifiedDate":"2023-02-03"},{"lineNumber":34,"author":{"gitId":"leonghuenweng"},"content":"        for(int index \u003d 0;index\u003cTask.lastIndex;index++){","lastModifiedDate":"2023-02-03"},{"lineNumber":35,"author":{"gitId":"leonghuenweng"},"content":"            System.out.println(Integer.toString(index+1)+\".\"+taskArray[index].description);","lastModifiedDate":"2023-02-03"},{"lineNumber":36,"author":{"gitId":"leonghuenweng"},"content":"        }","lastModifiedDate":"2023-02-03"},{"lineNumber":37,"author":{"gitId":"leonghuenweng"},"content":"        System.out.println(DASH + \"\\n\");","lastModifiedDate":"2023-02-03"},{"lineNumber":38,"author":{"gitId":"leonghuenweng"},"content":"    }","lastModifiedDate":"2023-02-03"},{"lineNumber":39,"author":{"gitId":"leonghuenweng"},"content":"","lastModifiedDate":"2023-02-03"},{"lineNumber":40,"author":{"gitId":"leonghuenweng"},"content":"    public void acknowledgeTaskAdded(){","lastModifiedDate":"2023-02-03"},{"lineNumber":41,"author":{"gitId":"leonghuenweng"},"content":"        String totalNumberOfTasks\u003dInteger.toString(Task.lastIndex);","lastModifiedDate":"2023-02-03"},{"lineNumber":42,"author":{"gitId":"leonghuenweng"},"content":"        System.out.println(DASH+\"\\nGot it. I\u0027ve added this task:\\n\"+this.description+\"\\nNow you have \"+","lastModifiedDate":"2023-02-03"},{"lineNumber":43,"author":{"gitId":"leonghuenweng"},"content":"                totalNumberOfTasks+\" tasks in the list.\\n\"+DASH);","lastModifiedDate":"2023-02-03"},{"lineNumber":44,"author":{"gitId":"leonghuenweng"},"content":"","lastModifiedDate":"2023-01-30"},{"lineNumber":45,"author":{"gitId":"leonghuenweng"},"content":"    }","lastModifiedDate":"2023-01-30"},{"lineNumber":46,"author":{"gitId":"leonghuenweng"},"content":"","lastModifiedDate":"2023-01-30"},{"lineNumber":47,"author":{"gitId":"leonghuenweng"},"content":"    public String getDoneString(){","lastModifiedDate":"2023-02-03"},{"lineNumber":48,"author":{"gitId":"leonghuenweng"},"content":"        return this.isDone?\"[X]\":\"[ ]\";","lastModifiedDate":"2023-02-03"},{"lineNumber":49,"author":{"gitId":"leonghuenweng"},"content":"    }","lastModifiedDate":"2023-02-03"},{"lineNumber":50,"author":{"gitId":"leonghuenweng"},"content":"","lastModifiedDate":"2023-01-30"},{"lineNumber":51,"author":{"gitId":"leonghuenweng"},"content":"    //to be overridden by subclasses","lastModifiedDate":"2023-02-03"},{"lineNumber":52,"author":{"gitId":"leonghuenweng"},"content":"    public void updateTaskDescription(){","lastModifiedDate":"2023-02-03"},{"lineNumber":53,"author":{"gitId":"leonghuenweng"},"content":"","lastModifiedDate":"2023-02-03"},{"lineNumber":54,"author":{"gitId":"leonghuenweng"},"content":"    }","lastModifiedDate":"2023-02-03"},{"lineNumber":55,"author":{"gitId":"leonghuenweng"},"content":"}","lastModifiedDate":"2023-01-30"},{"lineNumber":56,"author":{"gitId":"leonghuenweng"},"content":"//test cases","lastModifiedDate":"2023-02-03"},{"lineNumber":57,"author":{"gitId":"leonghuenweng"},"content":"//todo SHawn: Answer CS2113 Tutorial Questions","lastModifiedDate":"2023-02-03"},{"lineNumber":58,"author":{"gitId":"leonghuenweng"},"content":"","lastModifiedDate":"2023-02-03"},{"lineNumber":59,"author":{"gitId":"leonghuenweng"},"content":"//deadline weekly CS2113 quiz /by Monday 9pm","lastModifiedDate":"2023-02-03"},{"lineNumber":60,"author":{"gitId":"leonghuenweng"},"content":"","lastModifiedDate":"2023-02-03"},{"lineNumber":61,"author":{"gitId":"leonghuenweng"},"content":"//list","lastModifiedDate":"2023-02-03"},{"lineNumber":62,"author":{"gitId":"leonghuenweng"},"content":"","lastModifiedDate":"2023-02-03"},{"lineNumber":63,"author":{"gitId":"leonghuenweng"},"content":"//event CS2113 lecture /from Friday 4pm /to 6pm","lastModifiedDate":"2023-02-03"},{"lineNumber":64,"author":{"gitId":"leonghuenweng"},"content":"","lastModifiedDate":"2023-02-03"},{"lineNumber":65,"author":{"gitId":"leonghuenweng"},"content":"//mark 1","lastModifiedDate":"2023-02-03"},{"lineNumber":66,"author":{"gitId":"leonghuenweng"},"content":"","lastModifiedDate":"2023-02-03"},{"lineNumber":67,"author":{"gitId":"leonghuenweng"},"content":"//list","lastModifiedDate":"2023-02-03"}],"authorContributionMap":{"leonghuenweng":67}},{"path":"src/main/java/ToDo.java","fileType":"java","lines":[{"lineNumber":1,"author":{"gitId":"leonghuenweng"},"content":"public class ToDo extends Task{","lastModifiedDate":"2023-02-03"},{"lineNumber":2,"author":{"gitId":"leonghuenweng"},"content":"    public ToDo(String taskName,int number){","lastModifiedDate":"2023-02-03"},{"lineNumber":3,"author":{"gitId":"leonghuenweng"},"content":"        super(taskName,number);","lastModifiedDate":"2023-02-03"},{"lineNumber":4,"author":{"gitId":"leonghuenweng"},"content":"        this.description \u003d\"  [T]\"+this.getDoneString()+\" \"+this.taskName;","lastModifiedDate":"2023-02-03"},{"lineNumber":5,"author":{"gitId":"leonghuenweng"},"content":"    }","lastModifiedDate":"2023-02-03"},{"lineNumber":6,"author":{"gitId":"leonghuenweng"},"content":"","lastModifiedDate":"2023-02-03"},{"lineNumber":7,"author":{"gitId":"leonghuenweng"},"content":"    @Override","lastModifiedDate":"2023-02-03"},{"lineNumber":8,"author":{"gitId":"leonghuenweng"},"content":"    public void updateTaskDescription(){","lastModifiedDate":"2023-02-03"},{"lineNumber":9,"author":{"gitId":"leonghuenweng"},"content":"        this.description \u003d \"  [T]\"+this.getDoneString()+\" \"+this.taskName;","lastModifiedDate":"2023-02-03"},{"lineNumber":10,"author":{"gitId":"leonghuenweng"},"content":"    }","lastModifiedDate":"2023-02-03"},{"lineNumber":11,"author":{"gitId":"leonghuenweng"},"content":"}","lastModifiedDate":"2023-02-03"}],"authorContributionMap":{"leonghuenweng":11}}]
