{"authorDailyContributionsMap":{"leonghuenweng":[{"date":"2023-01-25","commitResults":[{"hash":"27c928e66ef42eb079632361b8b785375f87b796","messageTitle":"implemented greet function","messageBody":"","tags":["Level-0,Greet"],"fileTypesAndContributionMap":{"java":{"insertions":7,"deletions":8}}}]},{"date":"2023-01-30","commitResults":[{"hash":"f634a36d3b856441828adaa5a9eaaea12bec5a0a","messageTitle":"implemented greet, echo, exit functions","messageBody":"","tags":["Level-1,Greet,Echo,Exit"],"fileTypesAndContributionMap":{"java":{"insertions":16,"deletions":3}}},{"hash":"beb0e26d964f3324f4d073653c62786890d0f1d3","messageTitle":"Implemented Add, List function","messageBody":"","tags":["Level-2,Add,List"],"fileTypesAndContributionMap":{"java":{"insertions":15,"deletions":1}}},{"hash":"2596c2baa1d7420335052be21faaf8397bdc923f","messageTitle":"implemented \"mark as done\" function","messageBody":"","tags":["Level-3,Mark_as_done"],"fileTypesAndContributionMap":{"java":{"insertions":82,"deletions":18}}}]},{"date":"2023-02-03","commitResults":[{"hash":"04d40de268a655815ab15c27cbf5718becab13af","messageTitle":"implemented deadline, event and to do classes","messageBody":"","tags":["Level-4,todo,event,deadline","A-CodingStandard","A-CodeQuality"],"fileTypesAndContributionMap":{"java":{"insertions":168,"deletions":68}}}]},{"date":"2023-02-06","commitResults":[{"hash":"2f07b9d7736aade01647722adc217673e2055aa6","messageTitle":"changed Duke to Goot","messageBody":"","fileTypesAndContributionMap":{"java":{"insertions":52,"deletions":54}}},{"hash":"cdef6ed257ab7ca2616bd051ed893d41248952aa","messageTitle":"implemented exception handlers for deadlines and events","messageBody":"","fileTypesAndContributionMap":{"java":{"insertions":66,"deletions":28}}}]},{"date":"2023-02-14","commitResults":[{"hash":"b5dcf50f9a475378922a17b5924119be4618fa4b","messageTitle":"Implemented delete function, fixed validateInput function","messageBody":"","tags":["Level-6,Delete"],"fileTypesAndContributionMap":{"java":{"insertions":14,"deletions":1}}}]},{"date":"2023-02-15","commitResults":[{"hash":"a555925221b93f8ba3b7af18d506417fa9cb1fad","messageTitle":"implemented save function for ToDo object, shifted GootExceptionHandler.validateInput to \"else\"  block in Goot.java file","messageBody":"","tags":["Level-7,Save"],"fileTypesAndContributionMap":{"java":{"insertions":75,"deletions":7}}},{"hash":"07245bdd0753a33f8c77603511cc3604a1430c7a","messageTitle":"Implemented save for deadline and events","messageBody":"","fileTypesAndContributionMap":{"java":{"insertions":85,"deletions":37}}},{"hash":"81edd6f0c06f20ac57a294987ed8685211566387","messageTitle":"task numberings are now updated whenever deletion occurs, also minor fixes implemented to handle invalid keywords","messageBody":"","fileTypesAndContributionMap":{"java":{"insertions":7,"deletions":14}}},{"hash":"d2933ee549661d8c65b573bda96f0853510165cc","messageTitle":"automated the save function (idk why I created my own save keyword )","messageBody":"","fileTypesAndContributionMap":{"java":{"insertions":24,"deletions":19}}},{"hash":"7087d4d12bb548f3dde8b7a85291f55e77258614","messageTitle":"minor fixes to readBy function of deadline, it can now read everything behind \"/by\"","messageBody":"","fileTypesAndContributionMap":{"java":{"insertions":2,"deletions":2}}}]},{"date":"2023-02-25","commitResults":[{"hash":"a9531f7379ae1920e18d5d0203553ba772f6025a","messageTitle":"1. hardcoded the file path for read and write file 2. settled the corner case of deleting list when there\u0027s only 1 item on the list","messageBody":"","tags":["A-Exceptions"],"fileTypesAndContributionMap":{"java":{"insertions":14,"deletions":5}}}]},{"date":"2023-02-26","commitResults":[{"hash":"9a94b8c274c607c89c75215a70b804decea3f9c2","messageTitle":"refactored and categorised code into userInterface,Storage and Tasklist classes","messageBody":"","tags":["A-MoreOOP"],"fileTypesAndContributionMap":{"java":{"insertions":241,"deletions":246}}},{"hash":"e9f4a55b39bf916714f5fe8ceede0798af13528c","messageTitle":"converted taskArray into private array","messageBody":"","fileTypesAndContributionMap":{"java":{"insertions":6,"deletions":6}}},{"hash":"97330b3bf22c22ff1e46cbfc014631cfb89d7d22","messageTitle":"implemented find function","messageBody":"","fileTypesAndContributionMap":{"java":{"insertions":26,"deletions":0}}},{"hash":"a8b4aea0a235a9992db3b36566b0364d9d5c0d24","messageTitle":"added JavaDoc and some minor bug fixes","messageBody":"","fileTypesAndContributionMap":{"java":{"insertions":88,"deletions":16}}},{"hash":"3d9141848c1f9a3524a2a1b833c4e5ca0162805c","messageTitle":"created User Guide in README.md file and separated the userInterface.savedMessage() method from the Storage.save() method","messageBody":"","tags":["A-UserGuide"],"fileTypesAndContributionMap":{"java":{"insertions":6,"deletions":2},"md":{"insertions":128,"deletions":0}}}]},{"date":"2023-02-27","commitResults":[{"hash":"363272f49964c901abf279d8b820820fad3293c9","messageTitle":"removed redundant code in README.md","messageBody":"","fileTypesAndContributionMap":{"md":{"insertions":0,"deletions":29}}}]},{"date":"2023-02-28","commitResults":[{"hash":"2e2338ed8b22c0e0c1e0fab990f42084a4d6dcc4","messageTitle":"used relative path instead of absolute path for file creation, modified user interface","messageBody":"","fileTypesAndContributionMap":{"java":{"insertions":15,"deletions":10}}},{"hash":"dd78479bbfe9b571fc818e3858b60c782a5aa722","messageTitle":"added an Exception to prevent IndexOutOfBound error, and added bug fixes to delete function","messageBody":"","tags":["Goot_v1-0"],"fileTypesAndContributionMap":{"java":{"insertions":29,"deletions":8}}},{"hash":"6d639dec544996da4446c95d1ce4fa228a4e770a","messageTitle":"minor fixes in deleteMessage function","messageBody":"","tags":["Goot_v1-1"],"fileTypesAndContributionMap":{"java":{"insertions":1,"deletions":1}}},{"hash":"8ae98f875f233d78a1fcecbb01010716e072a9a8","messageTitle":"included file creation details in user guide","messageBody":"","tags":["Goot_v1-2"],"fileTypesAndContributionMap":{"md":{"insertions":5,"deletions":1}}}]}]},"authorFileTypeContributionMap":{"leonghuenweng":{"java":492,"md":121,"fxml":0,"sh":0,"bat":0,"gradle":0,"txt":0}},"authorContributionVariance":{"leonghuenweng":15193.082},"authorDisplayNameMap":{"leonghuenweng":"CS2113-W15-2 LEON..WENG"}}
