{"authorDailyContributionsMap":{"Ryujikjs":[{"date":"2023-01-25","commitResults":[{"hash":"bac6a4798f03b15f83bf019408a4efb0ad87674c","messageTitle":"Level-0 completed : initial skeletal version of Duke.","messageBody":"","tags":["Level-0"],"fileTypesAndContributionMap":{"java":{"insertions":4,"deletions":0}}}]},{"date":"2023-01-28","commitResults":[{"hash":"3f29f251056dce95a6c2d5d09fdaf9e3951838b3","messageTitle":"Level 1- Dude Bot greets the user, echoes commands and exits when user types \"bye\".","messageBody":"","tags":["Level-1"],"fileTypesAndContributionMap":{"java":{"insertions":55,"deletions":14}}}]}]},"authorFileTypeContributionMap":{"Ryujikjs":{"java":55,"md":0,"fxml":0,"sh":0,"bat":0,"gradle":0,"txt":0}},"authorContributionVariance":{"Ryujikjs":277.7461},"authorDisplayNameMap":{"Ryujikjs":"RYUJ..E SI"}}
