{"authorDailyContributionsMap":{"SebastianSoewanto":[{"date":"2023-02-01","commitResults":[{"hash":"12a4d6fd5c3667057a44cc789de0b9a6900f5121","messageTitle":"Add Greetings","messageBody":"","fileTypesAndContributionMap":{"java":{"insertions":5,"deletions":0}}},{"hash":"3c5745741cbea1e4538ce373c41446e464e717c1","messageTitle":"Add userInput","messageBody":"","tags":["Lv.1"],"fileTypesAndContributionMap":{"java":{"insertions":13,"deletions":3}}},{"hash":"a96a8be6a0cc37475949e435ac343dce81dfdfd7","messageTitle":"Add List","messageBody":"","tags":["Lv.2"],"fileTypesAndContributionMap":{"java":{"insertions":14,"deletions":4}}},{"hash":"57d0c6a39a72a97984ff5c6392471ab2a7c9f259","messageTitle":"Add mark to list","messageBody":"","tags":["Lv.3"],"fileTypesAndContributionMap":{"java":{"insertions":21,"deletions":3}}}]},{"date":"2023-02-03","commitResults":[{"hash":"bd71f694b700bafba0eee0ff7308565ab166757c","messageTitle":"Add todo, event and deadline","messageBody":"","tags":["Lv.4"],"fileTypesAndContributionMap":{"java":{"insertions":106,"deletions":20}}}]},{"date":"2023-02-16","commitResults":[{"hash":"7473a4ced3da0ac8562f8f50db88ab6e2296b42c","messageTitle":"Changed variable namings","messageBody":"","fileTypesAndContributionMap":{"java":{"insertions":24,"deletions":24}}},{"hash":"fa25e2dd67a98679b22411c85aac5d7ce67841f5","messageTitle":"Changed to dynamic size array. Updated class methods.","messageBody":"","tags":["Improving"],"fileTypesAndContributionMap":{"java":{"insertions":75,"deletions":37}}},{"hash":"323003417ff58b54f8ff512726c97d82dae26d23","messageTitle":"Add exceptions","messageBody":"","fileTypesAndContributionMap":{"java":{"insertions":106,"deletions":41}}},{"hash":"bb5533e154c9bf35cc79dec0c5f41089f6e0d917","messageTitle":"Add package and organized classes","messageBody":"","tags":["Level-5"],"fileTypesAndContributionMap":{"java":{"insertions":99,"deletions":75}}}]},{"date":"2023-02-17","commitResults":[{"hash":"6fa95ff45fb6067c0c7376ef0ba673c22ceba073","messageTitle":"Add remove of tasks","messageBody":"","fileTypesAndContributionMap":{"java":{"insertions":19,"deletions":3}}},{"hash":"ca05154324bc8cbd1f840d7bceb64c78d93b876a","messageTitle":"Add space for readability","messageBody":"","tags":["Level-6"],"fileTypesAndContributionMap":{"java":{"insertions":1,"deletions":1}}}]}]},"authorFileTypeContributionMap":{"SebastianSoewanto":{"java":274,"md":0,"fxml":0,"sh":0,"bat":0,"gradle":0,"txt":0}},"authorContributionVariance":{"SebastianSoewanto":6622.312},"authorDisplayNameMap":{"SebastianSoewanto":"CS2113-W13-3 SEBA..ANTO"}}
