{"authorDailyContributionsMap":{"KedrianLoh":[{"date":"2023-01-18","commitResults":[{"hash":"b61f2de07f62063edc07e6330f089ec91f5ffc14","messageTitle":"Duke Level-0: Greet","messageBody":"","tags":["Level-0"],"fileTypesAndContributionMap":{"java":{"insertions":4,"deletions":6}}}]},{"date":"2023-01-25","commitResults":[{"hash":"dcf95780ddee387e69ba02fa1b385f7c9fc36cc3","messageTitle":"Level 1. Greet, Echo, Exit","messageBody":"","tags":["Level-1"],"fileTypesAndContributionMap":{"java":{"insertions":12,"deletions":2}}},{"hash":"cc30ceb27e2b169595f57e7c8635e302eb463547","messageTitle":"Level 2. Add, List","messageBody":"","tags":["Level-2"],"fileTypesAndContributionMap":{"java":{"insertions":14,"deletions":2}}},{"hash":"18879f6d563430bdb84ef2943dea60b8bde55015","messageTitle":"Level 3. Mark as Done","messageBody":"","tags":["Level-3"],"fileTypesAndContributionMap":{"java":{"insertions":53,"deletions":7}}}]},{"date":"2023-01-26","commitResults":[{"hash":"54fabeac8b33a0972f25d4058f9eadef8f69c3b9","messageTitle":" A-CodingStandard. Following the Coding Standard","messageBody":"","tags":["A-CodingStandard"],"fileTypesAndContributionMap":{"java":{"insertions":52,"deletions":28}}}]},{"date":"2023-02-01","commitResults":[{"hash":"faea6499bea3f1a449721fbe6c8f7fdb3f1ee1c1","messageTitle":"Level 4. ToDos, Events, Deadlines","messageBody":"","tags":["Level-4"],"fileTypesAndContributionMap":{"java":{"insertions":169,"deletions":43}}},{"hash":"2fa55392cbbbf776812bc0878ca9b4040edc5267","messageTitle":"A-CodeQuality","messageBody":"","tags":["A-CodeQuality"],"fileTypesAndContributionMap":{"java":{"insertions":31,"deletions":9}}}]},{"date":"2023-02-09","commitResults":[{"hash":"4dd8c5adf2e00b28e7f09668345e4b6d4091fd3a","messageTitle":"Updated text-ui-test","messageBody":"","tags":["A-TextUiTesting"],"fileTypesAndContributionMap":{"txt":{"insertions":6,"deletions":0}}},{"hash":"b432206b49ddcc5d6fa42653d8182e95958784a6","messageTitle":"Level 5. Handle Errors","messageBody":"","tags":["Level-5"],"fileTypesAndContributionMap":{"java":{"insertions":8,"deletions":3}}},{"hash":"580b68d0c10f1faaf5d74db9bf6542d061ffd257","messageTitle":"Level 5. Exceptions","messageBody":"","tags":["A-Exceptions"],"fileTypesAndContributionMap":{"java":{"insertions":10,"deletions":5}}}]},{"date":"2023-02-15","commitResults":[{"hash":"aac2c23f996d5d4a59e2bde968d7372004c92792","messageTitle":"Added delete function","messageBody":"","fileTypesAndContributionMap":{"java":{"insertions":17,"deletions":0}}}]},{"date":"2023-02-16","commitResults":[{"hash":"f9a1acf5afd1b627d90085715a2de42f220669c5","messageTitle":"Improved delete function","messageBody":"","tags":["Level-6","A-Collections"],"fileTypesAndContributionMap":{"java":{"insertions":34,"deletions":29}}}]},{"date":"2023-02-17","commitResults":[{"hash":"db999495622f371ed2ea507b1618f320ef819117","messageTitle":"Added database system. Can read,write and save.","messageBody":"","tags":["Level-7"],"fileTypesAndContributionMap":{"txt":{"insertions":0,"deletions":0},"java":{"insertions":207,"deletions":33}}},{"hash":"ee775b42c676f65d1aa9914d48e5c2314c6b437d","messageTitle":"Resolved conflict","messageBody":"","fileTypesAndContributionMap":{"txt":{"insertions":0,"deletions":0},"java":{"insertions":183,"deletions":30}}},{"hash":"c656a97aa4da745677decfde02f14b68fe061b87","messageTitle":"Removed incorrect txt file","messageBody":"","fileTypesAndContributionMap":{"txt":{"insertions":0,"deletions":0}}},{"hash":"f997e85e9aac6a648ee3b4f1fe00236defb8c2ba","messageTitle":"Created JAR file.","messageBody":"","tags":["A-Jar"],"fileTypesAndContributionMap":{"txt":{"insertions":0,"deletions":0}}}]},{"date":"2023-02-23","commitResults":[{"hash":"0354c348e934b6526d6d74789ddac4d757a19205","messageTitle":"Created parser and ui class.","messageBody":"","tags":["A-MoreOOP"],"fileTypesAndContributionMap":{"java":{"insertions":205,"deletions":174}}},{"hash":"9217e548a63616027911efa2cc95f847a3a663c8","messageTitle":"Added find method","messageBody":"","tags":["Level-9"],"fileTypesAndContributionMap":{"java":{"insertions":15,"deletions":1}}},{"hash":"41dec5a04894c3d8a9fc5518fdc40ca3187da53c","messageTitle":"Added Javadoc comments","messageBody":"","fileTypesAndContributionMap":{"java":{"insertions":87,"deletions":6}}},{"hash":"27fe6edebb1a344139df75bda103e074444c1c93","messageTitle":"Added user guide in readme","messageBody":"","tags":["v0.2","A-UserGuide"],"fileTypesAndContributionMap":{"md":{"insertions":149,"deletions":11}}}]},{"date":"2023-03-07","commitResults":[{"hash":"897710390006e2dbacf92e893ec29b82eead6df7","messageTitle":"Updated READMe and TaskList class","messageBody":"","fileTypesAndContributionMap":{"txt":{"insertions":0,"deletions":0},"java":{"insertions":279,"deletions":215},"md":{"insertions":4,"deletions":0}}}]}]},"authorFileTypeContributionMap":{"KedrianLoh":{"java":619,"md":150,"fxml":0,"sh":0,"bat":0,"gradle":0,"txt":6}},"authorContributionVariance":{"KedrianLoh":16138.11},"authorDisplayNameMap":{"KedrianLoh":"CS2113-T11-4 LOH ..RIAN"}}
