[{"path":"src/main/java/Duke.java","fileType":"java","lines":[{"lineNumber":1,"author":{"gitId":"aaronxujiachen"},"content":"import java.util.Scanner;  // Import the Scanner class","lastModifiedDate":"2023-02-02"},{"lineNumber":2,"author":{"gitId":"aaronxujiachen"},"content":"import java.util.Arrays;","lastModifiedDate":"2023-02-27"},{"lineNumber":3,"author":{"gitId":"-"},"content":"public class Duke {","lastModifiedDate":"2019-07-29"},{"lineNumber":4,"author":{"gitId":"aaronxujiachen"},"content":"","lastModifiedDate":"2023-02-01"},{"lineNumber":5,"author":{"gitId":"aaronxujiachen"},"content":"    public static void drawLine() {  // Draw horizontal lines","lastModifiedDate":"2023-02-02"},{"lineNumber":6,"author":{"gitId":"aaronxujiachen"},"content":"        for (int i \u003d 0; i \u003c 30; i++) {","lastModifiedDate":"2023-02-02"},{"lineNumber":7,"author":{"gitId":"aaronxujiachen"},"content":"            System.out.print(\"_\");","lastModifiedDate":"2023-02-01"},{"lineNumber":8,"author":{"gitId":"aaronxujiachen"},"content":"        }","lastModifiedDate":"2023-02-01"},{"lineNumber":9,"author":{"gitId":"aaronxujiachen"},"content":"        System.out.println();","lastModifiedDate":"2023-02-02"},{"lineNumber":10,"author":{"gitId":"aaronxujiachen"},"content":"    }","lastModifiedDate":"2023-02-01"},{"lineNumber":11,"author":{"gitId":"aaronxujiachen"},"content":"","lastModifiedDate":"2023-02-01"},{"lineNumber":12,"author":{"gitId":"-"},"content":"    public static void main(String[] args) {","lastModifiedDate":"2019-07-29"},{"lineNumber":13,"author":{"gitId":"-"},"content":"        String logo \u003d \" ____        _        \\n\"","lastModifiedDate":"2019-07-29"},{"lineNumber":14,"author":{"gitId":"-"},"content":"                + \"|  _ \\\\ _   _| | _____ \\n\"","lastModifiedDate":"2019-07-29"},{"lineNumber":15,"author":{"gitId":"-"},"content":"                + \"| | | | | | | |/ / _ \\\\\\n\"","lastModifiedDate":"2019-07-29"},{"lineNumber":16,"author":{"gitId":"-"},"content":"                + \"| |_| | |_| |   \u003c  __/\\n\"","lastModifiedDate":"2019-07-29"},{"lineNumber":17,"author":{"gitId":"-"},"content":"                + \"|____/ \\\\__,_|_|\\\\_\\\\___|\\n\";","lastModifiedDate":"2019-07-29"},{"lineNumber":18,"author":{"gitId":"aaronxujiachen"},"content":"","lastModifiedDate":"2023-02-27"},{"lineNumber":19,"author":{"gitId":"-"},"content":"        System.out.println(\"Hello from\\n\" + logo);","lastModifiedDate":"2019-07-29"},{"lineNumber":20,"author":{"gitId":"aaronxujiachen"},"content":"","lastModifiedDate":"2023-02-01"},{"lineNumber":21,"author":{"gitId":"aaronxujiachen"},"content":"        drawLine();","lastModifiedDate":"2023-02-01"},{"lineNumber":22,"author":{"gitId":"aaronxujiachen"},"content":"","lastModifiedDate":"2023-02-02"},{"lineNumber":23,"author":{"gitId":"aaronxujiachen"},"content":"        System.out.println(\"Hello! I\u0027m Duke\");  // Greetings","lastModifiedDate":"2023-02-02"},{"lineNumber":24,"author":{"gitId":"aaronxujiachen"},"content":"        System.out.println(\"What can I do for you?\");","lastModifiedDate":"2023-02-01"},{"lineNumber":25,"author":{"gitId":"aaronxujiachen"},"content":"","lastModifiedDate":"2023-02-02"},{"lineNumber":26,"author":{"gitId":"aaronxujiachen"},"content":"        drawLine();","lastModifiedDate":"2023-02-02"},{"lineNumber":27,"author":{"gitId":"aaronxujiachen"},"content":"","lastModifiedDate":"2023-02-02"},{"lineNumber":28,"author":{"gitId":"aaronxujiachen"},"content":"        Scanner scan \u003d new Scanner(System.in);  // Create a Scanner object","lastModifiedDate":"2023-02-02"},{"lineNumber":29,"author":{"gitId":"aaronxujiachen"},"content":"        String input \u003d scan.nextLine();","lastModifiedDate":"2023-02-27"},{"lineNumber":30,"author":{"gitId":"aaronxujiachen"},"content":"","lastModifiedDate":"2023-02-02"},{"lineNumber":31,"author":{"gitId":"aaronxujiachen"},"content":"        Task tasks[] \u003d new Task[100];  //Create a list of tasks","lastModifiedDate":"2023-02-27"},{"lineNumber":32,"author":{"gitId":"aaronxujiachen"},"content":"        int curPos \u003d 0;  //Initialise current position","lastModifiedDate":"2023-02-02"},{"lineNumber":33,"author":{"gitId":"aaronxujiachen"},"content":"","lastModifiedDate":"2023-02-02"},{"lineNumber":34,"author":{"gitId":"aaronxujiachen"},"content":"        while(!(input.isEmpty())) {","lastModifiedDate":"2023-02-27"},{"lineNumber":35,"author":{"gitId":"aaronxujiachen"},"content":"            drawLine();","lastModifiedDate":"2023-02-01"},{"lineNumber":36,"author":{"gitId":"aaronxujiachen"},"content":"            if(input.equals(\"bye\")) {  //Terminate while loop","lastModifiedDate":"2023-02-27"},{"lineNumber":37,"author":{"gitId":"aaronxujiachen"},"content":"                break;","lastModifiedDate":"2023-02-02"},{"lineNumber":38,"author":{"gitId":"aaronxujiachen"},"content":"            }","lastModifiedDate":"2023-02-02"},{"lineNumber":39,"author":{"gitId":"aaronxujiachen"},"content":"            else if(input.equals(\"list\")) {  //List out all the tasks with done/undone status","lastModifiedDate":"2023-02-27"},{"lineNumber":40,"author":{"gitId":"aaronxujiachen"},"content":"                System.out.println (\"Here are the tasks in your list:\");","lastModifiedDate":"2023-02-27"},{"lineNumber":41,"author":{"gitId":"aaronxujiachen"},"content":"                for(int i \u003d 0; i \u003c curPos; i++) {","lastModifiedDate":"2023-02-02"},{"lineNumber":42,"author":{"gitId":"aaronxujiachen"},"content":"                    System.out.println((i+1) + \". \" + tasks[i].getStatusIcon() + \" \" + tasks[i].description);","lastModifiedDate":"2023-02-27"},{"lineNumber":43,"author":{"gitId":"aaronxujiachen"},"content":"                }","lastModifiedDate":"2023-02-02"},{"lineNumber":44,"author":{"gitId":"aaronxujiachen"},"content":"                drawLine();","lastModifiedDate":"2023-02-02"},{"lineNumber":45,"author":{"gitId":"aaronxujiachen"},"content":"            }","lastModifiedDate":"2023-02-02"},{"lineNumber":46,"author":{"gitId":"aaronxujiachen"},"content":"            else if(input.startsWith (\"mark\") || input.startsWith (\"unmark\")){","lastModifiedDate":"2023-02-27"},{"lineNumber":47,"author":{"gitId":"aaronxujiachen"},"content":"                String[] arrOfInput \u003d input.split(\" \", 2);","lastModifiedDate":"2023-02-27"},{"lineNumber":48,"author":{"gitId":"aaronxujiachen"},"content":"                int index \u003d Integer.parseInt (arrOfInput[1]) - 1;  //index \u003d curPos + 1","lastModifiedDate":"2023-02-27"},{"lineNumber":49,"author":{"gitId":"aaronxujiachen"},"content":"                if(input.startsWith (\"mark\")){","lastModifiedDate":"2023-02-27"},{"lineNumber":50,"author":{"gitId":"aaronxujiachen"},"content":"                    tasks[index].isDone \u003d true;","lastModifiedDate":"2023-02-27"},{"lineNumber":51,"author":{"gitId":"aaronxujiachen"},"content":"                    System.out.println (\"Nice! I\u0027ve marked this task as done:\");","lastModifiedDate":"2023-02-27"},{"lineNumber":52,"author":{"gitId":"aaronxujiachen"},"content":"                    System.out.println (\"   \" + tasks[index].getStatusIcon () + \" \" + tasks[index].description);","lastModifiedDate":"2023-02-27"},{"lineNumber":53,"author":{"gitId":"aaronxujiachen"},"content":"                }","lastModifiedDate":"2023-02-27"},{"lineNumber":54,"author":{"gitId":"aaronxujiachen"},"content":"                else {","lastModifiedDate":"2023-02-27"},{"lineNumber":55,"author":{"gitId":"aaronxujiachen"},"content":"                    tasks[index].isDone \u003d false;","lastModifiedDate":"2023-02-27"},{"lineNumber":56,"author":{"gitId":"aaronxujiachen"},"content":"                    System.out.println (\"OK, I\u0027ve marked this task as not done yet:\");","lastModifiedDate":"2023-02-27"},{"lineNumber":57,"author":{"gitId":"aaronxujiachen"},"content":"                    System.out.println (\"   \" + tasks[index].getStatusIcon () + \" \" + tasks[index].description);","lastModifiedDate":"2023-02-27"},{"lineNumber":58,"author":{"gitId":"aaronxujiachen"},"content":"                }","lastModifiedDate":"2023-02-27"},{"lineNumber":59,"author":{"gitId":"aaronxujiachen"},"content":"                drawLine();;","lastModifiedDate":"2023-02-27"},{"lineNumber":60,"author":{"gitId":"aaronxujiachen"},"content":"            }","lastModifiedDate":"2023-02-27"},{"lineNumber":61,"author":{"gitId":"aaronxujiachen"},"content":"            else{","lastModifiedDate":"2023-02-02"},{"lineNumber":62,"author":{"gitId":"aaronxujiachen"},"content":"                System.out.println (\"added: \" + input);","lastModifiedDate":"2023-02-27"},{"lineNumber":63,"author":{"gitId":"aaronxujiachen"},"content":"                tasks[curPos] \u003d new Task(input);","lastModifiedDate":"2023-02-27"},{"lineNumber":64,"author":{"gitId":"aaronxujiachen"},"content":"                curPos++;","lastModifiedDate":"2023-02-02"},{"lineNumber":65,"author":{"gitId":"aaronxujiachen"},"content":"                drawLine();","lastModifiedDate":"2023-02-02"},{"lineNumber":66,"author":{"gitId":"aaronxujiachen"},"content":"            }","lastModifiedDate":"2023-02-02"},{"lineNumber":67,"author":{"gitId":"aaronxujiachen"},"content":"            input \u003d scan.nextLine ();","lastModifiedDate":"2023-02-27"},{"lineNumber":68,"author":{"gitId":"aaronxujiachen"},"content":"        }","lastModifiedDate":"2023-02-02"},{"lineNumber":69,"author":{"gitId":"aaronxujiachen"},"content":"","lastModifiedDate":"2023-02-02"},{"lineNumber":70,"author":{"gitId":"aaronxujiachen"},"content":"        System.out.println(\"Bye. Hope to see you again soon!\");","lastModifiedDate":"2023-02-01"},{"lineNumber":71,"author":{"gitId":"aaronxujiachen"},"content":"        drawLine();","lastModifiedDate":"2023-02-01"},{"lineNumber":72,"author":{"gitId":"aaronxujiachen"},"content":"","lastModifiedDate":"2023-02-01"},{"lineNumber":73,"author":{"gitId":"-"},"content":"    }","lastModifiedDate":"2019-07-29"},{"lineNumber":74,"author":{"gitId":"aaronxujiachen"},"content":"","lastModifiedDate":"2023-02-01"},{"lineNumber":75,"author":{"gitId":"-"},"content":"}","lastModifiedDate":"2019-07-29"}],"authorContributionMap":{"aaronxujiachen":65,"-":10}},{"path":"src/main/java/Task.java","fileType":"java","lines":[{"lineNumber":1,"author":{"gitId":"aaronxujiachen"},"content":"public class Task {","lastModifiedDate":"2023-02-27"},{"lineNumber":2,"author":{"gitId":"aaronxujiachen"},"content":"    protected String description;","lastModifiedDate":"2023-02-27"},{"lineNumber":3,"author":{"gitId":"aaronxujiachen"},"content":"    protected boolean isDone;  // protected \u003d\u003e public","lastModifiedDate":"2023-02-27"},{"lineNumber":4,"author":{"gitId":"aaronxujiachen"},"content":"","lastModifiedDate":"2023-02-27"},{"lineNumber":5,"author":{"gitId":"aaronxujiachen"},"content":"    public Task(String description) {","lastModifiedDate":"2023-02-27"},{"lineNumber":6,"author":{"gitId":"aaronxujiachen"},"content":"        this.description \u003d description;","lastModifiedDate":"2023-02-27"},{"lineNumber":7,"author":{"gitId":"aaronxujiachen"},"content":"        this.isDone \u003d false;","lastModifiedDate":"2023-02-27"},{"lineNumber":8,"author":{"gitId":"aaronxujiachen"},"content":"    }","lastModifiedDate":"2023-02-27"},{"lineNumber":9,"author":{"gitId":"aaronxujiachen"},"content":"","lastModifiedDate":"2023-02-27"},{"lineNumber":10,"author":{"gitId":"aaronxujiachen"},"content":"    public String getStatusIcon() {","lastModifiedDate":"2023-02-27"},{"lineNumber":11,"author":{"gitId":"aaronxujiachen"},"content":"        return (isDone ? \"[X]\" : \"[ ]\"); // mark done task with X","lastModifiedDate":"2023-02-27"},{"lineNumber":12,"author":{"gitId":"aaronxujiachen"},"content":"    }","lastModifiedDate":"2023-02-27"},{"lineNumber":13,"author":{"gitId":"aaronxujiachen"},"content":"","lastModifiedDate":"2023-02-27"},{"lineNumber":14,"author":{"gitId":"aaronxujiachen"},"content":"}","lastModifiedDate":"2023-02-27"}],"authorContributionMap":{"aaronxujiachen":14}}]
