{"authorDailyContributionsMap":{"clement559":[{"date":"2023-01-15","commitResults":[{"hash":"858ba57985a037c79c8c2bd675d2c758c97eae8e","messageTitle":"Added welcome message for Duke as per Week 2 project timeline.","messageBody":"","fileTypesAndContributionMap":{"java":{"insertions":9,"deletions":2}}}]},{"date":"2023-01-26","commitResults":[{"hash":"e8a6ebc8465939dcddd10eceeaf332696ae58816","messageTitle":"Added Level 1 increment to greet, echo and exit.","messageBody":"","tags":["Level-1"],"fileTypesAndContributionMap":{"java":{"insertions":15,"deletions":2}}},{"hash":"8ac679824e4bc042b9a72dfb2110ce7780115d33","messageTitle":"Added Level 2 increment to Add, List. Program now remembers the input items and can output the items in the list using the command \"list\".","messageBody":"","tags":["Level-2"],"fileTypesAndContributionMap":{"java":{"insertions":19,"deletions":3}}}]},{"date":"2023-01-27","commitResults":[{"hash":"a264a99144e6f6e2cc639044881ce1c34351910c","messageTitle":"Added Level 3 increment, Mark as Done. Changed list check from direct string check to contains check to avoid adding as task if there are accidental spaces.","messageBody":"","tags":["Level-3","A-CodingStandard"],"fileTypesAndContributionMap":{"java":{"insertions":48,"deletions":6}}}]},{"date":"2023-02-01","commitResults":[{"hash":"3cbbdeb44669ed2bb0f51f485b20dbb79466cd19","messageTitle":"Added Level 4 increment, ToDos, Events, Deadlines. Added files Deadline, Event and Todo to subclasses to Task. Added new function getTypeIcon to Task.","messageBody":"","tags":["Level-4"],"fileTypesAndContributionMap":{"java":{"insertions":79,"deletions":7}}},{"hash":"0f2642e2afe06d0f90b50fc5f989b95292681f64","messageTitle":"Added A-TextUITesting. Auto tests 1 todo, 1 deadline and 1 event task and the list function.","messageBody":"","tags":["A-TextUiTesting","A-TextUITesting"],"fileTypesAndContributionMap":{"txt":{"insertions":4,"deletions":0}}}]},{"date":"2023-02-08","commitResults":[{"hash":"e6a443e41a64c068db27590008bdc0c3298c957b","messageTitle":"Added A-CodeQuality increment, refactored code and implemented most changes as commented by fellow peers during PR. Duke main function should still be furthered streamlined for fewer lines of code. Will continue to work on that.","messageBody":"","tags":["A-CodeQuality"],"fileTypesAndContributionMap":{"java":{"insertions":78,"deletions":56}}},{"hash":"1d8d48d4135752482a421728b21bd60f98c04d35","messageTitle":"Added Level 5 and A-Exceptions increment. Added exception handler for incorrect number of parameters given for the different type of tasks. Added exception handler for exiting program when it is still waiting for input. Added exception for no task type specified.","messageBody":"","tags":["Level-5","A-Exceptions"],"fileTypesAndContributionMap":{"java":{"insertions":72,"deletions":44}}}]},{"date":"2023-02-15","commitResults":[{"hash":"025872e7177313968fbd0eab178a64fbb7407db7","messageTitle":"**Duke.java** Imported ArrayList package. Changed array of tasks to ArrayList of tasks. Removed use of constant MAX_NUM_OF_TASKS. Renamed printTask to printAddTask for less confusion between deletion and addition. Added exception handler for main, IndexOutOfBounds exception when mark/unmark/delete are not given index numbers of elements currently in the ArrayList. Added printError for the exception handler. Removed use of int index in main code. Checks for size of ArrayList in the individual functions when needed instead. Added Level-6 increment to support deletion of tasks.","messageBody":"**Task.java**\nRemoved additional square brackets in intermediary printing as it has been added to getStatusIcon function instead.\n","fileTypesAndContributionMap":{"java":{"insertions":51,"deletions":33}}}]},{"date":"2023-02-16","commitResults":[{"hash":"ce4f6c9c5108473a85339f31cd5222079e61505f","messageTitle":"Added Level 7 increment to allow saving of current list and reading of existing list in Duke.txt. Program will save list to /data/Duke.txt. Directory will be made if non-existent. Changed Array[] lists to ArrayList\u003cTask\u003e lists for better management.","messageBody":"","fileTypesAndContributionMap":{"java":{"insertions":164,"deletions":58}}}]},{"date":"2023-02-24","commitResults":[{"hash":"9a5c3c276d333cee2a325aa93879b822dafd72ec","messageTitle":"Packaged Task and Task types into duke.task Packaged Main and Storage into duke.util Pacakged DukeException into duke.exception","messageBody":"Data file now gets saved in src/main/java/data\n","tags":["A-Packages"],"fileTypesAndContributionMap":{"java":{"insertions":25,"deletions":2}}}]},{"date":"2023-02-26","commitResults":[{"hash":"54646a9a66dc4923745f518d4dc773b57ae90025","messageTitle":"Moved a lot of code to separate files for MORE OOP. Duke rebrought out of package.","messageBody":"","tags":["A-MoreOOP"],"fileTypesAndContributionMap":{"java":{"insertions":295,"deletions":207}}},{"hash":"a0e31bf280981063cfe8ebdc6f3e54ce1850d1ae","messageTitle":"Added Level 9 increment to be able to search for items in the existing list. Amended command check for list to de-conflict with search terms including \"list\".","messageBody":"","tags":["Level-9"],"fileTypesAndContributionMap":{"java":{"insertions":36,"deletions":5}}},{"hash":"a9944a569ed12bfa38caa191f694f537805b0da1","messageTitle":"Added JavaDoc to most functions and classes. Moved getInput from ui package to parser package. Removed exception handler when registering to-do task.","messageBody":"","tags":["A-JavaDoc"],"fileTypesAndContributionMap":{"java":{"insertions":102,"deletions":24}}},{"hash":"af165e3f4e08f9b9d9f074149c0c995d37ae5fdf","messageTitle":"Update README.md","messageBody":"","tags":["A-UserGuide"],"fileTypesAndContributionMap":{"md":{"insertions":37,"deletions":11}}},{"hash":"4c1c397b46829a567202c9f8bd3ef3108078e45f","messageTitle":"Adding more documentation for new functions for search.","messageBody":"","fileTypesAndContributionMap":{"java":{"insertions":13,"deletions":0}}}]},{"date":"2023-03-01","commitResults":[{"hash":"161de2b4c7e100a95f4df086e353ab5b97720ab3","messageTitle":"Creation of new Command package for stretch goal. Created separate extensions of main Command file for respective commands. Amended print output for deletion of tasks.","messageBody":"","fileTypesAndContributionMap":{"java":{"insertions":332,"deletions":163}}},{"hash":"bcb0f90522f792120097434b8ef87c663b5a1b2b","messageTitle":"Update README.md","messageBody":"Reverting changes to main README file","fileTypesAndContributionMap":{"md":{"insertions":11,"deletions":37}}}]}]},"authorFileTypeContributionMap":{"clement559":{"java":735,"md":1,"fxml":0,"sh":0,"bat":0,"gradle":0,"txt":4}},"authorContributionVariance":{"clement559":18175.498},"authorDisplayNameMap":{"clement559":"CS2113-T11-4 SIUT..MENT"}}
