{"authorDailyContributionsMap":{"briantjs00":[{"date":"2023-01-26","commitResults":[{"hash":"38b9859deeb34fd98e4bfb4e14b370b51965c56a","isMergeCommit":false,"messageTitle":"Level 0: Greet","messageBody":"","fileTypesAndContributionMap":{"java":{"insertions":5,"deletions":0}}}]},{"date":"2023-01-30","commitResults":[{"hash":"834bf4d30853fb225c71bad59091b93310fa0d90","isMergeCommit":false,"messageTitle":"Level 0 - Greet","messageBody":"","fileTypesAndContributionMap":{"java":{"insertions":8,"deletions":0}}},{"hash":"4fe2c3ab520e21e205931eb8528352ce32e3f693","isMergeCommit":false,"messageTitle":"Level 1. Greet, Echo, Exit","messageBody":"","tags":["Level-1"],"fileTypesAndContributionMap":{"java":{"insertions":20,"deletions":0}}},{"hash":"954b884fe7bfba010501bc957a29c2f512797bc7","isMergeCommit":false,"messageTitle":"Remove level0Greet file","messageBody":"","fileTypesAndContributionMap":{"java":{"insertions":0,"deletions":5}}},{"hash":"cc01949170569058e5da5c194e0bfcca500b8730","isMergeCommit":false,"messageTitle":"Level 2. Add, List","messageBody":"","tags":["Level-2"],"fileTypesAndContributionMap":{"java":{"insertions":24,"deletions":4}}}]},{"date":"2023-02-01","commitResults":[{"hash":"7c77b62c166476234c52494b214f44c51e593d8b","isMergeCommit":false,"messageTitle":"Level 3. Mark as Done","messageBody":"","tags":["Level-3","A-CodingStandard"],"fileTypesAndContributionMap":{"java":{"insertions":77,"deletions":28}}},{"hash":"925051fca10b5631b6296b9786efbe156f4e9537","isMergeCommit":false,"messageTitle":"Level 4. Todos, Events, Deadlines","messageBody":"","tags":["Level-4","A-CodeQuality"],"fileTypesAndContributionMap":{"java":{"insertions":87,"deletions":15}}}]},{"date":"2023-02-15","commitResults":[{"hash":"0f63240045554b5229fbd6f2b8f68d5f18971f80","isMergeCommit":false,"messageTitle":"Level-5: Handle Errors and A-Packages","messageBody":"","fileTypesAndContributionMap":{"java":{"insertions":64,"deletions":29}}},{"hash":"0766b04f6079b6b4f441ad441c9c2603969c0918","isMergeCommit":true,"messageTitle":"Merge branch \u0027Level-5\u0027","messageBody":"","tags":["Level-5","A-Exceptions"],"fileTypesAndContributionMap":{}},{"hash":"268a738b96186db6eb0ec22b2a76d7d8cd17137b","isMergeCommit":false,"messageTitle":"Level-6","messageBody":"","fileTypesAndContributionMap":{"java":{"insertions":16,"deletions":3}}}]},{"date":"2023-02-16","commitResults":[{"hash":"e8ed6a2a90a5b8bf4a5ae5f78c551ccf0328b85d","isMergeCommit":false,"messageTitle":"Change package name Exceptions to exceptions","messageBody":"","fileTypesAndContributionMap":{"java":{"insertions":2,"deletions":2}}},{"hash":"5a8b093ccbb89d93ebfec82b5a55cebb32b8021b","isMergeCommit":true,"messageTitle":"Merge branch \u0027branch-Level-6\u0027","messageBody":"","tags":["Level-6","A-Collections"],"fileTypesAndContributionMap":{}}]},{"date":"2023-02-28","commitResults":[{"hash":"5efbc70f96099433b2dda062b16077b78ec9edbf","isMergeCommit":false,"messageTitle":"Level 7: Save","messageBody":"","fileTypesAndContributionMap":{"java":{"insertions":275,"deletions":106},"bat":{"insertions":1,"deletions":1}}},{"hash":"355ed7870e7acb628f67d72e7f793c0122c97a2a","isMergeCommit":true,"messageTitle":"Merge branch \u0027branch-Level-7\u0027","messageBody":"# Conflicts:\n#\tsrc/main/java/Duke.java\n","fileTypesAndContributionMap":{}},{"hash":"4ea2374f5718dff885f189dbbdd14c75eb46dafe","isMergeCommit":false,"messageTitle":"Resolve merge conflicts","messageBody":"","tags":["Level-7"],"fileTypesAndContributionMap":{"java":{"insertions":16,"deletions":100}}}]},{"date":"2023-03-01","commitResults":[{"hash":"639d4dbce87ca8647d7a5803e9aa9c1bef0d84dd","isMergeCommit":false,"messageTitle":"A-MoreOOP","messageBody":"","tags":["A-MoreOOP"],"fileTypesAndContributionMap":{"java":{"insertions":131,"deletions":65}}},{"hash":"8f9aee54ab4c9fed5ae858f198d6391bebba3f80","isMergeCommit":false,"messageTitle":"Fixed bug for DataParser","messageBody":"","fileTypesAndContributionMap":{"java":{"insertions":6,"deletions":6}}},{"hash":"ff6696cdafa3cb608ea173c3ce3c34e7a2f19dc9","isMergeCommit":false,"messageTitle":"Level-9: Find","messageBody":"","tags":["Level-9"],"fileTypesAndContributionMap":{"java":{"insertions":32,"deletions":5}}},{"hash":"2374cf32ca58c55856ed353e33fec04bcbb9f5fb","isMergeCommit":false,"messageTitle":"Revert \"Level-9: Find\"","messageBody":"This reverts commit ff6696cdafa3cb608ea173c3ce3c34e7a2f19dc9.\n","fileTypesAndContributionMap":{"java":{"insertions":5,"deletions":32}}},{"hash":"6f1ba2be60d955e0e6793a29dd9acc8bd3de9ac0","isMergeCommit":false,"messageTitle":"Change welcome() to start () in UI","messageBody":"","fileTypesAndContributionMap":{"java":{"insertions":2,"deletions":2}}},{"hash":"8cbc684160fee2b6b9983efa8f7324cf4bdc5711","isMergeCommit":true,"messageTitle":"Merge pull request #1 from briantjs00/branch-Level-9","messageBody":"Change welcome() to start () in UI","fileTypesAndContributionMap":{}},{"hash":"19215ac1efa139133579dff88effaa342feda1a1","isMergeCommit":false,"messageTitle":"add documentation for Duke, TaskList, UI","messageBody":"","fileTypesAndContributionMap":{"java":{"insertions":68,"deletions":0}}},{"hash":"3be5bafe704b4f7b9c84289928ea05596ea962b2","isMergeCommit":false,"messageTitle":"Revert \"Revert \"Level-9: Find\"\"","messageBody":"This reverts commit 2374cf32ca58c55856ed353e33fec04bcbb9f5fb.\n","fileTypesAndContributionMap":{"java":{"insertions":32,"deletions":5}}}]},{"date":"2023-03-03","commitResults":[{"hash":"8ab989e40b7ab8f04c29e0ef1ffc24b400564e97","isMergeCommit":false,"messageTitle":"Added JavaDoc Comments and refractor commandParser to commandProcessor","messageBody":"","fileTypesAndContributionMap":{"java":{"insertions":92,"deletions":35}}},{"hash":"a617fa21372869c2302a7a38dee3c6cdbedeb08f","isMergeCommit":true,"messageTitle":"Merge branch \u0027branch-A-JavaDoc\u0027","messageBody":"# Conflicts:\n#\tsrc/main/java/task/TaskList.java\n","fileTypesAndContributionMap":{}},{"hash":"bc3aa822579ed9241e59422ffb568aef061fced2","isMergeCommit":false,"messageTitle":"Remove merge conflict lines","messageBody":"","tags":["A-JavaDoc"],"fileTypesAndContributionMap":{"java":{"insertions":0,"deletions":6}}},{"hash":"27d1f3b24e36ba1e1bcdc9fac7c1eafef64d00c1","isMergeCommit":false,"messageTitle":"edit mark and unmark function","messageBody":"","fileTypesAndContributionMap":{"java":{"insertions":6,"deletions":2}}},{"hash":"4fdf9cdd77ec5eba3c9f468b4a80f1f66bbefe2c","isMergeCommit":false,"messageTitle":"edit delete function","messageBody":"","fileTypesAndContributionMap":{"java":{"insertions":1,"deletions":0}}},{"hash":"6fea26812b93a62567ac4653aaafd81c5a827a2d","isMergeCommit":false,"messageTitle":"A-UserGuide","messageBody":"","fileTypesAndContributionMap":{"md":{"insertions":208,"deletions":14}}},{"hash":"fd61c59eb13d9bdf1e34aee1f8e0757ac480099b","isMergeCommit":false,"messageTitle":"edit user guide","messageBody":"","fileTypesAndContributionMap":{"md":{"insertions":2,"deletions":2}}},{"hash":"025d05218466a9d0fa4e32343a463f2f1096d6a8","isMergeCommit":false,"messageTitle":"no message","messageBody":"","tags":["A-UserGuide","A-Release"],"fileTypesAndContributionMap":{"md":{"insertions":2,"deletions":2}}}]}]},"authorFileTypeContributionMap":{"briantjs00":{"java":585,"md":208,"fxml":0,"sh":0,"bat":1,"gradle":0,"txt":0}},"authorContributionVariance":{"briantjs00":10898.1},"authorDisplayNameMap":{"briantjs00":"CS2113-T12-3 TAN ..RIAN"}}
