[{"path":"src/main/java/Deadline.java","fileType":"java","lines":[{"lineNumber":1,"author":{"gitId":"Manoj364"},"content":"public class Deadline extends Todo {","lastModifiedDate":"2023-01-31"},{"lineNumber":2,"author":{"gitId":"Manoj364"},"content":"    protected String by;","lastModifiedDate":"2023-01-31"},{"lineNumber":3,"author":{"gitId":"Manoj364"},"content":"    public Deadline(String description, String by) {","lastModifiedDate":"2023-01-31"},{"lineNumber":4,"author":{"gitId":"Manoj364"},"content":"        super(description);","lastModifiedDate":"2023-01-31"},{"lineNumber":5,"author":{"gitId":"Manoj364"},"content":"        this.by \u003d by;","lastModifiedDate":"2023-01-31"},{"lineNumber":6,"author":{"gitId":"Manoj364"},"content":"    }","lastModifiedDate":"2023-01-31"},{"lineNumber":7,"author":{"gitId":"Manoj364"},"content":"","lastModifiedDate":"2023-01-31"},{"lineNumber":8,"author":{"gitId":"Manoj364"},"content":"    public String getBy() {","lastModifiedDate":"2023-01-31"},{"lineNumber":9,"author":{"gitId":"Manoj364"},"content":"        return by;","lastModifiedDate":"2023-01-31"},{"lineNumber":10,"author":{"gitId":"Manoj364"},"content":"    }","lastModifiedDate":"2023-01-31"},{"lineNumber":11,"author":{"gitId":"Manoj364"},"content":"","lastModifiedDate":"2023-01-31"},{"lineNumber":12,"author":{"gitId":"Manoj364"},"content":"    public void setBy(String time) {","lastModifiedDate":"2023-01-31"},{"lineNumber":13,"author":{"gitId":"Manoj364"},"content":"        by \u003d time;","lastModifiedDate":"2023-01-31"},{"lineNumber":14,"author":{"gitId":"Manoj364"},"content":"    }","lastModifiedDate":"2023-01-31"},{"lineNumber":15,"author":{"gitId":"Manoj364"},"content":"","lastModifiedDate":"2023-01-31"},{"lineNumber":16,"author":{"gitId":"Manoj364"},"content":"    public void print() {","lastModifiedDate":"2023-01-31"},{"lineNumber":17,"author":{"gitId":"Manoj364"},"content":"        System.out.println(\"    _________________________________________\");","lastModifiedDate":"2023-01-31"},{"lineNumber":18,"author":{"gitId":"Manoj364"},"content":"        System.out.println(\"    \" + \"added: \" + description + \" (by \" + by + \")\");","lastModifiedDate":"2023-01-31"},{"lineNumber":19,"author":{"gitId":"Manoj364"},"content":"        System.out.println(\"    _________________________________________\");","lastModifiedDate":"2023-01-31"},{"lineNumber":20,"author":{"gitId":"Manoj364"},"content":"        System.out.println(\"    \");","lastModifiedDate":"2023-01-31"},{"lineNumber":21,"author":{"gitId":"Manoj364"},"content":"    }","lastModifiedDate":"2023-01-31"},{"lineNumber":22,"author":{"gitId":"Manoj364"},"content":"","lastModifiedDate":"2023-01-31"},{"lineNumber":23,"author":{"gitId":"Manoj364"},"content":"    public void printInList() {","lastModifiedDate":"2023-01-31"},{"lineNumber":24,"author":{"gitId":"Manoj364"},"content":"        if (isDone) {","lastModifiedDate":"2023-01-31"},{"lineNumber":25,"author":{"gitId":"Manoj364"},"content":"            System.out.println(\" \" + \"[D][X] \" + description + \" (by \" + by + \")\");","lastModifiedDate":"2023-01-31"},{"lineNumber":26,"author":{"gitId":"Manoj364"},"content":"        } else {","lastModifiedDate":"2023-01-31"},{"lineNumber":27,"author":{"gitId":"Manoj364"},"content":"            System.out.println(\" \" + \"[D][ ] \" + description + \" (by \" + by + \")\");","lastModifiedDate":"2023-01-31"},{"lineNumber":28,"author":{"gitId":"Manoj364"},"content":"        }","lastModifiedDate":"2023-01-31"},{"lineNumber":29,"author":{"gitId":"Manoj364"},"content":"    }","lastModifiedDate":"2023-01-31"},{"lineNumber":30,"author":{"gitId":"Manoj364"},"content":"}","lastModifiedDate":"2023-01-31"},{"lineNumber":31,"author":{"gitId":"Manoj364"},"content":"","lastModifiedDate":"2023-01-31"}],"authorContributionMap":{"Manoj364":31}},{"path":"src/main/java/Duke.java","fileType":"java","lines":[{"lineNumber":1,"author":{"gitId":"Manoj364"},"content":"import java.util.Scanner;","lastModifiedDate":"2023-01-22"},{"lineNumber":2,"author":{"gitId":"Manoj364"},"content":"","lastModifiedDate":"2023-01-22"},{"lineNumber":3,"author":{"gitId":"-"},"content":"public class Duke {","lastModifiedDate":"2019-07-29"},{"lineNumber":4,"author":{"gitId":"-"},"content":"    public static void main(String[] args) {","lastModifiedDate":"2019-07-29"},{"lineNumber":5,"author":{"gitId":"-"},"content":"        String logo \u003d \" ____        _        \\n\"","lastModifiedDate":"2019-07-29"},{"lineNumber":6,"author":{"gitId":"-"},"content":"                + \"|  _ \\\\ _   _| | _____ \\n\"","lastModifiedDate":"2019-07-29"},{"lineNumber":7,"author":{"gitId":"-"},"content":"                + \"| | | | | | | |/ / _ \\\\\\n\"","lastModifiedDate":"2019-07-29"},{"lineNumber":8,"author":{"gitId":"-"},"content":"                + \"| |_| | |_| |   \u003c  __/\\n\"","lastModifiedDate":"2019-07-29"},{"lineNumber":9,"author":{"gitId":"-"},"content":"                + \"|____/ \\\\__,_|_|\\\\_\\\\___|\\n\";","lastModifiedDate":"2019-07-29"},{"lineNumber":10,"author":{"gitId":"Manoj364"},"content":"","lastModifiedDate":"2023-01-14"},{"lineNumber":11,"author":{"gitId":"Manoj364"},"content":"        System.out.println(\"    Hello from\\n\" + logo);","lastModifiedDate":"2023-01-22"},{"lineNumber":12,"author":{"gitId":"Manoj364"},"content":"        System.out.println(\"    _________________________________________\");","lastModifiedDate":"2023-01-14"},{"lineNumber":13,"author":{"gitId":"Manoj364"},"content":"","lastModifiedDate":"2023-01-22"},{"lineNumber":14,"author":{"gitId":"Manoj364"},"content":"        System.out.println(\"    Hello! I\u0027m Duke\");","lastModifiedDate":"2023-01-14"},{"lineNumber":15,"author":{"gitId":"Manoj364"},"content":"        System.out.println(\"    What can I do for you?\");","lastModifiedDate":"2023-01-14"},{"lineNumber":16,"author":{"gitId":"Manoj364"},"content":"        System.out.println(\"    _________________________________________\");","lastModifiedDate":"2023-01-14"},{"lineNumber":17,"author":{"gitId":"Manoj364"},"content":"        System.out.println(\"     \");","lastModifiedDate":"2023-01-25"},{"lineNumber":18,"author":{"gitId":"Manoj364"},"content":"","lastModifiedDate":"2023-01-22"},{"lineNumber":19,"author":{"gitId":"Manoj364"},"content":"        //Read in input from user","lastModifiedDate":"2023-01-25"},{"lineNumber":20,"author":{"gitId":"Manoj364"},"content":"        String inputString;","lastModifiedDate":"2023-01-31"},{"lineNumber":21,"author":{"gitId":"Manoj364"},"content":"        Scanner in;","lastModifiedDate":"2023-01-31"},{"lineNumber":22,"author":{"gitId":"Manoj364"},"content":"","lastModifiedDate":"2023-01-31"},{"lineNumber":23,"author":{"gitId":"Manoj364"},"content":"        //Set up list to store user inputs","lastModifiedDate":"2023-01-25"},{"lineNumber":24,"author":{"gitId":"Manoj364"},"content":"        Todo[] tasks \u003d new Todo[100];","lastModifiedDate":"2023-01-31"},{"lineNumber":25,"author":{"gitId":"Manoj364"},"content":"        int counter \u003d 0;","lastModifiedDate":"2023-01-25"},{"lineNumber":26,"author":{"gitId":"Manoj364"},"content":"","lastModifiedDate":"2023-01-25"},{"lineNumber":27,"author":{"gitId":"Manoj364"},"content":"        //setup of exit flag","lastModifiedDate":"2023-01-31"},{"lineNumber":28,"author":{"gitId":"Manoj364"},"content":"        boolean exit \u003d false;","lastModifiedDate":"2023-01-31"},{"lineNumber":29,"author":{"gitId":"Manoj364"},"content":"","lastModifiedDate":"2023-02-06"},{"lineNumber":30,"author":{"gitId":"Manoj364"},"content":"        while (!exit) {","lastModifiedDate":"2023-01-31"},{"lineNumber":31,"author":{"gitId":"Manoj364"},"content":"            in \u003d new Scanner(System.in);","lastModifiedDate":"2023-01-31"},{"lineNumber":32,"author":{"gitId":"Manoj364"},"content":"            inputString \u003d in.nextLine();","lastModifiedDate":"2023-01-31"},{"lineNumber":33,"author":{"gitId":"Manoj364"},"content":"","lastModifiedDate":"2023-01-25"},{"lineNumber":34,"author":{"gitId":"Manoj364"},"content":"            //switch cases for all specified input types","lastModifiedDate":"2023-01-31"},{"lineNumber":35,"author":{"gitId":"Manoj364"},"content":"            switch (inputString) {","lastModifiedDate":"2023-01-31"},{"lineNumber":36,"author":{"gitId":"Manoj364"},"content":"            case \"bye\":","lastModifiedDate":"2023-01-31"},{"lineNumber":37,"author":{"gitId":"Manoj364"},"content":"                exit \u003d true;","lastModifiedDate":"2023-01-31"},{"lineNumber":38,"author":{"gitId":"Manoj364"},"content":"                break;","lastModifiedDate":"2023-01-31"},{"lineNumber":39,"author":{"gitId":"Manoj364"},"content":"","lastModifiedDate":"2023-01-25"},{"lineNumber":40,"author":{"gitId":"Manoj364"},"content":"            case \"list\":","lastModifiedDate":"2023-01-31"},{"lineNumber":41,"author":{"gitId":"Manoj364"},"content":"                System.out.println(\"    _________________________________________\");","lastModifiedDate":"2023-01-25"},{"lineNumber":42,"author":{"gitId":"Manoj364"},"content":"                printListContents(tasks, counter);","lastModifiedDate":"2023-01-31"},{"lineNumber":43,"author":{"gitId":"Manoj364"},"content":"                break;","lastModifiedDate":"2023-01-31"},{"lineNumber":44,"author":{"gitId":"Manoj364"},"content":"","lastModifiedDate":"2023-01-25"},{"lineNumber":45,"author":{"gitId":"Manoj364"},"content":"            case \"mark\":","lastModifiedDate":"2023-01-31"},{"lineNumber":46,"author":{"gitId":"Manoj364"},"content":"                System.out.println(\"    Please specify task number: \");","lastModifiedDate":"2023-01-31"},{"lineNumber":47,"author":{"gitId":"Manoj364"},"content":"                int taskNumber \u003d getTaskNumber();","lastModifiedDate":"2023-01-31"},{"lineNumber":48,"author":{"gitId":"Manoj364"},"content":"                tasks[taskNumber - 1].setDone(true);","lastModifiedDate":"2023-01-31"},{"lineNumber":49,"author":{"gitId":"Manoj364"},"content":"                printMarkedAcknowledgement(tasks, taskNumber);","lastModifiedDate":"2023-01-31"},{"lineNumber":50,"author":{"gitId":"Manoj364"},"content":"                break;","lastModifiedDate":"2023-01-31"},{"lineNumber":51,"author":{"gitId":"Manoj364"},"content":"","lastModifiedDate":"2023-01-25"},{"lineNumber":52,"author":{"gitId":"Manoj364"},"content":"            case \"unmark\":","lastModifiedDate":"2023-01-31"},{"lineNumber":53,"author":{"gitId":"Manoj364"},"content":"                System.out.println(\"    Please specify task number: \");","lastModifiedDate":"2023-01-31"},{"lineNumber":54,"author":{"gitId":"Manoj364"},"content":"                taskNumber \u003d getTaskNumber();","lastModifiedDate":"2023-01-31"},{"lineNumber":55,"author":{"gitId":"Manoj364"},"content":"                tasks[taskNumber - 1].setDone(false);","lastModifiedDate":"2023-01-31"},{"lineNumber":56,"author":{"gitId":"Manoj364"},"content":"                printUnmarkedAcknowledgement(tasks, taskNumber);","lastModifiedDate":"2023-01-31"},{"lineNumber":57,"author":{"gitId":"Manoj364"},"content":"                break;","lastModifiedDate":"2023-01-31"},{"lineNumber":58,"author":{"gitId":"Manoj364"},"content":"","lastModifiedDate":"2023-01-31"},{"lineNumber":59,"author":{"gitId":"Manoj364"},"content":"            case \"todo\":","lastModifiedDate":"2023-01-31"},{"lineNumber":60,"author":{"gitId":"Manoj364"},"content":"                System.out.println(\"    _________________________________________\");","lastModifiedDate":"2023-01-22"},{"lineNumber":61,"author":{"gitId":"Manoj364"},"content":"                System.out.println(\"    Please specify task: \");","lastModifiedDate":"2023-01-31"},{"lineNumber":62,"author":{"gitId":"Manoj364"},"content":"                inputString \u003d getInputString();","lastModifiedDate":"2023-01-31"},{"lineNumber":63,"author":{"gitId":"Manoj364"},"content":"                if (inputString.equals(\"\")) {","lastModifiedDate":"2023-02-06"},{"lineNumber":64,"author":{"gitId":"Manoj364"},"content":"                    System.out.println(\"☹ OOPS!!! The description of a todo cannot be empty.\");","lastModifiedDate":"2023-02-06"},{"lineNumber":65,"author":{"gitId":"Manoj364"},"content":"                    break;","lastModifiedDate":"2023-02-06"},{"lineNumber":66,"author":{"gitId":"Manoj364"},"content":"                } else {","lastModifiedDate":"2023-02-06"},{"lineNumber":67,"author":{"gitId":"Manoj364"},"content":"                    tasks[counter] \u003d new Todo(inputString);","lastModifiedDate":"2023-01-31"},{"lineNumber":68,"author":{"gitId":"Manoj364"},"content":"                    tasks[counter].print();","lastModifiedDate":"2023-01-31"},{"lineNumber":69,"author":{"gitId":"Manoj364"},"content":"                    counter++;","lastModifiedDate":"2023-01-31"},{"lineNumber":70,"author":{"gitId":"Manoj364"},"content":"                    System.out.println(\"    Now you have \" + counter + \" tasks in your list!\");","lastModifiedDate":"2023-01-31"},{"lineNumber":71,"author":{"gitId":"Manoj364"},"content":"                    break;","lastModifiedDate":"2023-01-31"},{"lineNumber":72,"author":{"gitId":"Manoj364"},"content":"                }","lastModifiedDate":"2023-02-06"},{"lineNumber":73,"author":{"gitId":"Manoj364"},"content":"","lastModifiedDate":"2023-01-31"},{"lineNumber":74,"author":{"gitId":"Manoj364"},"content":"            case \"deadline\":","lastModifiedDate":"2023-01-31"},{"lineNumber":75,"author":{"gitId":"Manoj364"},"content":"                System.out.println(\"    _________________________________________\");","lastModifiedDate":"2023-01-31"},{"lineNumber":76,"author":{"gitId":"Manoj364"},"content":"                System.out.println(\"    Please specify task: \");","lastModifiedDate":"2023-01-31"},{"lineNumber":77,"author":{"gitId":"Manoj364"},"content":"                inputString \u003d getInputString();","lastModifiedDate":"2023-01-31"},{"lineNumber":78,"author":{"gitId":"Manoj364"},"content":"                inputString +\u003d \u0027\\0\u0027;","lastModifiedDate":"2023-01-31"},{"lineNumber":79,"author":{"gitId":"Manoj364"},"content":"                int deadlinePosition \u003d inputString.indexOf(\"/\");","lastModifiedDate":"2023-01-31"},{"lineNumber":80,"author":{"gitId":"Manoj364"},"content":"                int endPosition \u003d inputString.indexOf(\"\\0\");","lastModifiedDate":"2023-01-31"},{"lineNumber":81,"author":{"gitId":"Manoj364"},"content":"                String taskName \u003d inputString.substring(0, deadlinePosition);","lastModifiedDate":"2023-01-31"},{"lineNumber":82,"author":{"gitId":"Manoj364"},"content":"                String deadline \u003d inputString.substring(deadlinePosition + 1, endPosition);","lastModifiedDate":"2023-01-31"},{"lineNumber":83,"author":{"gitId":"Manoj364"},"content":"                tasks[counter] \u003d new Deadline(taskName, deadline);","lastModifiedDate":"2023-01-31"},{"lineNumber":84,"author":{"gitId":"Manoj364"},"content":"                tasks[counter].print();","lastModifiedDate":"2023-01-31"},{"lineNumber":85,"author":{"gitId":"Manoj364"},"content":"                counter++;","lastModifiedDate":"2023-01-31"},{"lineNumber":86,"author":{"gitId":"Manoj364"},"content":"                break;","lastModifiedDate":"2023-01-31"},{"lineNumber":87,"author":{"gitId":"Manoj364"},"content":"","lastModifiedDate":"2023-01-31"},{"lineNumber":88,"author":{"gitId":"Manoj364"},"content":"            case \"event\":","lastModifiedDate":"2023-01-31"},{"lineNumber":89,"author":{"gitId":"Manoj364"},"content":"                System.out.println(\"    _________________________________________\");","lastModifiedDate":"2023-01-22"},{"lineNumber":90,"author":{"gitId":"Manoj364"},"content":"                System.out.println(\"    Please specify task: \");","lastModifiedDate":"2023-01-31"},{"lineNumber":91,"author":{"gitId":"Manoj364"},"content":"                inputString \u003d getInputString();","lastModifiedDate":"2023-01-31"},{"lineNumber":92,"author":{"gitId":"Manoj364"},"content":"                inputString +\u003d \u0027\\0\u0027;","lastModifiedDate":"2023-01-31"},{"lineNumber":93,"author":{"gitId":"Manoj364"},"content":"                int deadlineStartPosition \u003d inputString.indexOf(\"/\");","lastModifiedDate":"2023-01-31"},{"lineNumber":94,"author":{"gitId":"Manoj364"},"content":"                int deadlineEndPosition \u003d inputString.indexOf(\"|\");","lastModifiedDate":"2023-01-31"},{"lineNumber":95,"author":{"gitId":"Manoj364"},"content":"                endPosition \u003d inputString.indexOf(\"\\0\");","lastModifiedDate":"2023-01-31"},{"lineNumber":96,"author":{"gitId":"Manoj364"},"content":"                taskName \u003d inputString.substring(0, deadlineStartPosition);","lastModifiedDate":"2023-01-31"},{"lineNumber":97,"author":{"gitId":"Manoj364"},"content":"                String deadlineStart \u003d inputString.substring(deadlineStartPosition + 1, deadlineEndPosition);","lastModifiedDate":"2023-01-31"},{"lineNumber":98,"author":{"gitId":"Manoj364"},"content":"                String deadlineEnd \u003d inputString.substring(deadlineEndPosition + 1, endPosition);","lastModifiedDate":"2023-01-31"},{"lineNumber":99,"author":{"gitId":"Manoj364"},"content":"                tasks[counter] \u003d new Event(taskName, deadlineStart, deadlineEnd);","lastModifiedDate":"2023-01-31"},{"lineNumber":100,"author":{"gitId":"Manoj364"},"content":"                tasks[counter].print();","lastModifiedDate":"2023-01-31"},{"lineNumber":101,"author":{"gitId":"Manoj364"},"content":"                counter++;","lastModifiedDate":"2023-01-31"},{"lineNumber":102,"author":{"gitId":"Manoj364"},"content":"                break;","lastModifiedDate":"2023-01-31"},{"lineNumber":103,"author":{"gitId":"Manoj364"},"content":"","lastModifiedDate":"2023-01-31"},{"lineNumber":104,"author":{"gitId":"Manoj364"},"content":"            default:","lastModifiedDate":"2023-01-31"},{"lineNumber":105,"author":{"gitId":"Manoj364"},"content":"                System.out.println(\"☹ OOPS!!! I\u0027m sorry, but I don\u0027t know what that means :-(\");","lastModifiedDate":"2023-02-06"},{"lineNumber":106,"author":{"gitId":"Manoj364"},"content":"            break;","lastModifiedDate":"2023-01-31"},{"lineNumber":107,"author":{"gitId":"Manoj364"},"content":"        }","lastModifiedDate":"2023-01-31"},{"lineNumber":108,"author":{"gitId":"Manoj364"},"content":"    }","lastModifiedDate":"2023-01-22"},{"lineNumber":109,"author":{"gitId":"Manoj364"},"content":"","lastModifiedDate":"2023-01-22"},{"lineNumber":110,"author":{"gitId":"Manoj364"},"content":"","lastModifiedDate":"2023-02-06"},{"lineNumber":111,"author":{"gitId":"Manoj364"},"content":"        //When user types \"bye\"","lastModifiedDate":"2023-01-25"},{"lineNumber":112,"author":{"gitId":"Manoj364"},"content":"        System.out.println(\"    Bye. Hope to see you again soon!\");","lastModifiedDate":"2023-01-14"},{"lineNumber":113,"author":{"gitId":"Manoj364"},"content":"        System.out.println(\"    _________________________________________\");","lastModifiedDate":"2023-01-14"},{"lineNumber":114,"author":{"gitId":"Manoj364"},"content":"        System.out.println(\"     \");","lastModifiedDate":"2023-01-25"},{"lineNumber":115,"author":{"gitId":"-"},"content":"    }","lastModifiedDate":"2019-07-29"},{"lineNumber":116,"author":{"gitId":"Manoj364"},"content":"","lastModifiedDate":"2023-01-31"},{"lineNumber":117,"author":{"gitId":"Manoj364"},"content":"    private static String getInputString() {","lastModifiedDate":"2023-01-31"},{"lineNumber":118,"author":{"gitId":"Manoj364"},"content":"        Scanner in;","lastModifiedDate":"2023-01-31"},{"lineNumber":119,"author":{"gitId":"Manoj364"},"content":"        String inputString;","lastModifiedDate":"2023-01-31"},{"lineNumber":120,"author":{"gitId":"Manoj364"},"content":"        in \u003d new Scanner(System.in);","lastModifiedDate":"2023-01-31"},{"lineNumber":121,"author":{"gitId":"Manoj364"},"content":"        inputString \u003d in.nextLine();","lastModifiedDate":"2023-01-31"},{"lineNumber":122,"author":{"gitId":"Manoj364"},"content":"        return inputString;","lastModifiedDate":"2023-01-31"},{"lineNumber":123,"author":{"gitId":"Manoj364"},"content":"    }","lastModifiedDate":"2023-01-31"},{"lineNumber":124,"author":{"gitId":"Manoj364"},"content":"","lastModifiedDate":"2023-01-31"},{"lineNumber":125,"author":{"gitId":"Manoj364"},"content":"    private static void printUnmarkedAcknowledgement(Todo[] tasks, int taskNumber) {","lastModifiedDate":"2023-01-31"},{"lineNumber":126,"author":{"gitId":"Manoj364"},"content":"        System.out.println(\"    _________________________________________\");","lastModifiedDate":"2023-01-31"},{"lineNumber":127,"author":{"gitId":"Manoj364"},"content":"        System.out.println(\"    \" + taskNumber + \".\" + \"[ ] \" + tasks[taskNumber - 1].getDescription());","lastModifiedDate":"2023-01-31"},{"lineNumber":128,"author":{"gitId":"Manoj364"},"content":"        System.out.println(\"    _________________________________________\");","lastModifiedDate":"2023-01-31"},{"lineNumber":129,"author":{"gitId":"Manoj364"},"content":"    }","lastModifiedDate":"2023-01-31"},{"lineNumber":130,"author":{"gitId":"Manoj364"},"content":"","lastModifiedDate":"2023-01-31"},{"lineNumber":131,"author":{"gitId":"Manoj364"},"content":"    private static void printMarkedAcknowledgement(Todo[] tasks, int taskNumber) {","lastModifiedDate":"2023-01-31"},{"lineNumber":132,"author":{"gitId":"Manoj364"},"content":"        System.out.println(\"    _________________________________________\");","lastModifiedDate":"2023-01-31"},{"lineNumber":133,"author":{"gitId":"Manoj364"},"content":"        System.out.println(\"    \" + taskNumber + \".\" + \"[X] \" + tasks[taskNumber - 1].getDescription());","lastModifiedDate":"2023-01-31"},{"lineNumber":134,"author":{"gitId":"Manoj364"},"content":"        System.out.println(\"    _________________________________________\");","lastModifiedDate":"2023-01-31"},{"lineNumber":135,"author":{"gitId":"Manoj364"},"content":"    }","lastModifiedDate":"2023-01-31"},{"lineNumber":136,"author":{"gitId":"Manoj364"},"content":"","lastModifiedDate":"2023-01-31"},{"lineNumber":137,"author":{"gitId":"Manoj364"},"content":"    private static int getTaskNumber() {","lastModifiedDate":"2023-01-31"},{"lineNumber":138,"author":{"gitId":"Manoj364"},"content":"        String inputString \u003d getInputString();","lastModifiedDate":"2023-01-31"},{"lineNumber":139,"author":{"gitId":"Manoj364"},"content":"        return Integer.parseInt(inputString);","lastModifiedDate":"2023-01-31"},{"lineNumber":140,"author":{"gitId":"Manoj364"},"content":"    }","lastModifiedDate":"2023-01-31"},{"lineNumber":141,"author":{"gitId":"Manoj364"},"content":"","lastModifiedDate":"2023-01-31"},{"lineNumber":142,"author":{"gitId":"Manoj364"},"content":"    private static void printListContents(Todo[] tasks, int counter) {","lastModifiedDate":"2023-01-31"},{"lineNumber":143,"author":{"gitId":"Manoj364"},"content":"        for (int i \u003d 0; i \u003c counter; ++i) {","lastModifiedDate":"2023-01-31"},{"lineNumber":144,"author":{"gitId":"Manoj364"},"content":"            if (tasks[i].isDone) {","lastModifiedDate":"2023-01-31"},{"lineNumber":145,"author":{"gitId":"Manoj364"},"content":"                System.out.print(\"    \" + (i + 1) + \".\");","lastModifiedDate":"2023-01-31"},{"lineNumber":146,"author":{"gitId":"Manoj364"},"content":"                tasks[i].printInList();","lastModifiedDate":"2023-01-31"},{"lineNumber":147,"author":{"gitId":"Manoj364"},"content":"            } else {","lastModifiedDate":"2023-01-31"},{"lineNumber":148,"author":{"gitId":"Manoj364"},"content":"                System.out.print(\"    \" + (i + 1) + \".\");","lastModifiedDate":"2023-01-31"},{"lineNumber":149,"author":{"gitId":"Manoj364"},"content":"                tasks[i].printInList();","lastModifiedDate":"2023-01-31"},{"lineNumber":150,"author":{"gitId":"Manoj364"},"content":"            }","lastModifiedDate":"2023-01-31"},{"lineNumber":151,"author":{"gitId":"Manoj364"},"content":"        }","lastModifiedDate":"2023-01-31"},{"lineNumber":152,"author":{"gitId":"Manoj364"},"content":"        System.out.println(\"    _________________________________________\");","lastModifiedDate":"2023-01-31"},{"lineNumber":153,"author":{"gitId":"Manoj364"},"content":"        System.out.println(\"     \");","lastModifiedDate":"2023-01-31"},{"lineNumber":154,"author":{"gitId":"-"},"content":"    }","lastModifiedDate":"2023-01-31"},{"lineNumber":155,"author":{"gitId":"-"},"content":"}","lastModifiedDate":"2019-07-29"}],"authorContributionMap":{"Manoj364":145,"-":10}},{"path":"src/main/java/DukeException.java","fileType":"java","lines":[{"lineNumber":1,"author":{"gitId":"Manoj364"},"content":"public class DukeException extends Exception {","lastModifiedDate":"2023-02-06"},{"lineNumber":2,"author":{"gitId":"Manoj364"},"content":"    public DukeException(String str) {","lastModifiedDate":"2023-02-06"},{"lineNumber":3,"author":{"gitId":"Manoj364"},"content":"        super(str);","lastModifiedDate":"2023-02-06"},{"lineNumber":4,"author":{"gitId":"Manoj364"},"content":"    }","lastModifiedDate":"2023-02-06"},{"lineNumber":5,"author":{"gitId":"Manoj364"},"content":"}","lastModifiedDate":"2023-02-06"}],"authorContributionMap":{"Manoj364":5}},{"path":"src/main/java/EmptyLineException.java","fileType":"java","lines":[{"lineNumber":1,"author":{"gitId":"Manoj364"},"content":"public class EmptyLineException {","lastModifiedDate":"2023-02-06"},{"lineNumber":2,"author":{"gitId":"Manoj364"},"content":"    static void validate(String str) throws DukeException {","lastModifiedDate":"2023-02-06"},{"lineNumber":3,"author":{"gitId":"Manoj364"},"content":"        if (str.equals(\"\")) {","lastModifiedDate":"2023-02-06"},{"lineNumber":4,"author":{"gitId":"Manoj364"},"content":"            throw new DukeException(\"☹ OOPS!!! The description of a todo cannot be empty.\");","lastModifiedDate":"2023-02-06"},{"lineNumber":5,"author":{"gitId":"Manoj364"},"content":"        }","lastModifiedDate":"2023-02-06"},{"lineNumber":6,"author":{"gitId":"Manoj364"},"content":"    }","lastModifiedDate":"2023-02-06"},{"lineNumber":7,"author":{"gitId":"Manoj364"},"content":"}","lastModifiedDate":"2023-02-06"}],"authorContributionMap":{"Manoj364":7}},{"path":"src/main/java/Event.java","fileType":"java","lines":[{"lineNumber":1,"author":{"gitId":"Manoj364"},"content":"public class Event extends Todo {","lastModifiedDate":"2023-01-31"},{"lineNumber":2,"author":{"gitId":"Manoj364"},"content":"    protected String by;","lastModifiedDate":"2023-01-31"},{"lineNumber":3,"author":{"gitId":"Manoj364"},"content":"    protected String end;","lastModifiedDate":"2023-01-31"},{"lineNumber":4,"author":{"gitId":"Manoj364"},"content":"    public Event(String description, String by, String end) {","lastModifiedDate":"2023-01-31"},{"lineNumber":5,"author":{"gitId":"Manoj364"},"content":"        super(description);","lastModifiedDate":"2023-01-31"},{"lineNumber":6,"author":{"gitId":"Manoj364"},"content":"        this.by \u003d by;","lastModifiedDate":"2023-01-31"},{"lineNumber":7,"author":{"gitId":"Manoj364"},"content":"        this.end \u003d end;","lastModifiedDate":"2023-01-31"},{"lineNumber":8,"author":{"gitId":"Manoj364"},"content":"    }","lastModifiedDate":"2023-01-31"},{"lineNumber":9,"author":{"gitId":"Manoj364"},"content":"","lastModifiedDate":"2023-01-31"},{"lineNumber":10,"author":{"gitId":"Manoj364"},"content":"    public String getBy() {","lastModifiedDate":"2023-01-31"},{"lineNumber":11,"author":{"gitId":"Manoj364"},"content":"        return by;","lastModifiedDate":"2023-01-31"},{"lineNumber":12,"author":{"gitId":"Manoj364"},"content":"    }","lastModifiedDate":"2023-01-31"},{"lineNumber":13,"author":{"gitId":"Manoj364"},"content":"","lastModifiedDate":"2023-01-31"},{"lineNumber":14,"author":{"gitId":"Manoj364"},"content":"    public String getEnd() {","lastModifiedDate":"2023-01-31"},{"lineNumber":15,"author":{"gitId":"Manoj364"},"content":"        return end;","lastModifiedDate":"2023-01-31"},{"lineNumber":16,"author":{"gitId":"Manoj364"},"content":"    }","lastModifiedDate":"2023-01-31"},{"lineNumber":17,"author":{"gitId":"Manoj364"},"content":"","lastModifiedDate":"2023-01-31"},{"lineNumber":18,"author":{"gitId":"Manoj364"},"content":"    public void setBy(String time) {","lastModifiedDate":"2023-01-31"},{"lineNumber":19,"author":{"gitId":"Manoj364"},"content":"        by \u003d time;","lastModifiedDate":"2023-01-31"},{"lineNumber":20,"author":{"gitId":"Manoj364"},"content":"    }","lastModifiedDate":"2023-01-31"},{"lineNumber":21,"author":{"gitId":"Manoj364"},"content":"","lastModifiedDate":"2023-01-31"},{"lineNumber":22,"author":{"gitId":"Manoj364"},"content":"    public void setEnd(String time) {","lastModifiedDate":"2023-01-31"},{"lineNumber":23,"author":{"gitId":"Manoj364"},"content":"        end \u003d time;","lastModifiedDate":"2023-01-31"},{"lineNumber":24,"author":{"gitId":"Manoj364"},"content":"    }","lastModifiedDate":"2023-01-31"},{"lineNumber":25,"author":{"gitId":"Manoj364"},"content":"","lastModifiedDate":"2023-01-31"},{"lineNumber":26,"author":{"gitId":"Manoj364"},"content":"    public void print() {","lastModifiedDate":"2023-01-31"},{"lineNumber":27,"author":{"gitId":"Manoj364"},"content":"        System.out.println(\"    _________________________________________\");","lastModifiedDate":"2023-01-31"},{"lineNumber":28,"author":{"gitId":"Manoj364"},"content":"        System.out.println(\"    \" + \"added: \" + description + \" (from: \" + by + \", to: \" + end + \")\");","lastModifiedDate":"2023-01-31"},{"lineNumber":29,"author":{"gitId":"Manoj364"},"content":"        System.out.println(\"    _________________________________________\");","lastModifiedDate":"2023-01-31"},{"lineNumber":30,"author":{"gitId":"Manoj364"},"content":"        System.out.println(\"    \");","lastModifiedDate":"2023-01-31"},{"lineNumber":31,"author":{"gitId":"Manoj364"},"content":"    }","lastModifiedDate":"2023-01-31"},{"lineNumber":32,"author":{"gitId":"Manoj364"},"content":"","lastModifiedDate":"2023-01-31"},{"lineNumber":33,"author":{"gitId":"Manoj364"},"content":"    public void printInList() {","lastModifiedDate":"2023-01-31"},{"lineNumber":34,"author":{"gitId":"Manoj364"},"content":"        if (isDone) {","lastModifiedDate":"2023-01-31"},{"lineNumber":35,"author":{"gitId":"Manoj364"},"content":"            System.out.println(\" \" + \"[E][X] \" + description + \" (from: \" + by + \", to: \" + end + \")\");","lastModifiedDate":"2023-01-31"},{"lineNumber":36,"author":{"gitId":"Manoj364"},"content":"        } else {","lastModifiedDate":"2023-01-31"},{"lineNumber":37,"author":{"gitId":"Manoj364"},"content":"            System.out.println(\" \" + \"[E][ ] \" + description + \" (from: \" + by + \", to: \" + end + \")\");","lastModifiedDate":"2023-01-31"},{"lineNumber":38,"author":{"gitId":"Manoj364"},"content":"        }","lastModifiedDate":"2023-01-31"},{"lineNumber":39,"author":{"gitId":"Manoj364"},"content":"    }","lastModifiedDate":"2023-01-31"},{"lineNumber":40,"author":{"gitId":"Manoj364"},"content":"}","lastModifiedDate":"2023-01-31"}],"authorContributionMap":{"Manoj364":40}},{"path":"src/main/java/Task.java","fileType":"java","lines":[{"lineNumber":1,"author":{"gitId":"Manoj364"},"content":"public class Task {","lastModifiedDate":"2023-01-31"},{"lineNumber":2,"author":{"gitId":"Manoj364"},"content":"    protected String description;","lastModifiedDate":"2023-01-31"},{"lineNumber":3,"author":{"gitId":"Manoj364"},"content":"    public Task(String description) {","lastModifiedDate":"2023-01-31"},{"lineNumber":4,"author":{"gitId":"Manoj364"},"content":"        this.description \u003d description;","lastModifiedDate":"2023-01-31"},{"lineNumber":5,"author":{"gitId":"Manoj364"},"content":"    }","lastModifiedDate":"2023-01-31"},{"lineNumber":6,"author":{"gitId":"Manoj364"},"content":"    public String getDescription() {","lastModifiedDate":"2023-01-31"},{"lineNumber":7,"author":{"gitId":"Manoj364"},"content":"        return description;","lastModifiedDate":"2023-01-31"},{"lineNumber":8,"author":{"gitId":"Manoj364"},"content":"    }","lastModifiedDate":"2023-01-31"},{"lineNumber":9,"author":{"gitId":"Manoj364"},"content":"}","lastModifiedDate":"2023-01-31"},{"lineNumber":10,"author":{"gitId":"Manoj364"},"content":"","lastModifiedDate":"2023-01-31"}],"authorContributionMap":{"Manoj364":10}},{"path":"src/main/java/Todo.java","fileType":"java","lines":[{"lineNumber":1,"author":{"gitId":"Manoj364"},"content":"public class Todo extends Task {","lastModifiedDate":"2023-01-31"},{"lineNumber":2,"author":{"gitId":"Manoj364"},"content":"    protected boolean isDone;","lastModifiedDate":"2023-01-31"},{"lineNumber":3,"author":{"gitId":"Manoj364"},"content":"    public Todo(String description) {","lastModifiedDate":"2023-01-31"},{"lineNumber":4,"author":{"gitId":"Manoj364"},"content":"        super(description);","lastModifiedDate":"2023-01-31"},{"lineNumber":5,"author":{"gitId":"Manoj364"},"content":"        this.isDone \u003d false;","lastModifiedDate":"2023-01-31"},{"lineNumber":6,"author":{"gitId":"Manoj364"},"content":"    }","lastModifiedDate":"2023-01-31"},{"lineNumber":7,"author":{"gitId":"Manoj364"},"content":"","lastModifiedDate":"2023-01-31"},{"lineNumber":8,"author":{"gitId":"Manoj364"},"content":"    public void setDone(boolean status) {","lastModifiedDate":"2023-01-31"},{"lineNumber":9,"author":{"gitId":"Manoj364"},"content":"        isDone \u003d status;","lastModifiedDate":"2023-01-31"},{"lineNumber":10,"author":{"gitId":"Manoj364"},"content":"    }","lastModifiedDate":"2023-01-31"},{"lineNumber":11,"author":{"gitId":"Manoj364"},"content":"","lastModifiedDate":"2023-01-31"},{"lineNumber":12,"author":{"gitId":"Manoj364"},"content":"    public boolean isDone() {","lastModifiedDate":"2023-01-31"},{"lineNumber":13,"author":{"gitId":"Manoj364"},"content":"        return isDone;","lastModifiedDate":"2023-01-31"},{"lineNumber":14,"author":{"gitId":"Manoj364"},"content":"    }","lastModifiedDate":"2023-01-31"},{"lineNumber":15,"author":{"gitId":"Manoj364"},"content":"","lastModifiedDate":"2023-01-31"},{"lineNumber":16,"author":{"gitId":"Manoj364"},"content":"    public void print() {","lastModifiedDate":"2023-01-31"},{"lineNumber":17,"author":{"gitId":"Manoj364"},"content":"        System.out.println(\"    _________________________________________\");","lastModifiedDate":"2023-01-31"},{"lineNumber":18,"author":{"gitId":"Manoj364"},"content":"        System.out.println(\"    \" + \"added: \" + description);","lastModifiedDate":"2023-01-31"},{"lineNumber":19,"author":{"gitId":"Manoj364"},"content":"        System.out.println(\"    _________________________________________\");","lastModifiedDate":"2023-01-31"},{"lineNumber":20,"author":{"gitId":"Manoj364"},"content":"        System.out.println(\"    \");","lastModifiedDate":"2023-01-31"},{"lineNumber":21,"author":{"gitId":"Manoj364"},"content":"    }","lastModifiedDate":"2023-01-31"},{"lineNumber":22,"author":{"gitId":"Manoj364"},"content":"","lastModifiedDate":"2023-01-31"},{"lineNumber":23,"author":{"gitId":"Manoj364"},"content":"    public void printInList() {","lastModifiedDate":"2023-01-31"},{"lineNumber":24,"author":{"gitId":"Manoj364"},"content":"        if (isDone) {","lastModifiedDate":"2023-01-31"},{"lineNumber":25,"author":{"gitId":"Manoj364"},"content":"            System.out.println(\" \" + \"[T][X] \" + description);","lastModifiedDate":"2023-01-31"},{"lineNumber":26,"author":{"gitId":"Manoj364"},"content":"        } else {","lastModifiedDate":"2023-01-31"},{"lineNumber":27,"author":{"gitId":"Manoj364"},"content":"            System.out.println(\" \" + \"[T][ ] \" + description);","lastModifiedDate":"2023-01-31"},{"lineNumber":28,"author":{"gitId":"Manoj364"},"content":"        }","lastModifiedDate":"2023-01-31"},{"lineNumber":29,"author":{"gitId":"Manoj364"},"content":"    }","lastModifiedDate":"2023-01-31"},{"lineNumber":30,"author":{"gitId":"Manoj364"},"content":"}","lastModifiedDate":"2023-01-31"}],"authorContributionMap":{"Manoj364":30}}]
