{"authorDailyContributionsMap":{"khooyourun":[{"date":"2023-01-25","commitResults":[{"hash":"6c123e5760caaeed69b86981019787f686a49b00","isMergeCommit":false,"messageTitle":"Added greeting and goodbye","messageBody":"","fileTypesAndContributionMap":{"java":{"insertions":5,"deletions":0}}},{"hash":"cb3a74c010be0d4961ff206abdeb38f335af0bcb","isMergeCommit":false,"messageTitle":"Add Greet, Echo, Exit","messageBody":"","tags":["Level1.Greet_Echo_Exit"],"fileTypesAndContributionMap":{"java":{"insertions":12,"deletions":10}}},{"hash":"6fee83bd2db6dc50ef00bb84874dd5f4c9eaa6c9","isMergeCommit":false,"messageTitle":"Add add, list","messageBody":"","tags":["Level2.Add_List"],"fileTypesAndContributionMap":{"java":{"insertions":21,"deletions":3}}},{"hash":"30fd9b78f0941f17a65f2f99897a486d5ff9f5c0","isMergeCommit":false,"messageTitle":"Add mark and unmark","messageBody":"","tags":["Level3.Mark_As_Done","A-CodingStandard"],"fileTypesAndContributionMap":{"java":{"insertions":61,"deletions":10}}}]},{"date":"2023-01-26","commitResults":[{"hash":"df012f3e397b39848538ec64bd50a19374b74bac","isMergeCommit":false,"messageTitle":"Change to switch","messageBody":"","fileTypesAndContributionMap":{"java":{"insertions":41,"deletions":31}}}]},{"date":"2023-02-02","commitResults":[{"hash":"497eaf50f38f22448b3e2c71668d7ab76c63d40b","isMergeCommit":false,"messageTitle":"Add Todo, Deadline, Event","messageBody":"","tags":["Lvl4.ToDos_Events_Deadlines","Level4.ToDos_Events_Deadlines","CodeQuality","A-CodeQuality"],"fileTypesAndContributionMap":{"java":{"insertions":161,"deletions":25}}}]},{"date":"2023-02-06","commitResults":[{"hash":"2ca48f99dbbe44fd9517800e54ee0f2b7bf68a46","isMergeCommit":false,"messageTitle":"Removed nested commands","messageBody":"","fileTypesAndContributionMap":{"java":{"insertions":25,"deletions":34}}}]},{"date":"2023-02-09","commitResults":[{"hash":"85b97825ba9ef53cf4443db84c35783f275869fa","isMergeCommit":false,"messageTitle":"Added try and catch exceptions","messageBody":"","tags":["A-Exceptions"],"fileTypesAndContributionMap":{"java":{"insertions":33,"deletions":10}}},{"hash":"4df9a5b389a9159027982f3f4640be425b299eaf","isMergeCommit":true,"messageTitle":"Merge branch \u0027branch-Level-5\u0027","messageBody":"","tags":["Level-5_Handle_Errors"],"fileTypesAndContributionMap":{}},{"hash":"be18e9dccb02a214c915dce0c3623d4d2054f5be","isMergeCommit":false,"messageTitle":"Added packages duke and duke.tasks","messageBody":"","fileTypesAndContributionMap":{"java":{"insertions":23,"deletions":1}}},{"hash":"37725ea4c5c19cb2750bfe394acb3d5a42dfa6b0","isMergeCommit":true,"messageTitle":"Merge branch \u0027branch-A-Packages\u0027","messageBody":"","tags":["A-Packages"],"fileTypesAndContributionMap":{}}]},{"date":"2023-02-15","commitResults":[{"hash":"9d5b104447b251115417981a316cf8c31db92911","isMergeCommit":false,"messageTitle":"Changed to arrayList and added delete feature","messageBody":"","tags":["A-Collections"],"fileTypesAndContributionMap":{"java":{"insertions":41,"deletions":27}}}]},{"date":"2023-02-16","commitResults":[{"hash":"bebd60d75732ee2f24f8c237cd2d1d79b1c8b9a8","isMergeCommit":false,"messageTitle":"Added file object","messageBody":"","fileTypesAndContributionMap":{"java":{"insertions":31,"deletions":0}}},{"hash":"65cf823595d4262bf9bfd1b751b562cb3e178561","isMergeCommit":true,"messageTitle":"Merge branch \u0027branch-level-7\u0027","messageBody":"","tags":["Level-7","Level-6"],"fileTypesAndContributionMap":{}}]},{"date":"2023-02-17","commitResults":[{"hash":"38e39833e681543139b3383446b0fca1b7cff285","isMergeCommit":false,"messageTitle":"Fixed file object","messageBody":"","fileTypesAndContributionMap":{"java":{"insertions":89,"deletions":22}}}]},{"date":"2023-02-25","commitResults":[{"hash":"e940d966092d8f980e52cfe32fe373cabdcf1ae6","isMergeCommit":false,"messageTitle":"Refactored out methods","messageBody":"","fileTypesAndContributionMap":{"java":{"insertions":112,"deletions":80}}}]},{"date":"2023-03-01","commitResults":[{"hash":"76ce520374012ba567fbec00fa58149286bf482d","isMergeCommit":false,"messageTitle":"refactored to more OOP","messageBody":"","tags":["A-MoreOOP"],"fileTypesAndContributionMap":{"txt":{"insertions":1,"deletions":0},"java":{"insertions":264,"deletions":191}}},{"hash":"09227ea6cffa7a903934c1dcba796307b74dea0f","isMergeCommit":false,"messageTitle":"Level-9","messageBody":"","tags":["Level-9"],"fileTypesAndContributionMap":{"txt":{"insertions":0,"deletions":1},"java":{"insertions":15,"deletions":0}}},{"hash":"36fc2dfc34ebd5bea3c85ef92ad8f8b91799c8b0","isMergeCommit":false,"messageTitle":"Added JavaDoc","messageBody":"","tags":["A-JavaDoc"],"fileTypesAndContributionMap":{"java":{"insertions":50,"deletions":9}}}]},{"date":"2023-03-02","commitResults":[{"hash":"cf89e3c17d750eec4198a406b0c9d2e0c4442c26","isMergeCommit":true,"messageTitle":"Merge pull request #1 from khooyourun/branch-Level-9","messageBody":"Level-9","fileTypesAndContributionMap":{}},{"hash":"47835aec2f7d7477c02fafa761dd786ba03634a9","isMergeCommit":true,"messageTitle":"Merge pull request #2 from khooyourun/branch-A-JavaDoc","messageBody":"Added JavaDoc","fileTypesAndContributionMap":{}},{"hash":"93815d542f5041ed99a28654475ee15ad045548a","isMergeCommit":false,"messageTitle":"A-UserGuide, added a user guide","messageBody":"","tags":["A-UserGuide","A-Release"],"fileTypesAndContributionMap":{"md":{"insertions":83,"deletions":13}}}]}]},"authorFileTypeContributionMap":{"khooyourun":{"java":539,"md":80,"fxml":0,"sh":0,"bat":0,"gradle":0,"txt":0}},"authorContributionVariance":{"khooyourun":7357.0356},"authorDisplayNameMap":{"khooyourun":"CS2113-F10-2 KHOO.. RUN"}}
