[{"path":"src/main/java/duke/duke/Duke.java","fileType":"java","lines":[{"lineNumber":1,"author":{"gitId":"sriram-senthilkr"},"content":"package duke;","lastModifiedDate":"2023-02-09"},{"lineNumber":2,"author":{"gitId":"sriram-senthilkr"},"content":"","lastModifiedDate":"2023-02-09"},{"lineNumber":3,"author":{"gitId":"sriram-senthilkr"},"content":"import java.util.Scanner;","lastModifiedDate":"2023-01-26"},{"lineNumber":4,"author":{"gitId":"sriram-senthilkr"},"content":"","lastModifiedDate":"2023-01-26"},{"lineNumber":5,"author":{"gitId":"sriram-senthilkr"},"content":"import duke.managers.CommandManager;","lastModifiedDate":"2023-02-28"},{"lineNumber":6,"author":{"gitId":"sriram-senthilkr"},"content":"import duke.managers.TaskManager;","lastModifiedDate":"2023-02-28"},{"lineNumber":7,"author":{"gitId":"sriram-senthilkr"},"content":"import duke.ui.Ui;","lastModifiedDate":"2023-02-09"},{"lineNumber":8,"author":{"gitId":"sriram-senthilkr"},"content":"","lastModifiedDate":"2023-01-26"},{"lineNumber":9,"author":{"gitId":"sriram-senthilkr"},"content":"public class Duke {","lastModifiedDate":"2023-02-09"},{"lineNumber":10,"author":{"gitId":"sriram-senthilkr"},"content":"","lastModifiedDate":"2023-02-09"},{"lineNumber":11,"author":{"gitId":"sriram-senthilkr"},"content":"    public static void main(String[] args) {","lastModifiedDate":"2023-02-09"},{"lineNumber":12,"author":{"gitId":"sriram-senthilkr"},"content":"","lastModifiedDate":"2023-02-09"},{"lineNumber":13,"author":{"gitId":"sriram-senthilkr"},"content":"        TaskManager t \u003d new TaskManager();","lastModifiedDate":"2023-02-28"},{"lineNumber":14,"author":{"gitId":"sriram-senthilkr"},"content":"        Ui.printGreetings();","lastModifiedDate":"2023-02-09"},{"lineNumber":15,"author":{"gitId":"sriram-senthilkr"},"content":"        Scanner userInput \u003d new Scanner(System.in);","lastModifiedDate":"2023-02-09"},{"lineNumber":16,"author":{"gitId":"sriram-senthilkr"},"content":"","lastModifiedDate":"2023-02-08"},{"lineNumber":17,"author":{"gitId":"sriram-senthilkr"},"content":"        while (true) {","lastModifiedDate":"2023-02-09"},{"lineNumber":18,"author":{"gitId":"sriram-senthilkr"},"content":"            String currentInput \u003d userInput.nextLine();","lastModifiedDate":"2023-02-09"},{"lineNumber":19,"author":{"gitId":"sriram-senthilkr"},"content":"            CommandManager.handleCommand(t, currentInput);","lastModifiedDate":"2023-02-28"},{"lineNumber":20,"author":{"gitId":"sriram-senthilkr"},"content":"        }","lastModifiedDate":"2023-01-26"},{"lineNumber":21,"author":{"gitId":"-"},"content":"    }","lastModifiedDate":"2019-07-29"},{"lineNumber":22,"author":{"gitId":"sriram-senthilkr"},"content":"","lastModifiedDate":"2023-02-09"},{"lineNumber":23,"author":{"gitId":"-"},"content":"}","lastModifiedDate":"2019-07-29"}],"authorContributionMap":{"sriram-senthilkr":21,"-":2}},{"path":"src/main/java/duke/duke/exceptions/DukeException.java","fileType":"java","lines":[{"lineNumber":1,"author":{"gitId":"sriram-senthilkr"},"content":"package duke.exceptions;","lastModifiedDate":"2023-02-09"},{"lineNumber":2,"author":{"gitId":"sriram-senthilkr"},"content":"","lastModifiedDate":"2023-02-09"},{"lineNumber":3,"author":{"gitId":"sriram-senthilkr"},"content":"public class DukeException extends Exception {","lastModifiedDate":"2023-02-09"},{"lineNumber":4,"author":{"gitId":"sriram-senthilkr"},"content":"","lastModifiedDate":"2023-02-09"},{"lineNumber":5,"author":{"gitId":"sriram-senthilkr"},"content":"}","lastModifiedDate":"2023-02-09"}],"authorContributionMap":{"sriram-senthilkr":5}},{"path":"src/main/java/duke/duke/exceptions/InvalidCommandException.java","fileType":"java","lines":[{"lineNumber":1,"author":{"gitId":"sriram-senthilkr"},"content":"package duke.exceptions;","lastModifiedDate":"2023-02-28"},{"lineNumber":2,"author":{"gitId":"sriram-senthilkr"},"content":"","lastModifiedDate":"2023-02-28"},{"lineNumber":3,"author":{"gitId":"sriram-senthilkr"},"content":"public class InvalidCommandException extends Exception {","lastModifiedDate":"2023-02-28"},{"lineNumber":4,"author":{"gitId":"sriram-senthilkr"},"content":"    public static String invalidCommandMessage \u003d \"\\tOOPS!!! I\u0027m sorry, but I don\u0027t know what is that command. :(\";","lastModifiedDate":"2023-02-28"},{"lineNumber":5,"author":{"gitId":"sriram-senthilkr"},"content":"}","lastModifiedDate":"2023-02-28"}],"authorContributionMap":{"sriram-senthilkr":5}},{"path":"src/main/java/duke/duke/managers/CommandManager.java","fileType":"java","lines":[{"lineNumber":1,"author":{"gitId":"sriram-senthilkr"},"content":"package duke.managers;","lastModifiedDate":"2023-02-09"},{"lineNumber":2,"author":{"gitId":"sriram-senthilkr"},"content":"","lastModifiedDate":"2023-02-09"},{"lineNumber":3,"author":{"gitId":"sriram-senthilkr"},"content":"import duke.exceptions.InvalidCommandException;","lastModifiedDate":"2023-02-28"},{"lineNumber":4,"author":{"gitId":"sriram-senthilkr"},"content":"import java.lang.ArrayIndexOutOfBoundsException;","lastModifiedDate":"2023-02-28"},{"lineNumber":5,"author":{"gitId":"sriram-senthilkr"},"content":"import duke.ui.Ui;","lastModifiedDate":"2023-02-09"},{"lineNumber":6,"author":{"gitId":"sriram-senthilkr"},"content":"","lastModifiedDate":"2023-02-09"},{"lineNumber":7,"author":{"gitId":"sriram-senthilkr"},"content":"public class CommandManager {","lastModifiedDate":"2023-02-28"},{"lineNumber":8,"author":{"gitId":"sriram-senthilkr"},"content":"","lastModifiedDate":"2023-02-09"},{"lineNumber":9,"author":{"gitId":"sriram-senthilkr"},"content":"    public static void handleCommand(TaskManager t, String currentInput) {","lastModifiedDate":"2023-02-28"},{"lineNumber":10,"author":{"gitId":"sriram-senthilkr"},"content":"        String command \u003d currentInput.split(\" \")[0];","lastModifiedDate":"2023-02-09"},{"lineNumber":11,"author":{"gitId":"sriram-senthilkr"},"content":"        Ui.printHorizontalLine();","lastModifiedDate":"2023-02-09"},{"lineNumber":12,"author":{"gitId":"sriram-senthilkr"},"content":"        try {","lastModifiedDate":"2023-02-09"},{"lineNumber":13,"author":{"gitId":"sriram-senthilkr"},"content":"            switch (command) {","lastModifiedDate":"2023-02-09"},{"lineNumber":14,"author":{"gitId":"sriram-senthilkr"},"content":"            case \"mark\":","lastModifiedDate":"2023-02-09"},{"lineNumber":15,"author":{"gitId":"sriram-senthilkr"},"content":"                t.markTask(currentInput);","lastModifiedDate":"2023-02-09"},{"lineNumber":16,"author":{"gitId":"sriram-senthilkr"},"content":"                break;","lastModifiedDate":"2023-02-09"},{"lineNumber":17,"author":{"gitId":"sriram-senthilkr"},"content":"            case \"unmark\":","lastModifiedDate":"2023-02-09"},{"lineNumber":18,"author":{"gitId":"sriram-senthilkr"},"content":"                t.unmarkTask(currentInput);","lastModifiedDate":"2023-02-09"},{"lineNumber":19,"author":{"gitId":"sriram-senthilkr"},"content":"                break;","lastModifiedDate":"2023-02-09"},{"lineNumber":20,"author":{"gitId":"sriram-senthilkr"},"content":"            case \"deadline\":","lastModifiedDate":"2023-02-09"},{"lineNumber":21,"author":{"gitId":"sriram-senthilkr"},"content":"                t.addDeadline(currentInput);","lastModifiedDate":"2023-02-09"},{"lineNumber":22,"author":{"gitId":"sriram-senthilkr"},"content":"                break;","lastModifiedDate":"2023-02-09"},{"lineNumber":23,"author":{"gitId":"sriram-senthilkr"},"content":"            case \"list\":","lastModifiedDate":"2023-02-09"},{"lineNumber":24,"author":{"gitId":"sriram-senthilkr"},"content":"                t.listTasks();","lastModifiedDate":"2023-02-09"},{"lineNumber":25,"author":{"gitId":"sriram-senthilkr"},"content":"                break;","lastModifiedDate":"2023-02-09"},{"lineNumber":26,"author":{"gitId":"sriram-senthilkr"},"content":"            case \"todo\":","lastModifiedDate":"2023-02-09"},{"lineNumber":27,"author":{"gitId":"sriram-senthilkr"},"content":"                t.addTodo(currentInput);","lastModifiedDate":"2023-02-09"},{"lineNumber":28,"author":{"gitId":"sriram-senthilkr"},"content":"                break;","lastModifiedDate":"2023-02-09"},{"lineNumber":29,"author":{"gitId":"sriram-senthilkr"},"content":"            case \"event\":","lastModifiedDate":"2023-02-09"},{"lineNumber":30,"author":{"gitId":"sriram-senthilkr"},"content":"                t.addEvent(currentInput);","lastModifiedDate":"2023-02-09"},{"lineNumber":31,"author":{"gitId":"sriram-senthilkr"},"content":"                break;","lastModifiedDate":"2023-02-09"},{"lineNumber":32,"author":{"gitId":"sriram-senthilkr"},"content":"            case \"delete\":","lastModifiedDate":"2023-02-28"},{"lineNumber":33,"author":{"gitId":"sriram-senthilkr"},"content":"                t.deleteTask(currentInput);","lastModifiedDate":"2023-02-28"},{"lineNumber":34,"author":{"gitId":"sriram-senthilkr"},"content":"                break;","lastModifiedDate":"2023-02-28"},{"lineNumber":35,"author":{"gitId":"sriram-senthilkr"},"content":"            case \"help\":","lastModifiedDate":"2023-02-27"},{"lineNumber":36,"author":{"gitId":"sriram-senthilkr"},"content":"                Ui.printHelp();","lastModifiedDate":"2023-02-27"},{"lineNumber":37,"author":{"gitId":"sriram-senthilkr"},"content":"                break;","lastModifiedDate":"2023-02-27"},{"lineNumber":38,"author":{"gitId":"sriram-senthilkr"},"content":"            case \"bye\":","lastModifiedDate":"2023-02-09"},{"lineNumber":39,"author":{"gitId":"sriram-senthilkr"},"content":"                Ui.printFarewell();","lastModifiedDate":"2023-02-09"},{"lineNumber":40,"author":{"gitId":"sriram-senthilkr"},"content":"                System.exit(0);","lastModifiedDate":"2023-02-09"},{"lineNumber":41,"author":{"gitId":"sriram-senthilkr"},"content":"            default:","lastModifiedDate":"2023-02-09"},{"lineNumber":42,"author":{"gitId":"sriram-senthilkr"},"content":"                throw new InvalidCommandException();","lastModifiedDate":"2023-02-28"},{"lineNumber":43,"author":{"gitId":"sriram-senthilkr"},"content":"            }","lastModifiedDate":"2023-02-09"},{"lineNumber":44,"author":{"gitId":"sriram-senthilkr"},"content":"        } catch (InvalidCommandException e) {","lastModifiedDate":"2023-02-28"},{"lineNumber":45,"author":{"gitId":"sriram-senthilkr"},"content":"            System.out.println(InvalidCommandException.invalidCommandMessage);","lastModifiedDate":"2023-02-28"},{"lineNumber":46,"author":{"gitId":"sriram-senthilkr"},"content":"        } catch (ArrayIndexOutOfBoundsException e) {","lastModifiedDate":"2023-02-28"},{"lineNumber":47,"author":{"gitId":"sriram-senthilkr"},"content":"            System.out.println(","lastModifiedDate":"2023-02-28"},{"lineNumber":48,"author":{"gitId":"sriram-senthilkr"},"content":"                    \"\\tYou have not followed the correct input format! \\n\\tFor guidance on the format, type \u0027help\u0027.\");","lastModifiedDate":"2023-02-28"},{"lineNumber":49,"author":{"gitId":"sriram-senthilkr"},"content":"        }","lastModifiedDate":"2023-02-09"},{"lineNumber":50,"author":{"gitId":"sriram-senthilkr"},"content":"        Ui.printHorizontalLine();","lastModifiedDate":"2023-02-09"},{"lineNumber":51,"author":{"gitId":"sriram-senthilkr"},"content":"    }","lastModifiedDate":"2023-02-09"},{"lineNumber":52,"author":{"gitId":"sriram-senthilkr"},"content":"}","lastModifiedDate":"2023-02-09"}],"authorContributionMap":{"sriram-senthilkr":52}},{"path":"src/main/java/duke/duke/managers/TaskManager.java","fileType":"java","lines":[{"lineNumber":1,"author":{"gitId":"sriram-senthilkr"},"content":"package duke.managers;","lastModifiedDate":"2023-02-09"},{"lineNumber":2,"author":{"gitId":"sriram-senthilkr"},"content":"","lastModifiedDate":"2023-02-09"},{"lineNumber":3,"author":{"gitId":"sriram-senthilkr"},"content":"import duke.tasks.Deadline;","lastModifiedDate":"2023-02-09"},{"lineNumber":4,"author":{"gitId":"sriram-senthilkr"},"content":"import duke.tasks.Event;","lastModifiedDate":"2023-02-09"},{"lineNumber":5,"author":{"gitId":"sriram-senthilkr"},"content":"import duke.tasks.Task;","lastModifiedDate":"2023-02-09"},{"lineNumber":6,"author":{"gitId":"sriram-senthilkr"},"content":"import duke.tasks.Todo;","lastModifiedDate":"2023-02-09"},{"lineNumber":7,"author":{"gitId":"sriram-senthilkr"},"content":"import java.util.ArrayList;","lastModifiedDate":"2023-02-28"},{"lineNumber":8,"author":{"gitId":"sriram-senthilkr"},"content":"","lastModifiedDate":"2023-02-09"},{"lineNumber":9,"author":{"gitId":"sriram-senthilkr"},"content":"public class TaskManager {","lastModifiedDate":"2023-01-26"},{"lineNumber":10,"author":{"gitId":"sriram-senthilkr"},"content":"    // private Task[] tasks \u003d new Task[100];","lastModifiedDate":"2023-02-28"},{"lineNumber":11,"author":{"gitId":"sriram-senthilkr"},"content":"    private ArrayList\u003cTask\u003e tasks \u003d new ArrayList\u003cTask\u003e();","lastModifiedDate":"2023-02-28"},{"lineNumber":12,"author":{"gitId":"sriram-senthilkr"},"content":"    private int taskCount \u003d 0;","lastModifiedDate":"2023-01-26"},{"lineNumber":13,"author":{"gitId":"sriram-senthilkr"},"content":"","lastModifiedDate":"2023-01-26"},{"lineNumber":14,"author":{"gitId":"sriram-senthilkr"},"content":"    /**","lastModifiedDate":"2023-02-03"},{"lineNumber":15,"author":{"gitId":"sriram-senthilkr"},"content":"     * Adds a task to collection","lastModifiedDate":"2023-02-03"},{"lineNumber":16,"author":{"gitId":"sriram-senthilkr"},"content":"     */","lastModifiedDate":"2023-02-03"},{"lineNumber":17,"author":{"gitId":"sriram-senthilkr"},"content":"    public void addTask(String task) {","lastModifiedDate":"2023-01-26"},{"lineNumber":18,"author":{"gitId":"sriram-senthilkr"},"content":"        tasks.add(new Task(task));","lastModifiedDate":"2023-02-28"},{"lineNumber":19,"author":{"gitId":"sriram-senthilkr"},"content":"        taskCount++;","lastModifiedDate":"2023-01-26"},{"lineNumber":20,"author":{"gitId":"sriram-senthilkr"},"content":"    }","lastModifiedDate":"2023-01-26"},{"lineNumber":21,"author":{"gitId":"sriram-senthilkr"},"content":"","lastModifiedDate":"2023-01-26"},{"lineNumber":22,"author":{"gitId":"sriram-senthilkr"},"content":"    /**","lastModifiedDate":"2023-02-03"},{"lineNumber":23,"author":{"gitId":"sriram-senthilkr"},"content":"     * Lists all the tasks in Task","lastModifiedDate":"2023-02-03"},{"lineNumber":24,"author":{"gitId":"sriram-senthilkr"},"content":"     */","lastModifiedDate":"2023-02-03"},{"lineNumber":25,"author":{"gitId":"sriram-senthilkr"},"content":"    public void listTasks() {","lastModifiedDate":"2023-01-26"},{"lineNumber":26,"author":{"gitId":"sriram-senthilkr"},"content":"        System.out.println(\"\\tHere are the tasks in your list:\");","lastModifiedDate":"2023-02-03"},{"lineNumber":27,"author":{"gitId":"sriram-senthilkr"},"content":"        for (int i \u003d 0; i \u003c taskCount; i++) {","lastModifiedDate":"2023-01-26"},{"lineNumber":28,"author":{"gitId":"sriram-senthilkr"},"content":"            System.out.println(\"\\t\" + (i + 1) + \". \" + tasks.get(i).toString());","lastModifiedDate":"2023-02-28"},{"lineNumber":29,"author":{"gitId":"sriram-senthilkr"},"content":"        }","lastModifiedDate":"2023-01-26"},{"lineNumber":30,"author":{"gitId":"sriram-senthilkr"},"content":"    }","lastModifiedDate":"2023-01-26"},{"lineNumber":31,"author":{"gitId":"sriram-senthilkr"},"content":"","lastModifiedDate":"2023-01-27"},{"lineNumber":32,"author":{"gitId":"sriram-senthilkr"},"content":"    /**","lastModifiedDate":"2023-02-03"},{"lineNumber":33,"author":{"gitId":"sriram-senthilkr"},"content":"     * Marks the task from the number of the task given","lastModifiedDate":"2023-02-03"},{"lineNumber":34,"author":{"gitId":"sriram-senthilkr"},"content":"     */","lastModifiedDate":"2023-02-03"},{"lineNumber":35,"author":{"gitId":"sriram-senthilkr"},"content":"    public void markTask(String currentInput) {","lastModifiedDate":"2023-02-03"},{"lineNumber":36,"author":{"gitId":"sriram-senthilkr"},"content":"        String[] modifyTask \u003d currentInput.split(\" \");","lastModifiedDate":"2023-02-03"},{"lineNumber":37,"author":{"gitId":"sriram-senthilkr"},"content":"        int taskIndex \u003d Integer.parseInt(modifyTask[1]) - 1;","lastModifiedDate":"2023-02-03"},{"lineNumber":38,"author":{"gitId":"sriram-senthilkr"},"content":"        tasks.get(taskIndex).setDone();","lastModifiedDate":"2023-02-28"},{"lineNumber":39,"author":{"gitId":"sriram-senthilkr"},"content":"        System.out.println(\"\\tNice! I\u0027ve marked this task as done:\");","lastModifiedDate":"2023-02-03"},{"lineNumber":40,"author":{"gitId":"sriram-senthilkr"},"content":"        System.out.println(\"    \" + \"[X] \" + tasks.get(taskIndex).getTaskName());","lastModifiedDate":"2023-02-28"},{"lineNumber":41,"author":{"gitId":"sriram-senthilkr"},"content":"    }","lastModifiedDate":"2023-01-27"},{"lineNumber":42,"author":{"gitId":"sriram-senthilkr"},"content":"","lastModifiedDate":"2023-01-27"},{"lineNumber":43,"author":{"gitId":"sriram-senthilkr"},"content":"    /**","lastModifiedDate":"2023-02-03"},{"lineNumber":44,"author":{"gitId":"sriram-senthilkr"},"content":"     * Unmarks the task from the number of the task given","lastModifiedDate":"2023-02-03"},{"lineNumber":45,"author":{"gitId":"sriram-senthilkr"},"content":"     */","lastModifiedDate":"2023-02-03"},{"lineNumber":46,"author":{"gitId":"sriram-senthilkr"},"content":"    public void unmarkTask(String currentInput) {","lastModifiedDate":"2023-02-03"},{"lineNumber":47,"author":{"gitId":"sriram-senthilkr"},"content":"        String[] modifyTask \u003d currentInput.split(\" \");","lastModifiedDate":"2023-02-03"},{"lineNumber":48,"author":{"gitId":"sriram-senthilkr"},"content":"        int taskIndex \u003d Integer.parseInt(modifyTask[1]) - 1;","lastModifiedDate":"2023-02-03"},{"lineNumber":49,"author":{"gitId":"sriram-senthilkr"},"content":"        tasks.get(taskIndex).setUndone();","lastModifiedDate":"2023-02-28"},{"lineNumber":50,"author":{"gitId":"sriram-senthilkr"},"content":"        System.out.println(\"\\tOK, I\u0027ve marked this task as not done yet:\");","lastModifiedDate":"2023-02-03"},{"lineNumber":51,"author":{"gitId":"sriram-senthilkr"},"content":"        System.out.println(\"    \" + \"[ ] \" + tasks.get(taskIndex).getTaskName());","lastModifiedDate":"2023-02-28"},{"lineNumber":52,"author":{"gitId":"sriram-senthilkr"},"content":"    }","lastModifiedDate":"2023-01-27"},{"lineNumber":53,"author":{"gitId":"sriram-senthilkr"},"content":"","lastModifiedDate":"2023-01-27"},{"lineNumber":54,"author":{"gitId":"sriram-senthilkr"},"content":"    /**","lastModifiedDate":"2023-02-03"},{"lineNumber":55,"author":{"gitId":"sriram-senthilkr"},"content":"     * Adds deadline to task, and adds it to collection","lastModifiedDate":"2023-02-03"},{"lineNumber":56,"author":{"gitId":"sriram-senthilkr"},"content":"     */","lastModifiedDate":"2023-02-03"},{"lineNumber":57,"author":{"gitId":"sriram-senthilkr"},"content":"    public void addDeadline(String currentInput) {","lastModifiedDate":"2023-02-03"},{"lineNumber":58,"author":{"gitId":"sriram-senthilkr"},"content":"        String[] operation \u003d currentInput.split(\"/by\");","lastModifiedDate":"2023-02-03"},{"lineNumber":59,"author":{"gitId":"sriram-senthilkr"},"content":"        String by \u003d operation[1];","lastModifiedDate":"2023-02-03"},{"lineNumber":60,"author":{"gitId":"sriram-senthilkr"},"content":"        String taskName \u003d operation[0].replace(\"deadline \", \"\");","lastModifiedDate":"2023-02-03"},{"lineNumber":61,"author":{"gitId":"sriram-senthilkr"},"content":"        Task deadline \u003d new Deadline(taskName, by);","lastModifiedDate":"2023-02-03"},{"lineNumber":62,"author":{"gitId":"sriram-senthilkr"},"content":"        tasks.add(deadline);","lastModifiedDate":"2023-02-28"},{"lineNumber":63,"author":{"gitId":"sriram-senthilkr"},"content":"        taskCount++;","lastModifiedDate":"2023-02-03"},{"lineNumber":64,"author":{"gitId":"sriram-senthilkr"},"content":"        System.out.println(\"\\tGot it. I\u0027ve added this task:\\n\" + \"\\t  \" + deadline.toString());","lastModifiedDate":"2023-02-03"},{"lineNumber":65,"author":{"gitId":"sriram-senthilkr"},"content":"        System.out.println(\"\\tNow you have \" + taskCount + \" tasks in the list.\");","lastModifiedDate":"2023-02-03"},{"lineNumber":66,"author":{"gitId":"sriram-senthilkr"},"content":"    }","lastModifiedDate":"2023-02-03"},{"lineNumber":67,"author":{"gitId":"sriram-senthilkr"},"content":"","lastModifiedDate":"2023-02-03"},{"lineNumber":68,"author":{"gitId":"sriram-senthilkr"},"content":"    /**","lastModifiedDate":"2023-02-03"},{"lineNumber":69,"author":{"gitId":"sriram-senthilkr"},"content":"     * Adds todo to task, and adds it to collection","lastModifiedDate":"2023-02-03"},{"lineNumber":70,"author":{"gitId":"sriram-senthilkr"},"content":"     */","lastModifiedDate":"2023-02-03"},{"lineNumber":71,"author":{"gitId":"sriram-senthilkr"},"content":"    public void addTodo(String currentInput) {","lastModifiedDate":"2023-02-03"},{"lineNumber":72,"author":{"gitId":"sriram-senthilkr"},"content":"        String[] operation \u003d currentInput.split(\"todo \");","lastModifiedDate":"2023-02-03"},{"lineNumber":73,"author":{"gitId":"sriram-senthilkr"},"content":"        String taskName \u003d operation[1];","lastModifiedDate":"2023-02-03"},{"lineNumber":74,"author":{"gitId":"sriram-senthilkr"},"content":"        Task todo \u003d new Todo(taskName);","lastModifiedDate":"2023-02-03"},{"lineNumber":75,"author":{"gitId":"sriram-senthilkr"},"content":"        tasks.add(todo);","lastModifiedDate":"2023-02-28"},{"lineNumber":76,"author":{"gitId":"sriram-senthilkr"},"content":"        taskCount++;","lastModifiedDate":"2023-02-03"},{"lineNumber":77,"author":{"gitId":"sriram-senthilkr"},"content":"        System.out.println(\"\\tGot it. I\u0027ve added this task:\\n\" + \"\\t\" + todo.toString());","lastModifiedDate":"2023-02-03"},{"lineNumber":78,"author":{"gitId":"sriram-senthilkr"},"content":"        System.out.println(\"\\tNow you have \" + taskCount + \" tasks in the list.\");","lastModifiedDate":"2023-02-03"},{"lineNumber":79,"author":{"gitId":"sriram-senthilkr"},"content":"    }","lastModifiedDate":"2023-02-03"},{"lineNumber":80,"author":{"gitId":"sriram-senthilkr"},"content":"","lastModifiedDate":"2023-02-03"},{"lineNumber":81,"author":{"gitId":"sriram-senthilkr"},"content":"    /**","lastModifiedDate":"2023-02-03"},{"lineNumber":82,"author":{"gitId":"sriram-senthilkr"},"content":"     * Adds event to task, and adds it to collection","lastModifiedDate":"2023-02-03"},{"lineNumber":83,"author":{"gitId":"sriram-senthilkr"},"content":"     */","lastModifiedDate":"2023-02-03"},{"lineNumber":84,"author":{"gitId":"sriram-senthilkr"},"content":"    public void addEvent(String currentInput) {","lastModifiedDate":"2023-02-03"},{"lineNumber":85,"author":{"gitId":"sriram-senthilkr"},"content":"        String[] operation \u003d currentInput.split(\"/from\");","lastModifiedDate":"2023-02-03"},{"lineNumber":86,"author":{"gitId":"sriram-senthilkr"},"content":"        String[] operation2 \u003d operation[1].split(\"/to\");","lastModifiedDate":"2023-02-03"},{"lineNumber":87,"author":{"gitId":"sriram-senthilkr"},"content":"        String from \u003d operation2[0];","lastModifiedDate":"2023-02-03"},{"lineNumber":88,"author":{"gitId":"sriram-senthilkr"},"content":"        String to \u003d operation2[1];","lastModifiedDate":"2023-02-03"},{"lineNumber":89,"author":{"gitId":"sriram-senthilkr"},"content":"        String taskName \u003d operation[0].replace(\"event \", \"\");","lastModifiedDate":"2023-02-03"},{"lineNumber":90,"author":{"gitId":"sriram-senthilkr"},"content":"        Task event \u003d new Event(taskName, from, to);","lastModifiedDate":"2023-02-03"},{"lineNumber":91,"author":{"gitId":"sriram-senthilkr"},"content":"        tasks.add(event);","lastModifiedDate":"2023-02-28"},{"lineNumber":92,"author":{"gitId":"sriram-senthilkr"},"content":"        taskCount++;","lastModifiedDate":"2023-02-03"},{"lineNumber":93,"author":{"gitId":"sriram-senthilkr"},"content":"        System.out.println(\"\\tGot it. I\u0027ve added this task:\\n\" + \"\\t  \" + event.toString());","lastModifiedDate":"2023-02-03"},{"lineNumber":94,"author":{"gitId":"sriram-senthilkr"},"content":"        System.out.println(\"\\tNow you have \" + taskCount + \" tasks in the list.\");","lastModifiedDate":"2023-02-03"},{"lineNumber":95,"author":{"gitId":"sriram-senthilkr"},"content":"    }","lastModifiedDate":"2023-02-03"},{"lineNumber":96,"author":{"gitId":"sriram-senthilkr"},"content":"","lastModifiedDate":"2023-02-03"},{"lineNumber":97,"author":{"gitId":"sriram-senthilkr"},"content":"    /**","lastModifiedDate":"2023-02-28"},{"lineNumber":98,"author":{"gitId":"sriram-senthilkr"},"content":"     * Deletes event from task, and removes it from collection","lastModifiedDate":"2023-02-28"},{"lineNumber":99,"author":{"gitId":"sriram-senthilkr"},"content":"     */","lastModifiedDate":"2023-02-28"},{"lineNumber":100,"author":{"gitId":"sriram-senthilkr"},"content":"    public void deleteTask(String currentInput) {","lastModifiedDate":"2023-02-28"},{"lineNumber":101,"author":{"gitId":"sriram-senthilkr"},"content":"        String[] modifyTask \u003d currentInput.split(\" \");","lastModifiedDate":"2023-02-28"},{"lineNumber":102,"author":{"gitId":"sriram-senthilkr"},"content":"        int taskIndex \u003d Integer.parseInt(modifyTask[1]) - 1;","lastModifiedDate":"2023-02-28"},{"lineNumber":103,"author":{"gitId":"sriram-senthilkr"},"content":"        System.out.println(\"\\tNoted. I\u0027ve removed this task:\");","lastModifiedDate":"2023-02-28"},{"lineNumber":104,"author":{"gitId":"sriram-senthilkr"},"content":"        System.out.println(\"\\t\" + tasks.get(taskIndex).toString());","lastModifiedDate":"2023-02-28"},{"lineNumber":105,"author":{"gitId":"sriram-senthilkr"},"content":"        tasks.remove(taskIndex);","lastModifiedDate":"2023-02-28"},{"lineNumber":106,"author":{"gitId":"sriram-senthilkr"},"content":"        taskCount--;","lastModifiedDate":"2023-02-28"},{"lineNumber":107,"author":{"gitId":"sriram-senthilkr"},"content":"        System.out.println(\"\\tNow you have \" + taskCount + \" tasks in the list.\");","lastModifiedDate":"2023-02-28"},{"lineNumber":108,"author":{"gitId":"sriram-senthilkr"},"content":"    }","lastModifiedDate":"2023-02-28"},{"lineNumber":109,"author":{"gitId":"sriram-senthilkr"},"content":"","lastModifiedDate":"2023-02-28"},{"lineNumber":110,"author":{"gitId":"sriram-senthilkr"},"content":"}","lastModifiedDate":"2023-01-26"}],"authorContributionMap":{"sriram-senthilkr":110}},{"path":"src/main/java/duke/duke/managers/TaskManager_1.java","fileType":"java","lines":[{"lineNumber":1,"author":{"gitId":"sriram-senthilkr"},"content":"package duke.managers;","lastModifiedDate":"2023-02-28"},{"lineNumber":2,"author":{"gitId":"sriram-senthilkr"},"content":"","lastModifiedDate":"2023-02-28"},{"lineNumber":3,"author":{"gitId":"sriram-senthilkr"},"content":"import duke.tasks.Deadline;","lastModifiedDate":"2023-02-28"},{"lineNumber":4,"author":{"gitId":"sriram-senthilkr"},"content":"import duke.tasks.Event;","lastModifiedDate":"2023-02-28"},{"lineNumber":5,"author":{"gitId":"sriram-senthilkr"},"content":"import duke.tasks.Task;","lastModifiedDate":"2023-02-28"},{"lineNumber":6,"author":{"gitId":"sriram-senthilkr"},"content":"import duke.tasks.Todo;","lastModifiedDate":"2023-02-28"},{"lineNumber":7,"author":{"gitId":"sriram-senthilkr"},"content":"","lastModifiedDate":"2023-02-28"},{"lineNumber":8,"author":{"gitId":"sriram-senthilkr"},"content":"public class TaskManager_1 {","lastModifiedDate":"2023-02-28"},{"lineNumber":9,"author":{"gitId":"sriram-senthilkr"},"content":"    private Task[] tasks \u003d new Task[100];","lastModifiedDate":"2023-02-28"},{"lineNumber":10,"author":{"gitId":"sriram-senthilkr"},"content":"    private int taskCount \u003d 0;","lastModifiedDate":"2023-02-28"},{"lineNumber":11,"author":{"gitId":"sriram-senthilkr"},"content":"","lastModifiedDate":"2023-02-28"},{"lineNumber":12,"author":{"gitId":"sriram-senthilkr"},"content":"    /**","lastModifiedDate":"2023-02-28"},{"lineNumber":13,"author":{"gitId":"sriram-senthilkr"},"content":"     * Adds a task to collection","lastModifiedDate":"2023-02-28"},{"lineNumber":14,"author":{"gitId":"sriram-senthilkr"},"content":"     */","lastModifiedDate":"2023-02-28"},{"lineNumber":15,"author":{"gitId":"sriram-senthilkr"},"content":"    public void addTask(String task) {","lastModifiedDate":"2023-02-28"},{"lineNumber":16,"author":{"gitId":"sriram-senthilkr"},"content":"        tasks[taskCount] \u003d new Task(task);","lastModifiedDate":"2023-02-28"},{"lineNumber":17,"author":{"gitId":"sriram-senthilkr"},"content":"        taskCount++;","lastModifiedDate":"2023-02-28"},{"lineNumber":18,"author":{"gitId":"sriram-senthilkr"},"content":"    }","lastModifiedDate":"2023-02-28"},{"lineNumber":19,"author":{"gitId":"sriram-senthilkr"},"content":"","lastModifiedDate":"2023-02-28"},{"lineNumber":20,"author":{"gitId":"sriram-senthilkr"},"content":"    /**","lastModifiedDate":"2023-02-28"},{"lineNumber":21,"author":{"gitId":"sriram-senthilkr"},"content":"     * Lists all the tasks in Task","lastModifiedDate":"2023-02-28"},{"lineNumber":22,"author":{"gitId":"sriram-senthilkr"},"content":"     */","lastModifiedDate":"2023-02-28"},{"lineNumber":23,"author":{"gitId":"sriram-senthilkr"},"content":"    public void listTasks() {","lastModifiedDate":"2023-02-28"},{"lineNumber":24,"author":{"gitId":"sriram-senthilkr"},"content":"        System.out.println(\"\\tHere are the tasks in your list:\");","lastModifiedDate":"2023-02-28"},{"lineNumber":25,"author":{"gitId":"sriram-senthilkr"},"content":"        for (int i \u003d 0; i \u003c taskCount; i++) {","lastModifiedDate":"2023-02-28"},{"lineNumber":26,"author":{"gitId":"sriram-senthilkr"},"content":"            System.out.println(\"\\t\" + (i + 1) + \". \" + tasks[i].toString());","lastModifiedDate":"2023-02-28"},{"lineNumber":27,"author":{"gitId":"sriram-senthilkr"},"content":"        }","lastModifiedDate":"2023-02-28"},{"lineNumber":28,"author":{"gitId":"sriram-senthilkr"},"content":"    }","lastModifiedDate":"2023-02-28"},{"lineNumber":29,"author":{"gitId":"sriram-senthilkr"},"content":"","lastModifiedDate":"2023-02-28"},{"lineNumber":30,"author":{"gitId":"sriram-senthilkr"},"content":"    /**","lastModifiedDate":"2023-02-28"},{"lineNumber":31,"author":{"gitId":"sriram-senthilkr"},"content":"     * Marks the task from the number of the task given","lastModifiedDate":"2023-02-28"},{"lineNumber":32,"author":{"gitId":"sriram-senthilkr"},"content":"     */","lastModifiedDate":"2023-02-28"},{"lineNumber":33,"author":{"gitId":"sriram-senthilkr"},"content":"    public void markTask(String currentInput) {","lastModifiedDate":"2023-02-28"},{"lineNumber":34,"author":{"gitId":"sriram-senthilkr"},"content":"        String[] modifyTask \u003d currentInput.split(\" \");","lastModifiedDate":"2023-02-28"},{"lineNumber":35,"author":{"gitId":"sriram-senthilkr"},"content":"        int taskIndex \u003d Integer.parseInt(modifyTask[1]) - 1;","lastModifiedDate":"2023-02-28"},{"lineNumber":36,"author":{"gitId":"sriram-senthilkr"},"content":"        tasks[taskIndex].setDone();","lastModifiedDate":"2023-02-28"},{"lineNumber":37,"author":{"gitId":"sriram-senthilkr"},"content":"        System.out.println(\"\\tNice! I\u0027ve marked this task as done:\");","lastModifiedDate":"2023-02-28"},{"lineNumber":38,"author":{"gitId":"sriram-senthilkr"},"content":"        System.out.println(\"    \" + \"[X] \" + tasks[taskIndex].getTaskName());","lastModifiedDate":"2023-02-28"},{"lineNumber":39,"author":{"gitId":"sriram-senthilkr"},"content":"    }","lastModifiedDate":"2023-02-28"},{"lineNumber":40,"author":{"gitId":"sriram-senthilkr"},"content":"","lastModifiedDate":"2023-02-28"},{"lineNumber":41,"author":{"gitId":"sriram-senthilkr"},"content":"    /**","lastModifiedDate":"2023-02-28"},{"lineNumber":42,"author":{"gitId":"sriram-senthilkr"},"content":"     * Unmarks the task from the number of the task given","lastModifiedDate":"2023-02-28"},{"lineNumber":43,"author":{"gitId":"sriram-senthilkr"},"content":"     */","lastModifiedDate":"2023-02-28"},{"lineNumber":44,"author":{"gitId":"sriram-senthilkr"},"content":"    public void unmarkTask(String currentInput) {","lastModifiedDate":"2023-02-28"},{"lineNumber":45,"author":{"gitId":"sriram-senthilkr"},"content":"        String[] modifyTask \u003d currentInput.split(\" \");","lastModifiedDate":"2023-02-28"},{"lineNumber":46,"author":{"gitId":"sriram-senthilkr"},"content":"        int taskIndex \u003d Integer.parseInt(modifyTask[1]) - 1;","lastModifiedDate":"2023-02-28"},{"lineNumber":47,"author":{"gitId":"sriram-senthilkr"},"content":"        tasks[taskIndex].setUndone();","lastModifiedDate":"2023-02-28"},{"lineNumber":48,"author":{"gitId":"sriram-senthilkr"},"content":"        System.out.println(\"\\tOK, I\u0027ve marked this task as not done yet:\");","lastModifiedDate":"2023-02-28"},{"lineNumber":49,"author":{"gitId":"sriram-senthilkr"},"content":"        System.out.println(\"    \" + \"[ ] \" + tasks[taskIndex].getTaskName());","lastModifiedDate":"2023-02-28"},{"lineNumber":50,"author":{"gitId":"sriram-senthilkr"},"content":"    }","lastModifiedDate":"2023-02-28"},{"lineNumber":51,"author":{"gitId":"sriram-senthilkr"},"content":"","lastModifiedDate":"2023-02-28"},{"lineNumber":52,"author":{"gitId":"sriram-senthilkr"},"content":"    /**","lastModifiedDate":"2023-02-28"},{"lineNumber":53,"author":{"gitId":"sriram-senthilkr"},"content":"     * Adds deadline to task, and adds it to collection","lastModifiedDate":"2023-02-28"},{"lineNumber":54,"author":{"gitId":"sriram-senthilkr"},"content":"     */","lastModifiedDate":"2023-02-28"},{"lineNumber":55,"author":{"gitId":"sriram-senthilkr"},"content":"    public void addDeadline(String currentInput) {","lastModifiedDate":"2023-02-28"},{"lineNumber":56,"author":{"gitId":"sriram-senthilkr"},"content":"        String[] operation \u003d currentInput.split(\"/by\");","lastModifiedDate":"2023-02-28"},{"lineNumber":57,"author":{"gitId":"sriram-senthilkr"},"content":"        String by \u003d operation[1];","lastModifiedDate":"2023-02-28"},{"lineNumber":58,"author":{"gitId":"sriram-senthilkr"},"content":"        String taskName \u003d operation[0].replace(\"deadline \", \"\");","lastModifiedDate":"2023-02-28"},{"lineNumber":59,"author":{"gitId":"sriram-senthilkr"},"content":"        Task deadline \u003d new Deadline(taskName, by);","lastModifiedDate":"2023-02-28"},{"lineNumber":60,"author":{"gitId":"sriram-senthilkr"},"content":"        tasks[taskCount] \u003d deadline;","lastModifiedDate":"2023-02-28"},{"lineNumber":61,"author":{"gitId":"sriram-senthilkr"},"content":"        taskCount++;","lastModifiedDate":"2023-02-28"},{"lineNumber":62,"author":{"gitId":"sriram-senthilkr"},"content":"        System.out.println(\"\\tGot it. I\u0027ve added this task:\\n\" + \"\\t  \" + deadline.toString());","lastModifiedDate":"2023-02-28"},{"lineNumber":63,"author":{"gitId":"sriram-senthilkr"},"content":"        System.out.println(\"\\tNow you have \" + taskCount + \" tasks in the list.\");","lastModifiedDate":"2023-02-28"},{"lineNumber":64,"author":{"gitId":"sriram-senthilkr"},"content":"    }","lastModifiedDate":"2023-02-28"},{"lineNumber":65,"author":{"gitId":"sriram-senthilkr"},"content":"","lastModifiedDate":"2023-02-28"},{"lineNumber":66,"author":{"gitId":"sriram-senthilkr"},"content":"    /**","lastModifiedDate":"2023-02-28"},{"lineNumber":67,"author":{"gitId":"sriram-senthilkr"},"content":"     * Adds todo to task, and adds it to collection","lastModifiedDate":"2023-02-28"},{"lineNumber":68,"author":{"gitId":"sriram-senthilkr"},"content":"     */","lastModifiedDate":"2023-02-28"},{"lineNumber":69,"author":{"gitId":"sriram-senthilkr"},"content":"    public void addTodo(String currentInput) {","lastModifiedDate":"2023-02-28"},{"lineNumber":70,"author":{"gitId":"sriram-senthilkr"},"content":"        String[] operation \u003d currentInput.split(\"todo \");","lastModifiedDate":"2023-02-28"},{"lineNumber":71,"author":{"gitId":"sriram-senthilkr"},"content":"        String taskName \u003d operation[1];","lastModifiedDate":"2023-02-28"},{"lineNumber":72,"author":{"gitId":"sriram-senthilkr"},"content":"        Task todo \u003d new Todo(taskName);","lastModifiedDate":"2023-02-28"},{"lineNumber":73,"author":{"gitId":"sriram-senthilkr"},"content":"        tasks[taskCount] \u003d todo;","lastModifiedDate":"2023-02-28"},{"lineNumber":74,"author":{"gitId":"sriram-senthilkr"},"content":"        taskCount++;","lastModifiedDate":"2023-02-28"},{"lineNumber":75,"author":{"gitId":"sriram-senthilkr"},"content":"        System.out.println(\"\\tGot it. I\u0027ve added this task:\\n\" + \"\\t\" + todo.toString());","lastModifiedDate":"2023-02-28"},{"lineNumber":76,"author":{"gitId":"sriram-senthilkr"},"content":"        System.out.println(\"\\tNow you have \" + taskCount + \" tasks in the list.\");","lastModifiedDate":"2023-02-28"},{"lineNumber":77,"author":{"gitId":"sriram-senthilkr"},"content":"    }","lastModifiedDate":"2023-02-28"},{"lineNumber":78,"author":{"gitId":"sriram-senthilkr"},"content":"","lastModifiedDate":"2023-02-28"},{"lineNumber":79,"author":{"gitId":"sriram-senthilkr"},"content":"    /**","lastModifiedDate":"2023-02-28"},{"lineNumber":80,"author":{"gitId":"sriram-senthilkr"},"content":"     * Adds event to task, and adds it to collection","lastModifiedDate":"2023-02-28"},{"lineNumber":81,"author":{"gitId":"sriram-senthilkr"},"content":"     */","lastModifiedDate":"2023-02-28"},{"lineNumber":82,"author":{"gitId":"sriram-senthilkr"},"content":"    public void addEvent(String currentInput) {","lastModifiedDate":"2023-02-28"},{"lineNumber":83,"author":{"gitId":"sriram-senthilkr"},"content":"        String[] operation \u003d currentInput.split(\"/from\");","lastModifiedDate":"2023-02-28"},{"lineNumber":84,"author":{"gitId":"sriram-senthilkr"},"content":"        String[] operation2 \u003d operation[1].split(\"/to\");","lastModifiedDate":"2023-02-28"},{"lineNumber":85,"author":{"gitId":"sriram-senthilkr"},"content":"        String from \u003d operation2[0];","lastModifiedDate":"2023-02-28"},{"lineNumber":86,"author":{"gitId":"sriram-senthilkr"},"content":"        String to \u003d operation2[1];","lastModifiedDate":"2023-02-28"},{"lineNumber":87,"author":{"gitId":"sriram-senthilkr"},"content":"        String taskName \u003d operation[0].replace(\"event \", \"\");","lastModifiedDate":"2023-02-28"},{"lineNumber":88,"author":{"gitId":"sriram-senthilkr"},"content":"        Task event \u003d new Event(taskName, from, to);","lastModifiedDate":"2023-02-28"},{"lineNumber":89,"author":{"gitId":"sriram-senthilkr"},"content":"        tasks[taskCount] \u003d event;","lastModifiedDate":"2023-02-28"},{"lineNumber":90,"author":{"gitId":"sriram-senthilkr"},"content":"        taskCount++;","lastModifiedDate":"2023-02-28"},{"lineNumber":91,"author":{"gitId":"sriram-senthilkr"},"content":"        System.out.println(\"\\tGot it. I\u0027ve added this task:\\n\" + \"\\t  \" + event.toString());","lastModifiedDate":"2023-02-28"},{"lineNumber":92,"author":{"gitId":"sriram-senthilkr"},"content":"        System.out.println(\"\\tNow you have \" + taskCount + \" tasks in the list.\");","lastModifiedDate":"2023-02-28"},{"lineNumber":93,"author":{"gitId":"sriram-senthilkr"},"content":"    }","lastModifiedDate":"2023-02-28"},{"lineNumber":94,"author":{"gitId":"sriram-senthilkr"},"content":"","lastModifiedDate":"2023-02-28"},{"lineNumber":95,"author":{"gitId":"sriram-senthilkr"},"content":"}","lastModifiedDate":"2023-02-28"}],"authorContributionMap":{"sriram-senthilkr":95}},{"path":"src/main/java/duke/duke/tasks/Deadline.java","fileType":"java","lines":[{"lineNumber":1,"author":{"gitId":"sriram-senthilkr"},"content":"package duke.tasks;","lastModifiedDate":"2023-02-09"},{"lineNumber":2,"author":{"gitId":"sriram-senthilkr"},"content":"","lastModifiedDate":"2023-02-09"},{"lineNumber":3,"author":{"gitId":"sriram-senthilkr"},"content":"public class Deadline extends Task {","lastModifiedDate":"2023-02-03"},{"lineNumber":4,"author":{"gitId":"sriram-senthilkr"},"content":"    protected String by;","lastModifiedDate":"2023-02-03"},{"lineNumber":5,"author":{"gitId":"sriram-senthilkr"},"content":"","lastModifiedDate":"2023-02-03"},{"lineNumber":6,"author":{"gitId":"sriram-senthilkr"},"content":"    public Deadline(String taskName, String by) {","lastModifiedDate":"2023-02-03"},{"lineNumber":7,"author":{"gitId":"sriram-senthilkr"},"content":"        super(taskName);","lastModifiedDate":"2023-02-03"},{"lineNumber":8,"author":{"gitId":"sriram-senthilkr"},"content":"        this.by \u003d by;","lastModifiedDate":"2023-02-03"},{"lineNumber":9,"author":{"gitId":"sriram-senthilkr"},"content":"    }","lastModifiedDate":"2023-02-03"},{"lineNumber":10,"author":{"gitId":"sriram-senthilkr"},"content":"","lastModifiedDate":"2023-02-03"},{"lineNumber":11,"author":{"gitId":"sriram-senthilkr"},"content":"    @Override","lastModifiedDate":"2023-02-03"},{"lineNumber":12,"author":{"gitId":"sriram-senthilkr"},"content":"    public String toString() {","lastModifiedDate":"2023-02-03"},{"lineNumber":13,"author":{"gitId":"sriram-senthilkr"},"content":"        return \"[D]\" + super.toString() + \"(by:\" + by + \")\";","lastModifiedDate":"2023-02-03"},{"lineNumber":14,"author":{"gitId":"sriram-senthilkr"},"content":"    }","lastModifiedDate":"2023-02-03"},{"lineNumber":15,"author":{"gitId":"sriram-senthilkr"},"content":"}","lastModifiedDate":"2023-02-03"}],"authorContributionMap":{"sriram-senthilkr":15}},{"path":"src/main/java/duke/duke/tasks/Event.java","fileType":"java","lines":[{"lineNumber":1,"author":{"gitId":"sriram-senthilkr"},"content":"package duke.tasks;","lastModifiedDate":"2023-02-09"},{"lineNumber":2,"author":{"gitId":"sriram-senthilkr"},"content":"","lastModifiedDate":"2023-02-09"},{"lineNumber":3,"author":{"gitId":"sriram-senthilkr"},"content":"public class Event extends Task {","lastModifiedDate":"2023-02-03"},{"lineNumber":4,"author":{"gitId":"sriram-senthilkr"},"content":"    protected String from;","lastModifiedDate":"2023-02-03"},{"lineNumber":5,"author":{"gitId":"sriram-senthilkr"},"content":"    protected String to;","lastModifiedDate":"2023-02-03"},{"lineNumber":6,"author":{"gitId":"sriram-senthilkr"},"content":"","lastModifiedDate":"2023-02-03"},{"lineNumber":7,"author":{"gitId":"sriram-senthilkr"},"content":"    public Event(String taskName, String from, String to) {","lastModifiedDate":"2023-02-03"},{"lineNumber":8,"author":{"gitId":"sriram-senthilkr"},"content":"        super(taskName);","lastModifiedDate":"2023-02-03"},{"lineNumber":9,"author":{"gitId":"sriram-senthilkr"},"content":"        this.from \u003d from;","lastModifiedDate":"2023-02-03"},{"lineNumber":10,"author":{"gitId":"sriram-senthilkr"},"content":"        this.to \u003d to;","lastModifiedDate":"2023-02-03"},{"lineNumber":11,"author":{"gitId":"sriram-senthilkr"},"content":"    }","lastModifiedDate":"2023-02-03"},{"lineNumber":12,"author":{"gitId":"sriram-senthilkr"},"content":"","lastModifiedDate":"2023-02-03"},{"lineNumber":13,"author":{"gitId":"sriram-senthilkr"},"content":"    @Override","lastModifiedDate":"2023-02-03"},{"lineNumber":14,"author":{"gitId":"sriram-senthilkr"},"content":"    public String toString() {","lastModifiedDate":"2023-02-03"},{"lineNumber":15,"author":{"gitId":"sriram-senthilkr"},"content":"        return \"[E]\" + super.toString() + \"(from:\" + from + \"to:\" + to + \")\";","lastModifiedDate":"2023-02-03"},{"lineNumber":16,"author":{"gitId":"sriram-senthilkr"},"content":"    }","lastModifiedDate":"2023-02-03"},{"lineNumber":17,"author":{"gitId":"sriram-senthilkr"},"content":"}","lastModifiedDate":"2023-02-03"}],"authorContributionMap":{"sriram-senthilkr":17}},{"path":"src/main/java/duke/duke/tasks/Task.java","fileType":"java","lines":[{"lineNumber":1,"author":{"gitId":"sriram-senthilkr"},"content":"package duke.tasks;","lastModifiedDate":"2023-02-09"},{"lineNumber":2,"author":{"gitId":"sriram-senthilkr"},"content":"","lastModifiedDate":"2023-02-09"},{"lineNumber":3,"author":{"gitId":"sriram-senthilkr"},"content":"public class Task {","lastModifiedDate":"2023-01-26"},{"lineNumber":4,"author":{"gitId":"sriram-senthilkr"},"content":"    protected String taskName;","lastModifiedDate":"2023-01-27"},{"lineNumber":5,"author":{"gitId":"sriram-senthilkr"},"content":"    protected boolean isDone;","lastModifiedDate":"2023-01-27"},{"lineNumber":6,"author":{"gitId":"sriram-senthilkr"},"content":"","lastModifiedDate":"2023-01-26"},{"lineNumber":7,"author":{"gitId":"sriram-senthilkr"},"content":"    public Task(String taskName) {","lastModifiedDate":"2023-01-26"},{"lineNumber":8,"author":{"gitId":"sriram-senthilkr"},"content":"        this.taskName \u003d taskName;","lastModifiedDate":"2023-01-26"},{"lineNumber":9,"author":{"gitId":"sriram-senthilkr"},"content":"        this.isDone \u003d false;","lastModifiedDate":"2023-01-27"},{"lineNumber":10,"author":{"gitId":"sriram-senthilkr"},"content":"    }","lastModifiedDate":"2023-01-26"},{"lineNumber":11,"author":{"gitId":"sriram-senthilkr"},"content":"","lastModifiedDate":"2023-01-26"},{"lineNumber":12,"author":{"gitId":"sriram-senthilkr"},"content":"    public String getTaskName() {","lastModifiedDate":"2023-01-26"},{"lineNumber":13,"author":{"gitId":"sriram-senthilkr"},"content":"        return taskName;","lastModifiedDate":"2023-01-26"},{"lineNumber":14,"author":{"gitId":"sriram-senthilkr"},"content":"    }","lastModifiedDate":"2023-01-26"},{"lineNumber":15,"author":{"gitId":"sriram-senthilkr"},"content":"","lastModifiedDate":"2023-01-26"},{"lineNumber":16,"author":{"gitId":"sriram-senthilkr"},"content":"    public String getStatusIcon() {","lastModifiedDate":"2023-01-27"},{"lineNumber":17,"author":{"gitId":"sriram-senthilkr"},"content":"        return (isDone ? \"X\" : \" \");","lastModifiedDate":"2023-01-27"},{"lineNumber":18,"author":{"gitId":"sriram-senthilkr"},"content":"    }","lastModifiedDate":"2023-01-27"},{"lineNumber":19,"author":{"gitId":"sriram-senthilkr"},"content":"","lastModifiedDate":"2023-01-27"},{"lineNumber":20,"author":{"gitId":"sriram-senthilkr"},"content":"    public void setDone() {","lastModifiedDate":"2023-01-27"},{"lineNumber":21,"author":{"gitId":"sriram-senthilkr"},"content":"        this.isDone \u003d true;","lastModifiedDate":"2023-01-27"},{"lineNumber":22,"author":{"gitId":"sriram-senthilkr"},"content":"    }","lastModifiedDate":"2023-01-27"},{"lineNumber":23,"author":{"gitId":"sriram-senthilkr"},"content":"","lastModifiedDate":"2023-01-27"},{"lineNumber":24,"author":{"gitId":"sriram-senthilkr"},"content":"    public void setUndone() {","lastModifiedDate":"2023-01-27"},{"lineNumber":25,"author":{"gitId":"sriram-senthilkr"},"content":"        this.isDone \u003d false;","lastModifiedDate":"2023-01-27"},{"lineNumber":26,"author":{"gitId":"sriram-senthilkr"},"content":"    }","lastModifiedDate":"2023-01-27"},{"lineNumber":27,"author":{"gitId":"sriram-senthilkr"},"content":"","lastModifiedDate":"2023-01-27"},{"lineNumber":28,"author":{"gitId":"sriram-senthilkr"},"content":"    @Override","lastModifiedDate":"2023-02-03"},{"lineNumber":29,"author":{"gitId":"sriram-senthilkr"},"content":"    public String toString() {","lastModifiedDate":"2023-02-03"},{"lineNumber":30,"author":{"gitId":"sriram-senthilkr"},"content":"        return \"[\" + this.getStatusIcon() + \"] \" + this.getTaskName();","lastModifiedDate":"2023-02-03"},{"lineNumber":31,"author":{"gitId":"sriram-senthilkr"},"content":"    }","lastModifiedDate":"2023-02-03"},{"lineNumber":32,"author":{"gitId":"sriram-senthilkr"},"content":"","lastModifiedDate":"2023-02-03"},{"lineNumber":33,"author":{"gitId":"sriram-senthilkr"},"content":"}","lastModifiedDate":"2023-01-26"}],"authorContributionMap":{"sriram-senthilkr":33}},{"path":"src/main/java/duke/duke/tasks/Todo.java","fileType":"java","lines":[{"lineNumber":1,"author":{"gitId":"sriram-senthilkr"},"content":"package duke.tasks;","lastModifiedDate":"2023-02-09"},{"lineNumber":2,"author":{"gitId":"sriram-senthilkr"},"content":"","lastModifiedDate":"2023-02-09"},{"lineNumber":3,"author":{"gitId":"sriram-senthilkr"},"content":"public class Todo extends Task {","lastModifiedDate":"2023-02-03"},{"lineNumber":4,"author":{"gitId":"sriram-senthilkr"},"content":"","lastModifiedDate":"2023-02-03"},{"lineNumber":5,"author":{"gitId":"sriram-senthilkr"},"content":"    public Todo(String taskName) {","lastModifiedDate":"2023-02-03"},{"lineNumber":6,"author":{"gitId":"sriram-senthilkr"},"content":"        super(taskName);","lastModifiedDate":"2023-02-03"},{"lineNumber":7,"author":{"gitId":"sriram-senthilkr"},"content":"    }","lastModifiedDate":"2023-02-03"},{"lineNumber":8,"author":{"gitId":"sriram-senthilkr"},"content":"","lastModifiedDate":"2023-02-03"},{"lineNumber":9,"author":{"gitId":"sriram-senthilkr"},"content":"    @Override","lastModifiedDate":"2023-02-03"},{"lineNumber":10,"author":{"gitId":"sriram-senthilkr"},"content":"    public String toString() {","lastModifiedDate":"2023-02-03"},{"lineNumber":11,"author":{"gitId":"sriram-senthilkr"},"content":"        return \"[T]\" + super.toString();","lastModifiedDate":"2023-02-03"},{"lineNumber":12,"author":{"gitId":"sriram-senthilkr"},"content":"    }","lastModifiedDate":"2023-02-03"},{"lineNumber":13,"author":{"gitId":"sriram-senthilkr"},"content":"}","lastModifiedDate":"2023-02-03"}],"authorContributionMap":{"sriram-senthilkr":13}},{"path":"src/main/java/duke/duke/ui/Ui.java","fileType":"java","lines":[{"lineNumber":1,"author":{"gitId":"sriram-senthilkr"},"content":"package duke.ui;","lastModifiedDate":"2023-02-09"},{"lineNumber":2,"author":{"gitId":"sriram-senthilkr"},"content":"","lastModifiedDate":"2023-02-09"},{"lineNumber":3,"author":{"gitId":"sriram-senthilkr"},"content":"public class Ui {","lastModifiedDate":"2023-02-09"},{"lineNumber":4,"author":{"gitId":"sriram-senthilkr"},"content":"    private static String LINE \u003d \"\\t____________________________________________________________\";","lastModifiedDate":"2023-02-28"},{"lineNumber":5,"author":{"gitId":"sriram-senthilkr"},"content":"    private static String HELPMESSAGE \u003d \"\\tWelcome to the help desk! Here are a list of commands that you can input: \\n\\n\"","lastModifiedDate":"2023-02-28"},{"lineNumber":6,"author":{"gitId":"sriram-senthilkr"},"content":"            + \"\\tGENERAL COMMANDS: \\n\" + \"\\t1. list -\u003e \\n\" + \"\\t\\tlists the tasks in your list. \\n\"","lastModifiedDate":"2023-02-28"},{"lineNumber":7,"author":{"gitId":"sriram-senthilkr"},"content":"            + \"\\t2. mark X -\u003e \\n\" + \"\\t\\tmarks the task at position X as \u0027done\u0027. \\n\" + \"\\t3. unmark X -\u003e \\n\"","lastModifiedDate":"2023-02-28"},{"lineNumber":8,"author":{"gitId":"sriram-senthilkr"},"content":"            + \"\\t\\tunmarks the task at position X as \u0027undone\u0027. \\n\" + \"\\t4. delete X -\u003e \\n\"","lastModifiedDate":"2023-02-28"},{"lineNumber":9,"author":{"gitId":"sriram-senthilkr"},"content":"            + \"\\t\\tdeletes the task at position X. \\n\" + \"\\t5. bye -\u003e \\n\" + \"\\t\\texits the application. \\n\\n\"","lastModifiedDate":"2023-02-28"},{"lineNumber":10,"author":{"gitId":"sriram-senthilkr"},"content":"            + \"\\tADDING TASKS: \\n\" + \"\\t6. todo \u0027XXXX\u0027 -\u003e \\n\" + \"\\t\\tadds a new todo task XXXX to the list. \\n\"","lastModifiedDate":"2023-02-28"},{"lineNumber":11,"author":{"gitId":"sriram-senthilkr"},"content":"            + \"\\t7. deadline \u0027XXXX\u0027 /by \u0027YYYY\u0027 -\u003e \\n\"","lastModifiedDate":"2023-02-28"},{"lineNumber":12,"author":{"gitId":"sriram-senthilkr"},"content":"            + \"\\t\\tadds a task with a deadline, with XXXX being the task and YYYY being the deadline. \\n\"","lastModifiedDate":"2023-02-28"},{"lineNumber":13,"author":{"gitId":"sriram-senthilkr"},"content":"            + \"\\t8. event \u0027XXXX\u0027 /from \u0027YYYY\u0027 /to \u0027ZZZZ\u0027 -\u003e \\n\"","lastModifiedDate":"2023-02-28"},{"lineNumber":14,"author":{"gitId":"sriram-senthilkr"},"content":"            + \"\\t\\tadds an event, with XXXX as the event name, YYYY as the start date, and ZZZZ as the end date.\";","lastModifiedDate":"2023-02-28"},{"lineNumber":15,"author":{"gitId":"sriram-senthilkr"},"content":"","lastModifiedDate":"2023-02-09"},{"lineNumber":16,"author":{"gitId":"sriram-senthilkr"},"content":"    public static void printHorizontalLine() {","lastModifiedDate":"2023-02-09"},{"lineNumber":17,"author":{"gitId":"sriram-senthilkr"},"content":"        System.out.println(LINE);","lastModifiedDate":"2023-02-09"},{"lineNumber":18,"author":{"gitId":"sriram-senthilkr"},"content":"    }","lastModifiedDate":"2023-02-09"},{"lineNumber":19,"author":{"gitId":"sriram-senthilkr"},"content":"","lastModifiedDate":"2023-02-09"},{"lineNumber":20,"author":{"gitId":"sriram-senthilkr"},"content":"    /**","lastModifiedDate":"2023-02-09"},{"lineNumber":21,"author":{"gitId":"sriram-senthilkr"},"content":"     * Duke greetings","lastModifiedDate":"2023-02-09"},{"lineNumber":22,"author":{"gitId":"sriram-senthilkr"},"content":"     */","lastModifiedDate":"2023-02-09"},{"lineNumber":23,"author":{"gitId":"sriram-senthilkr"},"content":"    public static void printGreetings() {","lastModifiedDate":"2023-02-09"},{"lineNumber":24,"author":{"gitId":"sriram-senthilkr"},"content":"        String logo \u003d \" ____        _        \\n\" + \"|  _ \\\\ _   _| | _____ \\n\" + \"| | | | | | | |/ / _ \\\\\\n\"","lastModifiedDate":"2023-02-09"},{"lineNumber":25,"author":{"gitId":"sriram-senthilkr"},"content":"                + \"| |_| | |_| |   \u003c  __/\\n\" + \"|____/ \\\\__,_|_|\\\\_\\\\___|\\n\";","lastModifiedDate":"2023-02-09"},{"lineNumber":26,"author":{"gitId":"sriram-senthilkr"},"content":"        System.out.println(\"Hello from\\n\" + logo);","lastModifiedDate":"2023-02-09"},{"lineNumber":27,"author":{"gitId":"sriram-senthilkr"},"content":"","lastModifiedDate":"2023-02-09"},{"lineNumber":28,"author":{"gitId":"sriram-senthilkr"},"content":"        System.out.println(\"\\tHello! I\u0027m Duke\\n\\tWhat can I do for you?\");","lastModifiedDate":"2023-02-28"},{"lineNumber":29,"author":{"gitId":"sriram-senthilkr"},"content":"        System.out.println(LINE + \"\\n\");","lastModifiedDate":"2023-02-09"},{"lineNumber":30,"author":{"gitId":"sriram-senthilkr"},"content":"    }","lastModifiedDate":"2023-02-09"},{"lineNumber":31,"author":{"gitId":"sriram-senthilkr"},"content":"","lastModifiedDate":"2023-02-09"},{"lineNumber":32,"author":{"gitId":"sriram-senthilkr"},"content":"    /*","lastModifiedDate":"2023-02-09"},{"lineNumber":33,"author":{"gitId":"sriram-senthilkr"},"content":"     * Print Farewell","lastModifiedDate":"2023-02-09"},{"lineNumber":34,"author":{"gitId":"sriram-senthilkr"},"content":"     */","lastModifiedDate":"2023-02-09"},{"lineNumber":35,"author":{"gitId":"sriram-senthilkr"},"content":"    public static void printFarewell() {","lastModifiedDate":"2023-02-09"},{"lineNumber":36,"author":{"gitId":"sriram-senthilkr"},"content":"        System.out.println(\"\\tBye. Hope to see you again soon!\");","lastModifiedDate":"2023-02-09"},{"lineNumber":37,"author":{"gitId":"sriram-senthilkr"},"content":"        printHorizontalLine();","lastModifiedDate":"2023-02-09"},{"lineNumber":38,"author":{"gitId":"sriram-senthilkr"},"content":"    }","lastModifiedDate":"2023-02-09"},{"lineNumber":39,"author":{"gitId":"sriram-senthilkr"},"content":"","lastModifiedDate":"2023-02-09"},{"lineNumber":40,"author":{"gitId":"sriram-senthilkr"},"content":"    public static void printHelp() {","lastModifiedDate":"2023-02-27"},{"lineNumber":41,"author":{"gitId":"sriram-senthilkr"},"content":"        System.out.println(HELPMESSAGE);","lastModifiedDate":"2023-02-27"},{"lineNumber":42,"author":{"gitId":"sriram-senthilkr"},"content":"    }","lastModifiedDate":"2023-02-27"},{"lineNumber":43,"author":{"gitId":"sriram-senthilkr"},"content":"","lastModifiedDate":"2023-02-27"},{"lineNumber":44,"author":{"gitId":"sriram-senthilkr"},"content":"}","lastModifiedDate":"2023-02-09"}],"authorContributionMap":{"sriram-senthilkr":44}}]
