{"authorDailyContributionsMap":{"sriram-senthilkr":[{"date":"2023-01-26","commitResults":[{"hash":"b00d7d56aa92f0d139638eace512bb76fd24458e","messageTitle":"Add Greetings for user","messageBody":"","fileTypesAndContributionMap":{"java":{"insertions":5,"deletions":0}}},{"hash":"6efdc846dc8d71f4d0c7a7afde0d777f2d9f7058","messageTitle":"Add Greet, Echo, Exit","messageBody":"","tags":["Level-1"],"fileTypesAndContributionMap":{"java":{"insertions":26,"deletions":3}}},{"hash":"2a1f337ca06fbc2dcb881e214dbeeeb96e32fcad","messageTitle":"Add add, list","messageBody":"","tags":["Level-2"],"fileTypesAndContributionMap":{"java":{"insertions":48,"deletions":2}}}]},{"date":"2023-01-27","commitResults":[{"hash":"eedf5e1159e745729cd65a7a42b40d2346e6dca4","messageTitle":"Add Mark as Done","messageBody":"","tags":["Level-3"],"fileTypesAndContributionMap":{"java":{"insertions":60,"deletions":10}}}]},{"date":"2023-02-01","commitResults":[{"hash":"39f94aa85dce60e6f704624c1dc7fcda494b458b","messageTitle":"Follow the Coding Standards","messageBody":"","tags":["A-CodingStandard"],"fileTypesAndContributionMap":{"java":{"insertions":13,"deletions":20}}}]},{"date":"2023-02-03","commitResults":[{"hash":"8bb5e1b6635665a844a183b2c049519ba0228228","messageTitle":"ToDo, Events, Deadlines","messageBody":"","tags":["Level-4"],"fileTypesAndContributionMap":{"java":{"insertions":142,"deletions":41}}}]},{"date":"2023-02-08","commitResults":[{"hash":"5805bebf98669e591f92662cdb2baed88a9c1aff","messageTitle":"Resolve Comments","messageBody":"","fileTypesAndContributionMap":{"java":{"insertions":3,"deletions":0}}}]},{"date":"2023-02-09","commitResults":[{"hash":"8eb967abc7a4b31888442f31cd2474d9c3648977","messageTitle":"Add Switch cases","messageBody":"","fileTypesAndContributionMap":{"java":{"insertions":38,"deletions":34}}},{"hash":"ec4e041cd8a16434e8f7a4051475096cf9679f32","messageTitle":"Try Exceptions","messageBody":"","fileTypesAndContributionMap":{"java":{"insertions":37,"deletions":29}}},{"hash":"bb9dedf8c7ec3231679fb50b6e4835b5c1ce8954","messageTitle":"Add packages to each file","messageBody":"","fileTypesAndContributionMap":{"java":{"insertions":100,"deletions":68}}},{"hash":"7347ae8a32edc58e2d6dc0a0e1b6c60810f09b29","messageTitle":"Add overall duke package","messageBody":"","fileTypesAndContributionMap":{"java":{"insertions":19,"deletions":17}}}]},{"date":"2023-02-27","commitResults":[{"hash":"ceb2b9c93011f514d0dae4abfbc800a7852f7846","messageTitle":"Today\u0027s commit","messageBody":"","fileTypesAndContributionMap":{"java":{"insertions":0,"deletions":4}}},{"hash":"8b3b46c3b9ad198b156666ed66fa246d66468a11","messageTitle":"Add help command","messageBody":"","fileTypesAndContributionMap":{"java":{"insertions":14,"deletions":0}}}]},{"date":"2023-02-28","commitResults":[{"hash":"14019dfe012adb7d26e6d3ae96261981b74bd33a","messageTitle":"Add 2 Exception Handles","messageBody":"","fileTypesAndContributionMap":{"java":{"insertions":24,"deletions":13}}}]}]},"authorFileTypeContributionMap":{"sriram-senthilkr":{"java":296,"md":0,"fxml":0,"sh":0,"bat":0,"gradle":0,"txt":0}},"authorContributionVariance":{"sriram-senthilkr":3246.4934},"authorDisplayNameMap":{"sriram-senthilkr":"CS2113-T11-2 SENT..IRAM"}}
