[{"path":"src/main/java/Deadline.java","fileType":"java","lines":[{"lineNumber":1,"author":{"gitId":"TzeLoong"},"content":"public class Deadline extends Tasks {","lastModifiedDate":"2023-02-09"},{"lineNumber":2,"author":{"gitId":"TzeLoong"},"content":"","lastModifiedDate":"2023-02-09"},{"lineNumber":3,"author":{"gitId":"TzeLoong"},"content":"  protected String by;","lastModifiedDate":"2023-02-09"},{"lineNumber":4,"author":{"gitId":"TzeLoong"},"content":"","lastModifiedDate":"2023-02-09"},{"lineNumber":5,"author":{"gitId":"TzeLoong"},"content":"  public Deadline(String description, String by) {","lastModifiedDate":"2023-02-09"},{"lineNumber":6,"author":{"gitId":"TzeLoong"},"content":"    super(description);","lastModifiedDate":"2023-02-09"},{"lineNumber":7,"author":{"gitId":"TzeLoong"},"content":"    this.by \u003d by;","lastModifiedDate":"2023-02-09"},{"lineNumber":8,"author":{"gitId":"TzeLoong"},"content":"  }","lastModifiedDate":"2023-02-09"},{"lineNumber":9,"author":{"gitId":"TzeLoong"},"content":"","lastModifiedDate":"2023-02-09"},{"lineNumber":10,"author":{"gitId":"TzeLoong"},"content":"  @Override","lastModifiedDate":"2023-02-09"},{"lineNumber":11,"author":{"gitId":"TzeLoong"},"content":"  public String toString() {","lastModifiedDate":"2023-02-09"},{"lineNumber":12,"author":{"gitId":"TzeLoong"},"content":"    return \"[D]\" + super.toString() + \"(by:\" + by + \")\";","lastModifiedDate":"2023-02-09"},{"lineNumber":13,"author":{"gitId":"TzeLoong"},"content":"  }","lastModifiedDate":"2023-02-09"},{"lineNumber":14,"author":{"gitId":"TzeLoong"},"content":"","lastModifiedDate":"2023-02-09"},{"lineNumber":15,"author":{"gitId":"TzeLoong"},"content":"}","lastModifiedDate":"2023-02-09"}],"authorContributionMap":{"TzeLoong":15}},{"path":"src/main/java/Duke.java","fileType":"java","lines":[{"lineNumber":1,"author":{"gitId":"TzeLoong"},"content":"import java.io.File;","lastModifiedDate":"2023-02-28"},{"lineNumber":2,"author":{"gitId":"TzeLoong"},"content":"import java.io.FileNotFoundException;","lastModifiedDate":"2023-02-28"},{"lineNumber":3,"author":{"gitId":"TzeLoong"},"content":"import java.io.IOException;","lastModifiedDate":"2023-02-28"},{"lineNumber":4,"author":{"gitId":"TzeLoong"},"content":"import java.io.FileWriter;","lastModifiedDate":"2023-02-28"},{"lineNumber":5,"author":{"gitId":"TzeLoong"},"content":"","lastModifiedDate":"2023-02-28"},{"lineNumber":6,"author":{"gitId":"TzeLoong"},"content":"import java.util.ArrayList;","lastModifiedDate":"2023-02-18"},{"lineNumber":7,"author":{"gitId":"TzeLoong"},"content":"import java.util.NoSuchElementException;","lastModifiedDate":"2023-02-28"},{"lineNumber":8,"author":{"gitId":"TzeLoong"},"content":"import java.util.Scanner;","lastModifiedDate":"2023-02-01"},{"lineNumber":9,"author":{"gitId":"TzeLoong"},"content":"","lastModifiedDate":"2023-02-01"},{"lineNumber":10,"author":{"gitId":"-"},"content":"public class Duke {","lastModifiedDate":"2019-07-29"},{"lineNumber":11,"author":{"gitId":"TzeLoong"},"content":"","lastModifiedDate":"2023-02-01"},{"lineNumber":12,"author":{"gitId":"TzeLoong"},"content":"    private static final String STORAGE_FILE_NAME \u003d \"./data/Duke.txt\";","lastModifiedDate":"2023-02-28"},{"lineNumber":13,"author":{"gitId":"TzeLoong"},"content":"","lastModifiedDate":"2023-02-28"},{"lineNumber":14,"author":{"gitId":"TzeLoong"},"content":"    private static ArrayList\u003cTasks\u003e listOfTasks \u003d new ArrayList\u003cTasks\u003e();","lastModifiedDate":"2023-02-18"},{"lineNumber":15,"author":{"gitId":"TzeLoong"},"content":"    private static int counter \u003d 0;","lastModifiedDate":"2023-02-17"},{"lineNumber":16,"author":{"gitId":"TzeLoong"},"content":"","lastModifiedDate":"2023-02-17"},{"lineNumber":17,"author":{"gitId":"TzeLoong"},"content":"    public static void greet_user() {","lastModifiedDate":"2023-02-01"},{"lineNumber":18,"author":{"gitId":"TzeLoong"},"content":"        System.out.println(\"Hello! I\u0027m Duke \\n\");","lastModifiedDate":"2023-02-01"},{"lineNumber":19,"author":{"gitId":"-"},"content":"        String logo \u003d \" ____        _        \\n\"","lastModifiedDate":"2019-07-29"},{"lineNumber":20,"author":{"gitId":"-"},"content":"                + \"|  _ \\\\ _   _| | _____ \\n\"","lastModifiedDate":"2019-07-29"},{"lineNumber":21,"author":{"gitId":"-"},"content":"                + \"| | | | | | | |/ / _ \\\\\\n\"","lastModifiedDate":"2019-07-29"},{"lineNumber":22,"author":{"gitId":"-"},"content":"                + \"| |_| | |_| |   \u003c  __/\\n\"","lastModifiedDate":"2019-07-29"},{"lineNumber":23,"author":{"gitId":"-"},"content":"                + \"|____/ \\\\__,_|_|\\\\_\\\\___|\\n\";","lastModifiedDate":"2019-07-29"},{"lineNumber":24,"author":{"gitId":"TzeLoong"},"content":"        System.out.println(logo);","lastModifiedDate":"2023-02-01"},{"lineNumber":25,"author":{"gitId":"TzeLoong"},"content":"        System.out.println(\"How can i help u? \\n\");","lastModifiedDate":"2023-02-01"},{"lineNumber":26,"author":{"gitId":"TzeLoong"},"content":"    }","lastModifiedDate":"2023-02-01"},{"lineNumber":27,"author":{"gitId":"TzeLoong"},"content":"","lastModifiedDate":"2023-02-01"},{"lineNumber":28,"author":{"gitId":"TzeLoong"},"content":"    public static void print_action() {","lastModifiedDate":"2023-02-17"},{"lineNumber":29,"author":{"gitId":"TzeLoong"},"content":"        System.out.println(\"\\n\");","lastModifiedDate":"2023-02-17"},{"lineNumber":30,"author":{"gitId":"TzeLoong"},"content":"        System.out.println(\"I have added this task: \");","lastModifiedDate":"2023-02-17"},{"lineNumber":31,"author":{"gitId":"TzeLoong"},"content":"        System.out.println(listOfTasks.get(counter - 1).toString());","lastModifiedDate":"2023-02-18"},{"lineNumber":32,"author":{"gitId":"TzeLoong"},"content":"","lastModifiedDate":"2023-02-01"},{"lineNumber":33,"author":{"gitId":"TzeLoong"},"content":"        System.out.println(\"You now have \" + counter + \" tasks in the list.\");","lastModifiedDate":"2023-02-17"},{"lineNumber":34,"author":{"gitId":"TzeLoong"},"content":"    }","lastModifiedDate":"2023-02-01"},{"lineNumber":35,"author":{"gitId":"TzeLoong"},"content":"","lastModifiedDate":"2023-02-01"},{"lineNumber":36,"author":{"gitId":"TzeLoong"},"content":"    public static void Todo(String description) {","lastModifiedDate":"2023-02-17"},{"lineNumber":37,"author":{"gitId":"TzeLoong"},"content":"        Tasks t \u003d new ToDo(description);","lastModifiedDate":"2023-02-17"},{"lineNumber":38,"author":{"gitId":"TzeLoong"},"content":"        listOfTasks.add(t);","lastModifiedDate":"2023-02-18"},{"lineNumber":39,"author":{"gitId":"TzeLoong"},"content":"        counter++;","lastModifiedDate":"2023-02-17"},{"lineNumber":40,"author":{"gitId":"TzeLoong"},"content":"        print_action();","lastModifiedDate":"2023-02-17"},{"lineNumber":41,"author":{"gitId":"TzeLoong"},"content":"    }","lastModifiedDate":"2023-02-17"},{"lineNumber":42,"author":{"gitId":"TzeLoong"},"content":"","lastModifiedDate":"2023-02-01"},{"lineNumber":43,"author":{"gitId":"TzeLoong"},"content":"    public static void Deadline(String description, String by) {","lastModifiedDate":"2023-02-17"},{"lineNumber":44,"author":{"gitId":"TzeLoong"},"content":"        Deadline d \u003d new Deadline(description, by);","lastModifiedDate":"2023-02-17"},{"lineNumber":45,"author":{"gitId":"TzeLoong"},"content":"        listOfTasks.add(d);","lastModifiedDate":"2023-02-18"},{"lineNumber":46,"author":{"gitId":"TzeLoong"},"content":"        counter++;","lastModifiedDate":"2023-02-17"},{"lineNumber":47,"author":{"gitId":"TzeLoong"},"content":"        print_action();","lastModifiedDate":"2023-02-17"},{"lineNumber":48,"author":{"gitId":"-"},"content":"    }","lastModifiedDate":"2019-07-29"},{"lineNumber":49,"author":{"gitId":"TzeLoong"},"content":"","lastModifiedDate":"2023-02-01"},{"lineNumber":50,"author":{"gitId":"TzeLoong"},"content":"    public static void Event(String description, String start, String end) {","lastModifiedDate":"2023-02-17"},{"lineNumber":51,"author":{"gitId":"TzeLoong"},"content":"        Event e \u003d new Event(description, start, end);","lastModifiedDate":"2023-02-18"},{"lineNumber":52,"author":{"gitId":"TzeLoong"},"content":"        listOfTasks.add(e);","lastModifiedDate":"2023-02-18"},{"lineNumber":53,"author":{"gitId":"TzeLoong"},"content":"        counter++;","lastModifiedDate":"2023-02-17"},{"lineNumber":54,"author":{"gitId":"TzeLoong"},"content":"        print_action();","lastModifiedDate":"2023-02-17"},{"lineNumber":55,"author":{"gitId":"TzeLoong"},"content":"    }","lastModifiedDate":"2023-02-17"},{"lineNumber":56,"author":{"gitId":"TzeLoong"},"content":"","lastModifiedDate":"2023-02-01"},{"lineNumber":57,"author":{"gitId":"TzeLoong"},"content":"    public static void List() {","lastModifiedDate":"2023-02-17"},{"lineNumber":58,"author":{"gitId":"TzeLoong"},"content":"        System.out.println(\"Here are all of your \" + counter + \" tasks: \");","lastModifiedDate":"2023-02-17"},{"lineNumber":59,"author":{"gitId":"TzeLoong"},"content":"        for (int i \u003d 0; i \u003c counter; i++) {","lastModifiedDate":"2023-02-17"},{"lineNumber":60,"author":{"gitId":"TzeLoong"},"content":"            System.out.println(i + 1 + \".\" + listOfTasks.get(i).toString());","lastModifiedDate":"2023-02-18"},{"lineNumber":61,"author":{"gitId":"TzeLoong"},"content":"        }","lastModifiedDate":"2023-02-17"},{"lineNumber":62,"author":{"gitId":"TzeLoong"},"content":"    }","lastModifiedDate":"2023-02-02"},{"lineNumber":63,"author":{"gitId":"TzeLoong"},"content":"","lastModifiedDate":"2023-02-02"},{"lineNumber":64,"author":{"gitId":"TzeLoong"},"content":"    public static void Delete(int index) {","lastModifiedDate":"2023-02-19"},{"lineNumber":65,"author":{"gitId":"TzeLoong"},"content":"        Tasks currentTask \u003d listOfTasks.get(index - 1);","lastModifiedDate":"2023-02-27"},{"lineNumber":66,"author":{"gitId":"TzeLoong"},"content":"        System.out.println(\"\\n\");","lastModifiedDate":"2023-02-19"},{"lineNumber":67,"author":{"gitId":"TzeLoong"},"content":"        System.out.println(\"Noted. I have deleted this task\");","lastModifiedDate":"2023-02-19"},{"lineNumber":68,"author":{"gitId":"TzeLoong"},"content":"        System.out.println(currentTask.toString());","lastModifiedDate":"2023-02-27"},{"lineNumber":69,"author":{"gitId":"TzeLoong"},"content":"        listOfTasks.remove(index - 1);","lastModifiedDate":"2023-02-19"},{"lineNumber":70,"author":{"gitId":"TzeLoong"},"content":"        counter--;","lastModifiedDate":"2023-02-19"},{"lineNumber":71,"author":{"gitId":"TzeLoong"},"content":"        System.out.println(\"You now have \" + counter + \" tasks in the list.\");","lastModifiedDate":"2023-02-19"},{"lineNumber":72,"author":{"gitId":"TzeLoong"},"content":"    }","lastModifiedDate":"2023-02-19"},{"lineNumber":73,"author":{"gitId":"TzeLoong"},"content":"","lastModifiedDate":"2023-02-19"},{"lineNumber":74,"author":{"gitId":"TzeLoong"},"content":"    public static void findFile() {","lastModifiedDate":"2023-02-28"},{"lineNumber":75,"author":{"gitId":"TzeLoong"},"content":"        try {","lastModifiedDate":"2023-02-28"},{"lineNumber":76,"author":{"gitId":"TzeLoong"},"content":"            File file \u003d new File(STORAGE_FILE_NAME);","lastModifiedDate":"2023-02-28"},{"lineNumber":77,"author":{"gitId":"TzeLoong"},"content":"            Scanner scan \u003d new Scanner(file);","lastModifiedDate":"2023-02-28"},{"lineNumber":78,"author":{"gitId":"TzeLoong"},"content":"            while (scan.hasNext()) {","lastModifiedDate":"2023-02-28"},{"lineNumber":79,"author":{"gitId":"TzeLoong"},"content":"                System.out.println(scan.nextLine());","lastModifiedDate":"2023-02-28"},{"lineNumber":80,"author":{"gitId":"TzeLoong"},"content":"            }","lastModifiedDate":"2023-02-28"},{"lineNumber":81,"author":{"gitId":"TzeLoong"},"content":"            scan.close();","lastModifiedDate":"2023-02-28"},{"lineNumber":82,"author":{"gitId":"TzeLoong"},"content":"        } catch (FileNotFoundException | NoSuchElementException e) {","lastModifiedDate":"2023-02-28"},{"lineNumber":83,"author":{"gitId":"TzeLoong"},"content":"            System.out.println(\"Error: File not found. Please try again\");","lastModifiedDate":"2023-02-28"},{"lineNumber":84,"author":{"gitId":"TzeLoong"},"content":"        }","lastModifiedDate":"2023-02-28"},{"lineNumber":85,"author":{"gitId":"TzeLoong"},"content":"    }","lastModifiedDate":"2023-02-28"},{"lineNumber":86,"author":{"gitId":"TzeLoong"},"content":"","lastModifiedDate":"2023-02-28"},{"lineNumber":87,"author":{"gitId":"TzeLoong"},"content":"    public static void saveFile() {","lastModifiedDate":"2023-02-28"},{"lineNumber":88,"author":{"gitId":"TzeLoong"},"content":"        try {","lastModifiedDate":"2023-02-28"},{"lineNumber":89,"author":{"gitId":"TzeLoong"},"content":"            FileWriter writer \u003d new FileWriter(STORAGE_FILE_NAME);","lastModifiedDate":"2023-02-28"},{"lineNumber":90,"author":{"gitId":"TzeLoong"},"content":"            for (int i \u003d 0; i \u003c listOfTasks.size(); i++) {","lastModifiedDate":"2023-02-28"},{"lineNumber":91,"author":{"gitId":"TzeLoong"},"content":"                writer.write(listOfTasks.get(i).toString() + \u0027\\n\u0027);","lastModifiedDate":"2023-02-28"},{"lineNumber":92,"author":{"gitId":"TzeLoong"},"content":"            }","lastModifiedDate":"2023-02-28"},{"lineNumber":93,"author":{"gitId":"TzeLoong"},"content":"            writer.close();","lastModifiedDate":"2023-02-28"},{"lineNumber":94,"author":{"gitId":"TzeLoong"},"content":"        } catch (IOException e) {","lastModifiedDate":"2023-02-28"},{"lineNumber":95,"author":{"gitId":"TzeLoong"},"content":"            System.out.println(\"Error: Tasks were not saved. Please try again\");","lastModifiedDate":"2023-02-28"},{"lineNumber":96,"author":{"gitId":"TzeLoong"},"content":"        }","lastModifiedDate":"2023-02-28"},{"lineNumber":97,"author":{"gitId":"TzeLoong"},"content":"    }","lastModifiedDate":"2023-02-28"},{"lineNumber":98,"author":{"gitId":"TzeLoong"},"content":"","lastModifiedDate":"2023-02-28"},{"lineNumber":99,"author":{"gitId":"TzeLoong"},"content":"    public static void main(String[] args) {","lastModifiedDate":"2023-02-17"},{"lineNumber":100,"author":{"gitId":"TzeLoong"},"content":"        greet_user();","lastModifiedDate":"2023-02-17"},{"lineNumber":101,"author":{"gitId":"TzeLoong"},"content":"        findFile();","lastModifiedDate":"2023-02-28"},{"lineNumber":102,"author":{"gitId":"TzeLoong"},"content":"","lastModifiedDate":"2023-02-17"},{"lineNumber":103,"author":{"gitId":"TzeLoong"},"content":"        Scanner scan \u003d new Scanner(System.in);","lastModifiedDate":"2023-02-01"},{"lineNumber":104,"author":{"gitId":"TzeLoong"},"content":"        String input \u003d scan.nextLine();","lastModifiedDate":"2023-02-01"},{"lineNumber":105,"author":{"gitId":"TzeLoong"},"content":"        String[] command \u003d input.split(\" \", 2);","lastModifiedDate":"2023-02-17"},{"lineNumber":106,"author":{"gitId":"TzeLoong"},"content":"","lastModifiedDate":"2023-02-01"},{"lineNumber":107,"author":{"gitId":"TzeLoong"},"content":"        while (!\"bye\".equals(input)) {","lastModifiedDate":"2023-02-01"},{"lineNumber":108,"author":{"gitId":"TzeLoong"},"content":"            switch (command[0]) {","lastModifiedDate":"2023-02-17"},{"lineNumber":109,"author":{"gitId":"TzeLoong"},"content":"                case \"todo\":","lastModifiedDate":"2023-02-17"},{"lineNumber":110,"author":{"gitId":"TzeLoong"},"content":"                    try {","lastModifiedDate":"2023-02-18"},{"lineNumber":111,"author":{"gitId":"TzeLoong"},"content":"                        Todo(command[1]);","lastModifiedDate":"2023-02-17"},{"lineNumber":112,"author":{"gitId":"TzeLoong"},"content":"                    } catch (IndexOutOfBoundsException e) {","lastModifiedDate":"2023-02-27"},{"lineNumber":113,"author":{"gitId":"TzeLoong"},"content":"                        System.out.println(\":( There is an error (Index is out of bounds/negative)\");","lastModifiedDate":"2023-02-18"},{"lineNumber":114,"author":{"gitId":"TzeLoong"},"content":"                    }","lastModifiedDate":"2023-02-18"},{"lineNumber":115,"author":{"gitId":"TzeLoong"},"content":"                    break;","lastModifiedDate":"2023-02-17"},{"lineNumber":116,"author":{"gitId":"TzeLoong"},"content":"                case \"deadline\":","lastModifiedDate":"2023-02-17"},{"lineNumber":117,"author":{"gitId":"TzeLoong"},"content":"                    try {","lastModifiedDate":"2023-02-18"},{"lineNumber":118,"author":{"gitId":"TzeLoong"},"content":"                        String[] d \u003d command[1].split(\"/by\", 2);","lastModifiedDate":"2023-02-17"},{"lineNumber":119,"author":{"gitId":"TzeLoong"},"content":"                        String d_description \u003d d[0];","lastModifiedDate":"2023-02-17"},{"lineNumber":120,"author":{"gitId":"TzeLoong"},"content":"                        String d_by \u003d d[1];","lastModifiedDate":"2023-02-17"},{"lineNumber":121,"author":{"gitId":"TzeLoong"},"content":"                        Deadline(d_description, d_by);","lastModifiedDate":"2023-02-17"},{"lineNumber":122,"author":{"gitId":"TzeLoong"},"content":"                    } catch (IndexOutOfBoundsException e) {","lastModifiedDate":"2023-02-27"},{"lineNumber":123,"author":{"gitId":"TzeLoong"},"content":"                        System.out.println(\":( There is an error (Index is out of bounds/negative)\");","lastModifiedDate":"2023-02-18"},{"lineNumber":124,"author":{"gitId":"TzeLoong"},"content":"                    }","lastModifiedDate":"2023-02-18"},{"lineNumber":125,"author":{"gitId":"TzeLoong"},"content":"                    break;","lastModifiedDate":"2023-02-17"},{"lineNumber":126,"author":{"gitId":"TzeLoong"},"content":"                case \"event\":","lastModifiedDate":"2023-02-17"},{"lineNumber":127,"author":{"gitId":"TzeLoong"},"content":"                    try {","lastModifiedDate":"2023-02-18"},{"lineNumber":128,"author":{"gitId":"TzeLoong"},"content":"                        String[] e \u003d command[1].split(\"/\", 3);","lastModifiedDate":"2023-02-17"},{"lineNumber":129,"author":{"gitId":"TzeLoong"},"content":"                        String e_description \u003d e[0];","lastModifiedDate":"2023-02-17"},{"lineNumber":130,"author":{"gitId":"TzeLoong"},"content":"                        String e_start \u003d e[1];","lastModifiedDate":"2023-02-17"},{"lineNumber":131,"author":{"gitId":"TzeLoong"},"content":"                        String e_end \u003d e[2];","lastModifiedDate":"2023-02-17"},{"lineNumber":132,"author":{"gitId":"TzeLoong"},"content":"                        Event(e_description, e_start, e_end);","lastModifiedDate":"2023-02-17"},{"lineNumber":133,"author":{"gitId":"TzeLoong"},"content":"                    } catch (IndexOutOfBoundsException e) {","lastModifiedDate":"2023-02-27"},{"lineNumber":134,"author":{"gitId":"TzeLoong"},"content":"                        System.out.println(\":( There is an error (Index is out of bounds/negative)\");","lastModifiedDate":"2023-02-18"},{"lineNumber":135,"author":{"gitId":"TzeLoong"},"content":"                    }","lastModifiedDate":"2023-02-18"},{"lineNumber":136,"author":{"gitId":"TzeLoong"},"content":"                    break;","lastModifiedDate":"2023-02-17"},{"lineNumber":137,"author":{"gitId":"TzeLoong"},"content":"                case \"list\":","lastModifiedDate":"2023-02-17"},{"lineNumber":138,"author":{"gitId":"TzeLoong"},"content":"                    if (listOfTasks.isEmpty()) {","lastModifiedDate":"2023-02-28"},{"lineNumber":139,"author":{"gitId":"TzeLoong"},"content":"                        System.out.println(\"There are no tasks listed currently\");","lastModifiedDate":"2023-02-28"},{"lineNumber":140,"author":{"gitId":"TzeLoong"},"content":"                    } else {","lastModifiedDate":"2023-02-28"},{"lineNumber":141,"author":{"gitId":"TzeLoong"},"content":"                        List();","lastModifiedDate":"2023-02-17"},{"lineNumber":142,"author":{"gitId":"TzeLoong"},"content":"                    }","lastModifiedDate":"2023-02-28"},{"lineNumber":143,"author":{"gitId":"TzeLoong"},"content":"                    break;","lastModifiedDate":"2023-02-17"},{"lineNumber":144,"author":{"gitId":"TzeLoong"},"content":"                case \"mark\":","lastModifiedDate":"2023-02-17"},{"lineNumber":145,"author":{"gitId":"TzeLoong"},"content":"                    try {","lastModifiedDate":"2023-02-18"},{"lineNumber":146,"author":{"gitId":"TzeLoong"},"content":"                        Integer m_index \u003d Integer.valueOf(command[1]);","lastModifiedDate":"2023-02-17"},{"lineNumber":147,"author":{"gitId":"TzeLoong"},"content":"                        listOfTasks.get(m_index - 1).markAsDone();","lastModifiedDate":"2023-02-18"},{"lineNumber":148,"author":{"gitId":"TzeLoong"},"content":"                        System.out.println(\"Nice! This task is completed\");","lastModifiedDate":"2023-02-02"},{"lineNumber":149,"author":{"gitId":"TzeLoong"},"content":"                        System.out.println(listOfTasks.get(m_index - 1).toString());","lastModifiedDate":"2023-02-18"},{"lineNumber":150,"author":{"gitId":"TzeLoong"},"content":"                    } catch (IndexOutOfBoundsException e) {","lastModifiedDate":"2023-02-27"},{"lineNumber":151,"author":{"gitId":"TzeLoong"},"content":"                        System.out.println(\":( There is an error (Index is out of bounds/negative)\");","lastModifiedDate":"2023-02-18"},{"lineNumber":152,"author":{"gitId":"TzeLoong"},"content":"                    }","lastModifiedDate":"2023-02-18"},{"lineNumber":153,"author":{"gitId":"TzeLoong"},"content":"                    break;","lastModifiedDate":"2023-02-17"},{"lineNumber":154,"author":{"gitId":"TzeLoong"},"content":"                case \"unmark\":","lastModifiedDate":"2023-02-17"},{"lineNumber":155,"author":{"gitId":"TzeLoong"},"content":"                    try {","lastModifiedDate":"2023-02-18"},{"lineNumber":156,"author":{"gitId":"TzeLoong"},"content":"                        Integer u_index \u003d Integer.valueOf(command[1]);","lastModifiedDate":"2023-02-17"},{"lineNumber":157,"author":{"gitId":"TzeLoong"},"content":"                        listOfTasks.get(u_index - 1).markAsUnDone();","lastModifiedDate":"2023-02-18"},{"lineNumber":158,"author":{"gitId":"TzeLoong"},"content":"                        System.out.println(\"Nice! This task is completed\");","lastModifiedDate":"2023-02-17"},{"lineNumber":159,"author":{"gitId":"TzeLoong"},"content":"                        System.out.println(listOfTasks.get(u_index - 1).toString());","lastModifiedDate":"2023-02-18"},{"lineNumber":160,"author":{"gitId":"TzeLoong"},"content":"                    } catch (IndexOutOfBoundsException e) {","lastModifiedDate":"2023-02-27"},{"lineNumber":161,"author":{"gitId":"TzeLoong"},"content":"                        System.out.println(\":( There is an error (Index is out of bounds/negative)\");","lastModifiedDate":"2023-02-18"},{"lineNumber":162,"author":{"gitId":"TzeLoong"},"content":"                    }","lastModifiedDate":"2023-02-18"},{"lineNumber":163,"author":{"gitId":"TzeLoong"},"content":"                    break;","lastModifiedDate":"2023-02-17"},{"lineNumber":164,"author":{"gitId":"TzeLoong"},"content":"                case \"delete\":","lastModifiedDate":"2023-02-19"},{"lineNumber":165,"author":{"gitId":"TzeLoong"},"content":"                    try {","lastModifiedDate":"2023-02-19"},{"lineNumber":166,"author":{"gitId":"TzeLoong"},"content":"                        Integer d_index \u003d Integer.valueOf(command[1]);","lastModifiedDate":"2023-02-19"},{"lineNumber":167,"author":{"gitId":"TzeLoong"},"content":"                        Delete(d_index);","lastModifiedDate":"2023-02-19"},{"lineNumber":168,"author":{"gitId":"TzeLoong"},"content":"                    } catch (IndexOutOfBoundsException e) {","lastModifiedDate":"2023-02-27"},{"lineNumber":169,"author":{"gitId":"TzeLoong"},"content":"                        System.out.println(\":( There is an error (Index is out of bounds/negative)\");","lastModifiedDate":"2023-02-19"},{"lineNumber":170,"author":{"gitId":"TzeLoong"},"content":"                    }","lastModifiedDate":"2023-02-19"},{"lineNumber":171,"author":{"gitId":"TzeLoong"},"content":"                    break;","lastModifiedDate":"2023-02-19"},{"lineNumber":172,"author":{"gitId":"TzeLoong"},"content":"","lastModifiedDate":"2023-02-19"},{"lineNumber":173,"author":{"gitId":"TzeLoong"},"content":"                default:","lastModifiedDate":"2023-02-17"},{"lineNumber":174,"author":{"gitId":"TzeLoong"},"content":"                    System.out.println(\"There was an error. Please try again\");","lastModifiedDate":"2023-02-17"},{"lineNumber":175,"author":{"gitId":"TzeLoong"},"content":"                    break;","lastModifiedDate":"2023-02-17"},{"lineNumber":176,"author":{"gitId":"TzeLoong"},"content":"            }","lastModifiedDate":"2023-02-01"},{"lineNumber":177,"author":{"gitId":"TzeLoong"},"content":"            input \u003d scan.nextLine();","lastModifiedDate":"2023-02-01"},{"lineNumber":178,"author":{"gitId":"TzeLoong"},"content":"            command \u003d input.split(\" \", 2);","lastModifiedDate":"2023-02-17"},{"lineNumber":179,"author":{"gitId":"TzeLoong"},"content":"        }","lastModifiedDate":"2023-02-01"},{"lineNumber":180,"author":{"gitId":"TzeLoong"},"content":"","lastModifiedDate":"2023-02-28"},{"lineNumber":181,"author":{"gitId":"TzeLoong"},"content":"        System.out.println(\"Goodbye. Hope to see u again :) \\n\");","lastModifiedDate":"2023-02-01"},{"lineNumber":182,"author":{"gitId":"TzeLoong"},"content":"        scan.close();","lastModifiedDate":"2023-02-01"},{"lineNumber":183,"author":{"gitId":"TzeLoong"},"content":"        saveFile();","lastModifiedDate":"2023-02-28"},{"lineNumber":184,"author":{"gitId":"-"},"content":"    }","lastModifiedDate":"2023-02-01"},{"lineNumber":185,"author":{"gitId":"TzeLoong"},"content":"","lastModifiedDate":"2023-02-01"},{"lineNumber":186,"author":{"gitId":"-"},"content":"}","lastModifiedDate":"2019-07-29"}],"authorContributionMap":{"TzeLoong":177,"-":9}},{"path":"src/main/java/Event.java","fileType":"java","lines":[{"lineNumber":1,"author":{"gitId":"TzeLoong"},"content":"public class Event extends Tasks {","lastModifiedDate":"2023-02-16"},{"lineNumber":2,"author":{"gitId":"TzeLoong"},"content":"  protected String start;","lastModifiedDate":"2023-02-16"},{"lineNumber":3,"author":{"gitId":"TzeLoong"},"content":"  protected String end;","lastModifiedDate":"2023-02-16"},{"lineNumber":4,"author":{"gitId":"TzeLoong"},"content":"","lastModifiedDate":"2023-02-16"},{"lineNumber":5,"author":{"gitId":"TzeLoong"},"content":"  public Event(String description, String start, String end) {","lastModifiedDate":"2023-02-16"},{"lineNumber":6,"author":{"gitId":"TzeLoong"},"content":"    super(description);","lastModifiedDate":"2023-02-16"},{"lineNumber":7,"author":{"gitId":"TzeLoong"},"content":"    this.start \u003d start;","lastModifiedDate":"2023-02-16"},{"lineNumber":8,"author":{"gitId":"TzeLoong"},"content":"    this.end \u003d end;","lastModifiedDate":"2023-02-16"},{"lineNumber":9,"author":{"gitId":"TzeLoong"},"content":"  }","lastModifiedDate":"2023-02-16"},{"lineNumber":10,"author":{"gitId":"TzeLoong"},"content":"","lastModifiedDate":"2023-02-16"},{"lineNumber":11,"author":{"gitId":"TzeLoong"},"content":"  @Override","lastModifiedDate":"2023-02-16"},{"lineNumber":12,"author":{"gitId":"TzeLoong"},"content":"  public String toString() {","lastModifiedDate":"2023-02-16"},{"lineNumber":13,"author":{"gitId":"TzeLoong"},"content":"    return \"[E]\" + super.toString() + \"(\" + start + end + \")\";","lastModifiedDate":"2023-02-17"},{"lineNumber":14,"author":{"gitId":"TzeLoong"},"content":"  }","lastModifiedDate":"2023-02-16"},{"lineNumber":15,"author":{"gitId":"TzeLoong"},"content":"}","lastModifiedDate":"2023-02-16"}],"authorContributionMap":{"TzeLoong":15}},{"path":"src/main/java/Tasks.java","fileType":"java","lines":[{"lineNumber":1,"author":{"gitId":"TzeLoong"},"content":"public class Tasks {","lastModifiedDate":"2023-02-02"},{"lineNumber":2,"author":{"gitId":"TzeLoong"},"content":"","lastModifiedDate":"2023-02-02"},{"lineNumber":3,"author":{"gitId":"TzeLoong"},"content":"  protected String description;","lastModifiedDate":"2023-02-02"},{"lineNumber":4,"author":{"gitId":"TzeLoong"},"content":"  protected boolean isDone;","lastModifiedDate":"2023-02-02"},{"lineNumber":5,"author":{"gitId":"TzeLoong"},"content":"","lastModifiedDate":"2023-02-02"},{"lineNumber":6,"author":{"gitId":"TzeLoong"},"content":"  public Tasks(String description) {","lastModifiedDate":"2023-02-02"},{"lineNumber":7,"author":{"gitId":"TzeLoong"},"content":"    this.description \u003d description;","lastModifiedDate":"2023-02-02"},{"lineNumber":8,"author":{"gitId":"TzeLoong"},"content":"    this.isDone \u003d false;","lastModifiedDate":"2023-02-02"},{"lineNumber":9,"author":{"gitId":"TzeLoong"},"content":"  }","lastModifiedDate":"2023-02-02"},{"lineNumber":10,"author":{"gitId":"TzeLoong"},"content":"","lastModifiedDate":"2023-02-02"},{"lineNumber":11,"author":{"gitId":"TzeLoong"},"content":"  public String getStatusIcon() {","lastModifiedDate":"2023-02-02"},{"lineNumber":12,"author":{"gitId":"TzeLoong"},"content":"    return (isDone ? \"[X]\" : \"[ ]\"); // mark done task with X","lastModifiedDate":"2023-02-02"},{"lineNumber":13,"author":{"gitId":"TzeLoong"},"content":"  }","lastModifiedDate":"2023-02-02"},{"lineNumber":14,"author":{"gitId":"TzeLoong"},"content":"","lastModifiedDate":"2023-02-02"},{"lineNumber":15,"author":{"gitId":"TzeLoong"},"content":"  public void markAsDone() {","lastModifiedDate":"2023-02-02"},{"lineNumber":16,"author":{"gitId":"TzeLoong"},"content":"    this.isDone \u003d true;","lastModifiedDate":"2023-02-02"},{"lineNumber":17,"author":{"gitId":"TzeLoong"},"content":"  }","lastModifiedDate":"2023-02-02"},{"lineNumber":18,"author":{"gitId":"TzeLoong"},"content":"","lastModifiedDate":"2023-02-02"},{"lineNumber":19,"author":{"gitId":"TzeLoong"},"content":"  public void markAsUnDone() {","lastModifiedDate":"2023-02-02"},{"lineNumber":20,"author":{"gitId":"TzeLoong"},"content":"    this.isDone \u003d false;","lastModifiedDate":"2023-02-02"},{"lineNumber":21,"author":{"gitId":"TzeLoong"},"content":"  }","lastModifiedDate":"2023-02-02"},{"lineNumber":22,"author":{"gitId":"TzeLoong"},"content":"","lastModifiedDate":"2023-02-02"},{"lineNumber":23,"author":{"gitId":"TzeLoong"},"content":"  @Override","lastModifiedDate":"2023-02-09"},{"lineNumber":24,"author":{"gitId":"TzeLoong"},"content":"  public String toString() {","lastModifiedDate":"2023-02-09"},{"lineNumber":25,"author":{"gitId":"TzeLoong"},"content":"    return getStatusIcon() + \" \" + description;","lastModifiedDate":"2023-02-17"},{"lineNumber":26,"author":{"gitId":"TzeLoong"},"content":"  }","lastModifiedDate":"2023-02-09"},{"lineNumber":27,"author":{"gitId":"TzeLoong"},"content":"","lastModifiedDate":"2023-02-09"},{"lineNumber":28,"author":{"gitId":"TzeLoong"},"content":"}","lastModifiedDate":"2023-02-02"}],"authorContributionMap":{"TzeLoong":28}},{"path":"src/main/java/ToDo.java","fileType":"java","lines":[{"lineNumber":1,"author":{"gitId":"TzeLoong"},"content":"public class ToDo extends Tasks {","lastModifiedDate":"2023-02-16"},{"lineNumber":2,"author":{"gitId":"TzeLoong"},"content":"","lastModifiedDate":"2023-02-16"},{"lineNumber":3,"author":{"gitId":"TzeLoong"},"content":"  public ToDo(String description) {","lastModifiedDate":"2023-02-16"},{"lineNumber":4,"author":{"gitId":"TzeLoong"},"content":"    super(description);","lastModifiedDate":"2023-02-16"},{"lineNumber":5,"author":{"gitId":"TzeLoong"},"content":"  }","lastModifiedDate":"2023-02-16"},{"lineNumber":6,"author":{"gitId":"TzeLoong"},"content":"","lastModifiedDate":"2023-02-16"},{"lineNumber":7,"author":{"gitId":"TzeLoong"},"content":"  @Override","lastModifiedDate":"2023-02-16"},{"lineNumber":8,"author":{"gitId":"TzeLoong"},"content":"  public String toString() {","lastModifiedDate":"2023-02-16"},{"lineNumber":9,"author":{"gitId":"TzeLoong"},"content":"    return \"[T]\" + super.toString();","lastModifiedDate":"2023-02-16"},{"lineNumber":10,"author":{"gitId":"TzeLoong"},"content":"  }","lastModifiedDate":"2023-02-16"},{"lineNumber":11,"author":{"gitId":"TzeLoong"},"content":"}","lastModifiedDate":"2023-02-16"}],"authorContributionMap":{"TzeLoong":11}}]
