{"authorDailyContributionsMap":{"GohJW":[{"date":"2023-01-15","commitResults":[{"hash":"e7d8beadedfc60192907e5f11a8c1bb875fe80f9","isMergeCommit":false,"messageTitle":"Add Greet","messageBody":"","tags":["Level-0"],"fileTypesAndContributionMap":{"java":{"insertions":3,"deletions":6}}}]},{"date":"2023-01-22","commitResults":[{"hash":"21f928d5b4e4944a984a290c7643c0f0395007a9","isMergeCommit":false,"messageTitle":"Add echo and exit","messageBody":"","tags":["Level-1"],"fileTypesAndContributionMap":{"java":{"insertions":19,"deletions":1}}}]},{"date":"2023-01-25","commitResults":[{"hash":"ac240d6aad85f5d51fbea4c126718e2513da3813","isMergeCommit":false,"messageTitle":"Add list and add commands","messageBody":"","fileTypesAndContributionMap":{"java":{"insertions":39,"deletions":6}}},{"hash":"1480228c2e2064809bdcca1673db6442c9c4cd39","isMergeCommit":false,"messageTitle":"Add mark as done command","messageBody":"","tags":["Level-3","Level-2"],"fileTypesAndContributionMap":{"java":{"insertions":54,"deletions":34}}},{"hash":"4fe15148823ab91145848f829c55813971eb0645","isMergeCommit":false,"messageTitle":"Revert \"Add mark as done command\"","messageBody":"This reverts commit 1480228c2e2064809bdcca1673db6442c9c4cd39.\n","fileTypesAndContributionMap":{"java":{"insertions":34,"deletions":54}}},{"hash":"79c7236bca8ac74cdbdfde82f7c5129c030aa54b","isMergeCommit":false,"messageTitle":"Revert \"Revert \"Add mark as done command\"\"","messageBody":"This reverts commit 4fe15148823ab91145848f829c55813971eb0645.\n","fileTypesAndContributionMap":{"java":{"insertions":54,"deletions":34}}}]},{"date":"2023-01-27","commitResults":[{"hash":"5f1e93dd5cdbbefe5052d799d5ec9f6acdd44b55","isMergeCommit":false,"messageTitle":"Fix coding standard","messageBody":"","tags":["A-CodingStandard"],"fileTypesAndContributionMap":{"java":{"insertions":7,"deletions":5}}}]},{"date":"2023-01-30","commitResults":[{"hash":"6bb443ff416dd00a8c696b72c9cbf46455e1b463","isMergeCommit":false,"messageTitle":"Add tracking for todos, deadlines and events","messageBody":"","tags":["Level-4"],"fileTypesAndContributionMap":{"java":{"insertions":75,"deletions":17}}}]},{"date":"2023-02-01","commitResults":[{"hash":"d476f5cf4e47ba28d7a0288d5ec18da5f33557c8","isMergeCommit":false,"messageTitle":"Refactor code by extracting method","messageBody":"","tags":["A-CodeQuality"],"fileTypesAndContributionMap":{"java":{"insertions":65,"deletions":39}}}]},{"date":"2023-02-04","commitResults":[{"hash":"c5916b77774bfaf1a71bc6192cc3f4e18cd854e2","isMergeCommit":false,"messageTitle":"Add exceptions for invalid task number and insufficient inputs","messageBody":"","fileTypesAndContributionMap":{"java":{"insertions":75,"deletions":28}}}]},{"date":"2023-02-05","commitResults":[{"hash":"cce00249676090e253958880fcc998db1c401383","isMergeCommit":false,"messageTitle":"Fix capitalization","messageBody":"","fileTypesAndContributionMap":{"java":{"insertions":1,"deletions":1}}},{"hash":"cca000121e03f59625794a0eca09d8bf4f7ad96e","isMergeCommit":false,"messageTitle":"Revert \"Fix capitalization\"","messageBody":"This reverts commit cce00249676090e253958880fcc998db1c401383.\n","fileTypesAndContributionMap":{"java":{"insertions":1,"deletions":1}}},{"hash":"e38326a40b986c5ddba2f51be2849bcbf41142bc","isMergeCommit":false,"messageTitle":"Fix grammar error","messageBody":"","fileTypesAndContributionMap":{"java":{"insertions":4,"deletions":0}}},{"hash":"a8e062f27a810a21d5cbc5cbba5823853558d7aa","isMergeCommit":true,"messageTitle":"Merge branch \u0027branch-Level-5\u0027","messageBody":"","fileTypesAndContributionMap":{}},{"hash":"6b892df7801f90f4599931b3c6db8cfcb3c6e1d7","isMergeCommit":false,"messageTitle":"Move classes into packages","messageBody":"","fileTypesAndContributionMap":{"java":{"insertions":30,"deletions":12}}},{"hash":"b920cd3b366b207e7a966e3f1f744b85365824f3","isMergeCommit":true,"messageTitle":"Merge branch \u0027branch-A-Packages\u0027","messageBody":"","tags":["A-Packages"],"fileTypesAndContributionMap":{}}]},{"date":"2023-02-12","commitResults":[{"hash":"1eeed4cf4755ac979eadbfe51d14a0c991d2287c","isMergeCommit":false,"messageTitle":"Replace static array with ArrayList","messageBody":"","fileTypesAndContributionMap":{"java":{"insertions":18,"deletions":17}}},{"hash":"06169b02802bb5970f0ad6e2aa3e7fa6f5b623f8","isMergeCommit":false,"messageTitle":"Add deletion of tasks","messageBody":"","fileTypesAndContributionMap":{"java":{"insertions":13,"deletions":2}}}]},{"date":"2023-02-13","commitResults":[{"hash":"fbfec90ef85a9a75f0d281112aab14a352b66928","isMergeCommit":false,"messageTitle":"Add saving of tasklist","messageBody":"","fileTypesAndContributionMap":{"txt":{"insertions":1,"deletions":0},"java":{"insertions":99,"deletions":4}}},{"hash":"48845656204784d3dc614b42441b86af19c8be9c","isMergeCommit":true,"messageTitle":"Merge branch \u0027branch-Level-6\u0027","messageBody":"","tags":["Level-6"],"fileTypesAndContributionMap":{}},{"hash":"3b1958e82e137793ead2126d463880627eae47c7","isMergeCommit":true,"messageTitle":"Merge branch \u0027branch-Level-7\u0027","messageBody":"","tags":["Level-7"],"fileTypesAndContributionMap":{}},{"hash":"83b1b2c5deb21be4a7fccfbb1701a87df08d2754","isMergeCommit":false,"messageTitle":"Fix file not creating on save","messageBody":"","fileTypesAndContributionMap":{"txt":{"insertions":0,"deletions":1},"java":{"insertions":4,"deletions":4}}},{"hash":"53acd211f9225611a90842f79630cfb1ac864029","isMergeCommit":false,"messageTitle":"Resolve bug involving array out of bounds","messageBody":"","tags":["A-Jar"],"fileTypesAndContributionMap":{"java":{"insertions":3,"deletions":1}}}]},{"date":"2023-02-16","commitResults":[{"hash":"e460905b49215012d274764fcd0efefda2d20f6e","isMergeCommit":false,"messageTitle":"Fix empty string bug and update save file after every command","messageBody":"","fileTypesAndContributionMap":{"java":{"insertions":32,"deletions":22}}}]},{"date":"2023-02-21","commitResults":[{"hash":"0dc2229f39c67c2fcd5c2aa9362aea63a7e1d46b","isMergeCommit":false,"messageTitle":"Refactor code into further classes","messageBody":"","tags":["A-MoreOOP"],"fileTypesAndContributionMap":{"java":{"insertions":246,"deletions":193}}},{"hash":"2829c33e63188863f5643abd99350beafde7f599","isMergeCommit":false,"messageTitle":"Add date","messageBody":"","fileTypesAndContributionMap":{"java":{"insertions":19,"deletions":8}}},{"hash":"85205c585468dfa2fb21e04d00d52ae45c72aa1f","isMergeCommit":false,"messageTitle":"Add find","messageBody":"","fileTypesAndContributionMap":{"java":{"insertions":20,"deletions":2}}},{"hash":"5664cec663615cec81aa3333d21b83eb1844de91","isMergeCommit":true,"messageTitle":"Merge pull request #1 from GohJW/branch-Level-8","messageBody":"Add date","tags":["Level-8"],"fileTypesAndContributionMap":{}},{"hash":"6e97d706d652265e3a43151c510c3785f593d6b0","isMergeCommit":true,"messageTitle":"Merge branch \u0027master\u0027 into branch-Level-9","messageBody":"","fileTypesAndContributionMap":{}},{"hash":"b47949658909a1c908144b3c99b7c5fafbecf572","isMergeCommit":true,"messageTitle":"Merge pull request #2 from GohJW/branch-Level-9","messageBody":"Add find","tags":["Level-9"],"fileTypesAndContributionMap":{}},{"hash":"3c618c9c1b5c540781aaf63e24562839de1523bb","isMergeCommit":false,"messageTitle":"Add header comments","messageBody":"","tags":["A-JavaDoc"],"fileTypesAndContributionMap":{"java":{"insertions":16,"deletions":10}}}]},{"date":"2023-02-22","commitResults":[{"hash":"cda02274f87d58f3470f69eef4e258b837ed0308","isMergeCommit":false,"messageTitle":"Update README.md","messageBody":"","tags":["A-UserGuide"],"fileTypesAndContributionMap":{"md":{"insertions":133,"deletions":10}}}]},{"date":"2023-02-26","commitResults":[{"hash":"ceee1120c20ce1a7a5cdd82cd5d8117948a4716c","isMergeCommit":false,"messageTitle":"fix find function not trimming keywords","messageBody":"","tags":["A-Release"],"fileTypesAndContributionMap":{"java":{"insertions":2,"deletions":1}}}]}]},"authorFileTypeContributionMap":{"GohJW":{"java":437,"md":133,"fxml":0,"sh":0,"bat":0,"gradle":0,"txt":0}},"authorContributionVariance":{"GohJW":8372.853},"authorDisplayNameMap":{"GohJW":"CS2113-T13-2 GOH ..ARON"}}
