{"authorDailyContributionsMap":{"stevenantya":[{"date":"2023-01-29","commitResults":[{"hash":"415f4fae8b04084799444b4f270d66f805a935c9","isMergeCommit":false,"messageTitle":"add skeletal greeting message","messageBody":"","fileTypesAndContributionMap":{"java":{"insertions":8,"deletions":0}}},{"hash":"e3cf3828193adf1e8525544e20097154ea53e709","isMergeCommit":false,"messageTitle":"Add Echo","messageBody":"","tags":["Level-1"],"fileTypesAndContributionMap":{"java":{"insertions":33,"deletions":3}}},{"hash":"8b4a9dd97665df5c07c600754f7d70210384fe14","isMergeCommit":false,"messageTitle":"Add List and Mark as done","messageBody":"","tags":["Level-3","Level-2","A-CodingStandard"],"fileTypesAndContributionMap":{"java":{"insertions":107,"deletions":8}}}]},{"date":"2023-02-02","commitResults":[{"hash":"17c49f2cec55d15d09976a93a78ff1b2970042c7","isMergeCommit":false,"messageTitle":"Re-organized week 3","messageBody":"","fileTypesAndContributionMap":{"java":{"insertions":49,"deletions":95}}}]},{"date":"2023-02-06","commitResults":[{"hash":"8f0ac870db121a25bd74392d6ddca3d586e096fa","isMergeCommit":false,"messageTitle":"Level-4","messageBody":"","tags":["Level-4","A-TextUiTesting","A-CodeQuality"],"fileTypesAndContributionMap":{"java":{"insertions":54,"deletions":5}}},{"hash":"2b5707819ad93109607f38188f118630053e828e","isMergeCommit":false,"messageTitle":"Fix level-4","messageBody":"","fileTypesAndContributionMap":{"java":{"insertions":70,"deletions":4}}},{"hash":"c1f772aefdd6194e75f37528c4e7f9facf40f279","isMergeCommit":false,"messageTitle":"fix minor bugs","messageBody":"","fileTypesAndContributionMap":{"java":{"insertions":3,"deletions":3}}}]},{"date":"2023-02-09","commitResults":[{"hash":"cce1522032f56aa3949592720dc9cdec22799ed2","isMergeCommit":false,"messageTitle":"add exceptions","messageBody":"","tags":["Level-5"],"fileTypesAndContributionMap":{"java":{"insertions":37,"deletions":15}}}]},{"date":"2023-02-14","commitResults":[{"hash":"91245599fd1d93706099f57047d35cdfe8b7cb98","isMergeCommit":false,"messageTitle":"Change to ArrayList, Fix exceptions bugs","messageBody":"","tags":["A-Collections"],"fileTypesAndContributionMap":{"java":{"insertions":35,"deletions":21}}}]},{"date":"2023-02-16","commitResults":[{"hash":"29897f382f357cceccc4382fc7691431342f3a99","isMergeCommit":false,"messageTitle":"Fix Exceptions bugs","messageBody":"","tags":["A-Exceptions"],"fileTypesAndContributionMap":{"java":{"insertions":8,"deletions":5}}}]},{"date":"2023-02-27","commitResults":[{"hash":"7f4b142e6c8825fc26ef909a2bece505c6bd3fdb","isMergeCommit":false,"messageTitle":"bug check","messageBody":"","fileTypesAndContributionMap":{"txt":{"insertions":3,"deletions":0},"java":{"insertions":71,"deletions":30}}}]},{"date":"2023-03-03","commitResults":[{"hash":"732560d40fd845f8e392f08091105bb4a127eff7","isMergeCommit":false,"messageTitle":"Add Save","messageBody":"","tags":["Level-7","Level-6"],"fileTypesAndContributionMap":{"txt":{"insertions":1,"deletions":3},"java":{"insertions":62,"deletions":10}}},{"hash":"38c6ac9319b0879f79487beba229e2dbad2347fc","isMergeCommit":false,"messageTitle":"Add Jar","messageBody":"","tags":["A-Jar"],"fileTypesAndContributionMap":{"txt":{"insertions":2,"deletions":1},"java":{"insertions":18,"deletions":9}}},{"hash":"454b2708e7ba0e2a3805d15f0644e260935bf11b","isMergeCommit":false,"messageTitle":"Add Find","messageBody":"","tags":["Level-9","A-MoreOOP"],"fileTypesAndContributionMap":{"txt":{"insertions":3,"deletions":0},"java":{"insertions":26,"deletions":0}}},{"hash":"9cdf47cdb705562bfaaaca4946077bc489306352","isMergeCommit":false,"messageTitle":"add java doc","messageBody":"","tags":["A-JavaDoc"],"fileTypesAndContributionMap":{"java":{"insertions":110,"deletions":3}}},{"hash":"ae721b7dd4dc48ee81720d8c0da2ac587e3df908","isMergeCommit":false,"messageTitle":"Clean Up","messageBody":"","fileTypesAndContributionMap":{"java":{"insertions":10,"deletions":9}}},{"hash":"c21391092b97c1eaabe6a0d3e2af559d3051d004","isMergeCommit":false,"messageTitle":"Clean Up2","messageBody":"","fileTypesAndContributionMap":{"java":{"insertions":0,"deletions":1}}},{"hash":"82ac987d329891c01e73c03f27a646cdffe6062f","isMergeCommit":false,"messageTitle":"Add the readme UG","messageBody":"","tags":["A-UserGuide","A-Release"],"fileTypesAndContributionMap":{"txt":{"insertions":3,"deletions":3},"md":{"insertions":127,"deletions":14}}},{"hash":"94f0138de81ff131232c8f9208b91ab7fcd491e1","isMergeCommit":false,"messageTitle":"cleanup 3","messageBody":"","fileTypesAndContributionMap":{"java":{"insertions":1,"deletions":1}}},{"hash":"f68930a3d89d9893567c8ed0bba8825cb9626d5a","isMergeCommit":false,"messageTitle":"stop tracking input","messageBody":"","fileTypesAndContributionMap":{"txt":{"insertions":0,"deletions":5}}},{"hash":"644c2b14e8c1a8d7552a00886beabaf07d4d8f19","isMergeCommit":false,"messageTitle":"resolve","messageBody":"","fileTypesAndContributionMap":{"txt":{"insertions":5,"deletions":0}}},{"hash":"6828f0ea05cbd194ef4d8a812232950e7cb483c0","isMergeCommit":true,"messageTitle":"Merge pull request #1 from stevenantya/branch-A-JavaDoc","messageBody":"Branch a java doc","fileTypesAndContributionMap":{}}]},{"date":"2023-03-15","commitResults":[{"hash":"2a5b116e6546e43acbf53c1e6fcbf863d11127db","isMergeCommit":false,"messageTitle":"Major overhaul","messageBody":"oop\n","fileTypesAndContributionMap":{"java":{"insertions":241,"deletions":343}}}]},{"date":"2023-03-20","commitResults":[{"hash":"2ba05160a29d8840470c9403402e895c3800809a","isMergeCommit":false,"messageTitle":"Missing Storage","messageBody":"","fileTypesAndContributionMap":{"java":{"insertions":370,"deletions":103}}},{"hash":"a7f29d6e071877cd5f12a5d96ee0bd009ac17c83","isMergeCommit":false,"messageTitle":"Working Elzi","messageBody":"","fileTypesAndContributionMap":{"txt":{"insertions":0,"deletions":0},"java":{"insertions":257,"deletions":49},"md":{"insertions":21,"deletions":15}}},{"hash":"1bf8ad0b2e066427df050023ba91296192e48866","isMergeCommit":false,"messageTitle":"Add additional features","messageBody":"","fileTypesAndContributionMap":{"txt":{"insertions":2,"deletions":0},"java":{"insertions":82,"deletions":161},"md":{"insertions":65,"deletions":7}}},{"hash":"8f1f9c4c29b27ca3b0c6dd5f7ce8cadc5e65154d","isMergeCommit":false,"messageTitle":"Add Javadoc","messageBody":"","fileTypesAndContributionMap":{"java":{"insertions":845,"deletions":601}}},{"hash":"674eadc670ff847dc377e5cb913f3ef34490f3ea","isMergeCommit":false,"messageTitle":"Generate JAR","messageBody":"","fileTypesAndContributionMap":{"java":{"insertions":3,"deletions":3},"md":{"insertions":1,"deletions":1}}},{"hash":"0de5843f67695a7fad9dc908811bba498ea98888","isMergeCommit":true,"messageTitle":"Merge pull request #2 from stevenantya/fix_ip","messageBody":"Fix ip","tags":["JAR_LATEST"],"fileTypesAndContributionMap":{}}]}]},"authorFileTypeContributionMap":{"stevenantya":{"java":1028,"md":182,"fxml":0,"sh":0,"bat":0,"gradle":0,"txt":7}},"authorContributionVariance":{"stevenantya":104799.625},"authorDisplayNameMap":{"stevenantya":"CS2113-T15-2 STEV..KITO"}}
