[{"path":"src/main/java/duke/Duke.java","fileType":"java","lines":[{"lineNumber":1,"author":{"gitId":"chiayuxuan"},"content":"package duke;","lastModifiedDate":"2023-02-27"},{"lineNumber":2,"author":{"gitId":"chiayuxuan"},"content":"","lastModifiedDate":"2023-02-27"},{"lineNumber":3,"author":{"gitId":"chiayuxuan"},"content":"","lastModifiedDate":"2023-02-28"},{"lineNumber":4,"author":{"gitId":"chiayuxuan"},"content":"import duke.exception.FolderNotFoundException;","lastModifiedDate":"2023-02-28"},{"lineNumber":5,"author":{"gitId":"chiayuxuan"},"content":"import duke.exception.NoKeyException;","lastModifiedDate":"2023-02-28"},{"lineNumber":6,"author":{"gitId":"chiayuxuan"},"content":"import duke.parser.Parser;","lastModifiedDate":"2023-02-28"},{"lineNumber":7,"author":{"gitId":"chiayuxuan"},"content":"import duke.storage.Storage;","lastModifiedDate":"2023-02-28"},{"lineNumber":8,"author":{"gitId":"chiayuxuan"},"content":"import duke.ui.Ui;","lastModifiedDate":"2023-02-28"},{"lineNumber":9,"author":{"gitId":"chiayuxuan"},"content":"","lastModifiedDate":"2023-01-28"},{"lineNumber":10,"author":{"gitId":"chiayuxuan"},"content":"import java.io.FileNotFoundException;","lastModifiedDate":"2023-02-19"},{"lineNumber":11,"author":{"gitId":"chiayuxuan"},"content":"import java.io.IOException;","lastModifiedDate":"2023-02-19"},{"lineNumber":12,"author":{"gitId":"chiayuxuan"},"content":"","lastModifiedDate":"2023-02-28"},{"lineNumber":13,"author":{"gitId":"chiayuxuan"},"content":"","lastModifiedDate":"2023-02-23"},{"lineNumber":14,"author":{"gitId":"-"},"content":"public class Duke {","lastModifiedDate":"2019-07-29"},{"lineNumber":15,"author":{"gitId":"chiayuxuan"},"content":"    public static void main(String[] args) throws IOException{","lastModifiedDate":"2023-02-28"},{"lineNumber":16,"author":{"gitId":"chiayuxuan"},"content":"        Storage storage \u003d new Storage(\"data\", \"data/Duke.txt\");","lastModifiedDate":"2023-02-27"},{"lineNumber":17,"author":{"gitId":"chiayuxuan"},"content":"        Ui ui \u003d new Ui();","lastModifiedDate":"2023-02-28"},{"lineNumber":18,"author":{"gitId":"chiayuxuan"},"content":"        Ui.sayHi();","lastModifiedDate":"2023-02-28"},{"lineNumber":19,"author":{"gitId":"chiayuxuan"},"content":"        try {","lastModifiedDate":"2023-02-19"},{"lineNumber":20,"author":{"gitId":"chiayuxuan"},"content":"            storage.load();","lastModifiedDate":"2023-02-27"},{"lineNumber":21,"author":{"gitId":"chiayuxuan"},"content":"        } catch (FileNotFoundException e) {","lastModifiedDate":"2023-02-19"},{"lineNumber":22,"author":{"gitId":"chiayuxuan"},"content":"            Ui.displayErrorFileNotFoundException();","lastModifiedDate":"2023-02-28"},{"lineNumber":23,"author":{"gitId":"chiayuxuan"},"content":"            storage.createNewFile();","lastModifiedDate":"2023-02-27"},{"lineNumber":24,"author":{"gitId":"chiayuxuan"},"content":"        } catch (FolderNotFoundException e) {","lastModifiedDate":"2023-02-23"},{"lineNumber":25,"author":{"gitId":"chiayuxuan"},"content":"            Ui.displayErrorFolderNotFoundException();","lastModifiedDate":"2023-02-28"},{"lineNumber":26,"author":{"gitId":"chiayuxuan"},"content":"            storage.createNewFolder();","lastModifiedDate":"2023-02-27"},{"lineNumber":27,"author":{"gitId":"chiayuxuan"},"content":"        }","lastModifiedDate":"2023-02-19"},{"lineNumber":28,"author":{"gitId":"chiayuxuan"},"content":"        do {","lastModifiedDate":"2023-02-28"},{"lineNumber":29,"author":{"gitId":"chiayuxuan"},"content":"            try {","lastModifiedDate":"2023-02-28"},{"lineNumber":30,"author":{"gitId":"chiayuxuan"},"content":"                ui.readUserInput();","lastModifiedDate":"2023-02-28"},{"lineNumber":31,"author":{"gitId":"chiayuxuan"},"content":"                Parser.parseCommand(ui.getUserInput());","lastModifiedDate":"2023-02-28"},{"lineNumber":32,"author":{"gitId":"chiayuxuan"},"content":"                storage.save();","lastModifiedDate":"2023-02-27"},{"lineNumber":33,"author":{"gitId":"chiayuxuan"},"content":"            } catch (NoKeyException e) {","lastModifiedDate":"2023-02-28"},{"lineNumber":34,"author":{"gitId":"chiayuxuan"},"content":"                Ui.displayErrorNoKeyException();","lastModifiedDate":"2023-02-28"},{"lineNumber":35,"author":{"gitId":"chiayuxuan"},"content":"            } catch (IOException e) {","lastModifiedDate":"2023-02-19"},{"lineNumber":36,"author":{"gitId":"chiayuxuan"},"content":"                Ui.displayErrorIOException();","lastModifiedDate":"2023-02-28"},{"lineNumber":37,"author":{"gitId":"chiayuxuan"},"content":"            }","lastModifiedDate":"2023-02-19"},{"lineNumber":38,"author":{"gitId":"chiayuxuan"},"content":"        } while (!ui.getUserInput().equals(\"/bye\"));","lastModifiedDate":"2023-02-28"},{"lineNumber":39,"author":{"gitId":"chiayuxuan"},"content":"","lastModifiedDate":"2023-02-28"},{"lineNumber":40,"author":{"gitId":"chiayuxuan"},"content":"        Ui.sayBye();","lastModifiedDate":"2023-02-28"},{"lineNumber":41,"author":{"gitId":"-"},"content":"    }","lastModifiedDate":"2019-07-29"},{"lineNumber":42,"author":{"gitId":"-"},"content":"}","lastModifiedDate":"2019-07-29"}],"authorContributionMap":{"chiayuxuan":39,"-":3}},{"path":"src/main/java/duke/command/Command.java","fileType":"java","lines":[{"lineNumber":1,"author":{"gitId":"chiayuxuan"},"content":"package duke.command;","lastModifiedDate":"2023-02-28"},{"lineNumber":2,"author":{"gitId":"chiayuxuan"},"content":"","lastModifiedDate":"2023-02-28"},{"lineNumber":3,"author":{"gitId":"chiayuxuan"},"content":"","lastModifiedDate":"2023-02-28"},{"lineNumber":4,"author":{"gitId":"chiayuxuan"},"content":"public abstract class Command {","lastModifiedDate":"2023-02-28"},{"lineNumber":5,"author":{"gitId":"chiayuxuan"},"content":"","lastModifiedDate":"2023-02-28"},{"lineNumber":6,"author":{"gitId":"chiayuxuan"},"content":"    public abstract void execute();","lastModifiedDate":"2023-02-28"},{"lineNumber":7,"author":{"gitId":"chiayuxuan"},"content":"}","lastModifiedDate":"2023-02-28"}],"authorContributionMap":{"chiayuxuan":7}},{"path":"src/main/java/duke/command/DeadlineCommand.java","fileType":"java","lines":[{"lineNumber":1,"author":{"gitId":"chiayuxuan"},"content":"package duke.command;","lastModifiedDate":"2023-02-28"},{"lineNumber":2,"author":{"gitId":"chiayuxuan"},"content":"","lastModifiedDate":"2023-02-28"},{"lineNumber":3,"author":{"gitId":"chiayuxuan"},"content":"import duke.ui.Ui;","lastModifiedDate":"2023-02-28"},{"lineNumber":4,"author":{"gitId":"chiayuxuan"},"content":"import duke.task.Dateline;","lastModifiedDate":"2023-02-28"},{"lineNumber":5,"author":{"gitId":"chiayuxuan"},"content":"import duke.task.TaskList;","lastModifiedDate":"2023-02-28"},{"lineNumber":6,"author":{"gitId":"chiayuxuan"},"content":"import duke.task.Tasks;","lastModifiedDate":"2023-02-28"},{"lineNumber":7,"author":{"gitId":"chiayuxuan"},"content":"","lastModifiedDate":"2023-02-28"},{"lineNumber":8,"author":{"gitId":"chiayuxuan"},"content":"public class DeadlineCommand extends Command{","lastModifiedDate":"2023-02-28"},{"lineNumber":9,"author":{"gitId":"chiayuxuan"},"content":"    String item;","lastModifiedDate":"2023-02-28"},{"lineNumber":10,"author":{"gitId":"chiayuxuan"},"content":"    public DeadlineCommand(String item) {","lastModifiedDate":"2023-02-28"},{"lineNumber":11,"author":{"gitId":"chiayuxuan"},"content":"        this.item \u003d item;","lastModifiedDate":"2023-02-28"},{"lineNumber":12,"author":{"gitId":"chiayuxuan"},"content":"    }","lastModifiedDate":"2023-02-28"},{"lineNumber":13,"author":{"gitId":"chiayuxuan"},"content":"    public void execute() {","lastModifiedDate":"2023-02-28"},{"lineNumber":14,"author":{"gitId":"chiayuxuan"},"content":"        String[] taskDate \u003d item.split(\" /by \", 2);","lastModifiedDate":"2023-02-28"},{"lineNumber":15,"author":{"gitId":"chiayuxuan"},"content":"        Tasks newDeadline \u003d new Dateline(taskDate[0], false, taskDate[1]);","lastModifiedDate":"2023-02-28"},{"lineNumber":16,"author":{"gitId":"chiayuxuan"},"content":"        TaskList.addToList(newDeadline);","lastModifiedDate":"2023-02-28"},{"lineNumber":17,"author":{"gitId":"chiayuxuan"},"content":"        Ui.displayAddTask(newDeadline);","lastModifiedDate":"2023-02-28"},{"lineNumber":18,"author":{"gitId":"chiayuxuan"},"content":"    }","lastModifiedDate":"2023-02-28"},{"lineNumber":19,"author":{"gitId":"chiayuxuan"},"content":"}","lastModifiedDate":"2023-02-28"}],"authorContributionMap":{"chiayuxuan":19}},{"path":"src/main/java/duke/command/DeleteCommand.java","fileType":"java","lines":[{"lineNumber":1,"author":{"gitId":"chiayuxuan"},"content":"package duke.command;","lastModifiedDate":"2023-02-28"},{"lineNumber":2,"author":{"gitId":"chiayuxuan"},"content":"","lastModifiedDate":"2023-02-28"},{"lineNumber":3,"author":{"gitId":"chiayuxuan"},"content":"import duke.ui.Ui;","lastModifiedDate":"2023-02-28"},{"lineNumber":4,"author":{"gitId":"chiayuxuan"},"content":"import duke.task.TaskList;","lastModifiedDate":"2023-02-28"},{"lineNumber":5,"author":{"gitId":"chiayuxuan"},"content":"import duke.task.Tasks;","lastModifiedDate":"2023-02-28"},{"lineNumber":6,"author":{"gitId":"chiayuxuan"},"content":"","lastModifiedDate":"2023-02-28"},{"lineNumber":7,"author":{"gitId":"chiayuxuan"},"content":"public class DeleteCommand extends Command{","lastModifiedDate":"2023-02-28"},{"lineNumber":8,"author":{"gitId":"chiayuxuan"},"content":"    protected String item;","lastModifiedDate":"2023-02-28"},{"lineNumber":9,"author":{"gitId":"chiayuxuan"},"content":"    public DeleteCommand(String item){","lastModifiedDate":"2023-02-28"},{"lineNumber":10,"author":{"gitId":"chiayuxuan"},"content":"        this.item \u003d item;","lastModifiedDate":"2023-02-28"},{"lineNumber":11,"author":{"gitId":"chiayuxuan"},"content":"    }","lastModifiedDate":"2023-02-28"},{"lineNumber":12,"author":{"gitId":"chiayuxuan"},"content":"    public void execute() {","lastModifiedDate":"2023-02-28"},{"lineNumber":13,"author":{"gitId":"chiayuxuan"},"content":"        Tasks toDelete \u003d TaskList.getTaskList().get(Integer.parseInt(item) - 1);","lastModifiedDate":"2023-02-28"},{"lineNumber":14,"author":{"gitId":"chiayuxuan"},"content":"        Ui.displayDelete(toDelete);","lastModifiedDate":"2023-02-28"},{"lineNumber":15,"author":{"gitId":"chiayuxuan"},"content":"        TaskList.deleteFromList(Integer.parseInt(item) - 1);","lastModifiedDate":"2023-02-28"},{"lineNumber":16,"author":{"gitId":"chiayuxuan"},"content":"    }","lastModifiedDate":"2023-02-28"},{"lineNumber":17,"author":{"gitId":"chiayuxuan"},"content":"}","lastModifiedDate":"2023-02-28"}],"authorContributionMap":{"chiayuxuan":17}},{"path":"src/main/java/duke/command/EventCommand.java","fileType":"java","lines":[{"lineNumber":1,"author":{"gitId":"chiayuxuan"},"content":"package duke.command;","lastModifiedDate":"2023-02-28"},{"lineNumber":2,"author":{"gitId":"chiayuxuan"},"content":"","lastModifiedDate":"2023-02-28"},{"lineNumber":3,"author":{"gitId":"chiayuxuan"},"content":"import duke.ui.Ui;","lastModifiedDate":"2023-02-28"},{"lineNumber":4,"author":{"gitId":"chiayuxuan"},"content":"import duke.task.Event;","lastModifiedDate":"2023-02-28"},{"lineNumber":5,"author":{"gitId":"chiayuxuan"},"content":"import duke.task.TaskList;","lastModifiedDate":"2023-02-28"},{"lineNumber":6,"author":{"gitId":"chiayuxuan"},"content":"import duke.task.Tasks;","lastModifiedDate":"2023-02-28"},{"lineNumber":7,"author":{"gitId":"chiayuxuan"},"content":"","lastModifiedDate":"2023-02-28"},{"lineNumber":8,"author":{"gitId":"chiayuxuan"},"content":"public class EventCommand extends Command{","lastModifiedDate":"2023-02-28"},{"lineNumber":9,"author":{"gitId":"chiayuxuan"},"content":"    String item;","lastModifiedDate":"2023-02-28"},{"lineNumber":10,"author":{"gitId":"chiayuxuan"},"content":"    public EventCommand(String item) {","lastModifiedDate":"2023-02-28"},{"lineNumber":11,"author":{"gitId":"chiayuxuan"},"content":"        this.item \u003d item;","lastModifiedDate":"2023-02-28"},{"lineNumber":12,"author":{"gitId":"chiayuxuan"},"content":"    }","lastModifiedDate":"2023-02-28"},{"lineNumber":13,"author":{"gitId":"chiayuxuan"},"content":"    public void execute() {","lastModifiedDate":"2023-02-28"},{"lineNumber":14,"author":{"gitId":"chiayuxuan"},"content":"        String[] eventSlashDate \u003d item.split(\" /from | /to \", 3);","lastModifiedDate":"2023-02-28"},{"lineNumber":15,"author":{"gitId":"chiayuxuan"},"content":"        Tasks newEvent \u003d new Event(eventSlashDate[0], false, eventSlashDate[1], eventSlashDate[2]);","lastModifiedDate":"2023-02-28"},{"lineNumber":16,"author":{"gitId":"chiayuxuan"},"content":"        TaskList.addToList(newEvent);","lastModifiedDate":"2023-02-28"},{"lineNumber":17,"author":{"gitId":"chiayuxuan"},"content":"        Ui.displayAddTask(newEvent);","lastModifiedDate":"2023-02-28"},{"lineNumber":18,"author":{"gitId":"chiayuxuan"},"content":"    }","lastModifiedDate":"2023-02-28"},{"lineNumber":19,"author":{"gitId":"chiayuxuan"},"content":"}","lastModifiedDate":"2023-02-28"}],"authorContributionMap":{"chiayuxuan":19}},{"path":"src/main/java/duke/command/HelpCommand.java","fileType":"java","lines":[{"lineNumber":1,"author":{"gitId":"chiayuxuan"},"content":"package duke.command;","lastModifiedDate":"2023-02-28"},{"lineNumber":2,"author":{"gitId":"chiayuxuan"},"content":"","lastModifiedDate":"2023-02-28"},{"lineNumber":3,"author":{"gitId":"chiayuxuan"},"content":"import duke.ui.Ui;","lastModifiedDate":"2023-02-28"},{"lineNumber":4,"author":{"gitId":"chiayuxuan"},"content":"","lastModifiedDate":"2023-02-28"},{"lineNumber":5,"author":{"gitId":"chiayuxuan"},"content":"public class HelpCommand extends Command{","lastModifiedDate":"2023-02-28"},{"lineNumber":6,"author":{"gitId":"chiayuxuan"},"content":"","lastModifiedDate":"2023-02-28"},{"lineNumber":7,"author":{"gitId":"chiayuxuan"},"content":"    public HelpCommand() {","lastModifiedDate":"2023-02-28"},{"lineNumber":8,"author":{"gitId":"chiayuxuan"},"content":"    }","lastModifiedDate":"2023-02-28"},{"lineNumber":9,"author":{"gitId":"chiayuxuan"},"content":"    public void execute() {","lastModifiedDate":"2023-02-28"},{"lineNumber":10,"author":{"gitId":"chiayuxuan"},"content":"        Ui.sayHi();","lastModifiedDate":"2023-02-28"},{"lineNumber":11,"author":{"gitId":"chiayuxuan"},"content":"    }","lastModifiedDate":"2023-02-28"},{"lineNumber":12,"author":{"gitId":"chiayuxuan"},"content":"}","lastModifiedDate":"2023-02-28"}],"authorContributionMap":{"chiayuxuan":12}},{"path":"src/main/java/duke/command/ListCommand.java","fileType":"java","lines":[{"lineNumber":1,"author":{"gitId":"chiayuxuan"},"content":"package duke.command;","lastModifiedDate":"2023-02-28"},{"lineNumber":2,"author":{"gitId":"chiayuxuan"},"content":"","lastModifiedDate":"2023-02-28"},{"lineNumber":3,"author":{"gitId":"chiayuxuan"},"content":"import duke.ui.Ui;","lastModifiedDate":"2023-02-28"},{"lineNumber":4,"author":{"gitId":"chiayuxuan"},"content":"","lastModifiedDate":"2023-02-28"},{"lineNumber":5,"author":{"gitId":"chiayuxuan"},"content":"public class ListCommand extends Command {","lastModifiedDate":"2023-02-28"},{"lineNumber":6,"author":{"gitId":"chiayuxuan"},"content":"","lastModifiedDate":"2023-02-28"},{"lineNumber":7,"author":{"gitId":"chiayuxuan"},"content":"    public ListCommand() {","lastModifiedDate":"2023-02-28"},{"lineNumber":8,"author":{"gitId":"chiayuxuan"},"content":"    }","lastModifiedDate":"2023-02-28"},{"lineNumber":9,"author":{"gitId":"chiayuxuan"},"content":"","lastModifiedDate":"2023-02-28"},{"lineNumber":10,"author":{"gitId":"chiayuxuan"},"content":"    public void execute() {","lastModifiedDate":"2023-02-28"},{"lineNumber":11,"author":{"gitId":"chiayuxuan"},"content":"        Ui.displayList();","lastModifiedDate":"2023-02-28"},{"lineNumber":12,"author":{"gitId":"chiayuxuan"},"content":"    }","lastModifiedDate":"2023-02-28"},{"lineNumber":13,"author":{"gitId":"chiayuxuan"},"content":"}","lastModifiedDate":"2023-02-28"}],"authorContributionMap":{"chiayuxuan":13}},{"path":"src/main/java/duke/command/MarkCommand.java","fileType":"java","lines":[{"lineNumber":1,"author":{"gitId":"chiayuxuan"},"content":"package duke.command;","lastModifiedDate":"2023-02-28"},{"lineNumber":2,"author":{"gitId":"chiayuxuan"},"content":"","lastModifiedDate":"2023-02-28"},{"lineNumber":3,"author":{"gitId":"chiayuxuan"},"content":"import duke.ui.Ui;","lastModifiedDate":"2023-02-28"},{"lineNumber":4,"author":{"gitId":"chiayuxuan"},"content":"import duke.task.TaskList;","lastModifiedDate":"2023-02-28"},{"lineNumber":5,"author":{"gitId":"chiayuxuan"},"content":"import duke.task.Tasks;","lastModifiedDate":"2023-02-28"},{"lineNumber":6,"author":{"gitId":"chiayuxuan"},"content":"","lastModifiedDate":"2023-02-28"},{"lineNumber":7,"author":{"gitId":"chiayuxuan"},"content":"public class MarkCommand extends Command{","lastModifiedDate":"2023-02-28"},{"lineNumber":8,"author":{"gitId":"chiayuxuan"},"content":"    String item;","lastModifiedDate":"2023-02-28"},{"lineNumber":9,"author":{"gitId":"chiayuxuan"},"content":"    public MarkCommand(String item){","lastModifiedDate":"2023-02-28"},{"lineNumber":10,"author":{"gitId":"chiayuxuan"},"content":"        this.item \u003d item;","lastModifiedDate":"2023-02-28"},{"lineNumber":11,"author":{"gitId":"chiayuxuan"},"content":"    }","lastModifiedDate":"2023-02-28"},{"lineNumber":12,"author":{"gitId":"chiayuxuan"},"content":"    @Override","lastModifiedDate":"2023-02-28"},{"lineNumber":13,"author":{"gitId":"chiayuxuan"},"content":"    public void execute() {","lastModifiedDate":"2023-02-28"},{"lineNumber":14,"author":{"gitId":"chiayuxuan"},"content":"        try {","lastModifiedDate":"2023-02-28"},{"lineNumber":15,"author":{"gitId":"chiayuxuan"},"content":"            Tasks markTask \u003d TaskList.getTaskList().get(Integer.parseInt(item) - 1);","lastModifiedDate":"2023-02-28"},{"lineNumber":16,"author":{"gitId":"chiayuxuan"},"content":"            markTask.setMarked(true);","lastModifiedDate":"2023-02-28"},{"lineNumber":17,"author":{"gitId":"chiayuxuan"},"content":"            Ui.displayMark(markTask);","lastModifiedDate":"2023-02-28"},{"lineNumber":18,"author":{"gitId":"chiayuxuan"},"content":"        } catch (NumberFormatException e) {","lastModifiedDate":"2023-02-28"},{"lineNumber":19,"author":{"gitId":"chiayuxuan"},"content":"            System.out.println(\"Please enter a number after /mark\" +","lastModifiedDate":"2023-02-28"},{"lineNumber":20,"author":{"gitId":"chiayuxuan"},"content":"                    \"\\nEXAMPLE: /mark 2\");","lastModifiedDate":"2023-02-28"},{"lineNumber":21,"author":{"gitId":"chiayuxuan"},"content":"        }","lastModifiedDate":"2023-02-28"},{"lineNumber":22,"author":{"gitId":"chiayuxuan"},"content":"    }","lastModifiedDate":"2023-02-28"},{"lineNumber":23,"author":{"gitId":"chiayuxuan"},"content":"}","lastModifiedDate":"2023-02-28"}],"authorContributionMap":{"chiayuxuan":23}},{"path":"src/main/java/duke/command/ToDoCommand.java","fileType":"java","lines":[{"lineNumber":1,"author":{"gitId":"chiayuxuan"},"content":"package duke.command;","lastModifiedDate":"2023-02-28"},{"lineNumber":2,"author":{"gitId":"chiayuxuan"},"content":"","lastModifiedDate":"2023-02-28"},{"lineNumber":3,"author":{"gitId":"chiayuxuan"},"content":"import duke.ui.Ui;","lastModifiedDate":"2023-02-28"},{"lineNumber":4,"author":{"gitId":"chiayuxuan"},"content":"import duke.task.TaskList;","lastModifiedDate":"2023-02-28"},{"lineNumber":5,"author":{"gitId":"chiayuxuan"},"content":"import duke.task.Todo;","lastModifiedDate":"2023-02-28"},{"lineNumber":6,"author":{"gitId":"chiayuxuan"},"content":"","lastModifiedDate":"2023-02-28"},{"lineNumber":7,"author":{"gitId":"chiayuxuan"},"content":"public class ToDoCommand extends Command{","lastModifiedDate":"2023-02-28"},{"lineNumber":8,"author":{"gitId":"chiayuxuan"},"content":"    String item;","lastModifiedDate":"2023-02-28"},{"lineNumber":9,"author":{"gitId":"chiayuxuan"},"content":"    public ToDoCommand(String item) {","lastModifiedDate":"2023-02-28"},{"lineNumber":10,"author":{"gitId":"chiayuxuan"},"content":"        this.item \u003d item;","lastModifiedDate":"2023-02-28"},{"lineNumber":11,"author":{"gitId":"chiayuxuan"},"content":"    }","lastModifiedDate":"2023-02-28"},{"lineNumber":12,"author":{"gitId":"chiayuxuan"},"content":"    @Override","lastModifiedDate":"2023-02-28"},{"lineNumber":13,"author":{"gitId":"chiayuxuan"},"content":"    public void execute() {","lastModifiedDate":"2023-02-28"},{"lineNumber":14,"author":{"gitId":"chiayuxuan"},"content":"        Todo newToDo \u003d new Todo(item, false);","lastModifiedDate":"2023-02-28"},{"lineNumber":15,"author":{"gitId":"chiayuxuan"},"content":"        TaskList.addToList(newToDo);","lastModifiedDate":"2023-02-28"},{"lineNumber":16,"author":{"gitId":"chiayuxuan"},"content":"        Ui.displayAddTask(newToDo);","lastModifiedDate":"2023-02-28"},{"lineNumber":17,"author":{"gitId":"chiayuxuan"},"content":"    }","lastModifiedDate":"2023-02-28"},{"lineNumber":18,"author":{"gitId":"chiayuxuan"},"content":"}","lastModifiedDate":"2023-02-28"}],"authorContributionMap":{"chiayuxuan":18}},{"path":"src/main/java/duke/command/UnmarkCommand.java","fileType":"java","lines":[{"lineNumber":1,"author":{"gitId":"chiayuxuan"},"content":"package duke.command;","lastModifiedDate":"2023-02-28"},{"lineNumber":2,"author":{"gitId":"chiayuxuan"},"content":"","lastModifiedDate":"2023-02-28"},{"lineNumber":3,"author":{"gitId":"chiayuxuan"},"content":"import duke.ui.Ui;","lastModifiedDate":"2023-02-28"},{"lineNumber":4,"author":{"gitId":"chiayuxuan"},"content":"import duke.task.TaskList;","lastModifiedDate":"2023-02-28"},{"lineNumber":5,"author":{"gitId":"chiayuxuan"},"content":"import duke.task.Tasks;","lastModifiedDate":"2023-02-28"},{"lineNumber":6,"author":{"gitId":"chiayuxuan"},"content":"","lastModifiedDate":"2023-02-28"},{"lineNumber":7,"author":{"gitId":"chiayuxuan"},"content":"public class UnmarkCommand extends Command{","lastModifiedDate":"2023-02-28"},{"lineNumber":8,"author":{"gitId":"chiayuxuan"},"content":"","lastModifiedDate":"2023-02-28"},{"lineNumber":9,"author":{"gitId":"chiayuxuan"},"content":"    String item;","lastModifiedDate":"2023-02-28"},{"lineNumber":10,"author":{"gitId":"chiayuxuan"},"content":"    public UnmarkCommand(String item){","lastModifiedDate":"2023-02-28"},{"lineNumber":11,"author":{"gitId":"chiayuxuan"},"content":"        this.item \u003d item;","lastModifiedDate":"2023-02-28"},{"lineNumber":12,"author":{"gitId":"chiayuxuan"},"content":"    }","lastModifiedDate":"2023-02-28"},{"lineNumber":13,"author":{"gitId":"chiayuxuan"},"content":"    @Override","lastModifiedDate":"2023-02-28"},{"lineNumber":14,"author":{"gitId":"chiayuxuan"},"content":"    public void execute() {","lastModifiedDate":"2023-02-28"},{"lineNumber":15,"author":{"gitId":"chiayuxuan"},"content":"        Tasks markTask \u003d TaskList.getTaskList().get(Integer.parseInt(item) - 1);","lastModifiedDate":"2023-02-28"},{"lineNumber":16,"author":{"gitId":"chiayuxuan"},"content":"        markTask.setMarked(false);","lastModifiedDate":"2023-02-28"},{"lineNumber":17,"author":{"gitId":"chiayuxuan"},"content":"        Ui.displayUnmark(markTask);","lastModifiedDate":"2023-02-28"},{"lineNumber":18,"author":{"gitId":"chiayuxuan"},"content":"    }","lastModifiedDate":"2023-02-28"},{"lineNumber":19,"author":{"gitId":"chiayuxuan"},"content":"}","lastModifiedDate":"2023-02-28"}],"authorContributionMap":{"chiayuxuan":19}},{"path":"src/main/java/duke/exception/FolderNotFoundException.java","fileType":"java","lines":[{"lineNumber":1,"author":{"gitId":"chiayuxuan"},"content":"package duke.exception;","lastModifiedDate":"2023-02-28"},{"lineNumber":2,"author":{"gitId":"chiayuxuan"},"content":"","lastModifiedDate":"2023-02-27"},{"lineNumber":3,"author":{"gitId":"chiayuxuan"},"content":"public class FolderNotFoundException extends Exception{","lastModifiedDate":"2023-02-23"},{"lineNumber":4,"author":{"gitId":"chiayuxuan"},"content":"","lastModifiedDate":"2023-02-23"},{"lineNumber":5,"author":{"gitId":"chiayuxuan"},"content":"}","lastModifiedDate":"2023-02-23"}],"authorContributionMap":{"chiayuxuan":5}},{"path":"src/main/java/duke/exception/NoKeyException.java","fileType":"java","lines":[{"lineNumber":1,"author":{"gitId":"chiayuxuan"},"content":"package duke.exception;","lastModifiedDate":"2023-02-28"},{"lineNumber":2,"author":{"gitId":"chiayuxuan"},"content":"","lastModifiedDate":"2023-02-27"},{"lineNumber":3,"author":{"gitId":"chiayuxuan"},"content":"public class NoKeyException extends Exception{","lastModifiedDate":"2023-02-11"},{"lineNumber":4,"author":{"gitId":"chiayuxuan"},"content":"}","lastModifiedDate":"2023-02-11"}],"authorContributionMap":{"chiayuxuan":4}},{"path":"src/main/java/duke/parser/Parser.java","fileType":"java","lines":[{"lineNumber":1,"author":{"gitId":"chiayuxuan"},"content":"package duke.parser;","lastModifiedDate":"2023-02-28"},{"lineNumber":2,"author":{"gitId":"chiayuxuan"},"content":"","lastModifiedDate":"2023-02-28"},{"lineNumber":3,"author":{"gitId":"chiayuxuan"},"content":"import duke.command.*;","lastModifiedDate":"2023-02-28"},{"lineNumber":4,"author":{"gitId":"chiayuxuan"},"content":"import duke.exception.NoKeyException;","lastModifiedDate":"2023-02-28"},{"lineNumber":5,"author":{"gitId":"chiayuxuan"},"content":"","lastModifiedDate":"2023-02-28"},{"lineNumber":6,"author":{"gitId":"chiayuxuan"},"content":"public class Parser {","lastModifiedDate":"2023-02-28"},{"lineNumber":7,"author":{"gitId":"chiayuxuan"},"content":"    public static void parseCommand(String userInput) throws NoKeyException {","lastModifiedDate":"2023-02-28"},{"lineNumber":8,"author":{"gitId":"chiayuxuan"},"content":"        String key;","lastModifiedDate":"2023-02-28"},{"lineNumber":9,"author":{"gitId":"chiayuxuan"},"content":"        String item;","lastModifiedDate":"2023-02-28"},{"lineNumber":10,"author":{"gitId":"chiayuxuan"},"content":"        Boolean hasKeyword \u003d false;","lastModifiedDate":"2023-02-28"},{"lineNumber":11,"author":{"gitId":"chiayuxuan"},"content":"        String[] keyWords \u003d {\"/list\", \"/bye\", \"/mark\", \"/unmark\", \"/todo\", \"/event\", \"/deadline\", \"/help\", \"delete\" };","lastModifiedDate":"2023-03-01"},{"lineNumber":12,"author":{"gitId":"chiayuxuan"},"content":"        for (String keyWord : keyWords) {","lastModifiedDate":"2023-02-28"},{"lineNumber":13,"author":{"gitId":"chiayuxuan"},"content":"            if (userInput.contains(keyWord)) {","lastModifiedDate":"2023-02-28"},{"lineNumber":14,"author":{"gitId":"chiayuxuan"},"content":"                hasKeyword \u003d true;","lastModifiedDate":"2023-02-28"},{"lineNumber":15,"author":{"gitId":"chiayuxuan"},"content":"                break;","lastModifiedDate":"2023-03-01"},{"lineNumber":16,"author":{"gitId":"chiayuxuan"},"content":"            }","lastModifiedDate":"2023-02-28"},{"lineNumber":17,"author":{"gitId":"chiayuxuan"},"content":"        }","lastModifiedDate":"2023-02-28"},{"lineNumber":18,"author":{"gitId":"chiayuxuan"},"content":"        if (!hasKeyword) {","lastModifiedDate":"2023-02-28"},{"lineNumber":19,"author":{"gitId":"chiayuxuan"},"content":"            throw new NoKeyException();","lastModifiedDate":"2023-02-28"},{"lineNumber":20,"author":{"gitId":"chiayuxuan"},"content":"        }","lastModifiedDate":"2023-02-28"},{"lineNumber":21,"author":{"gitId":"chiayuxuan"},"content":"        if ((userInput.contains(\"/list\") | userInput.contains(\"/bye\"))) {","lastModifiedDate":"2023-02-28"},{"lineNumber":22,"author":{"gitId":"chiayuxuan"},"content":"            key \u003d userInput;","lastModifiedDate":"2023-02-28"},{"lineNumber":23,"author":{"gitId":"chiayuxuan"},"content":"            item \u003d null;","lastModifiedDate":"2023-02-28"},{"lineNumber":24,"author":{"gitId":"chiayuxuan"},"content":"        } else {","lastModifiedDate":"2023-02-28"},{"lineNumber":25,"author":{"gitId":"chiayuxuan"},"content":"            String[] userInput2 \u003d userInput.split(\" \", 2);","lastModifiedDate":"2023-02-28"},{"lineNumber":26,"author":{"gitId":"chiayuxuan"},"content":"            key \u003d userInput2[0];","lastModifiedDate":"2023-02-28"},{"lineNumber":27,"author":{"gitId":"chiayuxuan"},"content":"            item \u003d userInput2[1];","lastModifiedDate":"2023-02-28"},{"lineNumber":28,"author":{"gitId":"chiayuxuan"},"content":"        }","lastModifiedDate":"2023-02-28"},{"lineNumber":29,"author":{"gitId":"chiayuxuan"},"content":"        Command command;","lastModifiedDate":"2023-02-28"},{"lineNumber":30,"author":{"gitId":"chiayuxuan"},"content":"        switch (key) {","lastModifiedDate":"2023-02-28"},{"lineNumber":31,"author":{"gitId":"chiayuxuan"},"content":"            case \"/mark\":","lastModifiedDate":"2023-02-28"},{"lineNumber":32,"author":{"gitId":"chiayuxuan"},"content":"                command \u003d new MarkCommand(item);","lastModifiedDate":"2023-02-28"},{"lineNumber":33,"author":{"gitId":"chiayuxuan"},"content":"                command.execute();","lastModifiedDate":"2023-02-28"},{"lineNumber":34,"author":{"gitId":"chiayuxuan"},"content":"                break;","lastModifiedDate":"2023-02-28"},{"lineNumber":35,"author":{"gitId":"chiayuxuan"},"content":"            case \"/unmark\":","lastModifiedDate":"2023-02-28"},{"lineNumber":36,"author":{"gitId":"chiayuxuan"},"content":"                command \u003d new UnmarkCommand(item);","lastModifiedDate":"2023-02-28"},{"lineNumber":37,"author":{"gitId":"chiayuxuan"},"content":"                command.execute();","lastModifiedDate":"2023-02-28"},{"lineNumber":38,"author":{"gitId":"chiayuxuan"},"content":"                break;","lastModifiedDate":"2023-02-28"},{"lineNumber":39,"author":{"gitId":"chiayuxuan"},"content":"            case \"/todo\":","lastModifiedDate":"2023-02-28"},{"lineNumber":40,"author":{"gitId":"chiayuxuan"},"content":"                command \u003d new ToDoCommand(item);","lastModifiedDate":"2023-02-28"},{"lineNumber":41,"author":{"gitId":"chiayuxuan"},"content":"                command.execute();","lastModifiedDate":"2023-02-28"},{"lineNumber":42,"author":{"gitId":"chiayuxuan"},"content":"                break;","lastModifiedDate":"2023-02-28"},{"lineNumber":43,"author":{"gitId":"chiayuxuan"},"content":"            case \"/event\":","lastModifiedDate":"2023-02-28"},{"lineNumber":44,"author":{"gitId":"chiayuxuan"},"content":"                command \u003d new EventCommand(item);","lastModifiedDate":"2023-02-28"},{"lineNumber":45,"author":{"gitId":"chiayuxuan"},"content":"                command.execute();","lastModifiedDate":"2023-02-28"},{"lineNumber":46,"author":{"gitId":"chiayuxuan"},"content":"                break;","lastModifiedDate":"2023-02-28"},{"lineNumber":47,"author":{"gitId":"chiayuxuan"},"content":"            case \"/deadline\":","lastModifiedDate":"2023-02-28"},{"lineNumber":48,"author":{"gitId":"chiayuxuan"},"content":"                command \u003d new DeadlineCommand(item);","lastModifiedDate":"2023-02-28"},{"lineNumber":49,"author":{"gitId":"chiayuxuan"},"content":"                command.execute();","lastModifiedDate":"2023-02-28"},{"lineNumber":50,"author":{"gitId":"chiayuxuan"},"content":"                break;","lastModifiedDate":"2023-02-28"},{"lineNumber":51,"author":{"gitId":"chiayuxuan"},"content":"            case \"/list\":","lastModifiedDate":"2023-02-28"},{"lineNumber":52,"author":{"gitId":"chiayuxuan"},"content":"                command \u003d new ListCommand();","lastModifiedDate":"2023-02-28"},{"lineNumber":53,"author":{"gitId":"chiayuxuan"},"content":"                command.execute();","lastModifiedDate":"2023-02-28"},{"lineNumber":54,"author":{"gitId":"chiayuxuan"},"content":"                break;","lastModifiedDate":"2023-02-28"},{"lineNumber":55,"author":{"gitId":"chiayuxuan"},"content":"            case \"/delete\":","lastModifiedDate":"2023-02-28"},{"lineNumber":56,"author":{"gitId":"chiayuxuan"},"content":"                command \u003d new DeleteCommand(item);","lastModifiedDate":"2023-02-28"},{"lineNumber":57,"author":{"gitId":"chiayuxuan"},"content":"                command.execute();","lastModifiedDate":"2023-02-28"},{"lineNumber":58,"author":{"gitId":"chiayuxuan"},"content":"                break;","lastModifiedDate":"2023-02-28"},{"lineNumber":59,"author":{"gitId":"chiayuxuan"},"content":"            case \"/bye\":","lastModifiedDate":"2023-02-28"},{"lineNumber":60,"author":{"gitId":"chiayuxuan"},"content":"                break;","lastModifiedDate":"2023-02-28"},{"lineNumber":61,"author":{"gitId":"chiayuxuan"},"content":"            case \"/help\":","lastModifiedDate":"2023-02-28"},{"lineNumber":62,"author":{"gitId":"chiayuxuan"},"content":"            default:","lastModifiedDate":"2023-02-28"},{"lineNumber":63,"author":{"gitId":"chiayuxuan"},"content":"                command \u003d new HelpCommand();","lastModifiedDate":"2023-02-28"},{"lineNumber":64,"author":{"gitId":"chiayuxuan"},"content":"                command.execute();","lastModifiedDate":"2023-02-28"},{"lineNumber":65,"author":{"gitId":"chiayuxuan"},"content":"        }","lastModifiedDate":"2023-02-28"},{"lineNumber":66,"author":{"gitId":"chiayuxuan"},"content":"    }","lastModifiedDate":"2023-02-28"},{"lineNumber":67,"author":{"gitId":"chiayuxuan"},"content":"}","lastModifiedDate":"2023-02-28"},{"lineNumber":68,"author":{"gitId":"chiayuxuan"},"content":"","lastModifiedDate":"2023-02-28"}],"authorContributionMap":{"chiayuxuan":68}},{"path":"src/main/java/duke/storage/Storage.java","fileType":"java","lines":[{"lineNumber":1,"author":{"gitId":"chiayuxuan"},"content":"package duke.storage;","lastModifiedDate":"2023-02-28"},{"lineNumber":2,"author":{"gitId":"chiayuxuan"},"content":"","lastModifiedDate":"2023-02-27"},{"lineNumber":3,"author":{"gitId":"chiayuxuan"},"content":"import duke.exception.FolderNotFoundException;","lastModifiedDate":"2023-02-28"},{"lineNumber":4,"author":{"gitId":"chiayuxuan"},"content":"import duke.task.*;","lastModifiedDate":"2023-02-27"},{"lineNumber":5,"author":{"gitId":"chiayuxuan"},"content":"","lastModifiedDate":"2023-02-27"},{"lineNumber":6,"author":{"gitId":"chiayuxuan"},"content":"import java.io.File;","lastModifiedDate":"2023-02-27"},{"lineNumber":7,"author":{"gitId":"chiayuxuan"},"content":"import java.io.FileNotFoundException;","lastModifiedDate":"2023-02-27"},{"lineNumber":8,"author":{"gitId":"chiayuxuan"},"content":"import java.io.FileWriter;","lastModifiedDate":"2023-02-27"},{"lineNumber":9,"author":{"gitId":"chiayuxuan"},"content":"import java.io.IOException;","lastModifiedDate":"2023-02-27"},{"lineNumber":10,"author":{"gitId":"chiayuxuan"},"content":"import java.util.Scanner;","lastModifiedDate":"2023-02-27"},{"lineNumber":11,"author":{"gitId":"chiayuxuan"},"content":"","lastModifiedDate":"2023-02-27"},{"lineNumber":12,"author":{"gitId":"chiayuxuan"},"content":"public class Storage {","lastModifiedDate":"2023-02-27"},{"lineNumber":13,"author":{"gitId":"chiayuxuan"},"content":"    private final String filePath;","lastModifiedDate":"2023-02-27"},{"lineNumber":14,"author":{"gitId":"chiayuxuan"},"content":"    private final String folderName;","lastModifiedDate":"2023-02-27"},{"lineNumber":15,"author":{"gitId":"chiayuxuan"},"content":"    public Storage(String folderName, String filePath) {","lastModifiedDate":"2023-02-27"},{"lineNumber":16,"author":{"gitId":"chiayuxuan"},"content":"        this.filePath \u003d filePath;","lastModifiedDate":"2023-02-27"},{"lineNumber":17,"author":{"gitId":"chiayuxuan"},"content":"        this.folderName \u003d folderName;","lastModifiedDate":"2023-02-27"},{"lineNumber":18,"author":{"gitId":"chiayuxuan"},"content":"    }","lastModifiedDate":"2023-02-27"},{"lineNumber":19,"author":{"gitId":"chiayuxuan"},"content":"    public void load() throws FolderNotFoundException, FileNotFoundException {","lastModifiedDate":"2023-02-27"},{"lineNumber":20,"author":{"gitId":"chiayuxuan"},"content":"        File folder \u003d new File(folderName);","lastModifiedDate":"2023-02-27"},{"lineNumber":21,"author":{"gitId":"chiayuxuan"},"content":"        if (!folder.exists()) {","lastModifiedDate":"2023-02-27"},{"lineNumber":22,"author":{"gitId":"chiayuxuan"},"content":"            throw new FolderNotFoundException();","lastModifiedDate":"2023-02-27"},{"lineNumber":23,"author":{"gitId":"chiayuxuan"},"content":"        }","lastModifiedDate":"2023-02-27"},{"lineNumber":24,"author":{"gitId":"chiayuxuan"},"content":"        File file \u003d new File(filePath);","lastModifiedDate":"2023-02-27"},{"lineNumber":25,"author":{"gitId":"chiayuxuan"},"content":"        Scanner s \u003d new Scanner(file); // create a Scanner using the File as the source","lastModifiedDate":"2023-02-27"},{"lineNumber":26,"author":{"gitId":"chiayuxuan"},"content":"        while (s.hasNext()) {","lastModifiedDate":"2023-02-27"},{"lineNumber":27,"author":{"gitId":"chiayuxuan"},"content":"            String row \u003d s.nextLine();","lastModifiedDate":"2023-02-27"},{"lineNumber":28,"author":{"gitId":"chiayuxuan"},"content":"            String[] timeSpan \u003d new String[2]; //String array of size 2;","lastModifiedDate":"2023-02-27"},{"lineNumber":29,"author":{"gitId":"chiayuxuan"},"content":"            String date \u003d null;","lastModifiedDate":"2023-02-27"},{"lineNumber":30,"author":{"gitId":"chiayuxuan"},"content":"            int posOfStartBracket \u003d row.indexOf(\"(\");","lastModifiedDate":"2023-02-27"},{"lineNumber":31,"author":{"gitId":"chiayuxuan"},"content":"            int posOfEndBracket \u003d row.indexOf(\")\");","lastModifiedDate":"2023-02-27"},{"lineNumber":32,"author":{"gitId":"chiayuxuan"},"content":"            if (row.contains(\"[E]\")) {","lastModifiedDate":"2023-02-27"},{"lineNumber":33,"author":{"gitId":"chiayuxuan"},"content":"                timeSpan \u003d (row.substring(posOfStartBracket + 1, posOfEndBracket)).split(\" To: \", 2);","lastModifiedDate":"2023-02-27"},{"lineNumber":34,"author":{"gitId":"chiayuxuan"},"content":"                timeSpan[0] \u003d timeSpan[0].replaceFirst(\"From: \", \"\");","lastModifiedDate":"2023-02-27"},{"lineNumber":35,"author":{"gitId":"chiayuxuan"},"content":"            }","lastModifiedDate":"2023-02-27"},{"lineNumber":36,"author":{"gitId":"chiayuxuan"},"content":"            String taskIdentifier \u003d row.substring(0, 6);","lastModifiedDate":"2023-02-27"},{"lineNumber":37,"author":{"gitId":"chiayuxuan"},"content":"            if (row.contains(\"[D]\")) {","lastModifiedDate":"2023-02-27"},{"lineNumber":38,"author":{"gitId":"chiayuxuan"},"content":"                date \u003d row.substring(posOfStartBracket + 1, posOfEndBracket).replace(\"By: \", \"\");","lastModifiedDate":"2023-02-27"},{"lineNumber":39,"author":{"gitId":"chiayuxuan"},"content":"            }","lastModifiedDate":"2023-02-27"},{"lineNumber":40,"author":{"gitId":"chiayuxuan"},"content":"            switch (taskIdentifier) {","lastModifiedDate":"2023-02-27"},{"lineNumber":41,"author":{"gitId":"chiayuxuan"},"content":"                case \"[T][ ]\":","lastModifiedDate":"2023-02-27"},{"lineNumber":42,"author":{"gitId":"chiayuxuan"},"content":"                    TaskList.addToList(new Todo(row.substring(7), false));","lastModifiedDate":"2023-02-27"},{"lineNumber":43,"author":{"gitId":"chiayuxuan"},"content":"                    break;","lastModifiedDate":"2023-02-27"},{"lineNumber":44,"author":{"gitId":"chiayuxuan"},"content":"                case \"[T][X]\":","lastModifiedDate":"2023-02-27"},{"lineNumber":45,"author":{"gitId":"chiayuxuan"},"content":"                    TaskList.addToList(new Todo(row.substring(7), true));","lastModifiedDate":"2023-02-27"},{"lineNumber":46,"author":{"gitId":"chiayuxuan"},"content":"                    break;","lastModifiedDate":"2023-02-27"},{"lineNumber":47,"author":{"gitId":"chiayuxuan"},"content":"                case \"[D][ ]\":","lastModifiedDate":"2023-02-27"},{"lineNumber":48,"author":{"gitId":"chiayuxuan"},"content":"                    TaskList.addToList(new Dateline(row.substring(7, posOfStartBracket - 1), false,","lastModifiedDate":"2023-02-27"},{"lineNumber":49,"author":{"gitId":"chiayuxuan"},"content":"                            date));","lastModifiedDate":"2023-02-27"},{"lineNumber":50,"author":{"gitId":"chiayuxuan"},"content":"                    break;","lastModifiedDate":"2023-02-27"},{"lineNumber":51,"author":{"gitId":"chiayuxuan"},"content":"                case \"[D][X]\":","lastModifiedDate":"2023-02-27"},{"lineNumber":52,"author":{"gitId":"chiayuxuan"},"content":"                    TaskList.addToList(new Dateline(row.substring(7, posOfStartBracket - 1), true,","lastModifiedDate":"2023-02-27"},{"lineNumber":53,"author":{"gitId":"chiayuxuan"},"content":"                            date));","lastModifiedDate":"2023-02-27"},{"lineNumber":54,"author":{"gitId":"chiayuxuan"},"content":"                    break;","lastModifiedDate":"2023-02-27"},{"lineNumber":55,"author":{"gitId":"chiayuxuan"},"content":"                case \"[E][ ]\":","lastModifiedDate":"2023-02-27"},{"lineNumber":56,"author":{"gitId":"chiayuxuan"},"content":"                    TaskList.addToList(new Event(row.substring(7, posOfStartBracket - 1), false,","lastModifiedDate":"2023-02-27"},{"lineNumber":57,"author":{"gitId":"chiayuxuan"},"content":"                            timeSpan[0], timeSpan[1]));","lastModifiedDate":"2023-02-27"},{"lineNumber":58,"author":{"gitId":"chiayuxuan"},"content":"                    break;","lastModifiedDate":"2023-02-27"},{"lineNumber":59,"author":{"gitId":"chiayuxuan"},"content":"                case \"[E][X]\":","lastModifiedDate":"2023-02-27"},{"lineNumber":60,"author":{"gitId":"chiayuxuan"},"content":"                    TaskList.addToList(new Event(row.substring(7, posOfStartBracket - 1), true,","lastModifiedDate":"2023-02-27"},{"lineNumber":61,"author":{"gitId":"chiayuxuan"},"content":"                            timeSpan[0], timeSpan[1]));","lastModifiedDate":"2023-02-27"},{"lineNumber":62,"author":{"gitId":"chiayuxuan"},"content":"                    break;","lastModifiedDate":"2023-02-27"},{"lineNumber":63,"author":{"gitId":"chiayuxuan"},"content":"            }","lastModifiedDate":"2023-02-27"},{"lineNumber":64,"author":{"gitId":"chiayuxuan"},"content":"        }","lastModifiedDate":"2023-02-27"},{"lineNumber":65,"author":{"gitId":"chiayuxuan"},"content":"    }","lastModifiedDate":"2023-02-27"},{"lineNumber":66,"author":{"gitId":"chiayuxuan"},"content":"    public void save() throws IOException {","lastModifiedDate":"2023-02-27"},{"lineNumber":67,"author":{"gitId":"chiayuxuan"},"content":"        FileWriter fw \u003d new FileWriter(filePath);","lastModifiedDate":"2023-02-27"},{"lineNumber":68,"author":{"gitId":"chiayuxuan"},"content":"        for (int num \u003d 1; num \u003c\u003d TaskList.getNumberOfTasks(); ++num) {","lastModifiedDate":"2023-02-27"},{"lineNumber":69,"author":{"gitId":"chiayuxuan"},"content":"            Tasks thisTask \u003d TaskList.getTaskList().get(num - 1);","lastModifiedDate":"2023-02-27"},{"lineNumber":70,"author":{"gitId":"chiayuxuan"},"content":"            fw.write(String.valueOf(thisTask));","lastModifiedDate":"2023-02-27"},{"lineNumber":71,"author":{"gitId":"chiayuxuan"},"content":"            fw.write(\"\\n\");","lastModifiedDate":"2023-02-27"},{"lineNumber":72,"author":{"gitId":"chiayuxuan"},"content":"        }","lastModifiedDate":"2023-02-27"},{"lineNumber":73,"author":{"gitId":"chiayuxuan"},"content":"        fw.close();","lastModifiedDate":"2023-02-27"},{"lineNumber":74,"author":{"gitId":"chiayuxuan"},"content":"    }","lastModifiedDate":"2023-02-27"},{"lineNumber":75,"author":{"gitId":"chiayuxuan"},"content":"","lastModifiedDate":"2023-02-28"},{"lineNumber":76,"author":{"gitId":"chiayuxuan"},"content":"    public void createNewFile() throws IOException {","lastModifiedDate":"2023-02-27"},{"lineNumber":77,"author":{"gitId":"chiayuxuan"},"content":"        File f \u003d new File(filePath);","lastModifiedDate":"2023-02-27"},{"lineNumber":78,"author":{"gitId":"chiayuxuan"},"content":"        if (f.createNewFile()) {","lastModifiedDate":"2023-02-27"},{"lineNumber":79,"author":{"gitId":"chiayuxuan"},"content":"            System.out.println(\"File created\");","lastModifiedDate":"2023-02-27"},{"lineNumber":80,"author":{"gitId":"chiayuxuan"},"content":"        }","lastModifiedDate":"2023-02-27"},{"lineNumber":81,"author":{"gitId":"chiayuxuan"},"content":"        else","lastModifiedDate":"2023-02-27"},{"lineNumber":82,"author":{"gitId":"chiayuxuan"},"content":"            System.out.println(\"File already exists\");","lastModifiedDate":"2023-02-27"},{"lineNumber":83,"author":{"gitId":"chiayuxuan"},"content":"    }","lastModifiedDate":"2023-02-27"},{"lineNumber":84,"author":{"gitId":"chiayuxuan"},"content":"    public void createNewFolder() {","lastModifiedDate":"2023-02-27"},{"lineNumber":85,"author":{"gitId":"chiayuxuan"},"content":"        File folder \u003d new File(folderName);","lastModifiedDate":"2023-02-27"},{"lineNumber":86,"author":{"gitId":"chiayuxuan"},"content":"        if(folder.mkdir()) {","lastModifiedDate":"2023-02-27"},{"lineNumber":87,"author":{"gitId":"chiayuxuan"},"content":"            System.out.println(\"Folder created\");","lastModifiedDate":"2023-02-27"},{"lineNumber":88,"author":{"gitId":"chiayuxuan"},"content":"        }","lastModifiedDate":"2023-02-27"},{"lineNumber":89,"author":{"gitId":"chiayuxuan"},"content":"        else {","lastModifiedDate":"2023-02-27"},{"lineNumber":90,"author":{"gitId":"chiayuxuan"},"content":"            System.out.println(\"Folder already exists\");","lastModifiedDate":"2023-02-27"},{"lineNumber":91,"author":{"gitId":"chiayuxuan"},"content":"        }","lastModifiedDate":"2023-02-27"},{"lineNumber":92,"author":{"gitId":"chiayuxuan"},"content":"    }","lastModifiedDate":"2023-02-27"},{"lineNumber":93,"author":{"gitId":"chiayuxuan"},"content":"}","lastModifiedDate":"2023-02-27"}],"authorContributionMap":{"chiayuxuan":93}},{"path":"src/main/java/duke/task/Dateline.java","fileType":"java","lines":[{"lineNumber":1,"author":{"gitId":"chiayuxuan"},"content":"package duke.task;","lastModifiedDate":"2023-02-27"},{"lineNumber":2,"author":{"gitId":"chiayuxuan"},"content":"","lastModifiedDate":"2023-02-27"},{"lineNumber":3,"author":{"gitId":"chiayuxuan"},"content":"public class Dateline extends Tasks {","lastModifiedDate":"2023-02-06"},{"lineNumber":4,"author":{"gitId":"chiayuxuan"},"content":"    String dueDate;","lastModifiedDate":"2023-02-06"},{"lineNumber":5,"author":{"gitId":"chiayuxuan"},"content":"    public Dateline(String item, boolean isMarked, String dueDate) {","lastModifiedDate":"2023-02-06"},{"lineNumber":6,"author":{"gitId":"chiayuxuan"},"content":"        super(item, isMarked);","lastModifiedDate":"2023-02-06"},{"lineNumber":7,"author":{"gitId":"chiayuxuan"},"content":"        this.dueDate \u003d dueDate;","lastModifiedDate":"2023-02-23"},{"lineNumber":8,"author":{"gitId":"chiayuxuan"},"content":"    }","lastModifiedDate":"2023-02-06"},{"lineNumber":9,"author":{"gitId":"chiayuxuan"},"content":"    @Override","lastModifiedDate":"2023-02-09"},{"lineNumber":10,"author":{"gitId":"chiayuxuan"},"content":"    public String toString() {","lastModifiedDate":"2023-02-08"},{"lineNumber":11,"author":{"gitId":"chiayuxuan"},"content":"        return \"[D]\" + super.toString() + \" (By: \" + dueDate + \")\";","lastModifiedDate":"2023-02-23"},{"lineNumber":12,"author":{"gitId":"chiayuxuan"},"content":"    }","lastModifiedDate":"2023-02-08"},{"lineNumber":13,"author":{"gitId":"chiayuxuan"},"content":"}","lastModifiedDate":"2023-02-06"}],"authorContributionMap":{"chiayuxuan":13}},{"path":"src/main/java/duke/task/Event.java","fileType":"java","lines":[{"lineNumber":1,"author":{"gitId":"chiayuxuan"},"content":"package duke.task;","lastModifiedDate":"2023-02-27"},{"lineNumber":2,"author":{"gitId":"chiayuxuan"},"content":"","lastModifiedDate":"2023-02-27"},{"lineNumber":3,"author":{"gitId":"chiayuxuan"},"content":"public class Event extends Tasks {","lastModifiedDate":"2023-02-06"},{"lineNumber":4,"author":{"gitId":"chiayuxuan"},"content":"    String startDate;","lastModifiedDate":"2023-02-06"},{"lineNumber":5,"author":{"gitId":"chiayuxuan"},"content":"    String endDate;","lastModifiedDate":"2023-02-06"},{"lineNumber":6,"author":{"gitId":"chiayuxuan"},"content":"    public Event(String item, boolean isMarked, String startDate, String endDate) {","lastModifiedDate":"2023-02-06"},{"lineNumber":7,"author":{"gitId":"chiayuxuan"},"content":"        super(item, isMarked);","lastModifiedDate":"2023-02-06"},{"lineNumber":8,"author":{"gitId":"chiayuxuan"},"content":"        this.startDate \u003d startDate;","lastModifiedDate":"2023-02-23"},{"lineNumber":9,"author":{"gitId":"chiayuxuan"},"content":"        this.endDate \u003d endDate;","lastModifiedDate":"2023-02-23"},{"lineNumber":10,"author":{"gitId":"chiayuxuan"},"content":"    }","lastModifiedDate":"2023-02-06"},{"lineNumber":11,"author":{"gitId":"chiayuxuan"},"content":"    @Override","lastModifiedDate":"2023-02-08"},{"lineNumber":12,"author":{"gitId":"chiayuxuan"},"content":"    public String toString() {","lastModifiedDate":"2023-02-08"},{"lineNumber":13,"author":{"gitId":"chiayuxuan"},"content":"        return \"[E]\" + super.toString() + \" (From: \" + startDate + \" To: \" + endDate + \")\";","lastModifiedDate":"2023-02-23"},{"lineNumber":14,"author":{"gitId":"chiayuxuan"},"content":"    }","lastModifiedDate":"2023-02-08"},{"lineNumber":15,"author":{"gitId":"chiayuxuan"},"content":"}","lastModifiedDate":"2023-02-06"}],"authorContributionMap":{"chiayuxuan":15}},{"path":"src/main/java/duke/task/TaskList.java","fileType":"java","lines":[{"lineNumber":1,"author":{"gitId":"chiayuxuan"},"content":"package duke.task;","lastModifiedDate":"2023-02-27"},{"lineNumber":2,"author":{"gitId":"chiayuxuan"},"content":"import java.util.ArrayList;","lastModifiedDate":"2023-02-27"},{"lineNumber":3,"author":{"gitId":"chiayuxuan"},"content":"public class TaskList {","lastModifiedDate":"2023-02-27"},{"lineNumber":4,"author":{"gitId":"chiayuxuan"},"content":"    private static int numberOfTasks \u003d 0;","lastModifiedDate":"2023-02-27"},{"lineNumber":5,"author":{"gitId":"chiayuxuan"},"content":"    //private ArrayList\u003cTasks\u003e taskList;","lastModifiedDate":"2023-02-28"},{"lineNumber":6,"author":{"gitId":"chiayuxuan"},"content":"    private static final ArrayList\u003cTasks\u003e taskList \u003d new ArrayList\u003c\u003e();","lastModifiedDate":"2023-02-28"},{"lineNumber":7,"author":{"gitId":"chiayuxuan"},"content":"","lastModifiedDate":"2023-02-28"},{"lineNumber":8,"author":{"gitId":"chiayuxuan"},"content":"//    public TaskList(ArrayList\u003cTasks\u003e taskList) {","lastModifiedDate":"2023-02-28"},{"lineNumber":9,"author":{"gitId":"chiayuxuan"},"content":"//        this.taskList \u003d taskList;","lastModifiedDate":"2023-02-28"},{"lineNumber":10,"author":{"gitId":"chiayuxuan"},"content":"//    }","lastModifiedDate":"2023-02-28"},{"lineNumber":11,"author":{"gitId":"chiayuxuan"},"content":"","lastModifiedDate":"2023-02-28"},{"lineNumber":12,"author":{"gitId":"chiayuxuan"},"content":"    public static ArrayList\u003cTasks\u003e getTaskList() {","lastModifiedDate":"2023-02-27"},{"lineNumber":13,"author":{"gitId":"chiayuxuan"},"content":"        return taskList;","lastModifiedDate":"2023-02-28"},{"lineNumber":14,"author":{"gitId":"chiayuxuan"},"content":"    }","lastModifiedDate":"2023-02-27"},{"lineNumber":15,"author":{"gitId":"chiayuxuan"},"content":"","lastModifiedDate":"2023-02-28"},{"lineNumber":16,"author":{"gitId":"chiayuxuan"},"content":"    public static int getNumberOfTasks() {","lastModifiedDate":"2023-02-27"},{"lineNumber":17,"author":{"gitId":"chiayuxuan"},"content":"        return numberOfTasks;","lastModifiedDate":"2023-02-27"},{"lineNumber":18,"author":{"gitId":"chiayuxuan"},"content":"    }","lastModifiedDate":"2023-02-27"},{"lineNumber":19,"author":{"gitId":"chiayuxuan"},"content":"    public static void addToList(Tasks task) {","lastModifiedDate":"2023-02-27"},{"lineNumber":20,"author":{"gitId":"chiayuxuan"},"content":"        taskList.add(task);","lastModifiedDate":"2023-02-28"},{"lineNumber":21,"author":{"gitId":"chiayuxuan"},"content":"        numberOfTasks++;","lastModifiedDate":"2023-02-27"},{"lineNumber":22,"author":{"gitId":"chiayuxuan"},"content":"    }","lastModifiedDate":"2023-02-27"},{"lineNumber":23,"author":{"gitId":"chiayuxuan"},"content":"    public static void deleteFromList(int pos) {","lastModifiedDate":"2023-02-27"},{"lineNumber":24,"author":{"gitId":"chiayuxuan"},"content":"        taskList.remove(pos);","lastModifiedDate":"2023-02-28"},{"lineNumber":25,"author":{"gitId":"chiayuxuan"},"content":"        numberOfTasks--;","lastModifiedDate":"2023-02-27"},{"lineNumber":26,"author":{"gitId":"chiayuxuan"},"content":"    }","lastModifiedDate":"2023-02-27"},{"lineNumber":27,"author":{"gitId":"chiayuxuan"},"content":"}","lastModifiedDate":"2023-02-27"}],"authorContributionMap":{"chiayuxuan":27}},{"path":"src/main/java/duke/task/TaskType.java","fileType":"java","lines":[{"lineNumber":1,"author":{"gitId":"chiayuxuan"},"content":"package duke.task;","lastModifiedDate":"2023-02-27"},{"lineNumber":2,"author":{"gitId":"chiayuxuan"},"content":"","lastModifiedDate":"2023-02-27"},{"lineNumber":3,"author":{"gitId":"chiayuxuan"},"content":"public enum TaskType {","lastModifiedDate":"2023-02-08"},{"lineNumber":4,"author":{"gitId":"chiayuxuan"},"content":"    TODO, DATELINE, EVENT, TASK","lastModifiedDate":"2023-02-08"},{"lineNumber":5,"author":{"gitId":"chiayuxuan"},"content":"}","lastModifiedDate":"2023-02-08"}],"authorContributionMap":{"chiayuxuan":5}},{"path":"src/main/java/duke/task/Tasks.java","fileType":"java","lines":[{"lineNumber":1,"author":{"gitId":"chiayuxuan"},"content":"package duke.task;","lastModifiedDate":"2023-02-27"},{"lineNumber":2,"author":{"gitId":"chiayuxuan"},"content":"","lastModifiedDate":"2023-02-27"},{"lineNumber":3,"author":{"gitId":"chiayuxuan"},"content":"import java.util.ArrayList;","lastModifiedDate":"2023-01-30"},{"lineNumber":4,"author":{"gitId":"chiayuxuan"},"content":"","lastModifiedDate":"2023-02-08"},{"lineNumber":5,"author":{"gitId":"chiayuxuan"},"content":"public abstract class Tasks {","lastModifiedDate":"2023-02-15"},{"lineNumber":6,"author":{"gitId":"chiayuxuan"},"content":"    private String item;","lastModifiedDate":"2023-01-30"},{"lineNumber":7,"author":{"gitId":"chiayuxuan"},"content":"    private boolean isMarked;","lastModifiedDate":"2023-01-30"},{"lineNumber":8,"author":{"gitId":"chiayuxuan"},"content":"    public Tasks(String item, boolean isMarked) {","lastModifiedDate":"2023-01-30"},{"lineNumber":9,"author":{"gitId":"chiayuxuan"},"content":"        this.item \u003d item;","lastModifiedDate":"2023-01-30"},{"lineNumber":10,"author":{"gitId":"chiayuxuan"},"content":"        this.isMarked \u003d isMarked;","lastModifiedDate":"2023-01-30"},{"lineNumber":11,"author":{"gitId":"chiayuxuan"},"content":"    }","lastModifiedDate":"2023-01-30"},{"lineNumber":12,"author":{"gitId":"chiayuxuan"},"content":"    public void setMarked(boolean isMarked) {","lastModifiedDate":"2023-01-30"},{"lineNumber":13,"author":{"gitId":"chiayuxuan"},"content":"        this.isMarked \u003d isMarked;","lastModifiedDate":"2023-01-30"},{"lineNumber":14,"author":{"gitId":"chiayuxuan"},"content":"    }","lastModifiedDate":"2023-01-30"},{"lineNumber":15,"author":{"gitId":"chiayuxuan"},"content":"    public String toString() {","lastModifiedDate":"2023-02-08"},{"lineNumber":16,"author":{"gitId":"chiayuxuan"},"content":"        String status;","lastModifiedDate":"2023-02-08"},{"lineNumber":17,"author":{"gitId":"chiayuxuan"},"content":"        if (isMarked) {","lastModifiedDate":"2023-02-08"},{"lineNumber":18,"author":{"gitId":"chiayuxuan"},"content":"            status \u003d \"[X] \";","lastModifiedDate":"2023-02-08"},{"lineNumber":19,"author":{"gitId":"chiayuxuan"},"content":"        } else {","lastModifiedDate":"2023-02-08"},{"lineNumber":20,"author":{"gitId":"chiayuxuan"},"content":"            status \u003d \"[ ] \";","lastModifiedDate":"2023-02-08"},{"lineNumber":21,"author":{"gitId":"chiayuxuan"},"content":"        }","lastModifiedDate":"2023-02-08"},{"lineNumber":22,"author":{"gitId":"chiayuxuan"},"content":"        return status + item;","lastModifiedDate":"2023-02-08"},{"lineNumber":23,"author":{"gitId":"chiayuxuan"},"content":"    }","lastModifiedDate":"2023-02-08"},{"lineNumber":24,"author":{"gitId":"chiayuxuan"},"content":"}","lastModifiedDate":"2023-01-30"}],"authorContributionMap":{"chiayuxuan":24}},{"path":"src/main/java/duke/task/Todo.java","fileType":"java","lines":[{"lineNumber":1,"author":{"gitId":"chiayuxuan"},"content":"package duke.task;","lastModifiedDate":"2023-02-27"},{"lineNumber":2,"author":{"gitId":"chiayuxuan"},"content":"","lastModifiedDate":"2023-02-27"},{"lineNumber":3,"author":{"gitId":"chiayuxuan"},"content":"public class Todo extends Tasks {","lastModifiedDate":"2023-02-06"},{"lineNumber":4,"author":{"gitId":"chiayuxuan"},"content":"","lastModifiedDate":"2023-02-06"},{"lineNumber":5,"author":{"gitId":"chiayuxuan"},"content":"","lastModifiedDate":"2023-02-08"},{"lineNumber":6,"author":{"gitId":"chiayuxuan"},"content":"","lastModifiedDate":"2023-02-08"},{"lineNumber":7,"author":{"gitId":"chiayuxuan"},"content":"    public Todo(String item, boolean isMarked) {","lastModifiedDate":"2023-02-06"},{"lineNumber":8,"author":{"gitId":"chiayuxuan"},"content":"        super(item, isMarked);","lastModifiedDate":"2023-02-06"},{"lineNumber":9,"author":{"gitId":"chiayuxuan"},"content":"    }","lastModifiedDate":"2023-02-06"},{"lineNumber":10,"author":{"gitId":"chiayuxuan"},"content":"    @Override","lastModifiedDate":"2023-02-08"},{"lineNumber":11,"author":{"gitId":"chiayuxuan"},"content":"    public String toString() {","lastModifiedDate":"2023-02-08"},{"lineNumber":12,"author":{"gitId":"chiayuxuan"},"content":"","lastModifiedDate":"2023-02-08"},{"lineNumber":13,"author":{"gitId":"chiayuxuan"},"content":"        return \"[T]\" + super.toString();","lastModifiedDate":"2023-02-08"},{"lineNumber":14,"author":{"gitId":"chiayuxuan"},"content":"    }","lastModifiedDate":"2023-02-08"},{"lineNumber":15,"author":{"gitId":"chiayuxuan"},"content":"}","lastModifiedDate":"2023-02-06"}],"authorContributionMap":{"chiayuxuan":15}},{"path":"src/main/java/duke/ui/Ui.java","fileType":"java","lines":[{"lineNumber":1,"author":{"gitId":"chiayuxuan"},"content":"package duke.ui;","lastModifiedDate":"2023-02-28"},{"lineNumber":2,"author":{"gitId":"chiayuxuan"},"content":"","lastModifiedDate":"2023-02-28"},{"lineNumber":3,"author":{"gitId":"chiayuxuan"},"content":"import duke.task.TaskList;","lastModifiedDate":"2023-02-28"},{"lineNumber":4,"author":{"gitId":"chiayuxuan"},"content":"import duke.task.Tasks;","lastModifiedDate":"2023-02-28"},{"lineNumber":5,"author":{"gitId":"chiayuxuan"},"content":"","lastModifiedDate":"2023-02-28"},{"lineNumber":6,"author":{"gitId":"chiayuxuan"},"content":"import java.util.Scanner;","lastModifiedDate":"2023-02-28"},{"lineNumber":7,"author":{"gitId":"chiayuxuan"},"content":"","lastModifiedDate":"2023-02-28"},{"lineNumber":8,"author":{"gitId":"chiayuxuan"},"content":"public class Ui {","lastModifiedDate":"2023-02-28"},{"lineNumber":9,"author":{"gitId":"chiayuxuan"},"content":"","lastModifiedDate":"2023-02-28"},{"lineNumber":10,"author":{"gitId":"chiayuxuan"},"content":"    private String userInput;","lastModifiedDate":"2023-02-28"},{"lineNumber":11,"author":{"gitId":"chiayuxuan"},"content":"    private static final String DIVIDER \u003d \"\\t____________________________________________________________\";","lastModifiedDate":"2023-02-28"},{"lineNumber":12,"author":{"gitId":"chiayuxuan"},"content":"","lastModifiedDate":"2023-02-28"},{"lineNumber":13,"author":{"gitId":"chiayuxuan"},"content":"    public Ui() {","lastModifiedDate":"2023-02-28"},{"lineNumber":14,"author":{"gitId":"chiayuxuan"},"content":"        userInput \u003d null;","lastModifiedDate":"2023-02-28"},{"lineNumber":15,"author":{"gitId":"chiayuxuan"},"content":"    }","lastModifiedDate":"2023-02-28"},{"lineNumber":16,"author":{"gitId":"chiayuxuan"},"content":"","lastModifiedDate":"2023-02-28"},{"lineNumber":17,"author":{"gitId":"chiayuxuan"},"content":"    public String getUserInput() {","lastModifiedDate":"2023-02-28"},{"lineNumber":18,"author":{"gitId":"chiayuxuan"},"content":"        return userInput;","lastModifiedDate":"2023-02-28"},{"lineNumber":19,"author":{"gitId":"chiayuxuan"},"content":"    }","lastModifiedDate":"2023-02-28"},{"lineNumber":20,"author":{"gitId":"chiayuxuan"},"content":"","lastModifiedDate":"2023-02-28"},{"lineNumber":21,"author":{"gitId":"chiayuxuan"},"content":"    public static void sayHi() {","lastModifiedDate":"2023-02-28"},{"lineNumber":22,"author":{"gitId":"chiayuxuan"},"content":"        String logo \u003d \" ____        _        \\n\"","lastModifiedDate":"2023-02-28"},{"lineNumber":23,"author":{"gitId":"chiayuxuan"},"content":"                + \"|  _ \\\\ _   _| | _____ \\n\"","lastModifiedDate":"2023-02-28"},{"lineNumber":24,"author":{"gitId":"chiayuxuan"},"content":"                + \"| | | | | | | |/ / _ \\\\\\n\"","lastModifiedDate":"2023-02-28"},{"lineNumber":25,"author":{"gitId":"chiayuxuan"},"content":"                + \"| |_| | |_| |   \u003c  __/\\n\"","lastModifiedDate":"2023-02-28"},{"lineNumber":26,"author":{"gitId":"chiayuxuan"},"content":"                + \"|____/ \\\\__,_|_|\\\\_\\\\___|\\n\";","lastModifiedDate":"2023-02-28"},{"lineNumber":27,"author":{"gitId":"chiayuxuan"},"content":"        System.out.println(\"Hello from\\n\" + logo);","lastModifiedDate":"2023-02-28"},{"lineNumber":28,"author":{"gitId":"chiayuxuan"},"content":"        System.out.print(DIVIDER + \u0027\\n\u0027","lastModifiedDate":"2023-02-28"},{"lineNumber":29,"author":{"gitId":"chiayuxuan"},"content":"                + \" \\t Hello! I\u0027m Duke\\n\\t What can I do for you?\\n\" + DIVIDER + \"\\n\\n\");","lastModifiedDate":"2023-02-28"},{"lineNumber":30,"author":{"gitId":"chiayuxuan"},"content":"    }","lastModifiedDate":"2023-02-28"},{"lineNumber":31,"author":{"gitId":"chiayuxuan"},"content":"","lastModifiedDate":"2023-02-28"},{"lineNumber":32,"author":{"gitId":"chiayuxuan"},"content":"    public static void sayBye() {","lastModifiedDate":"2023-02-28"},{"lineNumber":33,"author":{"gitId":"chiayuxuan"},"content":"        System.out.println(DIVIDER + \"\\n\\t Bye. Hope to see you again soon!\\n\" + DIVIDER);","lastModifiedDate":"2023-02-28"},{"lineNumber":34,"author":{"gitId":"chiayuxuan"},"content":"    }","lastModifiedDate":"2023-02-28"},{"lineNumber":35,"author":{"gitId":"chiayuxuan"},"content":"","lastModifiedDate":"2023-02-28"},{"lineNumber":36,"author":{"gitId":"chiayuxuan"},"content":"    public static void displayMark(Tasks task) {","lastModifiedDate":"2023-02-28"},{"lineNumber":37,"author":{"gitId":"chiayuxuan"},"content":"        System.out.println(DIVIDER + \"\\n\\t Nice! I\u0027ve marked this task as done:\\n\\t  \" + task);","lastModifiedDate":"2023-02-28"},{"lineNumber":38,"author":{"gitId":"chiayuxuan"},"content":"        System.out.println(DIVIDER + \u0027\\n\u0027);","lastModifiedDate":"2023-03-01"},{"lineNumber":39,"author":{"gitId":"chiayuxuan"},"content":"    }","lastModifiedDate":"2023-02-28"},{"lineNumber":40,"author":{"gitId":"chiayuxuan"},"content":"","lastModifiedDate":"2023-02-28"},{"lineNumber":41,"author":{"gitId":"chiayuxuan"},"content":"    public static void displayUnmark(Tasks task) {","lastModifiedDate":"2023-02-28"},{"lineNumber":42,"author":{"gitId":"chiayuxuan"},"content":"        System.out.println(DIVIDER + \"\\n\\t Nice! I\u0027ve marked this task as not done yet:\\n\\t  \" + task);","lastModifiedDate":"2023-02-28"},{"lineNumber":43,"author":{"gitId":"chiayuxuan"},"content":"        System.out.println(DIVIDER + \u0027\\n\u0027);","lastModifiedDate":"2023-03-01"},{"lineNumber":44,"author":{"gitId":"chiayuxuan"},"content":"    }","lastModifiedDate":"2023-02-28"},{"lineNumber":45,"author":{"gitId":"chiayuxuan"},"content":"","lastModifiedDate":"2023-02-28"},{"lineNumber":46,"author":{"gitId":"chiayuxuan"},"content":"    public static void displayAddTask(Tasks task) {","lastModifiedDate":"2023-02-28"},{"lineNumber":47,"author":{"gitId":"chiayuxuan"},"content":"        System.out.println(DIVIDER + \"\\n\\t Got it. I\u0027ve added this task:\\n\\t  \"","lastModifiedDate":"2023-02-28"},{"lineNumber":48,"author":{"gitId":"chiayuxuan"},"content":"                + task);","lastModifiedDate":"2023-02-28"},{"lineNumber":49,"author":{"gitId":"chiayuxuan"},"content":"        System.out.println(\"\\t Now you have \" + TaskList.getNumberOfTasks() + \" item(s) in your list.\\n\"","lastModifiedDate":"2023-03-01"},{"lineNumber":50,"author":{"gitId":"chiayuxuan"},"content":"                + DIVIDER + \u0027\\n\u0027);","lastModifiedDate":"2023-03-01"},{"lineNumber":51,"author":{"gitId":"chiayuxuan"},"content":"    }","lastModifiedDate":"2023-02-28"},{"lineNumber":52,"author":{"gitId":"chiayuxuan"},"content":"","lastModifiedDate":"2023-02-28"},{"lineNumber":53,"author":{"gitId":"chiayuxuan"},"content":"    public static void displayList() {","lastModifiedDate":"2023-02-28"},{"lineNumber":54,"author":{"gitId":"chiayuxuan"},"content":"        int totalNumberOfTasks \u003d TaskList.getNumberOfTasks();","lastModifiedDate":"2023-02-28"},{"lineNumber":55,"author":{"gitId":"chiayuxuan"},"content":"        System.out.println(DIVIDER + \"\\n\\t Here are the tasks in your list:\");","lastModifiedDate":"2023-02-28"},{"lineNumber":56,"author":{"gitId":"chiayuxuan"},"content":"        for (int num \u003d 1; num \u003c\u003d totalNumberOfTasks; ++num) {","lastModifiedDate":"2023-02-28"},{"lineNumber":57,"author":{"gitId":"chiayuxuan"},"content":"            Tasks thisTask \u003d TaskList.getTaskList().get(num - 1);","lastModifiedDate":"2023-02-28"},{"lineNumber":58,"author":{"gitId":"chiayuxuan"},"content":"            System.out.println(\"\\t  \" + num + \". \" + thisTask);","lastModifiedDate":"2023-02-28"},{"lineNumber":59,"author":{"gitId":"chiayuxuan"},"content":"        }","lastModifiedDate":"2023-02-28"},{"lineNumber":60,"author":{"gitId":"chiayuxuan"},"content":"        System.out.println(DIVIDER +\u0027\\n\u0027);","lastModifiedDate":"2023-03-01"},{"lineNumber":61,"author":{"gitId":"chiayuxuan"},"content":"","lastModifiedDate":"2023-02-28"},{"lineNumber":62,"author":{"gitId":"chiayuxuan"},"content":"    }","lastModifiedDate":"2023-02-28"},{"lineNumber":63,"author":{"gitId":"chiayuxuan"},"content":"","lastModifiedDate":"2023-02-28"},{"lineNumber":64,"author":{"gitId":"chiayuxuan"},"content":"    public static void displayDelete(Tasks task) {","lastModifiedDate":"2023-02-28"},{"lineNumber":65,"author":{"gitId":"chiayuxuan"},"content":"        System.out.println(DIVIDER + \"\\n\\t Got it. I\u0027ve deleted this task:\\n\\t  \"","lastModifiedDate":"2023-02-28"},{"lineNumber":66,"author":{"gitId":"chiayuxuan"},"content":"                + task);","lastModifiedDate":"2023-02-28"},{"lineNumber":67,"author":{"gitId":"chiayuxuan"},"content":"        System.out.println(\"\\t Now you have \" + (TaskList.getNumberOfTasks() - 1) + \" item(s) in your list.\\n\"","lastModifiedDate":"2023-03-01"},{"lineNumber":68,"author":{"gitId":"chiayuxuan"},"content":"                + DIVIDER);","lastModifiedDate":"2023-02-28"},{"lineNumber":69,"author":{"gitId":"chiayuxuan"},"content":"    }","lastModifiedDate":"2023-02-28"},{"lineNumber":70,"author":{"gitId":"chiayuxuan"},"content":"","lastModifiedDate":"2023-02-28"},{"lineNumber":71,"author":{"gitId":"chiayuxuan"},"content":"    public void readUserInput() {","lastModifiedDate":"2023-02-28"},{"lineNumber":72,"author":{"gitId":"chiayuxuan"},"content":"        System.out.println(\"Please enter your data below: (send \u0027/bye\u0027 to exit) \");","lastModifiedDate":"2023-02-28"},{"lineNumber":73,"author":{"gitId":"chiayuxuan"},"content":"        Scanner in \u003d new Scanner(System.in);","lastModifiedDate":"2023-02-28"},{"lineNumber":74,"author":{"gitId":"chiayuxuan"},"content":"        this.userInput \u003d in.nextLine();","lastModifiedDate":"2023-02-28"},{"lineNumber":75,"author":{"gitId":"chiayuxuan"},"content":"    }","lastModifiedDate":"2023-02-28"},{"lineNumber":76,"author":{"gitId":"chiayuxuan"},"content":"","lastModifiedDate":"2023-02-28"},{"lineNumber":77,"author":{"gitId":"chiayuxuan"},"content":"    public static void displayErrorFileNotFoundException()  {","lastModifiedDate":"2023-02-28"},{"lineNumber":78,"author":{"gitId":"chiayuxuan"},"content":"        System.out.println(\"Duke.txt file does not exist in /data. Creating one for you...\");","lastModifiedDate":"2023-02-28"},{"lineNumber":79,"author":{"gitId":"chiayuxuan"},"content":"    }","lastModifiedDate":"2023-02-28"},{"lineNumber":80,"author":{"gitId":"chiayuxuan"},"content":"    public static void displayErrorFolderNotFoundException() {","lastModifiedDate":"2023-02-28"},{"lineNumber":81,"author":{"gitId":"chiayuxuan"},"content":"        System.out.println(\"data folder does not exist. Creating one for you...\");","lastModifiedDate":"2023-02-28"},{"lineNumber":82,"author":{"gitId":"chiayuxuan"},"content":"    }","lastModifiedDate":"2023-02-28"},{"lineNumber":83,"author":{"gitId":"chiayuxuan"},"content":"    public static void displayErrorNoKeyException() {","lastModifiedDate":"2023-02-28"},{"lineNumber":84,"author":{"gitId":"chiayuxuan"},"content":"        System.out.println(\"Missing Keyword\");","lastModifiedDate":"2023-02-28"},{"lineNumber":85,"author":{"gitId":"chiayuxuan"},"content":"    }","lastModifiedDate":"2023-02-28"},{"lineNumber":86,"author":{"gitId":"chiayuxuan"},"content":"    public static void displayErrorIOException() {","lastModifiedDate":"2023-02-28"},{"lineNumber":87,"author":{"gitId":"chiayuxuan"},"content":"        System.out.println(\"Trouble accessing files\");","lastModifiedDate":"2023-02-28"},{"lineNumber":88,"author":{"gitId":"chiayuxuan"},"content":"    }","lastModifiedDate":"2023-02-28"},{"lineNumber":89,"author":{"gitId":"chiayuxuan"},"content":"","lastModifiedDate":"2023-02-28"},{"lineNumber":90,"author":{"gitId":"chiayuxuan"},"content":"}","lastModifiedDate":"2023-02-28"}],"authorContributionMap":{"chiayuxuan":90}},{"path":"text-ui-test/input.txt","fileType":"txt","lines":[{"lineNumber":1,"author":{"gitId":"chiayuxuan"},"content":"todo read book","lastModifiedDate":"2023-02-23"},{"lineNumber":2,"author":{"gitId":"chiayuxuan"},"content":"mark 1","lastModifiedDate":"2023-02-23"},{"lineNumber":3,"author":{"gitId":"chiayuxuan"},"content":"event watch movie/ from Tuesday 2pm/ to 4pm","lastModifiedDate":"2023-02-23"}],"authorContributionMap":{"chiayuxuan":3}},{"path":"text-ui-test/runtest.bat","fileType":"bat","lines":[{"lineNumber":1,"author":{"gitId":"-"},"content":"@ECHO OFF","lastModifiedDate":"2020-05-25"},{"lineNumber":2,"author":{"gitId":"-"},"content":"","lastModifiedDate":"2020-05-25"},{"lineNumber":3,"author":{"gitId":"-"},"content":"REM create bin directory if it doesn\u0027t exist","lastModifiedDate":"2020-05-25"},{"lineNumber":4,"author":{"gitId":"-"},"content":"if not exist ..\\bin mkdir ..\\bin","lastModifiedDate":"2020-05-25"},{"lineNumber":5,"author":{"gitId":"-"},"content":"","lastModifiedDate":"2020-05-25"},{"lineNumber":6,"author":{"gitId":"-"},"content":"REM delete output from previous run","lastModifiedDate":"2020-05-25"},{"lineNumber":7,"author":{"gitId":"-"},"content":"if exist ACTUAL.TXT del ACTUAL.TXT","lastModifiedDate":"2020-08-25"},{"lineNumber":8,"author":{"gitId":"-"},"content":"","lastModifiedDate":"2020-05-25"},{"lineNumber":9,"author":{"gitId":"-"},"content":"REM compile the code into the bin folder","lastModifiedDate":"2020-05-25"},{"lineNumber":10,"author":{"gitId":"chiayuxuan"},"content":"javac -cp ..\\src\\main\\java -Xlint:none -d ..\\bin ..\\src\\main\\java\\*.java","lastModifiedDate":"2023-02-23"},{"lineNumber":11,"author":{"gitId":"-"},"content":"IF ERRORLEVEL 1 (","lastModifiedDate":"2020-05-25"},{"lineNumber":12,"author":{"gitId":"-"},"content":"    echo ********** BUILD FAILURE **********","lastModifiedDate":"2020-05-25"},{"lineNumber":13,"author":{"gitId":"-"},"content":"    exit /b 1","lastModifiedDate":"2020-05-25"},{"lineNumber":14,"author":{"gitId":"-"},"content":")","lastModifiedDate":"2020-05-25"},{"lineNumber":15,"author":{"gitId":"-"},"content":"REM no error here, errorlevel \u003d\u003d 0","lastModifiedDate":"2020-05-25"},{"lineNumber":16,"author":{"gitId":"-"},"content":"","lastModifiedDate":"2020-05-25"},{"lineNumber":17,"author":{"gitId":"-"},"content":"REM run the program, feed commands from input.txt file and redirect the output to the ACTUAL.TXT","lastModifiedDate":"2020-05-25"},{"lineNumber":18,"author":{"gitId":"chiayuxuan"},"content":"","lastModifiedDate":"2023-02-23"},{"lineNumber":19,"author":{"gitId":"chiayuxuan"},"content":"java -classpath ..\\bin Duke \u003c input.txt, data\\Duke.txt \u003e ACTUAL.TXT","lastModifiedDate":"2023-02-23"},{"lineNumber":20,"author":{"gitId":"-"},"content":"","lastModifiedDate":"2020-05-25"},{"lineNumber":21,"author":{"gitId":"-"},"content":"REM compare the output to the expected output","lastModifiedDate":"2020-05-25"},{"lineNumber":22,"author":{"gitId":"-"},"content":"FC ACTUAL.TXT EXPECTED.TXT","lastModifiedDate":"2020-05-25"}],"authorContributionMap":{"chiayuxuan":3,"-":19}}]
