{"authorDailyContributionsMap":{"douph810975":[{"date":"2023-01-20","commitResults":[{"hash":"39925a456c18ea5262eb5ec55ec525e2389ebd1b","messageTitle":"Level-0","messageBody":"","tags":["Level-0"],"fileTypesAndContributionMap":{"java":{"insertions":3,"deletions":0}}}]},{"date":"2023-01-24","commitResults":[{"hash":"972e7a1e624d5396d4bd6a26a44d174438ee47af","messageTitle":"Level-1","messageBody":"","tags":["Level-1"],"fileTypesAndContributionMap":{"java":{"insertions":16,"deletions":8}}},{"hash":"0506939cc1e87df7b6f94a254e37defd9436e4f3","messageTitle":"Add, List","messageBody":"","tags":["Level-2"],"fileTypesAndContributionMap":{"java":{"insertions":11,"deletions":6}}}]},{"date":"2023-01-26","commitResults":[{"hash":"3b6797775aabdd63f32c3c38a7c2d67efc9cb553","messageTitle":"mark as done","messageBody":"","tags":["level-3"],"fileTypesAndContributionMap":{"java":{"insertions":35,"deletions":9}}}]}]},"authorFileTypeContributionMap":{"douph810975":{"java":48,"md":0,"fxml":0,"sh":0,"bat":0,"gradle":0,"txt":0}},"authorContributionVariance":{"douph810975":219.48979},"authorDisplayNameMap":{"douph810975":"CS2113-W15-4 DOU ..IHAO"}}
