{"authorDailyContributionsMap":{"kyrixn":[{"date":"2023-01-23","commitResults":[{"hash":"d042fecd029a0ef952ed3fe757ee547fc3334f2c","messageTitle":"finished level-0","messageBody":"","fileTypesAndContributionMap":{"java":{"insertions":11,"deletions":6}}}]},{"date":"2023-01-26","commitResults":[{"hash":"17d3c522e5ac79f94b47bc3dfbcbe2bfd0bc5d33","messageTitle":"created Task class","messageBody":"","fileTypesAndContributionMap":{"java":{"insertions":17,"deletions":0}}},{"hash":"ad606d7f8cb16c8fc7116c5b7f2df5a000730f40","messageTitle":"finished level 1","messageBody":"","fileTypesAndContributionMap":{"java":{"insertions":24,"deletions":9}}},{"hash":"f43bb95c3a34bd56b3fd1c3cc61d2c1012453415","messageTitle":"finished level-2","messageBody":"","fileTypesAndContributionMap":{"java":{"insertions":23,"deletions":12}}},{"hash":"805dc6f29252012154a558d69e2454c547f02bf0","messageTitle":"chhanged to switch structure and finished level 3","messageBody":"","fileTypesAndContributionMap":{"java":{"insertions":51,"deletions":14}}}]},{"date":"2023-01-31","commitResults":[{"hash":"76a4f5bfe917245dc596ba2c798e204d1a6f2e16","messageTitle":"fixed variable naming issue","messageBody":"","fileTypesAndContributionMap":{"java":{"insertions":13,"deletions":13}}},{"hash":"62d7907b3963e770aad5eb94dfc2ace1af68c906","messageTitle":"fixed indentation","messageBody":"","tags":["A-CodingStandard"],"fileTypesAndContributionMap":{"java":{"insertions":28,"deletions":28}}}]},{"date":"2023-02-01","commitResults":[{"hash":"f230363d30acf587640a08d2daf78764581142fc","messageTitle":"revised switch structure, created subclasses and finished level-4","messageBody":"","tags":["level-4"],"fileTypesAndContributionMap":{"java":{"insertions":98,"deletions":34}}},{"hash":"075ca4418062ec7db63dffd58208a81034de8c9e","messageTitle":"created text-ui-test","messageBody":"","tags":["A-TextUiTesting"],"fileTypesAndContributionMap":{"txt":{"insertions":6,"deletions":0}}},{"hash":"f38486b6406f0828ece586605453922b76a13b6e","messageTitle":"checked code quality","messageBody":"","fileTypesAndContributionMap":{"java":{"insertions":0,"deletions":1}}}]},{"date":"2023-02-09","commitResults":[{"hash":"de286caf3ba1a0c691984c57ad6b65a2f9eb5b7a","messageTitle":"added Keqing and revised UI","messageBody":"","fileTypesAndContributionMap":{"java":{"insertions":29,"deletions":1}}},{"hash":"29d3d7b7d156cd17f23b269a8b5d10b265c8b797","messageTitle":"created exceptions and handled exceptions for some function","messageBody":"","fileTypesAndContributionMap":{"java":{"insertions":55,"deletions":21}}}]},{"date":"2023-02-10","commitResults":[{"hash":"f071a54ef5b017481a10fecad21e3d8213af448c","messageTitle":"improved code quality","messageBody":"","fileTypesAndContributionMap":{"java":{"insertions":50,"deletions":13}}},{"hash":"3dd67b6f0210e26a4aad240af7de676fbce8c8b7","messageTitle":"created exceptions and hendled erros","messageBody":"","fileTypesAndContributionMap":{"java":{"insertions":114,"deletions":56}}},{"hash":"123609187768005f43b4fe56812c5019a2c2f421","messageTitle":"finalize duke package and exception \u0026 commands packages","messageBody":"","fileTypesAndContributionMap":{"java":{"insertions":20,"deletions":18}}},{"hash":"69552214e514f84402f059e4d3ec8ae81b4bddf6","messageTitle":"changed ui test script","messageBody":"","fileTypesAndContributionMap":{"bat":{"insertions":4,"deletions":3}}},{"hash":"7e4e1dcd5aaddd7ae8222f7a484a3215563f89d3","messageTitle":"fixed bugs in task counting","messageBody":"","fileTypesAndContributionMap":{"java":{"insertions":3,"deletions":6}}}]},{"date":"2023-02-17","commitResults":[{"hash":"6bfedeb688396ff6497c7b7b03cee7f56ea9b322","messageTitle":"changed to Arraylist and revised some function names for readability","messageBody":"","tags":["A-Collections"],"fileTypesAndContributionMap":{"java":{"insertions":32,"deletions":25}}},{"hash":"b6351de3b1f2478e2b7e741b21ea83b8386182eb","messageTitle":"finished level-6 and rolled back function naming","messageBody":"","fileTypesAndContributionMap":{"java":{"insertions":31,"deletions":12}}},{"hash":"e3153f1a8f47e91c66a9955be746d3db9e773611","messageTitle":"added auto-save","messageBody":"","fileTypesAndContributionMap":{"java":{"insertions":54,"deletions":0}}},{"hash":"5a07478d165347bb07ac2764a1ae6565530b1a99","messageTitle":"fixed bugs and handle the cases where folder didn\u0027t exist","messageBody":"","fileTypesAndContributionMap":{"java":{"insertions":17,"deletions":0}}}]},{"date":"2023-02-24","commitResults":[{"hash":"da2e870bdb25520963df144cc49078bc952b4565","messageTitle":"changed functions except adding tasks to more OOP approaches","messageBody":"","fileTypesAndContributionMap":{"java":{"insertions":222,"deletions":105}}},{"hash":"35f31f3931506af808ac9f86dfcce36538860447","messageTitle":"add adding task function in Ui and Tasklist. Discarded throwing exceptions in constructors, would handle this in parser, which haven\u0027t been done","messageBody":"","fileTypesAndContributionMap":{"java":{"insertions":51,"deletions":59}}},{"hash":"19741cf80ebb348067dc358c6393494cbd9eb7d8","messageTitle":"finished more oop version","messageBody":"","fileTypesAndContributionMap":{"java":{"insertions":60,"deletions":99}}},{"hash":"5db2ac2daeeef4967254e1a7c784f0ee33447479","messageTitle":"improved code quality: delete unecessary import. Seperated line longer than 110 char, changed variable names that are not in camelCase","messageBody":"","tags":["A-MoreOOP"],"fileTypesAndContributionMap":{"java":{"insertions":55,"deletions":65}}}]},{"date":"2023-02-25","commitResults":[{"hash":"c0606ff8c9bbca1b211a59de2825621dca2174db","messageTitle":"handled exceptions and changed code structure and UI","messageBody":"","fileTypesAndContributionMap":{"java":{"insertions":50,"deletions":41}}},{"hash":"bfa6178cec25ee33d4655440dc5c9809c8e9eda1","messageTitle":"finished loading local todo list file","messageBody":"","fileTypesAndContributionMap":{"java":{"insertions":77,"deletions":20}}}]},{"date":"2023-02-27","commitResults":[{"hash":"6a5ab18e0e15ec5addc47dd2e7b90fe624ea017a","messageTitle":"put switch structure into Parer Class","messageBody":"","fileTypesAndContributionMap":{"java":{"insertions":102,"deletions":96}}}]},{"date":"2023-03-02","commitResults":[{"hash":"99b6045c9747d51b2adaed548181e83efe2738cb","messageTitle":"added DateTime, haven\u0027t fixed bugs","messageBody":"","fileTypesAndContributionMap":{"java":{"insertions":143,"deletions":61}}},{"hash":"efe91309b2a335fdc1874f6c2fc71f28aebf829c","messageTitle":"fixed bugs and handle the exceptions for incorrect Datetime imput","messageBody":"","fileTypesAndContributionMap":{"java":{"insertions":10,"deletions":5}}},{"hash":"e9b6fb66cec17534a0e24bc13309b089ff5fcc76","messageTitle":"delete unused var","messageBody":"","fileTypesAndContributionMap":{"java":{"insertions":0,"deletions":3}}},{"hash":"33891b7d8767f173de878025d414ede317356b60","messageTitle":"extract hasInfo function and finished level-9","messageBody":"","fileTypesAndContributionMap":{"java":{"insertions":37,"deletions":6}}}]},{"date":"2023-03-03","commitResults":[{"hash":"252af0bf7c911cdb95d86dd8c3b7ac0d00182063","messageTitle":"improved code quality","messageBody":"","fileTypesAndContributionMap":{"java":{"insertions":48,"deletions":47}}},{"hash":"43ae62b454397c17d8a151aaa75349a917c9dc3e","messageTitle":"added javadoc","messageBody":"","tags":["A-JavaDoc"],"fileTypesAndContributionMap":{"java":{"insertions":85,"deletions":4}}},{"hash":"204d6d349ed3855b10d906ee38ff5352dc4448bc","messageTitle":"finished UserGuide","messageBody":"","tags":["A-UserGuide","A-Release"],"fileTypesAndContributionMap":{"java":{"insertions":2,"deletions":2},"md":{"insertions":261,"deletions":13}}}]},{"date":"2023-03-04","commitResults":[{"hash":"5208a810f06c1ad7ae24890d59d705c1b34725e0","messageTitle":"forgot to create this branch previously, already finished javadoc","messageBody":"","fileTypesAndContributionMap":{"md":{"insertions":7,"deletions":7}}}]}]},"authorFileTypeContributionMap":{"kyrixn":{"java":738,"md":261,"fxml":0,"sh":0,"bat":4,"gradle":0,"txt":6}},"authorContributionVariance":{"kyrixn":17442.59},"authorDisplayNameMap":{"kyrixn":"CS2113-F13-3 ZHAN..ENZE"}}
