{"authorDailyContributionsMap":{"NicholasChungJunJie":[{"date":"2023-01-13","commitResults":[{"hash":"a7efe36e2459e127a04b3c5c90281300300110da","messageTitle":"Completed Level-0 Greet","messageBody":"","fileTypesAndContributionMap":{"java":{"insertions":6,"deletions":5}}},{"hash":"700b5be24b0f24d063c03209fa0b0a1f72ce3ef7","messageTitle":"Completed Level-0","messageBody":"","tags":["Level-0"],"fileTypesAndContributionMap":{"java":{"insertions":2,"deletions":1}}},{"hash":"1793962574510271fc39cc88c6369937324b4d81","messageTitle":"Attempted Level-1","messageBody":"","fileTypesAndContributionMap":{"java":{"insertions":18,"deletions":2}}},{"hash":"3fc1a7621b715072503b2ac01066b6de62defecb","messageTitle":"Completed Level-1","messageBody":"","tags":["Level-1"],"fileTypesAndContributionMap":{"java":{"insertions":7,"deletions":7}}},{"hash":"81d1a4133056496f0574cd540a194527ab9ef0d0","messageTitle":"Attempted Level-3","messageBody":"","tags":["Level-2"],"fileTypesAndContributionMap":{"java":{"insertions":14,"deletions":1}}}]},{"date":"2023-01-14","commitResults":[{"hash":"3a63f6aa37653d1c38b98de78f9fb6823b00c191","messageTitle":"Level-3","messageBody":"","tags":["Level-3"],"fileTypesAndContributionMap":{"java":{"insertions":45,"deletions":3}}}]},{"date":"2023-01-28","commitResults":[{"hash":"de18e387bbc3be705d8e0d23f705cc76c71b3917","messageTitle":"Update Task.java","messageBody":"","fileTypesAndContributionMap":{"java":{"insertions":2,"deletions":1}}},{"hash":"07330ab5fd1130e1fda9d625a171f03570a85955","messageTitle":"Update Duke.java","messageBody":"","tags":["A-CodingStandard"],"fileTypesAndContributionMap":{"java":{"insertions":6,"deletions":4}}},{"hash":"7f1eeac6628fb73e7868dcdee8c540fa49621910","messageTitle":"Completed Level-4","messageBody":"","fileTypesAndContributionMap":{"java":{"insertions":102,"deletions":2}}},{"hash":"1951e57404117078fe14cdee9ca48e893a5d7f6e","messageTitle":"Completed A-CodeQuality","messageBody":"","fileTypesAndContributionMap":{"java":{"insertions":15,"deletions":6}}},{"hash":"163e1db4ab589960f99cd00a3436f712c42476cc","messageTitle":"Completed Level-4 and A-CodeQuality","messageBody":"","tags":["Level-4","A-CodeQuality"],"fileTypesAndContributionMap":{"java":{"insertions":9,"deletions":9}}}]},{"date":"2023-02-03","commitResults":[{"hash":"a929e040709749795a72f635bf5033491b9ec0ca","messageTitle":"Add DukeException.java","messageBody":"","fileTypesAndContributionMap":{"java":{"insertions":7,"deletions":0}}},{"hash":"bf27e7b223a0e9b0d33ba753badfbe31a66b21bc","messageTitle":"Completed Level-5","messageBody":"","fileTypesAndContributionMap":{"java":{"insertions":226,"deletions":73}}},{"hash":"02f65875a15977751ae560a4c4e3bbadc9f776bf","messageTitle":"Attempted Level-5","messageBody":"","tags":["Level-5","A-Exceptions"],"fileTypesAndContributionMap":{"java":{"insertions":2,"deletions":2}}}]},{"date":"2023-02-10","commitResults":[{"hash":"0766d69bd32e8be3c588db45fb8b20d3429e9aac","messageTitle":"Attempt Level-6","messageBody":"","fileTypesAndContributionMap":{"java":{"insertions":80,"deletions":22}}}]},{"date":"2023-02-11","commitResults":[{"hash":"10d1d3f4b030e8c2cbe3dbae0ee0479ebf369917","messageTitle":"Attempt Level-7","messageBody":"","fileTypesAndContributionMap":{"txt":{"insertions":5,"deletions":0},"java":{"insertions":99,"deletions":2}}},{"hash":"ed8c7c4a213ff7f3b4bc58fc0e8abf58f1384950","messageTitle":"refactored code","messageBody":"","fileTypesAndContributionMap":{"java":{"insertions":3,"deletions":76}}},{"hash":"1e3ebd95a0258e759d6ecfa422ad7c976c00c608","messageTitle":"Refactor Duke.java","messageBody":"","fileTypesAndContributionMap":{"java":{"insertions":0,"deletions":1}}},{"hash":"71a3bab1123f9d802adf4abb2919c57067887585","messageTitle":"refator duke.txt","messageBody":"","fileTypesAndContributionMap":{"txt":{"insertions":3,"deletions":3}}},{"hash":"4db542d6b7aba8537f1aed48d73b37002d5aab09","messageTitle":"Refactor Duke.java","messageBody":"","fileTypesAndContributionMap":{"java":{"insertions":1,"deletions":1}}},{"hash":"125c41c44429f3a88316bd23e383ea952e2a7a5f","messageTitle":"refactor Duke.java","messageBody":"","tags":["Level-7","Level-6","A-Jar","A-Collections"],"fileTypesAndContributionMap":{"txt":{"insertions":0,"deletions":1},"java":{"insertions":10,"deletions":3}}},{"hash":"09cadecd1ea219943d8c4225e7928a2297c2f85f","messageTitle":"Attempt A-TextUiTesting","messageBody":"","tags":["A-TextUiTesting"],"fileTypesAndContributionMap":{"txt":{"insertions":11,"deletions":0}}}]},{"date":"2023-02-18","commitResults":[{"hash":"5cedc855889697f53a6fb29ac9e613768546e422","messageTitle":"Attempt A-MoreOOP","messageBody":"","fileTypesAndContributionMap":{"txt":{"insertions":11,"deletions":4},"java":{"insertions":692,"deletions":295}}},{"hash":"605f396420614f8c95a1bb53a95bb6ac6501a5e5","messageTitle":"Refactor Duke.java","messageBody":"","fileTypesAndContributionMap":{"java":{"insertions":0,"deletions":179}}},{"hash":"117e8a10c4aa97d95db1ede256e66f13249477a7","messageTitle":"Refactor Storage.java","messageBody":"","fileTypesAndContributionMap":{"txt":{"insertions":16,"deletions":0},"java":{"insertions":2,"deletions":2}}},{"hash":"56d641dd7e4fbe7ec168a776d49e0cbfa729f378","messageTitle":"Refactor Storage.java","messageBody":"","tags":["A-MoreOOP"],"fileTypesAndContributionMap":{"java":{"insertions":0,"deletions":43}}},{"hash":"ebfbe97ceff1536008be95f686d763a655104bf7","messageTitle":"Attempt Level-9","messageBody":"","fileTypesAndContributionMap":{"txt":{"insertions":1,"deletions":1},"java":{"insertions":37,"deletions":1}}},{"hash":"911629bd3aa3b99f31f315b055e0f50b29d607c0","messageTitle":"Add JavaDoc comments","messageBody":"","fileTypesAndContributionMap":{"java":{"insertions":229,"deletions":2}}}]},{"date":"2023-02-19","commitResults":[{"hash":"535fe093ba0c7e79a75c4fcf4b1882ad58010517","messageTitle":"Add User Guide","messageBody":"","fileTypesAndContributionMap":{"md":{"insertions":306,"deletions":11}}},{"hash":"3cc7f3f34bafc2f519d899c38bd5cc81f124b02b","messageTitle":"Refactor User Guide","messageBody":"","fileTypesAndContributionMap":{"md":{"insertions":52,"deletions":3}}},{"hash":"c4d9008ce34bd2211d8fb6f08cea5437bd377d5c","messageTitle":"Refactor User Guide for better readability","messageBody":"","fileTypesAndContributionMap":{"md":{"insertions":21,"deletions":5}}},{"hash":"bd5f55b7f9a2f6797bb0c9b30319846838f0238c","messageTitle":"Refactor User Guide","messageBody":"","fileTypesAndContributionMap":{"md":{"insertions":7,"deletions":0}}},{"hash":"69dcfea86c96445739cd96c798cc52ed53a36b97","messageTitle":"Add exit feature","messageBody":"","fileTypesAndContributionMap":{"md":{"insertions":34,"deletions":0}}},{"hash":"b72d155eddbd31cbc9316eff176568e7185d7d49","messageTitle":"Refactor Bye feature","messageBody":"","fileTypesAndContributionMap":{"md":{"insertions":1,"deletions":1}}},{"hash":"4e51e3bd79c31218230d9c13e4f2ade40af5f134","messageTitle":"Refactor User Guide","messageBody":"","fileTypesAndContributionMap":{"md":{"insertions":1,"deletions":40}}},{"hash":"5e4b88ef1011888c53e0835734b6efddb883304d","messageTitle":"Refactor code according to coding standards","messageBody":"","fileTypesAndContributionMap":{"java":{"insertions":111,"deletions":113}}}]}]},"authorFileTypeContributionMap":{"NicholasChungJunJie":{"java":880,"md":359,"fxml":0,"sh":0,"bat":0,"gradle":0,"txt":38}},"authorContributionVariance":{"NicholasChungJunJie":71650.81},"authorDisplayNameMap":{"NicholasChungJunJie":"CS2113T-T09-2 NICH.. JIE"}}
