{"authorDailyContributionsMap":{"danxuZhang":[{"date":"2023-01-16","commitResults":[{"hash":"2007451b3e369042964c51ea039ebd504ce19968","isMergeCommit":false,"messageTitle":"Add Increment: Level-0","messageBody":"Implement an initial skeletal version of the Duke that simply greets\nthe user and exits.\n","fileTypesAndContributionMap":{"java":{"insertions":7,"deletions":0}}}]},{"date":"2023-01-26","commitResults":[{"hash":"4c7946a369eda6b22f2a3c3785dcafcb39587fc7","isMergeCommit":false,"messageTitle":"Add helper method to print divider","messageBody":"","fileTypesAndContributionMap":{"java":{"insertions":7,"deletions":3}}},{"hash":"0104a1ceaa34ca0f3f0c3484003fbc27d055b0b6","isMergeCommit":false,"messageTitle":"Add Level-1: Greet, Echo, Exit","messageBody":"Implement a skeletal version of Duke that starts by greeting the user,\nsimply echos commands entered by the user, and exits when the user types bye.\n\nChange indentation from one space to one tab.\n","tags":["Level-1"],"fileTypesAndContributionMap":{"java":{"insertions":21,"deletions":3}}},{"hash":"715f76c2094c7c0c72cbc5294786117b5ac66436","isMergeCommit":false,"messageTitle":"Add Level-2: Add, List","messageBody":"Add the ability to store whatever text entered by the user and\ndisplay them back to the user when requested.\n","tags":["Level-2"],"fileTypesAndContributionMap":{"java":{"insertions":23,"deletions":4}}},{"hash":"40264308943e5b7dd6894ee8d072f45f4133b799","isMergeCommit":false,"messageTitle":"Reformat Prompt Messages","messageBody":"","fileTypesAndContributionMap":{"java":{"insertions":6,"deletions":6}}},{"hash":"9366e29a026816d432eb040646d5b57642fc9f69","isMergeCommit":false,"messageTitle":"Fix typo","messageBody":"","fileTypesAndContributionMap":{"java":{"insertions":1,"deletions":1}}},{"hash":"a130cdd91f3bef4424d289bae66db1fec13f7d76","isMergeCommit":false,"messageTitle":"Add Level-3: Mark as Done And A-Classes","messageBody":"Add the ability to mark tasks as done. Add the ability to change the status back to not done.\n\nUse a Task class to represent tasks.\n","tags":["Level-3","A-Classes"],"fileTypesAndContributionMap":{"java":{"insertions":91,"deletions":10}}},{"hash":"ab70896e014d14ba2902d7a1e1aa08588aea94cf","isMergeCommit":false,"messageTitle":"Reformat code and add comments","messageBody":"","tags":["A-CodingStandard"],"fileTypesAndContributionMap":{"java":{"insertions":48,"deletions":10}}},{"hash":"0c9cc30cfb227751d01ccb142770380a3a009794","isMergeCommit":false,"messageTitle":"Rename marking status to avoid confusions","messageBody":"","fileTypesAndContributionMap":{"java":{"insertions":21,"deletions":21}}}]},{"date":"2023-01-29","commitResults":[{"hash":"398317afa32740f0fca006ddde9d75966034a161","isMergeCommit":false,"messageTitle":"Add Todo class","messageBody":"Add Todo class to represents tasks without any date/time attached to it.\n\nModify Duky main program to be open for adding more task types.\n","fileTypesAndContributionMap":{"java":{"insertions":52,"deletions":12}}},{"hash":"076fbb4894545cd8b77bd6996b2a62a4bc06faa9","isMergeCommit":false,"messageTitle":"Change accessibility of attributes in Task class.","messageBody":"","fileTypesAndContributionMap":{"java":{"insertions":2,"deletions":2}}},{"hash":"5ba08d4b78acff81b400d2dfd522d42a60828f41","isMergeCommit":false,"messageTitle":"Add Deadline class","messageBody":"","fileTypesAndContributionMap":{"java":{"insertions":51,"deletions":7}}},{"hash":"ee8555d90e8553a7b97cc719fd7e2fa6731e185d","isMergeCommit":false,"messageTitle":"Add Event class","messageBody":"","tags":["A-Inheritance"],"fileTypesAndContributionMap":{"java":{"insertions":52,"deletions":0}}},{"hash":"509d00a39da30cd0098b095ba2e5aa7aebc4720a","isMergeCommit":false,"messageTitle":"Reformat code","messageBody":"","fileTypesAndContributionMap":{"java":{"insertions":77,"deletions":51}}},{"hash":"0eb55195d17c04a7f39bd8eedde65ad5ccf6b379","isMergeCommit":false,"messageTitle":"Fix mark/unmark bug","messageBody":"When the user inputs command such as mark paper, the program will get an\nexception. Now the program can handle situations when the user enters\nmark/unmark with non-numeric values.\n","tags":["Level-4"],"fileTypesAndContributionMap":{"java":{"insertions":21,"deletions":3}}}]},{"date":"2023-01-30","commitResults":[{"hash":"6ab8f6cea32371e17ca9486c52b3d1b6ff9139b4","isMergeCommit":false,"messageTitle":"Add text-ui-test","messageBody":"","tags":["A-TextUiTesting"],"fileTypesAndContributionMap":{"txt":{"insertions":7,"deletions":0}}},{"hash":"d095a8be404443626b4766f9d099b2040d376052","isMergeCommit":false,"messageTitle":"Remove unnecessary whitespaces.","messageBody":"","fileTypesAndContributionMap":{"java":{"insertions":2,"deletions":2}}}]},{"date":"2023-02-01","commitResults":[{"hash":"5e17c364d71701059fb06c87d2fbb6ddc7d92953","isMergeCommit":false,"messageTitle":"Format code and add comments.","messageBody":"","tags":["A-CodeQuality"],"fileTypesAndContributionMap":{"java":{"insertions":48,"deletions":0}}}]},{"date":"2023-02-03","commitResults":[{"hash":"b490af89cb4b2474ff4525ecc4a14431ffbf773d","isMergeCommit":false,"messageTitle":"Add getters and setters","messageBody":"","fileTypesAndContributionMap":{"java":{"insertions":24,"deletions":0}}},{"hash":"10942a792b39d9ca074576d61bb73d9c8f73bd30","isMergeCommit":false,"messageTitle":"Reformat constructions of Task related classes.","messageBody":"Currently when creating `Deadline`, `Event` and `Todo classes`, functions that\nare used to process user input commands like `createDeadline()`,\n`createEvent()` are called in the `Duck.class`.\n\nAfter modification, these parts are moved to the constructors of the\nrespective classes.\n\nThe implementation of creating these three classes from input arguments\nare also modified to use index of `by` or `from`, `to`, making the code\nlogic easier to read.\n\nThe name of the personal assisstant is changed to Tohru.\n\nText-UI-Test is updated.\n","fileTypesAndContributionMap":{"txt":{"insertions":1,"deletions":1},"java":{"insertions":114,"deletions":95}}}]},{"date":"2023-02-05","commitResults":[{"hash":"87cf4e216fd2ca29973142f38682763844db13d2","isMergeCommit":false,"messageTitle":"Add Level 5: Handle Errors","messageBody":"","fileTypesAndContributionMap":{"java":{"insertions":24,"deletions":10}}},{"hash":"007ba3d65150815280644d4d69ca1628243a47f2","isMergeCommit":true,"messageTitle":"Merge branch \u0027branch-Level-5\u0027","messageBody":"","tags":["Level-5","A-Exceptions"],"fileTypesAndContributionMap":{}},{"hash":"9be497bd03cf6c5c50d586a9368a4c0b70485c5b","isMergeCommit":false,"messageTitle":"Add Increment: A-Packages","messageBody":"Organize the classes into suitable java packages.\n","fileTypesAndContributionMap":{"java":{"insertions":15,"deletions":0},"sh":{"insertions":1,"deletions":1}}},{"hash":"515677304c3e8ac8b01dbe74bb83bfec959621fe","isMergeCommit":true,"messageTitle":"Merge branch \u0027branch-A-Packages\u0027","messageBody":"","tags":["A-Packages"],"fileTypesAndContributionMap":{}}]},{"date":"2023-02-12","commitResults":[{"hash":"605e7de9c5ecd2c5e2f27d61aa3c5ad27747df41","isMergeCommit":false,"messageTitle":"Add Level 6: Delete","messageBody":"Add support for deleting tasks from the list.\n","fileTypesAndContributionMap":{"java":{"insertions":25,"deletions":0}}},{"hash":"3ba6ce111bad3a95e2ebe793c59b8cd867463279","isMergeCommit":false,"messageTitle":"Add Level 7: Save","messageBody":"Save the tasks in the hard disk automatically whenever the task list\nchanges. Load the data from the hard disk when Duke starts up.\n","fileTypesAndContributionMap":{"java":{"insertions":126,"deletions":4}}},{"hash":"8b8245a4455695b98ae567d79a2da563fa19d667","isMergeCommit":true,"messageTitle":"Merge branch \u0027branch-Level-6\u0027","messageBody":"","tags":["Level-6","A-Collections"],"fileTypesAndContributionMap":{}},{"hash":"b01ae0539b2c4acbc4738acf32e0b8b60491292b","isMergeCommit":true,"messageTitle":"Merge branch \u0027branch-Level-7\u0027","messageBody":"","tags":["Level-7"],"fileTypesAndContributionMap":{}}]},{"date":"2023-02-13","commitResults":[{"hash":"a31e26ed33f277103f2de6f22d0b27a16415c625","isMergeCommit":false,"messageTitle":"Reformat welcome message","messageBody":"","tags":["v0.1","A-Jar"],"fileTypesAndContributionMap":{"java":{"insertions":7,"deletions":7}}}]},{"date":"2023-02-25","commitResults":[{"hash":"d7bb9c0f679e42cc2d286d9848433433560723fe","isMergeCommit":false,"messageTitle":"Refeactor tasklist code","messageBody":"","fileTypesAndContributionMap":{"java":{"insertions":509,"deletions":0}}},{"hash":"6fea24dd0f7bf54eef5834c5057c86e7044bc10e","isMergeCommit":false,"messageTitle":"Refector main file","messageBody":"","fileTypesAndContributionMap":{"java":{"insertions":85,"deletions":10}}},{"hash":"173a793e07d67d08e2e0f442e52b66729ddfb2e7","isMergeCommit":false,"messageTitle":"Add common messages","messageBody":"","fileTypesAndContributionMap":{"java":{"insertions":16,"deletions":0}}},{"hash":"1fa536e2f80f8c3e88964c00e5071179ced5ae2f","isMergeCommit":false,"messageTitle":"Ad commands","messageBody":"","fileTypesAndContributionMap":{"java":{"insertions":149,"deletions":0}}},{"hash":"fd316d7c4de911a9b72b4e0cf325b6272ee6cd08","isMergeCommit":false,"messageTitle":"Add text ui","messageBody":"","fileTypesAndContributionMap":{"java":{"insertions":47,"deletions":0}}},{"hash":"51b9a0ab63e6831b3f61b5dd1150af3092baac17","isMergeCommit":false,"messageTitle":"Add parser","messageBody":"","fileTypesAndContributionMap":{"java":{"insertions":40,"deletions":0}}},{"hash":"6552292ac92c06a751b83f408f4fa83a14c9ec44","isMergeCommit":false,"messageTitle":"Refecotr tasks and tasklist","messageBody":"","fileTypesAndContributionMap":{"java":{"insertions":4,"deletions":347}}}]},{"date":"2023-02-26","commitResults":[{"hash":"6ba7d270cb56df6c2896381cffad3adcd1047d66","isMergeCommit":false,"messageTitle":"Align respsonse messages","messageBody":"","fileTypesAndContributionMap":{"java":{"insertions":57,"deletions":44}}},{"hash":"fdebf02849938e92acb3f2d26194156b113049a5","isMergeCommit":false,"messageTitle":"Add Deadline command","messageBody":"","fileTypesAndContributionMap":{"java":{"insertions":90,"deletions":10}}},{"hash":"1ea07b8ff6247667c53a6bec0df8de050a0f72e4","isMergeCommit":false,"messageTitle":"Add event class","messageBody":"","fileTypesAndContributionMap":{"java":{"insertions":102,"deletions":15}}},{"hash":"07076c27aa0d47bc8673fcf3c4f8aff5258a2927","isMergeCommit":false,"messageTitle":"Add mak/unmark command","messageBody":"","fileTypesAndContributionMap":{"java":{"insertions":212,"deletions":39}}},{"hash":"67611a557c4db67388c4a64e6b22e3049b62e319","isMergeCommit":false,"messageTitle":"Add delete command","messageBody":"","fileTypesAndContributionMap":{"java":{"insertions":71,"deletions":0}}},{"hash":"0c94d1714bc9edfabd516bf1989e7be575155965","isMergeCommit":false,"messageTitle":"Add storage","messageBody":"","fileTypesAndContributionMap":{"java":{"insertions":191,"deletions":4}}},{"hash":"8e80d200f0d0e583b019bc6eca330ec810c171eb","isMergeCommit":false,"messageTitle":"clean up","messageBody":"","fileTypesAndContributionMap":{"java":{"insertions":51,"deletions":874}}},{"hash":"639c74703197bc6e695156c40a26257c45d01d51","isMergeCommit":true,"messageTitle":"Merge branch \u0027branch-more-oop\u0027","messageBody":"","tags":["A-MoreOOP"],"fileTypesAndContributionMap":{}},{"hash":"3c07fbeab50e7cd164fcc5a4171c18ec5f3817f6","isMergeCommit":false,"messageTitle":"Change date/time from String to LocalDate","messageBody":"","fileTypesAndContributionMap":{"java":{"insertions":42,"deletions":16}}},{"hash":"36ccdae47be27f336a7a095b411b837ddeda0dc3","isMergeCommit":true,"messageTitle":"Merge pull request #1 from danxuZhang/branch-Level-8","messageBody":"Level 8: Change date/time from String to LocalDate","tags":["Level-8"],"fileTypesAndContributionMap":{}},{"hash":"62c74a96c5f8cfcf7305c5e9b2e07493cee920bc","isMergeCommit":false,"messageTitle":"Add Level-9","messageBody":"Add find command to search for a keyword in the task list.\n","fileTypesAndContributionMap":{"java":{"insertions":52,"deletions":2}}},{"hash":"de2cd06255960bbbd03eee7ae80c2feabf1a6d12","isMergeCommit":true,"messageTitle":"Merge pull request #2 from danxuZhang/branch-Level-9","messageBody":"Add Level-9","tags":["Level-9"],"fileTypesAndContributionMap":{}}]},{"date":"2023-03-01","commitResults":[{"hash":"092e016d0541dbf1aac2147b3637803df5c32b4f","isMergeCommit":false,"messageTitle":"Add Java Doc","messageBody":"","fileTypesAndContributionMap":{"java":{"insertions":244,"deletions":34}}},{"hash":"311ed62ebca8ebb1ce5b73fa11ea4962a11d4cc0","isMergeCommit":false,"messageTitle":"Add User Guide v0.2","messageBody":"","fileTypesAndContributionMap":{"md":{"insertions":226,"deletions":10}}},{"hash":"5a6e157f93c044d43120bd716ce22bae6a641707","isMergeCommit":true,"messageTitle":"Merge pull request #3 from danxuZhang/branch-A-JavaDoc","messageBody":"Add Java Doc","tags":["A-JavaDoc"],"fileTypesAndContributionMap":{}},{"hash":"edb301b9f560006a22acd7e0972ec3e2df5e576d","isMergeCommit":true,"messageTitle":"Merge pull request #4 from danxuZhang/branch-UG","messageBody":"Add User Guide v0.2","tags":["A-UserGuide"],"fileTypesAndContributionMap":{}},{"hash":"46830503e06fd51bd5ad680bc0d27c00a70b8c28","isMergeCommit":false,"messageTitle":"Fix typos","messageBody":"","fileTypesAndContributionMap":{"java":{"insertions":5,"deletions":5}}},{"hash":"cd215c145b1a9d647466c0346a18d7d98f02999d","isMergeCommit":false,"messageTitle":"Add finally block","messageBody":"","tags":["v0.2"],"fileTypesAndContributionMap":{"java":{"insertions":7,"deletions":6}}}]}]},"authorFileTypeContributionMap":{"danxuZhang":{"java":1192,"md":215,"fxml":0,"sh":1,"bat":0,"gradle":0,"txt":7}},"authorContributionVariance":{"danxuZhang":105219.41},"authorDisplayNameMap":{"danxuZhang":"CS2113-F10-4 ZHAN..ANXU"}}
