[{"path":"src/main/java/Deadline.java","fileType":"java","lines":[{"lineNumber":1,"author":{"gitId":"guillaume-grn"},"content":"package util;","lastModifiedDate":"2023-01-30"},{"lineNumber":2,"author":{"gitId":"guillaume-grn"},"content":"","lastModifiedDate":"2023-01-30"},{"lineNumber":3,"author":{"gitId":"guillaume-grn"},"content":"public class Deadline extends Task {","lastModifiedDate":"2023-01-30"},{"lineNumber":4,"author":{"gitId":"guillaume-grn"},"content":"    protected String by;","lastModifiedDate":"2023-01-30"},{"lineNumber":5,"author":{"gitId":"guillaume-grn"},"content":"","lastModifiedDate":"2023-01-30"},{"lineNumber":6,"author":{"gitId":"guillaume-grn"},"content":"    public Deadline(String description, String by) {","lastModifiedDate":"2023-01-30"},{"lineNumber":7,"author":{"gitId":"guillaume-grn"},"content":"        super(description);","lastModifiedDate":"2023-01-30"},{"lineNumber":8,"author":{"gitId":"guillaume-grn"},"content":"        this.by \u003d by;","lastModifiedDate":"2023-01-30"},{"lineNumber":9,"author":{"gitId":"guillaume-grn"},"content":"    }","lastModifiedDate":"2023-01-30"},{"lineNumber":10,"author":{"gitId":"guillaume-grn"},"content":"","lastModifiedDate":"2023-01-30"},{"lineNumber":11,"author":{"gitId":"guillaume-grn"},"content":"    @Override","lastModifiedDate":"2023-01-30"},{"lineNumber":12,"author":{"gitId":"guillaume-grn"},"content":"    public String toString() {","lastModifiedDate":"2023-01-30"},{"lineNumber":13,"author":{"gitId":"guillaume-grn"},"content":"        return \"[D]\" + super.toString() + \" (by: \" + by + \")\";","lastModifiedDate":"2023-01-30"},{"lineNumber":14,"author":{"gitId":"guillaume-grn"},"content":"    }","lastModifiedDate":"2023-01-30"},{"lineNumber":15,"author":{"gitId":"guillaume-grn"},"content":"}","lastModifiedDate":"2023-01-30"}],"authorContributionMap":{"guillaume-grn":15}},{"path":"src/main/java/Duke.java","fileType":"java","lines":[{"lineNumber":1,"author":{"gitId":"guillaume-grn"},"content":"import java.util.Scanner;","lastModifiedDate":"2023-01-25"},{"lineNumber":2,"author":{"gitId":"guillaume-grn"},"content":"import util.Task;","lastModifiedDate":"2023-01-26"},{"lineNumber":3,"author":{"gitId":"guillaume-grn"},"content":"import util.Todo;","lastModifiedDate":"2023-01-30"},{"lineNumber":4,"author":{"gitId":"guillaume-grn"},"content":"import util.Event;","lastModifiedDate":"2023-01-30"},{"lineNumber":5,"author":{"gitId":"guillaume-grn"},"content":"import util.Deadline;","lastModifiedDate":"2023-01-30"},{"lineNumber":6,"author":{"gitId":"guillaume-grn"},"content":"","lastModifiedDate":"2023-01-25"},{"lineNumber":7,"author":{"gitId":"-"},"content":"public class Duke {","lastModifiedDate":"2019-07-29"},{"lineNumber":8,"author":{"gitId":"guillaume-grn"},"content":"    public static int nextIndexInList \u003d 1;","lastModifiedDate":"2023-01-31"},{"lineNumber":9,"author":{"gitId":"guillaume-grn"},"content":"","lastModifiedDate":"2023-01-26"},{"lineNumber":10,"author":{"gitId":"guillaume-grn"},"content":"    public static Task[] createList() {","lastModifiedDate":"2023-01-26"},{"lineNumber":11,"author":{"gitId":"guillaume-grn"},"content":"        Task[] commands \u003d new Task[100];","lastModifiedDate":"2023-01-31"},{"lineNumber":12,"author":{"gitId":"guillaume-grn"},"content":"        return commands;","lastModifiedDate":"2023-01-31"},{"lineNumber":13,"author":{"gitId":"guillaume-grn"},"content":"    }","lastModifiedDate":"2023-01-26"},{"lineNumber":14,"author":{"gitId":"guillaume-grn"},"content":"","lastModifiedDate":"2023-01-26"},{"lineNumber":15,"author":{"gitId":"guillaume-grn"},"content":"    public static void addTaskToList(String line, Task[] commands) {","lastModifiedDate":"2023-01-31"},{"lineNumber":16,"author":{"gitId":"guillaume-grn"},"content":"        commands[nextIndexInList] \u003d new Task(line);","lastModifiedDate":"2023-01-31"},{"lineNumber":17,"author":{"gitId":"guillaume-grn"},"content":"        nextIndexInList++;","lastModifiedDate":"2023-01-31"},{"lineNumber":18,"author":{"gitId":"guillaume-grn"},"content":"    }","lastModifiedDate":"2023-01-26"},{"lineNumber":19,"author":{"gitId":"guillaume-grn"},"content":"","lastModifiedDate":"2023-01-30"},{"lineNumber":20,"author":{"gitId":"guillaume-grn"},"content":"    public static void displayCommandsList(Task[] commands) {","lastModifiedDate":"2023-01-31"},{"lineNumber":21,"author":{"gitId":"guillaume-grn"},"content":"        int i \u003d 1;","lastModifiedDate":"2023-01-26"},{"lineNumber":22,"author":{"gitId":"guillaume-grn"},"content":"        System.out.println(\"\\t_____________________________________________________\");","lastModifiedDate":"2023-01-26"},{"lineNumber":23,"author":{"gitId":"guillaume-grn"},"content":"        while (i \u003c nextIndexInList) {","lastModifiedDate":"2023-01-31"},{"lineNumber":24,"author":{"gitId":"guillaume-grn"},"content":"            System.out.println(\"\\t\" + i + \".\" + commands[i]);","lastModifiedDate":"2023-01-31"},{"lineNumber":25,"author":{"gitId":"guillaume-grn"},"content":"            i++;","lastModifiedDate":"2023-01-26"},{"lineNumber":26,"author":{"gitId":"guillaume-grn"},"content":"        }","lastModifiedDate":"2023-01-26"},{"lineNumber":27,"author":{"gitId":"guillaume-grn"},"content":"        System.out.println(\"\\t_____________________________________________________\");","lastModifiedDate":"2023-01-26"},{"lineNumber":28,"author":{"gitId":"guillaume-grn"},"content":"    }","lastModifiedDate":"2023-01-26"},{"lineNumber":29,"author":{"gitId":"guillaume-grn"},"content":"","lastModifiedDate":"2023-01-30"},{"lineNumber":30,"author":{"gitId":"guillaume-grn"},"content":"    public static String ask() {","lastModifiedDate":"2023-01-25"},{"lineNumber":31,"author":{"gitId":"guillaume-grn"},"content":"        String line;","lastModifiedDate":"2023-01-25"},{"lineNumber":32,"author":{"gitId":"guillaume-grn"},"content":"        Scanner in \u003d new Scanner(System.in);","lastModifiedDate":"2023-01-25"},{"lineNumber":33,"author":{"gitId":"guillaume-grn"},"content":"        line \u003d in.nextLine();","lastModifiedDate":"2023-01-25"},{"lineNumber":34,"author":{"gitId":"guillaume-grn"},"content":"        return line;","lastModifiedDate":"2023-01-25"},{"lineNumber":35,"author":{"gitId":"guillaume-grn"},"content":"    }","lastModifiedDate":"2023-01-25"},{"lineNumber":36,"author":{"gitId":"guillaume-grn"},"content":"","lastModifiedDate":"2023-01-25"},{"lineNumber":37,"author":{"gitId":"guillaume-grn"},"content":"    public static void printDashLine() {","lastModifiedDate":"2023-01-30"},{"lineNumber":38,"author":{"gitId":"guillaume-grn"},"content":"        System.out.println(\"\\t_____________________________________________________\");","lastModifiedDate":"2023-01-30"},{"lineNumber":39,"author":{"gitId":"guillaume-grn"},"content":"    }","lastModifiedDate":"2023-01-30"},{"lineNumber":40,"author":{"gitId":"guillaume-grn"},"content":"","lastModifiedDate":"2023-01-30"},{"lineNumber":41,"author":{"gitId":"guillaume-grn"},"content":"    public static void printWelcomeMessage() {","lastModifiedDate":"2023-01-31"},{"lineNumber":42,"author":{"gitId":"-"},"content":"        String logo \u003d \" ____        _        \\n\"","lastModifiedDate":"2019-07-29"},{"lineNumber":43,"author":{"gitId":"-"},"content":"                + \"|  _ \\\\ _   _| | _____ \\n\"","lastModifiedDate":"2019-07-29"},{"lineNumber":44,"author":{"gitId":"-"},"content":"                + \"| | | | | | | |/ / _ \\\\\\n\"","lastModifiedDate":"2019-07-29"},{"lineNumber":45,"author":{"gitId":"-"},"content":"                + \"| |_| | |_| |   \u003c  __/\\n\"","lastModifiedDate":"2019-07-29"},{"lineNumber":46,"author":{"gitId":"-"},"content":"                + \"|____/ \\\\__,_|_|\\\\_\\\\___|\\n\";","lastModifiedDate":"2019-07-29"},{"lineNumber":47,"author":{"gitId":"-"},"content":"        System.out.println(\"Hello from\\n\" + logo);","lastModifiedDate":"2019-07-29"},{"lineNumber":48,"author":{"gitId":"guillaume-grn"},"content":"        System.out.println(\" Hello! I\u0027m Duke \");","lastModifiedDate":"2023-01-25"},{"lineNumber":49,"author":{"gitId":"guillaume-grn"},"content":"        System.out.println(\" What can I do for you? \\n\");","lastModifiedDate":"2023-01-25"},{"lineNumber":50,"author":{"gitId":"guillaume-grn"},"content":"        System.out.println(\"____________________________________________________________\\n\");","lastModifiedDate":"2023-01-25"},{"lineNumber":51,"author":{"gitId":"guillaume-grn"},"content":"    }","lastModifiedDate":"2023-01-31"},{"lineNumber":52,"author":{"gitId":"guillaume-grn"},"content":"","lastModifiedDate":"2023-01-31"},{"lineNumber":53,"author":{"gitId":"guillaume-grn"},"content":"    public static void printByeMessage() {","lastModifiedDate":"2023-01-31"},{"lineNumber":54,"author":{"gitId":"guillaume-grn"},"content":"        System.out.println(\"____________________________________________________________\\n\");","lastModifiedDate":"2023-01-31"},{"lineNumber":55,"author":{"gitId":"guillaume-grn"},"content":"        System.out.println(\"\\t Bye. Hope to see you again soon!\\n\");","lastModifiedDate":"2023-01-31"},{"lineNumber":56,"author":{"gitId":"guillaume-grn"},"content":"        System.out.println(\"____________________________________________________________\\n\");","lastModifiedDate":"2023-01-31"},{"lineNumber":57,"author":{"gitId":"guillaume-grn"},"content":"    }","lastModifiedDate":"2023-01-31"},{"lineNumber":58,"author":{"gitId":"guillaume-grn"},"content":"","lastModifiedDate":"2023-01-31"},{"lineNumber":59,"author":{"gitId":"guillaume-grn"},"content":"    public static void printSpecificTask(int index, Task[] commands, String message) {","lastModifiedDate":"2023-01-31"},{"lineNumber":60,"author":{"gitId":"guillaume-grn"},"content":"        if (!message.equals(\"\")) {","lastModifiedDate":"2023-01-31"},{"lineNumber":61,"author":{"gitId":"guillaume-grn"},"content":"            System.out.println(\"\\t \" + message);","lastModifiedDate":"2023-01-31"},{"lineNumber":62,"author":{"gitId":"guillaume-grn"},"content":"        }","lastModifiedDate":"2023-01-31"},{"lineNumber":63,"author":{"gitId":"guillaume-grn"},"content":"        System.out.println(\"\\t\" + index + \".\" + commands[index]);","lastModifiedDate":"2023-01-31"},{"lineNumber":64,"author":{"gitId":"guillaume-grn"},"content":"    }","lastModifiedDate":"2023-01-31"},{"lineNumber":65,"author":{"gitId":"guillaume-grn"},"content":"","lastModifiedDate":"2023-01-31"},{"lineNumber":66,"author":{"gitId":"guillaume-grn"},"content":"    public static void main(String[] args) {","lastModifiedDate":"2023-01-31"},{"lineNumber":67,"author":{"gitId":"guillaume-grn"},"content":"        printWelcomeMessage();","lastModifiedDate":"2023-01-31"},{"lineNumber":68,"author":{"gitId":"guillaume-grn"},"content":"        Task[] commands \u003d createList();","lastModifiedDate":"2023-01-31"},{"lineNumber":69,"author":{"gitId":"guillaume-grn"},"content":"        boolean not_finished \u003d true;","lastModifiedDate":"2023-01-25"},{"lineNumber":70,"author":{"gitId":"guillaume-grn"},"content":"        while (not_finished \u003d\u003d true) {","lastModifiedDate":"2023-01-25"},{"lineNumber":71,"author":{"gitId":"guillaume-grn"},"content":"            String line \u003d ask();","lastModifiedDate":"2023-01-25"},{"lineNumber":72,"author":{"gitId":"guillaume-grn"},"content":"            if (line.equals(\"bye\")) {","lastModifiedDate":"2023-01-25"},{"lineNumber":73,"author":{"gitId":"guillaume-grn"},"content":"                printByeMessage();","lastModifiedDate":"2023-01-31"},{"lineNumber":74,"author":{"gitId":"guillaume-grn"},"content":"                not_finished \u003d false;","lastModifiedDate":"2023-01-25"},{"lineNumber":75,"author":{"gitId":"guillaume-grn"},"content":"            } else if (line.equals(\"list\")) {","lastModifiedDate":"2023-01-30"},{"lineNumber":76,"author":{"gitId":"guillaume-grn"},"content":"                displayCommandsList(commands);","lastModifiedDate":"2023-01-31"},{"lineNumber":77,"author":{"gitId":"guillaume-grn"},"content":"            } else if (line.split(\" \")[0].equals(\"mark\")) {","lastModifiedDate":"2023-02-06"},{"lineNumber":78,"author":{"gitId":"guillaume-grn"},"content":"                int index \u003d Integer.parseInt(line.split(\" \")[1]);","lastModifiedDate":"2023-02-06"},{"lineNumber":79,"author":{"gitId":"guillaume-grn"},"content":"                commands[index].setDone(true);","lastModifiedDate":"2023-01-31"},{"lineNumber":80,"author":{"gitId":"guillaume-grn"},"content":"                printDashLine();","lastModifiedDate":"2023-01-30"},{"lineNumber":81,"author":{"gitId":"guillaume-grn"},"content":"                printSpecificTask(index, commands, \"Nice! I\u0027ve marked this task as done:\");","lastModifiedDate":"2023-01-31"},{"lineNumber":82,"author":{"gitId":"guillaume-grn"},"content":"                printDashLine();","lastModifiedDate":"2023-01-30"},{"lineNumber":83,"author":{"gitId":"guillaume-grn"},"content":"            } else if (line.split(\" \")[0].equals(\"unmark\")) {","lastModifiedDate":"2023-02-06"},{"lineNumber":84,"author":{"gitId":"guillaume-grn"},"content":"                int index \u003d Integer.parseInt(line.split(\" \")[1]);","lastModifiedDate":"2023-02-06"},{"lineNumber":85,"author":{"gitId":"guillaume-grn"},"content":"                commands[index].setDone(false);","lastModifiedDate":"2023-01-31"},{"lineNumber":86,"author":{"gitId":"guillaume-grn"},"content":"                printDashLine();","lastModifiedDate":"2023-01-30"},{"lineNumber":87,"author":{"gitId":"guillaume-grn"},"content":"                printSpecificTask(index, commands, \"OK, I\u0027ve marked this task as not done yet:\");","lastModifiedDate":"2023-01-31"},{"lineNumber":88,"author":{"gitId":"guillaume-grn"},"content":"                printDashLine();","lastModifiedDate":"2023-01-30"},{"lineNumber":89,"author":{"gitId":"guillaume-grn"},"content":"            } else if (line.split(\" \")[0].equals(\"todo\")) {","lastModifiedDate":"2023-02-06"},{"lineNumber":90,"author":{"gitId":"guillaume-grn"},"content":"                if (line.split(\" \").length \u003d\u003d 1) {","lastModifiedDate":"2023-02-06"},{"lineNumber":91,"author":{"gitId":"guillaume-grn"},"content":"                    printDashLine();","lastModifiedDate":"2023-02-06"},{"lineNumber":92,"author":{"gitId":"guillaume-grn"},"content":"                    System.out.println(\"\\t OOPS!!! The description of a todo cannot be empty.\");","lastModifiedDate":"2023-02-06"},{"lineNumber":93,"author":{"gitId":"guillaume-grn"},"content":"                    printDashLine();","lastModifiedDate":"2023-02-06"},{"lineNumber":94,"author":{"gitId":"guillaume-grn"},"content":"                } else {","lastModifiedDate":"2023-02-06"},{"lineNumber":95,"author":{"gitId":"guillaume-grn"},"content":"                    commands[nextIndexInList] \u003d new Todo(line.substring(5));","lastModifiedDate":"2023-02-06"},{"lineNumber":96,"author":{"gitId":"guillaume-grn"},"content":"                    nextIndexInList++;","lastModifiedDate":"2023-01-31"},{"lineNumber":97,"author":{"gitId":"guillaume-grn"},"content":"                    printDashLine();","lastModifiedDate":"2023-01-30"},{"lineNumber":98,"author":{"gitId":"guillaume-grn"},"content":"                    printSpecificTask(nextIndexInList - 1, commands, \"Got it. I\u0027ve added this task:\");","lastModifiedDate":"2023-01-31"},{"lineNumber":99,"author":{"gitId":"guillaume-grn"},"content":"                    printDashLine();","lastModifiedDate":"2023-01-30"},{"lineNumber":100,"author":{"gitId":"guillaume-grn"},"content":"                }","lastModifiedDate":"2023-02-06"},{"lineNumber":101,"author":{"gitId":"guillaume-grn"},"content":"","lastModifiedDate":"2023-02-06"},{"lineNumber":102,"author":{"gitId":"guillaume-grn"},"content":"            } else if (line.split(\" \")[0].equals(\"event\")) {","lastModifiedDate":"2023-02-06"},{"lineNumber":103,"author":{"gitId":"guillaume-grn"},"content":"                int indexFrom \u003d line.indexOf(\"/\");","lastModifiedDate":"2023-01-31"},{"lineNumber":104,"author":{"gitId":"guillaume-grn"},"content":"                int indexTo \u003d line.indexOf(\"/\", indexFrom + 1);","lastModifiedDate":"2023-01-31"},{"lineNumber":105,"author":{"gitId":"guillaume-grn"},"content":"                commands[nextIndexInList] \u003d new Event(line.substring(6, indexFrom - 1),","lastModifiedDate":"2023-02-06"},{"lineNumber":106,"author":{"gitId":"guillaume-grn"},"content":"                        line.substring(indexFrom + 6, indexTo - 1), line.substring(indexTo + 4));","lastModifiedDate":"2023-01-31"},{"lineNumber":107,"author":{"gitId":"guillaume-grn"},"content":"                nextIndexInList++;","lastModifiedDate":"2023-01-31"},{"lineNumber":108,"author":{"gitId":"guillaume-grn"},"content":"                printDashLine();","lastModifiedDate":"2023-01-30"},{"lineNumber":109,"author":{"gitId":"guillaume-grn"},"content":"                printSpecificTask(nextIndexInList - 1, commands, \"Got it. I\u0027ve added this task:\");","lastModifiedDate":"2023-01-31"},{"lineNumber":110,"author":{"gitId":"guillaume-grn"},"content":"                printDashLine();","lastModifiedDate":"2023-01-30"},{"lineNumber":111,"author":{"gitId":"guillaume-grn"},"content":"            } else if (line.split(\" \")[0].equals(\"deadline\")) {","lastModifiedDate":"2023-02-06"},{"lineNumber":112,"author":{"gitId":"guillaume-grn"},"content":"                int index_by \u003d line.indexOf(\"/\");","lastModifiedDate":"2023-01-30"},{"lineNumber":113,"author":{"gitId":"guillaume-grn"},"content":"                commands[nextIndexInList] \u003d new Deadline(line.substring(9, index_by - 1), line.substring(index_by + 4));","lastModifiedDate":"2023-02-06"},{"lineNumber":114,"author":{"gitId":"guillaume-grn"},"content":"                nextIndexInList++;","lastModifiedDate":"2023-01-31"},{"lineNumber":115,"author":{"gitId":"guillaume-grn"},"content":"                printDashLine();","lastModifiedDate":"2023-01-30"},{"lineNumber":116,"author":{"gitId":"guillaume-grn"},"content":"                printSpecificTask(nextIndexInList - 1, commands, \"Got it. I\u0027ve added this task:\");","lastModifiedDate":"2023-01-31"},{"lineNumber":117,"author":{"gitId":"guillaume-grn"},"content":"                printDashLine();","lastModifiedDate":"2023-01-30"},{"lineNumber":118,"author":{"gitId":"guillaume-grn"},"content":"            } else {","lastModifiedDate":"2023-01-30"},{"lineNumber":119,"author":{"gitId":"guillaume-grn"},"content":"                printDashLine();","lastModifiedDate":"2023-01-31"},{"lineNumber":120,"author":{"gitId":"guillaume-grn"},"content":"                System.out.println(\"\\t OOPS!!! I\u0027m sorry, but I don\u0027t know what that means :-(\");","lastModifiedDate":"2023-02-06"},{"lineNumber":121,"author":{"gitId":"guillaume-grn"},"content":"                printDashLine();","lastModifiedDate":"2023-01-31"},{"lineNumber":122,"author":{"gitId":"guillaume-grn"},"content":"            }","lastModifiedDate":"2023-01-25"},{"lineNumber":123,"author":{"gitId":"guillaume-grn"},"content":"        }","lastModifiedDate":"2023-01-25"},{"lineNumber":124,"author":{"gitId":"guillaume-grn"},"content":"","lastModifiedDate":"2023-01-25"},{"lineNumber":125,"author":{"gitId":"-"},"content":"    }","lastModifiedDate":"2019-07-29"},{"lineNumber":126,"author":{"gitId":"-"},"content":"}","lastModifiedDate":"2019-07-29"}],"authorContributionMap":{"guillaume-grn":117,"-":9}},{"path":"src/main/java/Event.java","fileType":"java","lines":[{"lineNumber":1,"author":{"gitId":"guillaume-grn"},"content":"package util;","lastModifiedDate":"2023-01-30"},{"lineNumber":2,"author":{"gitId":"guillaume-grn"},"content":"","lastModifiedDate":"2023-01-30"},{"lineNumber":3,"author":{"gitId":"guillaume-grn"},"content":"public class Event extends Task {","lastModifiedDate":"2023-01-30"},{"lineNumber":4,"author":{"gitId":"guillaume-grn"},"content":"    protected String from;","lastModifiedDate":"2023-01-30"},{"lineNumber":5,"author":{"gitId":"guillaume-grn"},"content":"    protected String to;","lastModifiedDate":"2023-01-30"},{"lineNumber":6,"author":{"gitId":"guillaume-grn"},"content":"","lastModifiedDate":"2023-01-30"},{"lineNumber":7,"author":{"gitId":"guillaume-grn"},"content":"    public Event(String description, String from, String to) {","lastModifiedDate":"2023-01-30"},{"lineNumber":8,"author":{"gitId":"guillaume-grn"},"content":"        super(description);","lastModifiedDate":"2023-01-30"},{"lineNumber":9,"author":{"gitId":"guillaume-grn"},"content":"        this.from \u003d from;","lastModifiedDate":"2023-01-30"},{"lineNumber":10,"author":{"gitId":"guillaume-grn"},"content":"        this.to \u003d to;","lastModifiedDate":"2023-01-30"},{"lineNumber":11,"author":{"gitId":"guillaume-grn"},"content":"    }","lastModifiedDate":"2023-01-30"},{"lineNumber":12,"author":{"gitId":"guillaume-grn"},"content":"","lastModifiedDate":"2023-01-30"},{"lineNumber":13,"author":{"gitId":"guillaume-grn"},"content":"    @Override","lastModifiedDate":"2023-01-30"},{"lineNumber":14,"author":{"gitId":"guillaume-grn"},"content":"    public String toString() {","lastModifiedDate":"2023-01-30"},{"lineNumber":15,"author":{"gitId":"guillaume-grn"},"content":"        return \"[E]\" + super.toString() + \"(from: \" + from + \" to: \" + to + \")\";","lastModifiedDate":"2023-01-30"},{"lineNumber":16,"author":{"gitId":"guillaume-grn"},"content":"    }","lastModifiedDate":"2023-01-30"},{"lineNumber":17,"author":{"gitId":"guillaume-grn"},"content":"}","lastModifiedDate":"2023-01-30"}],"authorContributionMap":{"guillaume-grn":17}},{"path":"src/main/java/Task.java","fileType":"java","lines":[{"lineNumber":1,"author":{"gitId":"guillaume-grn"},"content":"package util;","lastModifiedDate":"2023-01-26"},{"lineNumber":2,"author":{"gitId":"guillaume-grn"},"content":"","lastModifiedDate":"2023-01-26"},{"lineNumber":3,"author":{"gitId":"guillaume-grn"},"content":"public class Task {","lastModifiedDate":"2023-01-26"},{"lineNumber":4,"author":{"gitId":"guillaume-grn"},"content":"    protected String description;","lastModifiedDate":"2023-01-26"},{"lineNumber":5,"author":{"gitId":"guillaume-grn"},"content":"    protected boolean isDone;","lastModifiedDate":"2023-01-26"},{"lineNumber":6,"author":{"gitId":"guillaume-grn"},"content":"","lastModifiedDate":"2023-01-26"},{"lineNumber":7,"author":{"gitId":"guillaume-grn"},"content":"    public Task(String description) {","lastModifiedDate":"2023-01-26"},{"lineNumber":8,"author":{"gitId":"guillaume-grn"},"content":"        this.description \u003d description;","lastModifiedDate":"2023-01-26"},{"lineNumber":9,"author":{"gitId":"guillaume-grn"},"content":"        this.isDone \u003d false;","lastModifiedDate":"2023-01-26"},{"lineNumber":10,"author":{"gitId":"guillaume-grn"},"content":"    }","lastModifiedDate":"2023-01-26"},{"lineNumber":11,"author":{"gitId":"guillaume-grn"},"content":"","lastModifiedDate":"2023-01-26"},{"lineNumber":12,"author":{"gitId":"guillaume-grn"},"content":"    public Task() {","lastModifiedDate":"2023-01-26"},{"lineNumber":13,"author":{"gitId":"guillaume-grn"},"content":"        this(\"\");","lastModifiedDate":"2023-01-26"},{"lineNumber":14,"author":{"gitId":"guillaume-grn"},"content":"    }","lastModifiedDate":"2023-01-26"},{"lineNumber":15,"author":{"gitId":"guillaume-grn"},"content":"","lastModifiedDate":"2023-01-26"},{"lineNumber":16,"author":{"gitId":"guillaume-grn"},"content":"    public String getStatusIcon() {","lastModifiedDate":"2023-01-26"},{"lineNumber":17,"author":{"gitId":"guillaume-grn"},"content":"        return (isDone ? \"X\" : \" \"); // mark done task with X","lastModifiedDate":"2023-01-26"},{"lineNumber":18,"author":{"gitId":"guillaume-grn"},"content":"    }","lastModifiedDate":"2023-01-26"},{"lineNumber":19,"author":{"gitId":"guillaume-grn"},"content":"","lastModifiedDate":"2023-01-26"},{"lineNumber":20,"author":{"gitId":"guillaume-grn"},"content":"    public String getDescription() {","lastModifiedDate":"2023-01-26"},{"lineNumber":21,"author":{"gitId":"guillaume-grn"},"content":"        return description;","lastModifiedDate":"2023-01-26"},{"lineNumber":22,"author":{"gitId":"guillaume-grn"},"content":"    }","lastModifiedDate":"2023-01-26"},{"lineNumber":23,"author":{"gitId":"guillaume-grn"},"content":"","lastModifiedDate":"2023-01-26"},{"lineNumber":24,"author":{"gitId":"guillaume-grn"},"content":"    public boolean isDone() {","lastModifiedDate":"2023-01-26"},{"lineNumber":25,"author":{"gitId":"guillaume-grn"},"content":"        return isDone;","lastModifiedDate":"2023-01-26"},{"lineNumber":26,"author":{"gitId":"guillaume-grn"},"content":"    }","lastModifiedDate":"2023-01-26"},{"lineNumber":27,"author":{"gitId":"guillaume-grn"},"content":"","lastModifiedDate":"2023-01-26"},{"lineNumber":28,"author":{"gitId":"guillaume-grn"},"content":"    public void setDescription(String description) {","lastModifiedDate":"2023-01-26"},{"lineNumber":29,"author":{"gitId":"guillaume-grn"},"content":"        this.description \u003d description;","lastModifiedDate":"2023-01-26"},{"lineNumber":30,"author":{"gitId":"guillaume-grn"},"content":"    }","lastModifiedDate":"2023-01-26"},{"lineNumber":31,"author":{"gitId":"guillaume-grn"},"content":"","lastModifiedDate":"2023-01-26"},{"lineNumber":32,"author":{"gitId":"guillaume-grn"},"content":"    public void setDone(boolean isDone) {","lastModifiedDate":"2023-01-26"},{"lineNumber":33,"author":{"gitId":"guillaume-grn"},"content":"        this.isDone \u003d isDone;","lastModifiedDate":"2023-01-26"},{"lineNumber":34,"author":{"gitId":"guillaume-grn"},"content":"    }","lastModifiedDate":"2023-01-26"},{"lineNumber":35,"author":{"gitId":"guillaume-grn"},"content":"","lastModifiedDate":"2023-01-26"},{"lineNumber":36,"author":{"gitId":"guillaume-grn"},"content":"    public String toString() {","lastModifiedDate":"2023-01-30"},{"lineNumber":37,"author":{"gitId":"guillaume-grn"},"content":"        return \"[\" + this.getStatusIcon() + \"] \" + this.getDescription();","lastModifiedDate":"2023-01-30"},{"lineNumber":38,"author":{"gitId":"guillaume-grn"},"content":"    }","lastModifiedDate":"2023-01-26"},{"lineNumber":39,"author":{"gitId":"guillaume-grn"},"content":"","lastModifiedDate":"2023-01-26"},{"lineNumber":40,"author":{"gitId":"guillaume-grn"},"content":"}","lastModifiedDate":"2023-01-30"}],"authorContributionMap":{"guillaume-grn":40}},{"path":"src/main/java/Todo.java","fileType":"java","lines":[{"lineNumber":1,"author":{"gitId":"guillaume-grn"},"content":"package util;","lastModifiedDate":"2023-01-30"},{"lineNumber":2,"author":{"gitId":"guillaume-grn"},"content":"","lastModifiedDate":"2023-01-30"},{"lineNumber":3,"author":{"gitId":"guillaume-grn"},"content":"public class Todo extends Task {","lastModifiedDate":"2023-01-30"},{"lineNumber":4,"author":{"gitId":"guillaume-grn"},"content":"    public Todo(String description) {","lastModifiedDate":"2023-01-30"},{"lineNumber":5,"author":{"gitId":"guillaume-grn"},"content":"        super(description);","lastModifiedDate":"2023-01-30"},{"lineNumber":6,"author":{"gitId":"guillaume-grn"},"content":"    }","lastModifiedDate":"2023-01-30"},{"lineNumber":7,"author":{"gitId":"guillaume-grn"},"content":"","lastModifiedDate":"2023-01-30"},{"lineNumber":8,"author":{"gitId":"guillaume-grn"},"content":"    @Override","lastModifiedDate":"2023-01-30"},{"lineNumber":9,"author":{"gitId":"guillaume-grn"},"content":"    public String toString() {","lastModifiedDate":"2023-01-30"},{"lineNumber":10,"author":{"gitId":"guillaume-grn"},"content":"        return \"[T]\" + super.toString();","lastModifiedDate":"2023-01-30"},{"lineNumber":11,"author":{"gitId":"guillaume-grn"},"content":"    }","lastModifiedDate":"2023-01-30"},{"lineNumber":12,"author":{"gitId":"guillaume-grn"},"content":"","lastModifiedDate":"2023-01-30"},{"lineNumber":13,"author":{"gitId":"guillaume-grn"},"content":"}","lastModifiedDate":"2023-01-30"}],"authorContributionMap":{"guillaume-grn":13}}]
