{"authorDailyContributionsMap":{"wenxin-c":[{"date":"2023-01-15","commitResults":[{"hash":"de7db2bb387d00a5a2ffbe292b033170389f0db4","messageTitle":"Add increment: level 0 Greet","messageBody":"","tags":["Level-0"],"fileTypesAndContributionMap":{"java":{"insertions":29,"deletions":0}}}]},{"date":"2023-01-22","commitResults":[{"hash":"136d143d652e0a86eec42ec212fdd24052d2bc31","messageTitle":"add echo function and continue listen to command until bye","messageBody":"","fileTypesAndContributionMap":{"java":{"insertions":126,"deletions":24}}}]},{"date":"2023-01-23","commitResults":[{"hash":"492f600acee4a56190e47cb1bb39645329fa50c4","messageTitle":"greet, echo, exit with indentation formatted","messageBody":"","tags":["Level-1"],"fileTypesAndContributionMap":{"java":{"insertions":91,"deletions":81}}},{"hash":"bc269246d0cf840650cd31f0ef8919bff2deda39","messageTitle":"adding tasks and echo to users, list tasks","messageBody":"","tags":["Level-2"],"fileTypesAndContributionMap":{"java":{"insertions":63,"deletions":11}}},{"hash":"b4e99a13185d2a0d9bf9cef919f84d894ab53c84","messageTitle":"mark tasks as done or undone","messageBody":"","tags":["Level-3"],"fileTypesAndContributionMap":{"java":{"insertions":101,"deletions":30}}},{"hash":"470f94f88105a9cdc5789f17f1d85de183bbca4e","messageTitle":"adjust code formatting","messageBody":"","tags":["A-CodingStandard"],"fileTypesAndContributionMap":{"java":{"insertions":77,"deletions":34}}}]},{"date":"2023-01-28","commitResults":[{"hash":"040e14f2e5d27cad4403ebfa26326495d9b155c4","messageTitle":"adding todo deadline and event","messageBody":"","fileTypesAndContributionMap":{"java":{"insertions":232,"deletions":82}}},{"hash":"25b56c504771e53faf16233b29b1ba16d7a8f745","messageTitle":"todo, deadline and event","messageBody":"","tags":["Level-4"],"fileTypesAndContributionMap":{"java":{"insertions":63,"deletions":57}}},{"hash":"f66aa0552f6e2638d84e2da2e1fdb7a0a032c099","messageTitle":"refactor code into methods","messageBody":"","tags":["A-CodeQuality"],"fileTypesAndContributionMap":{"java":{"insertions":136,"deletions":46}}},{"hash":"dd846fd240b5b9d978dfb76a27873331b14fd352","messageTitle":"Test using I/O redirection technique","messageBody":"","tags":["A-TextUiTesting"],"fileTypesAndContributionMap":{"txt":{"insertions":15,"deletions":0}}}]},{"date":"2023-01-30","commitResults":[{"hash":"cc98476fa72845a971ee274a7441e94c7f4dcf5d","messageTitle":"fix reading input bug","messageBody":"","fileTypesAndContributionMap":{"txt":{"insertions":0,"deletions":1}}},{"hash":"b007eed2208198262cd2383b4115c11896210698","messageTitle":"fix reading input bug","messageBody":"","fileTypesAndContributionMap":{"java":{"insertions":42,"deletions":18}}},{"hash":"ebf959eb49ec057dc5084ff2980ba228df91a41b","messageTitle":"fix scanner bug","messageBody":"","fileTypesAndContributionMap":{"txt":{"insertions":1,"deletions":0}}},{"hash":"4cc091493a404ecb77e1f9bd20c34ae7e1f12ba8","messageTitle":"fix scanner bug","messageBody":"","fileTypesAndContributionMap":{"java":{"insertions":20,"deletions":22}}}]},{"date":"2023-02-04","commitResults":[{"hash":"5dae00ad883302b8b13ade13948cfed610436cf1","messageTitle":"catch unknown command error","messageBody":"","fileTypesAndContributionMap":{"java":{"insertions":122,"deletions":125}}},{"hash":"145f67238871d87e0fbed782e57efd159e2f6a79","messageTitle":"catch empty task description for todo event deadline","messageBody":"","fileTypesAndContributionMap":{"java":{"insertions":6,"deletions":7}}},{"hash":"23689e22c879dee6794082662822bae85b1e1d20","messageTitle":"catch empty task description for todo event deadline","messageBody":"","fileTypesAndContributionMap":{"java":{"insertions":1,"deletions":1}}},{"hash":"5dd402f5ddc5d81557ccd60264b23e77fb8e3a9c","messageTitle":"handle missing date/timing parameters for deadline/event","messageBody":"","fileTypesAndContributionMap":{"java":{"insertions":18,"deletions":10}}},{"hash":"faa32d78c5e41c11817e42aec3d40e42732c2c21","messageTitle":"divide classes into packages","messageBody":"","fileTypesAndContributionMap":{"java":{"insertions":62,"deletions":8}}}]},{"date":"2023-02-10","commitResults":[{"hash":"5a627f77e75add922ecfd16aae1e6cf251e3a6d6","messageTitle":"change fixed array to ArrayList","messageBody":"","tags":["A-Collections"],"fileTypesAndContributionMap":{"java":{"insertions":12,"deletions":17}}},{"hash":"5749f2a1d01b75733d4d2a99257ade822ff91561","messageTitle":"delete tasks feature","messageBody":"","tags":["Level-6"],"fileTypesAndContributionMap":{"java":{"insertions":41,"deletions":12}}}]},{"date":"2023-02-11","commitResults":[{"hash":"2e35f1f4275be94bc1207dee4bc381ad3d2498ee","messageTitle":"update data when being marked as done","messageBody":"","fileTypesAndContributionMap":{"java":{"insertions":149,"deletions":22}}},{"hash":"f6d4a6db37aec8c2ea464ae610ae4d3a9c940b43","messageTitle":"write to/read from files","messageBody":"","fileTypesAndContributionMap":{"java":{"insertions":40,"deletions":30}}}]},{"date":"2023-02-12","commitResults":[{"hash":"d82aae85bc817bdab247be06fc10ca0e6cfb661e","messageTitle":"write to/update data file and run testing","messageBody":"","fileTypesAndContributionMap":{"java":{"insertions":35,"deletions":34},"bat":{"insertions":2,"deletions":2}}},{"hash":"bb075bd5f68dd7daa0f1714aca6db43db30c644f","messageTitle":"added exception cases and fixed exception bugs","messageBody":"","fileTypesAndContributionMap":{"java":{"insertions":110,"deletions":31}}}]},{"date":"2023-02-21","commitResults":[{"hash":"dc691f6299d0032573549879ab439288a243b81d","messageTitle":"edit greet","messageBody":"","fileTypesAndContributionMap":{"java":{"insertions":0,"deletions":2}}},{"hash":"c1768341703a08106dc879b2c210e4676b3ad4f2","messageTitle":"extract more classes","messageBody":"","tags":["A-MoreOOP"],"fileTypesAndContributionMap":{"java":{"insertions":170,"deletions":161}}}]},{"date":"2023-02-22","commitResults":[{"hash":"72d16bc3107b032a3294bee6d10a79040b091ab6","messageTitle":"attempt to extract commands","messageBody":"","fileTypesAndContributionMap":{"java":{"insertions":29,"deletions":0}}},{"hash":"a7d1db179ff7af455e58f187c4cb11744ad4e720","messageTitle":"store deadline dates as LocalDate","messageBody":"","tags":["Level-8"],"fileTypesAndContributionMap":{"java":{"insertions":10,"deletions":5}}},{"hash":"7b448e7492c55954c5cb8fd66988e2ac906ab666","messageTitle":"search tasks by keyword","messageBody":"","fileTypesAndContributionMap":{"java":{"insertions":56,"deletions":16}}},{"hash":"a328b018cccc8a7148d90e229ad6581d81c38b91","messageTitle":"search deadlines by date","messageBody":"","tags":["Level-9"],"fileTypesAndContributionMap":{"java":{"insertions":20,"deletions":9}}}]},{"date":"2023-02-23","commitResults":[{"hash":"ce3f6c963c1df9dc0e65125ea25b8f5d5471033b","messageTitle":"adding documents","messageBody":"","tags":["A-JavaDoc"],"fileTypesAndContributionMap":{"java":{"insertions":172,"deletions":79}}},{"hash":"9aeb940bef4918f1fd4ca1b04affdf07c81d785b","messageTitle":"add exception handlers and update user guide","messageBody":"","tags":["A-UserGuide"],"fileTypesAndContributionMap":{"java":{"insertions":35,"deletions":9},"md":{"insertions":264,"deletions":17}}},{"hash":"12a031b5743be2e0abf3bfb6a737432ec0028228","messageTitle":"adjust format","messageBody":"","fileTypesAndContributionMap":{"md":{"insertions":61,"deletions":61}}},{"hash":"055e50cbc0b40e26356029afbb572307ac90d77b","messageTitle":"adjust user guide format","messageBody":"","fileTypesAndContributionMap":{"md":{"insertions":156,"deletions":160}}},{"hash":"03dfb03dab73fd461e078074bc19f8e09bf9568c","messageTitle":"adjust user guide format","messageBody":"","tags":["A-Release"],"fileTypesAndContributionMap":{"md":{"insertions":1,"deletions":0}}}]},{"date":"2023-03-02","commitResults":[{"hash":"898714108de0f815e928d10ea8dc183abf99a48a","messageTitle":"adjust user guide","messageBody":"","fileTypesAndContributionMap":{"md":{"insertions":2,"deletions":2}}}]},{"date":"2023-03-03","commitResults":[{"hash":"b9a7f5d670a4025e7a209be067a7d490e1235ae7","messageTitle":"fix format exception","messageBody":"","tags":["v2.0"],"fileTypesAndContributionMap":{"java":{"insertions":5,"deletions":2}}}]}]},"authorFileTypeContributionMap":{"wenxin-c":{"java":1124,"md":252,"fxml":0,"sh":0,"bat":2,"gradle":0,"txt":15}},"authorContributionVariance":{"wenxin-c":35672.22},"authorDisplayNameMap":{"wenxin-c":"CS2113-T12-4 CHEN..NXIN"}}
