[{"path":"README.md","fileType":"md","lines":[{"lineNumber":1,"author":{"gitId":"avielcx"},"content":"# Duke Project User Guide","lastModifiedDate":"2023-02-18"},{"lineNumber":2,"author":{"gitId":"avielcx"},"content":"","lastModifiedDate":"2023-02-18"},{"lineNumber":3,"author":{"gitId":"avielcx"},"content":"_Duke_ is a Personal Assistant Chatbot that helps a person to keep track of various things.","lastModifiedDate":"2023-02-18"},{"lineNumber":4,"author":{"gitId":"avielcx"},"content":"","lastModifiedDate":"2023-02-18"},{"lineNumber":5,"author":{"gitId":"avielcx"},"content":"\u003c!-- TOC --\u003e","lastModifiedDate":"2023-02-18"},{"lineNumber":6,"author":{"gitId":"avielcx"},"content":"* [Duke Project User Guide](#duke-project-user-guide)","lastModifiedDate":"2023-02-18"},{"lineNumber":7,"author":{"gitId":"avielcx"},"content":"  * [Quick Start](#quick-start)","lastModifiedDate":"2023-02-18"},{"lineNumber":8,"author":{"gitId":"avielcx"},"content":"  * [Features](#features)","lastModifiedDate":"2023-02-18"},{"lineNumber":9,"author":{"gitId":"avielcx"},"content":"    * [ADD AN ENTRY:](#add-an-entry-)","lastModifiedDate":"2023-02-18"},{"lineNumber":10,"author":{"gitId":"avielcx"},"content":"      * [There are 3 ways to add an entry depending on the type of your task](#there-are-3-ways-to-add-an-entry-depending-on-the-type-of-your-task)","lastModifiedDate":"2023-02-18"},{"lineNumber":11,"author":{"gitId":"avielcx"},"content":"        * [Todo Tasks:](#todo-tasks-)","lastModifiedDate":"2023-02-18"},{"lineNumber":12,"author":{"gitId":"avielcx"},"content":"        * [Deadline Tasks:](#deadline-tasks-)","lastModifiedDate":"2023-02-18"},{"lineNumber":13,"author":{"gitId":"avielcx"},"content":"        * [Event Tasks:](#event-tasks-)","lastModifiedDate":"2023-02-18"},{"lineNumber":14,"author":{"gitId":"avielcx"},"content":"    * [SHOW FULL LIST OF TASKS](#show-full-list-of-tasks)","lastModifiedDate":"2023-02-18"},{"lineNumber":15,"author":{"gitId":"avielcx"},"content":"    * [SHOW LIST OF TASKS THAT CONTAINS KEYWORD(S)](#show-list-of-tasks-that-contains-keyword--s-)","lastModifiedDate":"2023-02-18"},{"lineNumber":16,"author":{"gitId":"avielcx"},"content":"    * [MARK A TASK AS DONE](#mark-a-task-as-done)","lastModifiedDate":"2023-02-18"},{"lineNumber":17,"author":{"gitId":"avielcx"},"content":"    * [UNMARK A TASK](#unmark-a-task)","lastModifiedDate":"2023-02-18"},{"lineNumber":18,"author":{"gitId":"avielcx"},"content":"    * [DELETE AN ENTRY](#delete-an-entry)","lastModifiedDate":"2023-02-18"},{"lineNumber":19,"author":{"gitId":"avielcx"},"content":"    * [EXIT DUKE](#exit-duke)","lastModifiedDate":"2023-02-18"},{"lineNumber":20,"author":{"gitId":"avielcx"},"content":"\u003c!-- TOC --\u003e","lastModifiedDate":"2023-02-18"},{"lineNumber":21,"author":{"gitId":"avielcx"},"content":"","lastModifiedDate":"2023-02-18"},{"lineNumber":22,"author":{"gitId":"avielcx"},"content":"## Quick Start","lastModifiedDate":"2023-02-18"},{"lineNumber":23,"author":{"gitId":"avielcx"},"content":"","lastModifiedDate":"2023-02-18"},{"lineNumber":24,"author":{"gitId":"avielcx"},"content":"1. Ensure you have Java 11 or above installed on your Computer.","lastModifiedDate":"2023-02-18"},{"lineNumber":25,"author":{"gitId":"avielcx"},"content":"2. Update Intellij to the most recent version","lastModifiedDate":"2023-02-18"},{"lineNumber":26,"author":{"gitId":"avielcx"},"content":"3. Download the latest ChChing.jar from here.","lastModifiedDate":"2023-02-18"},{"lineNumber":27,"author":{"gitId":"avielcx"},"content":"4. Copy the file to the desired folder as the home folder for the program.","lastModifiedDate":"2023-02-18"},{"lineNumber":28,"author":{"gitId":"avielcx"},"content":"5. Open the command terminal, cd into the home folder of the program and use command java -jar ip.jar to run the application.","lastModifiedDate":"2023-02-18"},{"lineNumber":29,"author":{"gitId":"avielcx"},"content":"","lastModifiedDate":"2023-02-18"},{"lineNumber":30,"author":{"gitId":"avielcx"},"content":"## Features","lastModifiedDate":"2023-02-18"},{"lineNumber":31,"author":{"gitId":"avielcx"},"content":"","lastModifiedDate":"2023-02-18"},{"lineNumber":32,"author":{"gitId":"avielcx"},"content":"### ADD AN ENTRY:","lastModifiedDate":"2023-02-18"},{"lineNumber":33,"author":{"gitId":"avielcx"},"content":"#### There are 3 ways to add an entry depending on the type of your task","lastModifiedDate":"2023-02-18"},{"lineNumber":34,"author":{"gitId":"avielcx"},"content":"##### Todo Tasks:","lastModifiedDate":"2023-02-18"},{"lineNumber":35,"author":{"gitId":"avielcx"},"content":"      todo [td/TASK DESCRIPTION]","lastModifiedDate":"2023-02-18"},{"lineNumber":36,"author":{"gitId":"avielcx"},"content":"      ","lastModifiedDate":"2023-02-18"},{"lineNumber":37,"author":{"gitId":"avielcx"},"content":"      EXAMPLE: todo borrow book","lastModifiedDate":"2023-02-18"},{"lineNumber":38,"author":{"gitId":"avielcx"},"content":"","lastModifiedDate":"2023-02-18"},{"lineNumber":39,"author":{"gitId":"avielcx"},"content":"","lastModifiedDate":"2023-02-18"},{"lineNumber":40,"author":{"gitId":"avielcx"},"content":"##### Deadline Tasks:","lastModifiedDate":"2023-02-18"},{"lineNumber":41,"author":{"gitId":"avielcx"},"content":"      deadline [td/TASK DESCRIPTION] /by [d/DATE]","lastModifiedDate":"2023-02-18"},{"lineNumber":42,"author":{"gitId":"avielcx"},"content":"","lastModifiedDate":"2023-02-18"},{"lineNumber":43,"author":{"gitId":"avielcx"},"content":"      EXAMPLE: deadline return book /by Sunday","lastModifiedDate":"2023-02-18"},{"lineNumber":44,"author":{"gitId":"avielcx"},"content":"","lastModifiedDate":"2023-02-18"},{"lineNumber":45,"author":{"gitId":"avielcx"},"content":"##### Event Tasks:","lastModifiedDate":"2023-02-18"},{"lineNumber":46,"author":{"gitId":"avielcx"},"content":"      event [td/TASK DESCRIPTION] /from [sp/START PERIOD] /to [ep/END PERIOD]","lastModifiedDate":"2023-02-18"},{"lineNumber":47,"author":{"gitId":"avielcx"},"content":"      ","lastModifiedDate":"2023-02-18"},{"lineNumber":48,"author":{"gitId":"avielcx"},"content":"      EXAMPLE: project meeting /from Mon 2pm /to 4pm","lastModifiedDate":"2023-02-18"},{"lineNumber":49,"author":{"gitId":"avielcx"},"content":"","lastModifiedDate":"2023-02-18"},{"lineNumber":50,"author":{"gitId":"avielcx"},"content":"### SHOW FULL LIST OF TASKS","lastModifiedDate":"2023-02-18"},{"lineNumber":51,"author":{"gitId":"avielcx"},"content":"      list","lastModifiedDate":"2023-02-18"},{"lineNumber":52,"author":{"gitId":"avielcx"},"content":"","lastModifiedDate":"2023-02-18"},{"lineNumber":53,"author":{"gitId":"avielcx"},"content":"### SHOW LIST OF TASKS THAT CONTAINS KEYWORD(S)","lastModifiedDate":"2023-02-18"},{"lineNumber":54,"author":{"gitId":"avielcx"},"content":"      find [kw/KEYWORDS]","lastModifiedDate":"2023-02-18"},{"lineNumber":55,"author":{"gitId":"avielcx"},"content":"","lastModifiedDate":"2023-02-18"},{"lineNumber":56,"author":{"gitId":"avielcx"},"content":"      EXAMPLE: find book","lastModifiedDate":"2023-02-18"},{"lineNumber":57,"author":{"gitId":"avielcx"},"content":"","lastModifiedDate":"2023-02-18"},{"lineNumber":58,"author":{"gitId":"avielcx"},"content":"### MARK A TASK AS DONE","lastModifiedDate":"2023-02-18"},{"lineNumber":59,"author":{"gitId":"avielcx"},"content":"      mark [tn/TASK NUMBER]","lastModifiedDate":"2023-02-18"},{"lineNumber":60,"author":{"gitId":"avielcx"},"content":"      ","lastModifiedDate":"2023-02-18"},{"lineNumber":61,"author":{"gitId":"avielcx"},"content":"      EXAMPLE: mark 1","lastModifiedDate":"2023-02-18"},{"lineNumber":62,"author":{"gitId":"avielcx"},"content":"","lastModifiedDate":"2023-02-18"},{"lineNumber":63,"author":{"gitId":"avielcx"},"content":"### UNMARK A TASK","lastModifiedDate":"2023-02-18"},{"lineNumber":64,"author":{"gitId":"avielcx"},"content":"      unmark [tn/TASK NUMBER]","lastModifiedDate":"2023-02-18"},{"lineNumber":65,"author":{"gitId":"avielcx"},"content":"      ","lastModifiedDate":"2023-02-18"},{"lineNumber":66,"author":{"gitId":"avielcx"},"content":"      EXAMPLE: unmark 4","lastModifiedDate":"2023-02-18"},{"lineNumber":67,"author":{"gitId":"avielcx"},"content":"","lastModifiedDate":"2023-02-18"},{"lineNumber":68,"author":{"gitId":"avielcx"},"content":"### DELETE AN ENTRY","lastModifiedDate":"2023-02-18"},{"lineNumber":69,"author":{"gitId":"avielcx"},"content":"    delete [tn/TASK NUMBER]","lastModifiedDate":"2023-02-18"},{"lineNumber":70,"author":{"gitId":"avielcx"},"content":"      ","lastModifiedDate":"2023-02-18"},{"lineNumber":71,"author":{"gitId":"avielcx"},"content":"      EXAMPLE: delete 5","lastModifiedDate":"2023-02-18"},{"lineNumber":72,"author":{"gitId":"avielcx"},"content":"","lastModifiedDate":"2023-02-18"},{"lineNumber":73,"author":{"gitId":"avielcx"},"content":"### EXIT DUKE","lastModifiedDate":"2023-02-18"},{"lineNumber":74,"author":{"gitId":"avielcx"},"content":"      bye","lastModifiedDate":"2023-02-18"},{"lineNumber":75,"author":{"gitId":"avielcx"},"content":"","lastModifiedDate":"2023-02-18"},{"lineNumber":76,"author":{"gitId":"avielcx"},"content":"","lastModifiedDate":"2023-02-18"},{"lineNumber":77,"author":{"gitId":"avielcx"},"content":"","lastModifiedDate":"2023-02-18"},{"lineNumber":78,"author":{"gitId":"avielcx"},"content":"","lastModifiedDate":"2023-02-18"},{"lineNumber":79,"author":{"gitId":"avielcx"},"content":"","lastModifiedDate":"2023-02-18"},{"lineNumber":80,"author":{"gitId":"avielcx"},"content":"","lastModifiedDate":"2023-02-18"},{"lineNumber":81,"author":{"gitId":"avielcx"},"content":"","lastModifiedDate":"2023-02-18"},{"lineNumber":82,"author":{"gitId":"avielcx"},"content":"","lastModifiedDate":"2023-02-18"},{"lineNumber":83,"author":{"gitId":"avielcx"},"content":"","lastModifiedDate":"2023-02-18"},{"lineNumber":84,"author":{"gitId":"avielcx"},"content":"","lastModifiedDate":"2023-02-18"}],"authorContributionMap":{"avielcx":84}},{"path":"data/duke.txt","fileType":"txt","lines":[{"lineNumber":1,"author":{"gitId":"avielcx"},"content":"T/1/read book","lastModifiedDate":"2023-02-11"},{"lineNumber":2,"author":{"gitId":"avielcx"},"content":"D/1/return book/June 6th","lastModifiedDate":"2023-02-11"},{"lineNumber":3,"author":{"gitId":"avielcx"},"content":"E/1/project meeting/Aug 6th 2 - 4pm","lastModifiedDate":"2023-02-11"},{"lineNumber":4,"author":{"gitId":"avielcx"},"content":"T/0/join sports club","lastModifiedDate":"2023-02-11"},{"lineNumber":5,"author":{"gitId":"avielcx"},"content":"D/1/return book/Sunday","lastModifiedDate":"2023-02-15"},{"lineNumber":6,"author":{"gitId":"avielcx"},"content":"E/1/project meeting/Mon 2pm - 4pm","lastModifiedDate":"2023-02-11"}],"authorContributionMap":{"avielcx":6}},{"path":"src/main/java/Deadline.java","fileType":"java","lines":[{"lineNumber":1,"author":{"gitId":"avielcx"},"content":"import java.util.ArrayList;","lastModifiedDate":"2023-02-11"},{"lineNumber":2,"author":{"gitId":"avielcx"},"content":"","lastModifiedDate":"2023-02-11"},{"lineNumber":3,"author":{"gitId":"avielcx"},"content":"/**","lastModifiedDate":"2023-02-18"},{"lineNumber":4,"author":{"gitId":"avielcx"},"content":" * Represents a Deadline task.","lastModifiedDate":"2023-02-18"},{"lineNumber":5,"author":{"gitId":"avielcx"},"content":" */","lastModifiedDate":"2023-02-18"},{"lineNumber":6,"author":{"gitId":"avielcx"},"content":"public class Deadline extends Task {","lastModifiedDate":"2023-01-29"},{"lineNumber":7,"author":{"gitId":"avielcx"},"content":"","lastModifiedDate":"2023-01-29"},{"lineNumber":8,"author":{"gitId":"avielcx"},"content":"    protected String whenDue;","lastModifiedDate":"2023-01-29"},{"lineNumber":9,"author":{"gitId":"avielcx"},"content":"    static final int PARTITION_TO_TWO \u003d 2;","lastModifiedDate":"2023-02-19"},{"lineNumber":10,"author":{"gitId":"avielcx"},"content":"","lastModifiedDate":"2023-01-29"},{"lineNumber":11,"author":{"gitId":"avielcx"},"content":"    public Deadline(String description) {","lastModifiedDate":"2023-01-29"},{"lineNumber":12,"author":{"gitId":"avielcx"},"content":"        super(description);","lastModifiedDate":"2023-01-29"},{"lineNumber":13,"author":{"gitId":"avielcx"},"content":"        String[] lineComponents \u003d description.split(\"/\", PARTITION_TO_TWO);","lastModifiedDate":"2023-02-19"},{"lineNumber":14,"author":{"gitId":"avielcx"},"content":"        String[] descriptionComponents \u003d lineComponents[0].split(\" \", PARTITION_TO_TWO);","lastModifiedDate":"2023-02-19"},{"lineNumber":15,"author":{"gitId":"avielcx"},"content":"        String[] dueDatePrepositions \u003d lineComponents[1].split(\" \", PARTITION_TO_TWO);","lastModifiedDate":"2023-02-19"},{"lineNumber":16,"author":{"gitId":"avielcx"},"content":"        this.whenDue \u003d \"(\" + dueDatePrepositions[0] + \": \" + dueDatePrepositions[1] + \")\";","lastModifiedDate":"2023-02-01"},{"lineNumber":17,"author":{"gitId":"avielcx"},"content":"        this.description \u003d descriptionComponents[1] + this.whenDue;","lastModifiedDate":"2023-02-01"},{"lineNumber":18,"author":{"gitId":"avielcx"},"content":"        this.isDone \u003d false;","lastModifiedDate":"2023-01-29"},{"lineNumber":19,"author":{"gitId":"avielcx"},"content":"        this.taskLabel \u003d \"[D]\";","lastModifiedDate":"2023-02-01"},{"lineNumber":20,"author":{"gitId":"avielcx"},"content":"    }","lastModifiedDate":"2023-01-29"},{"lineNumber":21,"author":{"gitId":"avielcx"},"content":"","lastModifiedDate":"2023-02-11"},{"lineNumber":22,"author":{"gitId":"avielcx"},"content":"    public Deadline() {","lastModifiedDate":"2023-02-19"},{"lineNumber":23,"author":{"gitId":"avielcx"},"content":"    }","lastModifiedDate":"2023-02-19"},{"lineNumber":24,"author":{"gitId":"avielcx"},"content":"","lastModifiedDate":"2023-02-19"},{"lineNumber":25,"author":{"gitId":"avielcx"},"content":"    public static int add(String line, ArrayList\u003cTask\u003e list, int currentNumber) {","lastModifiedDate":"2023-02-11"},{"lineNumber":26,"author":{"gitId":"avielcx"},"content":"        System.out.println(\"     Got it. I\u0027ve added this task:\");","lastModifiedDate":"2023-01-29"},{"lineNumber":27,"author":{"gitId":"avielcx"},"content":"        Deadline newTask \u003d new Deadline(line);","lastModifiedDate":"2023-01-29"},{"lineNumber":28,"author":{"gitId":"avielcx"},"content":"        System.out.println(\"       \" + newTask.taskLabel + newTask.getStatusIcon() + \" \" + newTask.description);","lastModifiedDate":"2023-02-01"},{"lineNumber":29,"author":{"gitId":"avielcx"},"content":"        list.add(newTask);","lastModifiedDate":"2023-02-11"},{"lineNumber":30,"author":{"gitId":"avielcx"},"content":"        ++currentNumber;","lastModifiedDate":"2023-02-01"},{"lineNumber":31,"author":{"gitId":"avielcx"},"content":"        System.out.println(\"     Now you have \" + currentNumber + \" tasks in the list.\");","lastModifiedDate":"2023-02-01"},{"lineNumber":32,"author":{"gitId":"avielcx"},"content":"        return currentNumber;","lastModifiedDate":"2023-02-01"},{"lineNumber":33,"author":{"gitId":"avielcx"},"content":"    }","lastModifiedDate":"2023-01-29"},{"lineNumber":34,"author":{"gitId":"avielcx"},"content":"","lastModifiedDate":"2023-01-29"},{"lineNumber":35,"author":{"gitId":"avielcx"},"content":"}","lastModifiedDate":"2023-01-29"},{"lineNumber":36,"author":{"gitId":"avielcx"},"content":"","lastModifiedDate":"2023-02-11"}],"authorContributionMap":{"avielcx":36}},{"path":"src/main/java/Duke.java","fileType":"java","lines":[{"lineNumber":1,"author":{"gitId":"avielcx"},"content":"import java.io.IOException;","lastModifiedDate":"2023-02-11"},{"lineNumber":2,"author":{"gitId":"avielcx"},"content":"import java.util.ArrayList;","lastModifiedDate":"2023-02-11"},{"lineNumber":3,"author":{"gitId":"avielcx"},"content":"import java.util.Scanner;","lastModifiedDate":"2023-01-23"},{"lineNumber":4,"author":{"gitId":"avielcx"},"content":"import java.util.Arrays;","lastModifiedDate":"2023-02-04"},{"lineNumber":5,"author":{"gitId":"avielcx"},"content":"import java.util.List;","lastModifiedDate":"2023-02-04"},{"lineNumber":6,"author":{"gitId":"avielcx"},"content":"import java.io.File;","lastModifiedDate":"2023-02-11"},{"lineNumber":7,"author":{"gitId":"avielcx"},"content":"import java.io.FileNotFoundException;","lastModifiedDate":"2023-02-11"},{"lineNumber":8,"author":{"gitId":"avielcx"},"content":"import java.util.Scanner;","lastModifiedDate":"2023-02-11"},{"lineNumber":9,"author":{"gitId":"avielcx"},"content":"","lastModifiedDate":"2023-01-23"},{"lineNumber":10,"author":{"gitId":"avielcx"},"content":"/**","lastModifiedDate":"2023-02-18"},{"lineNumber":11,"author":{"gitId":"avielcx"},"content":" * Represents the main Duke programme that users will interact with","lastModifiedDate":"2023-02-18"},{"lineNumber":12,"author":{"gitId":"avielcx"},"content":" */","lastModifiedDate":"2023-02-18"},{"lineNumber":13,"author":{"gitId":"avielcx"},"content":"","lastModifiedDate":"2023-02-04"},{"lineNumber":14,"author":{"gitId":"-"},"content":"public class Duke {","lastModifiedDate":"2019-07-29"},{"lineNumber":15,"author":{"gitId":"avielcx"},"content":"    public static final List\u003cString\u003e taskTypes \u003d Arrays.asList(\"todo\", \"deadline\", \"event\");","lastModifiedDate":"2023-02-04"},{"lineNumber":16,"author":{"gitId":"avielcx"},"content":"    public static final List\u003cString\u003e listEditableCommands \u003d","lastModifiedDate":"2023-02-18"},{"lineNumber":17,"author":{"gitId":"avielcx"},"content":"            Arrays.asList(\"todo\", \"deadline\", \"event\", \"mark\", \"unmark\", \"delete\");","lastModifiedDate":"2023-02-18"},{"lineNumber":18,"author":{"gitId":"avielcx"},"content":"    public static final List\u003cString\u003e commands \u003d","lastModifiedDate":"2023-02-18"},{"lineNumber":19,"author":{"gitId":"avielcx"},"content":"            Arrays.asList(\"todo\", \"deadline\", \"event\", \"mark\", \"unmark\", \"list\", \"find\", \"delete\", \"bye\");","lastModifiedDate":"2023-02-18"},{"lineNumber":20,"author":{"gitId":"avielcx"},"content":"    static final int PARTITION_TO_TWO \u003d 2;","lastModifiedDate":"2023-02-19"},{"lineNumber":21,"author":{"gitId":"avielcx"},"content":"","lastModifiedDate":"2023-02-04"},{"lineNumber":22,"author":{"gitId":"avielcx"},"content":"    public static void printHorizontalLine() {","lastModifiedDate":"2023-02-04"},{"lineNumber":23,"author":{"gitId":"avielcx"},"content":"        System.out.print(\"    ____________________________________________________________\\n\");","lastModifiedDate":"2023-02-04"},{"lineNumber":24,"author":{"gitId":"avielcx"},"content":"    }","lastModifiedDate":"2023-02-04"},{"lineNumber":25,"author":{"gitId":"avielcx"},"content":"","lastModifiedDate":"2023-02-04"},{"lineNumber":26,"author":{"gitId":"avielcx"},"content":"    /**","lastModifiedDate":"2023-02-18"},{"lineNumber":27,"author":{"gitId":"avielcx"},"content":"     * Prints entries that contains the keyword(s).","lastModifiedDate":"2023-02-18"},{"lineNumber":28,"author":{"gitId":"avielcx"},"content":"     *","lastModifiedDate":"2023-02-18"},{"lineNumber":29,"author":{"gitId":"avielcx"},"content":"     * @param listOfTasks        ArrayList of tasks.","lastModifiedDate":"2023-02-18"},{"lineNumber":30,"author":{"gitId":"avielcx"},"content":"     * @param currentNumberIndex Number of tasks present in the list.","lastModifiedDate":"2023-02-18"},{"lineNumber":31,"author":{"gitId":"avielcx"},"content":"     * @param keyWord            keyword to search for in each entry","lastModifiedDate":"2023-02-18"},{"lineNumber":32,"author":{"gitId":"avielcx"},"content":"     */","lastModifiedDate":"2023-02-18"},{"lineNumber":33,"author":{"gitId":"avielcx"},"content":"    public static void findEntry(ArrayList\u003cTask\u003e listOfTasks, int currentNumberIndex, String keyWord) {","lastModifiedDate":"2023-02-18"},{"lineNumber":34,"author":{"gitId":"avielcx"},"content":"        System.out.println(\"     Here are the matching tasks in your list:\");","lastModifiedDate":"2023-02-18"},{"lineNumber":35,"author":{"gitId":"avielcx"},"content":"        int counter \u003d 0;","lastModifiedDate":"2023-02-18"},{"lineNumber":36,"author":{"gitId":"avielcx"},"content":"        for (int i \u003d 0; i \u003c currentNumberIndex; ++i) {","lastModifiedDate":"2023-02-18"},{"lineNumber":37,"author":{"gitId":"avielcx"},"content":"            if (listOfTasks.get(i).taskLabel.contains(keyWord) || listOfTasks.get(i).description.contains(keyWord)) {","lastModifiedDate":"2023-02-18"},{"lineNumber":38,"author":{"gitId":"avielcx"},"content":"                counter++;","lastModifiedDate":"2023-02-18"},{"lineNumber":39,"author":{"gitId":"avielcx"},"content":"                System.out.print(\"     \" + counter + \".\" + listOfTasks.get(i).taskLabel","lastModifiedDate":"2023-02-18"},{"lineNumber":40,"author":{"gitId":"avielcx"},"content":"                        + listOfTasks.get(i).getStatusIcon() + \" \");","lastModifiedDate":"2023-02-18"},{"lineNumber":41,"author":{"gitId":"avielcx"},"content":"                System.out.println(listOfTasks.get(i).description);","lastModifiedDate":"2023-02-18"},{"lineNumber":42,"author":{"gitId":"avielcx"},"content":"            }","lastModifiedDate":"2023-02-18"},{"lineNumber":43,"author":{"gitId":"avielcx"},"content":"        }","lastModifiedDate":"2023-02-18"},{"lineNumber":44,"author":{"gitId":"avielcx"},"content":"    }","lastModifiedDate":"2023-02-18"},{"lineNumber":45,"author":{"gitId":"avielcx"},"content":"","lastModifiedDate":"2023-02-18"},{"lineNumber":46,"author":{"gitId":"avielcx"},"content":"    /**","lastModifiedDate":"2023-02-18"},{"lineNumber":47,"author":{"gitId":"avielcx"},"content":"     * Prints all the entries in the list.","lastModifiedDate":"2023-02-18"},{"lineNumber":48,"author":{"gitId":"avielcx"},"content":"     *","lastModifiedDate":"2023-02-18"},{"lineNumber":49,"author":{"gitId":"avielcx"},"content":"     * @param listOfTasks        ArrayList of tasks.","lastModifiedDate":"2023-02-18"},{"lineNumber":50,"author":{"gitId":"avielcx"},"content":"     * @param currentNumberIndex Number of tasks present in the list.","lastModifiedDate":"2023-02-18"},{"lineNumber":51,"author":{"gitId":"avielcx"},"content":"     */","lastModifiedDate":"2023-02-18"},{"lineNumber":52,"author":{"gitId":"avielcx"},"content":"    public static void listing(ArrayList\u003cTask\u003e listOfTasks, int currentNumberIndex) {","lastModifiedDate":"2023-02-11"},{"lineNumber":53,"author":{"gitId":"avielcx"},"content":"        System.out.println(\"     Here are the tasks in your list:\");","lastModifiedDate":"2023-02-04"},{"lineNumber":54,"author":{"gitId":"avielcx"},"content":"        for (int i \u003d 0; i \u003c currentNumberIndex; ++i) {","lastModifiedDate":"2023-02-04"},{"lineNumber":55,"author":{"gitId":"avielcx"},"content":"            int counter \u003d i + 1;","lastModifiedDate":"2023-02-04"},{"lineNumber":56,"author":{"gitId":"avielcx"},"content":"            System.out.print(\"     \" + counter + \".\" + listOfTasks.get(i).taskLabel +","lastModifiedDate":"2023-02-18"},{"lineNumber":57,"author":{"gitId":"avielcx"},"content":"                    listOfTasks.get(i).getStatusIcon() + \" \");","lastModifiedDate":"2023-02-18"},{"lineNumber":58,"author":{"gitId":"avielcx"},"content":"            System.out.println(listOfTasks.get(i).description);","lastModifiedDate":"2023-02-11"},{"lineNumber":59,"author":{"gitId":"avielcx"},"content":"        }","lastModifiedDate":"2023-02-04"},{"lineNumber":60,"author":{"gitId":"avielcx"},"content":"    }","lastModifiedDate":"2023-02-04"},{"lineNumber":61,"author":{"gitId":"avielcx"},"content":"","lastModifiedDate":"2023-01-23"},{"lineNumber":62,"author":{"gitId":"avielcx"},"content":"    /**","lastModifiedDate":"2023-02-18"},{"lineNumber":63,"author":{"gitId":"avielcx"},"content":"     * Removes entry at an index","lastModifiedDate":"2023-02-18"},{"lineNumber":64,"author":{"gitId":"avielcx"},"content":"     * and returns the number of tasks in the list after removal.","lastModifiedDate":"2023-02-18"},{"lineNumber":65,"author":{"gitId":"avielcx"},"content":"     *","lastModifiedDate":"2023-02-18"},{"lineNumber":66,"author":{"gitId":"avielcx"},"content":"     * @param listOfTasks        ArrayList of tasks.","lastModifiedDate":"2023-02-18"},{"lineNumber":67,"author":{"gitId":"avielcx"},"content":"     * @param currentNumberIndex Number of tasks present in the list.","lastModifiedDate":"2023-02-18"},{"lineNumber":68,"author":{"gitId":"avielcx"},"content":"     * @param toDelete           index of entry to delete.","lastModifiedDate":"2023-02-18"},{"lineNumber":69,"author":{"gitId":"avielcx"},"content":"     * @return Number of tasks in the list after removal.","lastModifiedDate":"2023-02-18"},{"lineNumber":70,"author":{"gitId":"avielcx"},"content":"     */","lastModifiedDate":"2023-02-18"},{"lineNumber":71,"author":{"gitId":"avielcx"},"content":"    public static int deleting(ArrayList\u003cTask\u003e listOfTasks, int currentNumberIndex, int toDelete) {","lastModifiedDate":"2023-02-11"},{"lineNumber":72,"author":{"gitId":"avielcx"},"content":"        System.out.println(\"     Noted. I\u0027ve removed this task:\");","lastModifiedDate":"2023-02-11"},{"lineNumber":73,"author":{"gitId":"avielcx"},"content":"        currentNumberIndex -\u003d 1;","lastModifiedDate":"2023-02-11"},{"lineNumber":74,"author":{"gitId":"avielcx"},"content":"        listOfTasks.remove(toDelete - 1);","lastModifiedDate":"2023-02-11"},{"lineNumber":75,"author":{"gitId":"avielcx"},"content":"        System.out.println(\"     Now you have \" + currentNumberIndex + \" tasks in the list.\");","lastModifiedDate":"2023-02-11"},{"lineNumber":76,"author":{"gitId":"avielcx"},"content":"        return currentNumberIndex;","lastModifiedDate":"2023-02-11"},{"lineNumber":77,"author":{"gitId":"avielcx"},"content":"    }","lastModifiedDate":"2023-02-11"},{"lineNumber":78,"author":{"gitId":"avielcx"},"content":"","lastModifiedDate":"2023-02-11"},{"lineNumber":79,"author":{"gitId":"avielcx"},"content":"    /**","lastModifiedDate":"2023-02-18"},{"lineNumber":80,"author":{"gitId":"avielcx"},"content":"     * Throws exception if command is invalid.","lastModifiedDate":"2023-02-18"},{"lineNumber":81,"author":{"gitId":"avielcx"},"content":"     *","lastModifiedDate":"2023-02-18"},{"lineNumber":82,"author":{"gitId":"avielcx"},"content":"     * @throws InvalidCommand if isNotValidCommand is true.","lastModifiedDate":"2023-02-18"},{"lineNumber":83,"author":{"gitId":"avielcx"},"content":"     */","lastModifiedDate":"2023-02-18"},{"lineNumber":84,"author":{"gitId":"avielcx"},"content":"    public static void checkIfValid(String[] lineComponents) throws InvalidCommand {","lastModifiedDate":"2023-02-04"},{"lineNumber":85,"author":{"gitId":"avielcx"},"content":"        boolean isNotValidCommand \u003d !commands.contains(lineComponents[0]);","lastModifiedDate":"2023-02-04"},{"lineNumber":86,"author":{"gitId":"avielcx"},"content":"        if (isNotValidCommand) {","lastModifiedDate":"2023-02-04"},{"lineNumber":87,"author":{"gitId":"avielcx"},"content":"            throw new InvalidCommand();","lastModifiedDate":"2023-02-04"},{"lineNumber":88,"author":{"gitId":"avielcx"},"content":"        }","lastModifiedDate":"2023-02-04"},{"lineNumber":89,"author":{"gitId":"avielcx"},"content":"    }","lastModifiedDate":"2023-02-04"},{"lineNumber":90,"author":{"gitId":"avielcx"},"content":"","lastModifiedDate":"2023-02-04"},{"lineNumber":91,"author":{"gitId":"avielcx"},"content":"    /**","lastModifiedDate":"2023-02-18"},{"lineNumber":92,"author":{"gitId":"avielcx"},"content":"     * Throws exception if command is empty after the instruction word.","lastModifiedDate":"2023-02-18"},{"lineNumber":93,"author":{"gitId":"avielcx"},"content":"     *","lastModifiedDate":"2023-02-18"},{"lineNumber":94,"author":{"gitId":"avielcx"},"content":"     * @throws InvalidCommand if isEmptyCommand is true.","lastModifiedDate":"2023-02-18"},{"lineNumber":95,"author":{"gitId":"avielcx"},"content":"     */","lastModifiedDate":"2023-02-18"},{"lineNumber":96,"author":{"gitId":"avielcx"},"content":"    public static void checkIfEmpty(String[] lineComponents) throws InvalidCommand {","lastModifiedDate":"2023-02-04"},{"lineNumber":97,"author":{"gitId":"avielcx"},"content":"        boolean isEmptyCommand \u003d (taskTypes.contains(lineComponents[0]) \u0026\u0026 lineComponents.length \u003d\u003d 1);","lastModifiedDate":"2023-02-04"},{"lineNumber":98,"author":{"gitId":"avielcx"},"content":"        if (isEmptyCommand) {","lastModifiedDate":"2023-02-04"},{"lineNumber":99,"author":{"gitId":"avielcx"},"content":"            throw new InvalidCommand();","lastModifiedDate":"2023-02-04"},{"lineNumber":100,"author":{"gitId":"avielcx"},"content":"        }","lastModifiedDate":"2023-02-04"},{"lineNumber":101,"author":{"gitId":"avielcx"},"content":"    }","lastModifiedDate":"2023-02-04"},{"lineNumber":102,"author":{"gitId":"avielcx"},"content":"","lastModifiedDate":"2023-02-04"},{"lineNumber":103,"author":{"gitId":"avielcx"},"content":"","lastModifiedDate":"2023-02-04"},{"lineNumber":104,"author":{"gitId":"-"},"content":"    public static void main(String[] args) {","lastModifiedDate":"2019-07-29"},{"lineNumber":105,"author":{"gitId":"-"},"content":"        String logo \u003d \"     ____        _        \\n\"","lastModifiedDate":"2019-07-29"},{"lineNumber":106,"author":{"gitId":"-"},"content":"                + \"    |  _ \\\\ _   _| | _____ \\n\"","lastModifiedDate":"2019-07-29"},{"lineNumber":107,"author":{"gitId":"-"},"content":"                + \"    | | | | | | | |/ / _ \\\\\\n\"","lastModifiedDate":"2019-07-29"},{"lineNumber":108,"author":{"gitId":"-"},"content":"                + \"    | |_| | |_| |   \u003c  __/\\n\"","lastModifiedDate":"2019-07-29"},{"lineNumber":109,"author":{"gitId":"-"},"content":"                + \"    |____/ \\\\__,_|_|\\\\_\\\\___|\\n\";","lastModifiedDate":"2019-07-29"},{"lineNumber":110,"author":{"gitId":"-"},"content":"        System.out.println(\"Hello from\\n\" + logo);","lastModifiedDate":"2019-07-29"},{"lineNumber":111,"author":{"gitId":"avielcx"},"content":"","lastModifiedDate":"2023-01-14"},{"lineNumber":112,"author":{"gitId":"avielcx"},"content":"        String greet \u003d \"    ____________________________________________________________\\n\"","lastModifiedDate":"2023-01-14"},{"lineNumber":113,"author":{"gitId":"avielcx"},"content":"                + \"     Hello! I\u0027m Duke \\n\"","lastModifiedDate":"2023-01-14"},{"lineNumber":114,"author":{"gitId":"avielcx"},"content":"                + \"     What can I do for you? \\n\"","lastModifiedDate":"2023-01-14"},{"lineNumber":115,"author":{"gitId":"avielcx"},"content":"                + \"    ____________________________________________________________\\n\";","lastModifiedDate":"2023-01-23"},{"lineNumber":116,"author":{"gitId":"avielcx"},"content":"        System.out.println(greet);","lastModifiedDate":"2023-01-14"},{"lineNumber":117,"author":{"gitId":"avielcx"},"content":"","lastModifiedDate":"2023-01-14"},{"lineNumber":118,"author":{"gitId":"avielcx"},"content":"        String line;","lastModifiedDate":"2023-01-23"},{"lineNumber":119,"author":{"gitId":"avielcx"},"content":"        ArrayList\u003cTask\u003e taskArrayList \u003d new ArrayList\u003c\u003e(); // Array of Tasks","lastModifiedDate":"2023-02-11"},{"lineNumber":120,"author":{"gitId":"avielcx"},"content":"        int currentTaskNumber \u003d 0; // Current number of tasks","lastModifiedDate":"2023-02-19"},{"lineNumber":121,"author":{"gitId":"avielcx"},"content":"","lastModifiedDate":"2023-01-14"},{"lineNumber":122,"author":{"gitId":"avielcx"},"content":"        try {","lastModifiedDate":"2023-02-18"},{"lineNumber":123,"author":{"gitId":"avielcx"},"content":"            LoadFile.initFile();","lastModifiedDate":"2023-02-18"},{"lineNumber":124,"author":{"gitId":"avielcx"},"content":"        } catch (IOException e) {","lastModifiedDate":"2023-02-18"},{"lineNumber":125,"author":{"gitId":"avielcx"},"content":"            System.out.println(e.getMessage());","lastModifiedDate":"2023-02-18"},{"lineNumber":126,"author":{"gitId":"avielcx"},"content":"        }","lastModifiedDate":"2023-02-18"},{"lineNumber":127,"author":{"gitId":"avielcx"},"content":"","lastModifiedDate":"2023-02-18"},{"lineNumber":128,"author":{"gitId":"avielcx"},"content":"        try {","lastModifiedDate":"2023-02-11"},{"lineNumber":129,"author":{"gitId":"avielcx"},"content":"            currentTaskNumber \u003d LoadFile.loadFileContents(\"data\\\\duke.txt\", taskArrayList, currentTaskNumber);","lastModifiedDate":"2023-02-19"},{"lineNumber":130,"author":{"gitId":"avielcx"},"content":"        } catch (FileNotFoundException e) {","lastModifiedDate":"2023-02-11"},{"lineNumber":131,"author":{"gitId":"avielcx"},"content":"            System.out.println(\"File Not Found\");","lastModifiedDate":"2023-02-11"},{"lineNumber":132,"author":{"gitId":"avielcx"},"content":"        }","lastModifiedDate":"2023-02-11"},{"lineNumber":133,"author":{"gitId":"avielcx"},"content":"","lastModifiedDate":"2023-02-11"},{"lineNumber":134,"author":{"gitId":"avielcx"},"content":"        while (true) {","lastModifiedDate":"2023-01-23"},{"lineNumber":135,"author":{"gitId":"avielcx"},"content":"            Scanner in \u003d new Scanner(System.in);","lastModifiedDate":"2023-01-23"},{"lineNumber":136,"author":{"gitId":"avielcx"},"content":"            line \u003d in.nextLine(); // Take in input line","lastModifiedDate":"2023-02-01"},{"lineNumber":137,"author":{"gitId":"avielcx"},"content":"            String[] lineComponents \u003d line.split(\" \", PARTITION_TO_TWO); // Split the input line","lastModifiedDate":"2023-02-19"},{"lineNumber":138,"author":{"gitId":"avielcx"},"content":"            String type \u003d lineComponents[0];","lastModifiedDate":"2023-02-01"},{"lineNumber":139,"author":{"gitId":"avielcx"},"content":"            try {","lastModifiedDate":"2023-02-04"},{"lineNumber":140,"author":{"gitId":"avielcx"},"content":"                checkIfValid(lineComponents);","lastModifiedDate":"2023-02-04"},{"lineNumber":141,"author":{"gitId":"avielcx"},"content":"                try {","lastModifiedDate":"2023-02-04"},{"lineNumber":142,"author":{"gitId":"avielcx"},"content":"                    printHorizontalLine();","lastModifiedDate":"2023-02-04"},{"lineNumber":143,"author":{"gitId":"avielcx"},"content":"                    checkIfEmpty(lineComponents);","lastModifiedDate":"2023-02-04"},{"lineNumber":144,"author":{"gitId":"avielcx"},"content":"                    switch (type) {","lastModifiedDate":"2023-02-01"},{"lineNumber":145,"author":{"gitId":"avielcx"},"content":"                    case \"todo\":","lastModifiedDate":"2023-02-01"},{"lineNumber":146,"author":{"gitId":"avielcx"},"content":"                        currentTaskNumber \u003d Todo.add(line, taskArrayList, currentTaskNumber);","lastModifiedDate":"2023-02-19"},{"lineNumber":147,"author":{"gitId":"avielcx"},"content":"                        break;","lastModifiedDate":"2023-02-01"},{"lineNumber":148,"author":{"gitId":"avielcx"},"content":"                    case \"deadline\":","lastModifiedDate":"2023-02-01"},{"lineNumber":149,"author":{"gitId":"avielcx"},"content":"                        currentTaskNumber \u003d Deadline.add(line, taskArrayList, currentTaskNumber);","lastModifiedDate":"2023-02-19"},{"lineNumber":150,"author":{"gitId":"avielcx"},"content":"                        break;","lastModifiedDate":"2023-02-01"},{"lineNumber":151,"author":{"gitId":"avielcx"},"content":"                    case \"event\":","lastModifiedDate":"2023-02-01"},{"lineNumber":152,"author":{"gitId":"avielcx"},"content":"                        currentTaskNumber \u003d Event.add(line, taskArrayList, currentTaskNumber);","lastModifiedDate":"2023-02-19"},{"lineNumber":153,"author":{"gitId":"avielcx"},"content":"                        break;","lastModifiedDate":"2023-02-04"},{"lineNumber":154,"author":{"gitId":"avielcx"},"content":"                    case \"list\":","lastModifiedDate":"2023-02-04"},{"lineNumber":155,"author":{"gitId":"avielcx"},"content":"                        listing(taskArrayList, currentTaskNumber);","lastModifiedDate":"2023-02-19"},{"lineNumber":156,"author":{"gitId":"avielcx"},"content":"                        break;","lastModifiedDate":"2023-02-11"},{"lineNumber":157,"author":{"gitId":"avielcx"},"content":"                    case \"find\":","lastModifiedDate":"2023-02-18"},{"lineNumber":158,"author":{"gitId":"avielcx"},"content":"                        findEntry(taskArrayList, currentTaskNumber, lineComponents[1]);","lastModifiedDate":"2023-02-19"},{"lineNumber":159,"author":{"gitId":"avielcx"},"content":"                        break;","lastModifiedDate":"2023-02-18"},{"lineNumber":160,"author":{"gitId":"avielcx"},"content":"                    case \"delete\":","lastModifiedDate":"2023-02-11"},{"lineNumber":161,"author":{"gitId":"avielcx"},"content":"                        currentTaskNumber \u003d deleting(taskArrayList, currentTaskNumber, Integer.parseInt(lineComponents[1]));","lastModifiedDate":"2023-02-19"},{"lineNumber":162,"author":{"gitId":"avielcx"},"content":"                        break;","lastModifiedDate":"2023-02-04"},{"lineNumber":163,"author":{"gitId":"avielcx"},"content":"                    case \"bye\":","lastModifiedDate":"2023-02-04"},{"lineNumber":164,"author":{"gitId":"avielcx"},"content":"                        System.out.println(\"     Bye. Hope to see you again soon!\");","lastModifiedDate":"2023-02-04"},{"lineNumber":165,"author":{"gitId":"avielcx"},"content":"                        break;","lastModifiedDate":"2023-02-01"},{"lineNumber":166,"author":{"gitId":"avielcx"},"content":"                    default:","lastModifiedDate":"2023-02-01"},{"lineNumber":167,"author":{"gitId":"avielcx"},"content":"                        if (line.matches(\"mark \\\\d\") || line.matches(\"unmark \\\\d\")) {","lastModifiedDate":"2023-02-04"},{"lineNumber":168,"author":{"gitId":"avielcx"},"content":"                            Task.markOrUnmark(line, taskArrayList, currentTaskNumber);","lastModifiedDate":"2023-02-19"},{"lineNumber":169,"author":{"gitId":"avielcx"},"content":"                            break;","lastModifiedDate":"2023-01-23"},{"lineNumber":170,"author":{"gitId":"avielcx"},"content":"                        }","lastModifiedDate":"2023-01-23"},{"lineNumber":171,"author":{"gitId":"avielcx"},"content":"                    }","lastModifiedDate":"2023-01-23"},{"lineNumber":172,"author":{"gitId":"avielcx"},"content":"                } catch (InvalidCommand e) {","lastModifiedDate":"2023-02-04"},{"lineNumber":173,"author":{"gitId":"avielcx"},"content":"                    System.out.println(\"     ☹ OOPS!!! The description of a \" +","lastModifiedDate":"2023-02-18"},{"lineNumber":174,"author":{"gitId":"avielcx"},"content":"                            \"\" + lineComponents[0] + \" cannot be empty.\");","lastModifiedDate":"2023-02-18"},{"lineNumber":175,"author":{"gitId":"avielcx"},"content":"                } finally {","lastModifiedDate":"2023-02-04"},{"lineNumber":176,"author":{"gitId":"avielcx"},"content":"                    printHorizontalLine();","lastModifiedDate":"2023-02-04"},{"lineNumber":177,"author":{"gitId":"avielcx"},"content":"                }","lastModifiedDate":"2023-02-04"},{"lineNumber":178,"author":{"gitId":"avielcx"},"content":"                if (line.matches(\"bye\")) {","lastModifiedDate":"2023-02-01"},{"lineNumber":179,"author":{"gitId":"avielcx"},"content":"                    break;","lastModifiedDate":"2023-02-01"},{"lineNumber":180,"author":{"gitId":"avielcx"},"content":"                }","lastModifiedDate":"2023-01-24"},{"lineNumber":181,"author":{"gitId":"avielcx"},"content":"            } catch (InvalidCommand e) {","lastModifiedDate":"2023-02-04"},{"lineNumber":182,"author":{"gitId":"avielcx"},"content":"                printHorizontalLine();","lastModifiedDate":"2023-02-04"},{"lineNumber":183,"author":{"gitId":"avielcx"},"content":"                System.out.println(\"     ☹ OOPS!!! I\u0027m sorry, but I don\u0027t know what that means :-(\");","lastModifiedDate":"2023-02-04"},{"lineNumber":184,"author":{"gitId":"avielcx"},"content":"                printHorizontalLine();","lastModifiedDate":"2023-02-04"},{"lineNumber":185,"author":{"gitId":"avielcx"},"content":"            }","lastModifiedDate":"2023-02-04"},{"lineNumber":186,"author":{"gitId":"avielcx"},"content":"            try {","lastModifiedDate":"2023-02-11"},{"lineNumber":187,"author":{"gitId":"avielcx"},"content":"                if (listEditableCommands.contains(type)) {","lastModifiedDate":"2023-02-11"},{"lineNumber":188,"author":{"gitId":"avielcx"},"content":"                    WriteFile.writeToFile(\"data\\\\duke.txt\", taskArrayList);","lastModifiedDate":"2023-02-15"},{"lineNumber":189,"author":{"gitId":"avielcx"},"content":"                }","lastModifiedDate":"2023-02-11"},{"lineNumber":190,"author":{"gitId":"avielcx"},"content":"            } catch (IOException e) {","lastModifiedDate":"2023-02-18"},{"lineNumber":191,"author":{"gitId":"avielcx"},"content":"                System.out.println(e.getMessage());","lastModifiedDate":"2023-02-18"},{"lineNumber":192,"author":{"gitId":"avielcx"},"content":"            }","lastModifiedDate":"2023-02-18"},{"lineNumber":193,"author":{"gitId":"avielcx"},"content":"        }","lastModifiedDate":"2023-02-01"},{"lineNumber":194,"author":{"gitId":"-"},"content":"    }","lastModifiedDate":"2019-07-29"},{"lineNumber":195,"author":{"gitId":"-"},"content":"}","lastModifiedDate":"2019-07-29"}],"authorContributionMap":{"-":10,"avielcx":185}},{"path":"src/main/java/Event.java","fileType":"java","lines":[{"lineNumber":1,"author":{"gitId":"avielcx"},"content":"import java.util.ArrayList;","lastModifiedDate":"2023-02-11"},{"lineNumber":2,"author":{"gitId":"avielcx"},"content":"","lastModifiedDate":"2023-02-11"},{"lineNumber":3,"author":{"gitId":"avielcx"},"content":"/**","lastModifiedDate":"2023-02-18"},{"lineNumber":4,"author":{"gitId":"avielcx"},"content":" * Represents an Event task.","lastModifiedDate":"2023-02-18"},{"lineNumber":5,"author":{"gitId":"avielcx"},"content":" */","lastModifiedDate":"2023-02-18"},{"lineNumber":6,"author":{"gitId":"avielcx"},"content":"public class Event extends Task {","lastModifiedDate":"2023-01-29"},{"lineNumber":7,"author":{"gitId":"avielcx"},"content":"","lastModifiedDate":"2023-01-29"},{"lineNumber":8,"author":{"gitId":"avielcx"},"content":"    protected String start;","lastModifiedDate":"2023-01-29"},{"lineNumber":9,"author":{"gitId":"avielcx"},"content":"    protected String end;","lastModifiedDate":"2023-01-29"},{"lineNumber":10,"author":{"gitId":"avielcx"},"content":"","lastModifiedDate":"2023-02-04"},{"lineNumber":11,"author":{"gitId":"avielcx"},"content":"    static final int PARTITION_TO_TWO \u003d 2;","lastModifiedDate":"2023-02-19"},{"lineNumber":12,"author":{"gitId":"avielcx"},"content":"","lastModifiedDate":"2023-02-19"},{"lineNumber":13,"author":{"gitId":"avielcx"},"content":"    public Event(String description) {","lastModifiedDate":"2023-01-29"},{"lineNumber":14,"author":{"gitId":"avielcx"},"content":"        super(description);","lastModifiedDate":"2023-01-29"},{"lineNumber":15,"author":{"gitId":"avielcx"},"content":"        String[] lineComponents \u003d description.split(\"/\", PARTITION_TO_TWO);","lastModifiedDate":"2023-02-19"},{"lineNumber":16,"author":{"gitId":"avielcx"},"content":"        String[] descriptionComponents \u003d lineComponents[0].split(\" \", PARTITION_TO_TWO);","lastModifiedDate":"2023-02-19"},{"lineNumber":17,"author":{"gitId":"avielcx"},"content":"        String[] periodComponents \u003d lineComponents[1].split(\"/\", PARTITION_TO_TWO);","lastModifiedDate":"2023-02-19"},{"lineNumber":18,"author":{"gitId":"avielcx"},"content":"","lastModifiedDate":"2023-02-01"},{"lineNumber":19,"author":{"gitId":"avielcx"},"content":"        String[] startPrepositions \u003d periodComponents[0].split(\" \", PARTITION_TO_TWO);","lastModifiedDate":"2023-02-19"},{"lineNumber":20,"author":{"gitId":"avielcx"},"content":"        //Array containing start of period and prepositions","lastModifiedDate":"2023-02-18"},{"lineNumber":21,"author":{"gitId":"avielcx"},"content":"","lastModifiedDate":"2023-02-01"},{"lineNumber":22,"author":{"gitId":"avielcx"},"content":"        String[] endPrepositions \u003d periodComponents[1].split(\" \", PARTITION_TO_TWO);","lastModifiedDate":"2023-02-19"},{"lineNumber":23,"author":{"gitId":"avielcx"},"content":"        //Array containing end of period and prepositions","lastModifiedDate":"2023-02-18"},{"lineNumber":24,"author":{"gitId":"avielcx"},"content":"","lastModifiedDate":"2023-01-29"},{"lineNumber":25,"author":{"gitId":"avielcx"},"content":"        this.start \u003d \"(\" + startPrepositions[0] + \": \" + startPrepositions[1];","lastModifiedDate":"2023-02-01"},{"lineNumber":26,"author":{"gitId":"avielcx"},"content":"        this.end \u003d endPrepositions[0] + \": \" + endPrepositions[1] + \")\";","lastModifiedDate":"2023-02-01"},{"lineNumber":27,"author":{"gitId":"avielcx"},"content":"        this.description \u003d descriptionComponents[1] + this.start + this.end;","lastModifiedDate":"2023-02-01"},{"lineNumber":28,"author":{"gitId":"avielcx"},"content":"        this.isDone \u003d false;","lastModifiedDate":"2023-01-29"},{"lineNumber":29,"author":{"gitId":"avielcx"},"content":"        this.taskLabel \u003d \"[E]\";","lastModifiedDate":"2023-02-01"},{"lineNumber":30,"author":{"gitId":"avielcx"},"content":"    }","lastModifiedDate":"2023-01-29"},{"lineNumber":31,"author":{"gitId":"avielcx"},"content":"","lastModifiedDate":"2023-01-29"},{"lineNumber":32,"author":{"gitId":"avielcx"},"content":"    public Event() {","lastModifiedDate":"2023-02-19"},{"lineNumber":33,"author":{"gitId":"avielcx"},"content":"    }","lastModifiedDate":"2023-02-19"},{"lineNumber":34,"author":{"gitId":"avielcx"},"content":"","lastModifiedDate":"2023-02-11"},{"lineNumber":35,"author":{"gitId":"avielcx"},"content":"    public static int add(String line, ArrayList\u003cTask\u003e list, int currentNumber) {","lastModifiedDate":"2023-02-11"},{"lineNumber":36,"author":{"gitId":"avielcx"},"content":"        System.out.println(\"     Got it. I\u0027ve added this task:\");","lastModifiedDate":"2023-01-29"},{"lineNumber":37,"author":{"gitId":"avielcx"},"content":"        Event newTask \u003d new Event(line);","lastModifiedDate":"2023-01-29"},{"lineNumber":38,"author":{"gitId":"avielcx"},"content":"        System.out.println(\"       \" + newTask.taskLabel + newTask.getStatusIcon() + \" \" + newTask.description);","lastModifiedDate":"2023-02-01"},{"lineNumber":39,"author":{"gitId":"avielcx"},"content":"        list.add(newTask);","lastModifiedDate":"2023-02-11"},{"lineNumber":40,"author":{"gitId":"avielcx"},"content":"        ++currentNumber;","lastModifiedDate":"2023-02-01"},{"lineNumber":41,"author":{"gitId":"avielcx"},"content":"        System.out.println(\"     Now you have \" + currentNumber + \" tasks in the list.\");","lastModifiedDate":"2023-02-01"},{"lineNumber":42,"author":{"gitId":"avielcx"},"content":"        return currentNumber;","lastModifiedDate":"2023-02-01"},{"lineNumber":43,"author":{"gitId":"avielcx"},"content":"    }","lastModifiedDate":"2023-01-29"},{"lineNumber":44,"author":{"gitId":"avielcx"},"content":"}","lastModifiedDate":"2023-01-29"}],"authorContributionMap":{"avielcx":44}},{"path":"src/main/java/InvalidCommand.java","fileType":"java","lines":[{"lineNumber":1,"author":{"gitId":"avielcx"},"content":"public class InvalidCommand extends Exception{","lastModifiedDate":"2023-02-04"},{"lineNumber":2,"author":{"gitId":"avielcx"},"content":"","lastModifiedDate":"2023-02-04"},{"lineNumber":3,"author":{"gitId":"avielcx"},"content":"}","lastModifiedDate":"2023-02-04"}],"authorContributionMap":{"avielcx":3}},{"path":"src/main/java/LoadFile.java","fileType":"java","lines":[{"lineNumber":1,"author":{"gitId":"avielcx"},"content":"import java.io.File;","lastModifiedDate":"2023-02-11"},{"lineNumber":2,"author":{"gitId":"avielcx"},"content":"import java.io.FileNotFoundException;","lastModifiedDate":"2023-02-11"},{"lineNumber":3,"author":{"gitId":"avielcx"},"content":"import java.io.IOException;","lastModifiedDate":"2023-02-18"},{"lineNumber":4,"author":{"gitId":"avielcx"},"content":"import java.util.ArrayList;","lastModifiedDate":"2023-02-11"},{"lineNumber":5,"author":{"gitId":"avielcx"},"content":"import java.util.Scanner;","lastModifiedDate":"2023-02-11"},{"lineNumber":6,"author":{"gitId":"avielcx"},"content":"","lastModifiedDate":"2023-02-18"},{"lineNumber":7,"author":{"gitId":"avielcx"},"content":"public class LoadFile {","lastModifiedDate":"2023-02-11"},{"lineNumber":8,"author":{"gitId":"avielcx"},"content":"    private static String targetFilePath \u003d \"data\";","lastModifiedDate":"2023-02-18"},{"lineNumber":9,"author":{"gitId":"avielcx"},"content":"    private static String file \u003d \"data/duke.txt\";","lastModifiedDate":"2023-02-18"},{"lineNumber":10,"author":{"gitId":"avielcx"},"content":"","lastModifiedDate":"2023-02-18"},{"lineNumber":11,"author":{"gitId":"avielcx"},"content":"    /**","lastModifiedDate":"2023-02-18"},{"lineNumber":12,"author":{"gitId":"avielcx"},"content":"     * Creates new file if file is not found.","lastModifiedDate":"2023-02-18"},{"lineNumber":13,"author":{"gitId":"avielcx"},"content":"     *","lastModifiedDate":"2023-02-18"},{"lineNumber":14,"author":{"gitId":"avielcx"},"content":"     * @throws IOException if there are IO errors.","lastModifiedDate":"2023-02-18"},{"lineNumber":15,"author":{"gitId":"avielcx"},"content":"     */","lastModifiedDate":"2023-02-18"},{"lineNumber":16,"author":{"gitId":"avielcx"},"content":"    public static void initFile() throws IOException {","lastModifiedDate":"2023-02-18"},{"lineNumber":17,"author":{"gitId":"avielcx"},"content":"        File directory \u003d new File(targetFilePath);","lastModifiedDate":"2023-02-18"},{"lineNumber":18,"author":{"gitId":"avielcx"},"content":"        if (!directory.exists()) {","lastModifiedDate":"2023-02-18"},{"lineNumber":19,"author":{"gitId":"avielcx"},"content":"            directory.mkdir();","lastModifiedDate":"2023-02-18"},{"lineNumber":20,"author":{"gitId":"avielcx"},"content":"        }","lastModifiedDate":"2023-02-18"},{"lineNumber":21,"author":{"gitId":"avielcx"},"content":"        File textFile \u003d new File(file);","lastModifiedDate":"2023-02-18"},{"lineNumber":22,"author":{"gitId":"avielcx"},"content":"        if (!textFile.exists()) {","lastModifiedDate":"2023-02-18"},{"lineNumber":23,"author":{"gitId":"avielcx"},"content":"            textFile.createNewFile();","lastModifiedDate":"2023-02-18"},{"lineNumber":24,"author":{"gitId":"avielcx"},"content":"        }","lastModifiedDate":"2023-02-18"},{"lineNumber":25,"author":{"gitId":"avielcx"},"content":"    }","lastModifiedDate":"2023-02-18"},{"lineNumber":26,"author":{"gitId":"avielcx"},"content":"","lastModifiedDate":"2023-02-19"},{"lineNumber":27,"author":{"gitId":"avielcx"},"content":"    public static int loadFileContents(String filePath, ArrayList\u003cTask\u003e taskArrayList, int currentNumber)","lastModifiedDate":"2023-02-18"},{"lineNumber":28,"author":{"gitId":"avielcx"},"content":"            throws FileNotFoundException {","lastModifiedDate":"2023-02-18"},{"lineNumber":29,"author":{"gitId":"avielcx"},"content":"        String line;","lastModifiedDate":"2023-02-11"},{"lineNumber":30,"author":{"gitId":"avielcx"},"content":"        String type;","lastModifiedDate":"2023-02-11"},{"lineNumber":31,"author":{"gitId":"avielcx"},"content":"        File f \u003d new File(filePath); // create a File for the given file path","lastModifiedDate":"2023-02-11"},{"lineNumber":32,"author":{"gitId":"avielcx"},"content":"        Scanner s \u003d new Scanner(f); // create a Scanner using the File as the source","lastModifiedDate":"2023-02-11"},{"lineNumber":33,"author":{"gitId":"avielcx"},"content":"        while (s.hasNext()) {","lastModifiedDate":"2023-02-11"},{"lineNumber":34,"author":{"gitId":"avielcx"},"content":"            currentNumber +\u003d 1;","lastModifiedDate":"2023-02-11"},{"lineNumber":35,"author":{"gitId":"avielcx"},"content":"            line \u003d s.nextLine();","lastModifiedDate":"2023-02-11"},{"lineNumber":36,"author":{"gitId":"avielcx"},"content":"            String[] lineComponents \u003d line.split(\"/\");","lastModifiedDate":"2023-02-11"},{"lineNumber":37,"author":{"gitId":"avielcx"},"content":"            type \u003d lineComponents[0];","lastModifiedDate":"2023-02-11"},{"lineNumber":38,"author":{"gitId":"avielcx"},"content":"            switch (type) {","lastModifiedDate":"2023-02-11"},{"lineNumber":39,"author":{"gitId":"avielcx"},"content":"            case \"T\":","lastModifiedDate":"2023-02-11"},{"lineNumber":40,"author":{"gitId":"avielcx"},"content":"                Todo newToDo \u003d new Todo();","lastModifiedDate":"2023-02-11"},{"lineNumber":41,"author":{"gitId":"avielcx"},"content":"                newToDo.taskLabel \u003d \"[T]\";","lastModifiedDate":"2023-02-11"},{"lineNumber":42,"author":{"gitId":"avielcx"},"content":"                newToDo.isDone \u003d lineComponents[1].equals(\"1\");","lastModifiedDate":"2023-02-11"},{"lineNumber":43,"author":{"gitId":"avielcx"},"content":"                newToDo.description \u003d lineComponents[2];","lastModifiedDate":"2023-02-11"},{"lineNumber":44,"author":{"gitId":"avielcx"},"content":"                taskArrayList.add(newToDo);","lastModifiedDate":"2023-02-11"},{"lineNumber":45,"author":{"gitId":"avielcx"},"content":"                break;","lastModifiedDate":"2023-02-11"},{"lineNumber":46,"author":{"gitId":"avielcx"},"content":"            case \"D\":","lastModifiedDate":"2023-02-11"},{"lineNumber":47,"author":{"gitId":"avielcx"},"content":"                Deadline newDeadline \u003d new Deadline();","lastModifiedDate":"2023-02-11"},{"lineNumber":48,"author":{"gitId":"avielcx"},"content":"                newDeadline.taskLabel \u003d \"[D]\";","lastModifiedDate":"2023-02-11"},{"lineNumber":49,"author":{"gitId":"avielcx"},"content":"                newDeadline.isDone \u003d lineComponents[1].equals(\"1\");","lastModifiedDate":"2023-02-11"},{"lineNumber":50,"author":{"gitId":"avielcx"},"content":"                newDeadline.whenDue \u003d \" (\" + \"by\" + \": \" + lineComponents[3] + \")\";","lastModifiedDate":"2023-02-11"},{"lineNumber":51,"author":{"gitId":"avielcx"},"content":"                newDeadline.description \u003d lineComponents[2] + newDeadline.whenDue;","lastModifiedDate":"2023-02-11"},{"lineNumber":52,"author":{"gitId":"avielcx"},"content":"                taskArrayList.add(newDeadline);","lastModifiedDate":"2023-02-11"},{"lineNumber":53,"author":{"gitId":"avielcx"},"content":"                break;","lastModifiedDate":"2023-02-11"},{"lineNumber":54,"author":{"gitId":"avielcx"},"content":"            case \"E\":","lastModifiedDate":"2023-02-11"},{"lineNumber":55,"author":{"gitId":"avielcx"},"content":"                Event newEvent \u003d new Event();","lastModifiedDate":"2023-02-11"},{"lineNumber":56,"author":{"gitId":"avielcx"},"content":"                newEvent.taskLabel \u003d \"[E]\";","lastModifiedDate":"2023-02-11"},{"lineNumber":57,"author":{"gitId":"avielcx"},"content":"                newEvent.isDone \u003d lineComponents[1].equals(\"1\");","lastModifiedDate":"2023-02-11"},{"lineNumber":58,"author":{"gitId":"avielcx"},"content":"                newEvent.description \u003d lineComponents[2];","lastModifiedDate":"2023-02-11"},{"lineNumber":59,"author":{"gitId":"avielcx"},"content":"                String[] splitPeriod \u003d lineComponents[3].split(\" - \");","lastModifiedDate":"2023-02-11"},{"lineNumber":60,"author":{"gitId":"avielcx"},"content":"                newEvent.start \u003d splitPeriod[0];","lastModifiedDate":"2023-02-11"},{"lineNumber":61,"author":{"gitId":"avielcx"},"content":"                newEvent.end \u003d splitPeriod[1];","lastModifiedDate":"2023-02-11"},{"lineNumber":62,"author":{"gitId":"avielcx"},"content":"                newEvent.description \u003d newEvent.description","lastModifiedDate":"2023-02-18"},{"lineNumber":63,"author":{"gitId":"avielcx"},"content":"                        + \" (from: \" + newEvent.start + \" to: \" + newEvent.end + \")\";","lastModifiedDate":"2023-02-18"},{"lineNumber":64,"author":{"gitId":"avielcx"},"content":"                taskArrayList.add(newEvent);","lastModifiedDate":"2023-02-11"},{"lineNumber":65,"author":{"gitId":"avielcx"},"content":"                break;","lastModifiedDate":"2023-02-11"},{"lineNumber":66,"author":{"gitId":"avielcx"},"content":"            }","lastModifiedDate":"2023-02-11"},{"lineNumber":67,"author":{"gitId":"avielcx"},"content":"        }","lastModifiedDate":"2023-02-11"},{"lineNumber":68,"author":{"gitId":"avielcx"},"content":"        return currentNumber;","lastModifiedDate":"2023-02-11"},{"lineNumber":69,"author":{"gitId":"avielcx"},"content":"    }","lastModifiedDate":"2023-02-11"},{"lineNumber":70,"author":{"gitId":"avielcx"},"content":"}","lastModifiedDate":"2023-02-11"}],"authorContributionMap":{"avielcx":70}},{"path":"src/main/java/Task.java","fileType":"java","lines":[{"lineNumber":1,"author":{"gitId":"avielcx"},"content":"import java.util.ArrayList;","lastModifiedDate":"2023-02-11"},{"lineNumber":2,"author":{"gitId":"avielcx"},"content":"","lastModifiedDate":"2023-02-11"},{"lineNumber":3,"author":{"gitId":"avielcx"},"content":"/**","lastModifiedDate":"2023-02-18"},{"lineNumber":4,"author":{"gitId":"avielcx"},"content":" * An abstract class that represents a task in general.","lastModifiedDate":"2023-02-18"},{"lineNumber":5,"author":{"gitId":"avielcx"},"content":" */","lastModifiedDate":"2023-02-18"},{"lineNumber":6,"author":{"gitId":"avielcx"},"content":"","lastModifiedDate":"2023-02-18"},{"lineNumber":7,"author":{"gitId":"avielcx"},"content":"public abstract class Task {","lastModifiedDate":"2023-02-04"},{"lineNumber":8,"author":{"gitId":"avielcx"},"content":"    protected String description;","lastModifiedDate":"2023-01-24"},{"lineNumber":9,"author":{"gitId":"avielcx"},"content":"    protected boolean isDone;","lastModifiedDate":"2023-01-24"},{"lineNumber":10,"author":{"gitId":"avielcx"},"content":"    protected String taskLabel;","lastModifiedDate":"2023-02-01"},{"lineNumber":11,"author":{"gitId":"avielcx"},"content":"","lastModifiedDate":"2023-01-24"},{"lineNumber":12,"author":{"gitId":"avielcx"},"content":"    protected String doneStatusLabel \u003d \"[X]\";","lastModifiedDate":"2023-02-19"},{"lineNumber":13,"author":{"gitId":"avielcx"},"content":"    protected String notDoneStatusLabel \u003d \"[ ]\";","lastModifiedDate":"2023-02-19"},{"lineNumber":14,"author":{"gitId":"avielcx"},"content":"","lastModifiedDate":"2023-02-19"},{"lineNumber":15,"author":{"gitId":"avielcx"},"content":"    static final int TASK_NUMBER_OFFSET \u003d 1;","lastModifiedDate":"2023-02-01"},{"lineNumber":16,"author":{"gitId":"avielcx"},"content":"","lastModifiedDate":"2023-02-01"},{"lineNumber":17,"author":{"gitId":"avielcx"},"content":"    public static void printHorizontalLine() {","lastModifiedDate":"2023-02-04"},{"lineNumber":18,"author":{"gitId":"avielcx"},"content":"        System.out.print(\"    ____________________________________________________________\\n\");","lastModifiedDate":"2023-02-04"},{"lineNumber":19,"author":{"gitId":"avielcx"},"content":"    }","lastModifiedDate":"2023-02-04"},{"lineNumber":20,"author":{"gitId":"avielcx"},"content":"","lastModifiedDate":"2023-02-04"},{"lineNumber":21,"author":{"gitId":"avielcx"},"content":"    public Task(String description) {","lastModifiedDate":"2023-01-24"},{"lineNumber":22,"author":{"gitId":"avielcx"},"content":"        this.description \u003d description;","lastModifiedDate":"2023-01-24"},{"lineNumber":23,"author":{"gitId":"avielcx"},"content":"        this.isDone \u003d false;","lastModifiedDate":"2023-01-24"},{"lineNumber":24,"author":{"gitId":"avielcx"},"content":"    }","lastModifiedDate":"2023-01-24"},{"lineNumber":25,"author":{"gitId":"avielcx"},"content":"","lastModifiedDate":"2023-01-24"},{"lineNumber":26,"author":{"gitId":"avielcx"},"content":"    public Task() {","lastModifiedDate":"2023-02-19"},{"lineNumber":27,"author":{"gitId":"avielcx"},"content":"    }","lastModifiedDate":"2023-02-19"},{"lineNumber":28,"author":{"gitId":"avielcx"},"content":"","lastModifiedDate":"2023-02-19"},{"lineNumber":29,"author":{"gitId":"avielcx"},"content":"    ;","lastModifiedDate":"2023-02-19"},{"lineNumber":30,"author":{"gitId":"avielcx"},"content":"","lastModifiedDate":"2023-02-11"},{"lineNumber":31,"author":{"gitId":"avielcx"},"content":"    public String getStatusIcon() {","lastModifiedDate":"2023-01-24"},{"lineNumber":32,"author":{"gitId":"avielcx"},"content":"        return (isDone ? doneStatusLabel : notDoneStatusLabel);","lastModifiedDate":"2023-02-19"},{"lineNumber":33,"author":{"gitId":"avielcx"},"content":"    }","lastModifiedDate":"2023-01-24"},{"lineNumber":34,"author":{"gitId":"avielcx"},"content":"","lastModifiedDate":"2023-01-24"},{"lineNumber":35,"author":{"gitId":"avielcx"},"content":"    public String getDescription() {","lastModifiedDate":"2023-01-24"},{"lineNumber":36,"author":{"gitId":"avielcx"},"content":"        return description;","lastModifiedDate":"2023-01-24"},{"lineNumber":37,"author":{"gitId":"avielcx"},"content":"    }","lastModifiedDate":"2023-01-24"},{"lineNumber":38,"author":{"gitId":"avielcx"},"content":"","lastModifiedDate":"2023-01-24"},{"lineNumber":39,"author":{"gitId":"avielcx"},"content":"    public boolean getIsDone() {","lastModifiedDate":"2023-01-24"},{"lineNumber":40,"author":{"gitId":"avielcx"},"content":"        return isDone;","lastModifiedDate":"2023-01-24"},{"lineNumber":41,"author":{"gitId":"avielcx"},"content":"    }","lastModifiedDate":"2023-01-24"},{"lineNumber":42,"author":{"gitId":"avielcx"},"content":"","lastModifiedDate":"2023-01-24"},{"lineNumber":43,"author":{"gitId":"avielcx"},"content":"    public void setDescription(String description) {","lastModifiedDate":"2023-01-24"},{"lineNumber":44,"author":{"gitId":"avielcx"},"content":"        this.description \u003d description;","lastModifiedDate":"2023-01-24"},{"lineNumber":45,"author":{"gitId":"avielcx"},"content":"    }","lastModifiedDate":"2023-01-24"},{"lineNumber":46,"author":{"gitId":"avielcx"},"content":"","lastModifiedDate":"2023-01-24"},{"lineNumber":47,"author":{"gitId":"avielcx"},"content":"    public void setDone(boolean done) {","lastModifiedDate":"2023-01-24"},{"lineNumber":48,"author":{"gitId":"avielcx"},"content":"","lastModifiedDate":"2023-02-01"},{"lineNumber":49,"author":{"gitId":"avielcx"},"content":"        isDone \u003d done;","lastModifiedDate":"2023-01-24"},{"lineNumber":50,"author":{"gitId":"avielcx"},"content":"    }","lastModifiedDate":"2023-01-24"},{"lineNumber":51,"author":{"gitId":"avielcx"},"content":"","lastModifiedDate":"2023-01-24"},{"lineNumber":52,"author":{"gitId":"avielcx"},"content":"    /**","lastModifiedDate":"2023-02-01"},{"lineNumber":53,"author":{"gitId":"avielcx"},"content":"     * Check if the command is to mark or unmark an entry to then run appropriate method.","lastModifiedDate":"2023-02-18"},{"lineNumber":54,"author":{"gitId":"avielcx"},"content":"     *","lastModifiedDate":"2023-02-18"},{"lineNumber":55,"author":{"gitId":"avielcx"},"content":"     * @param command       instruction that could be \"mark\" or \"unmark","lastModifiedDate":"2023-02-18"},{"lineNumber":56,"author":{"gitId":"avielcx"},"content":"     * @param listOfTasks   listOfTasks ArrayList of tasks.","lastModifiedDate":"2023-02-18"},{"lineNumber":57,"author":{"gitId":"avielcx"},"content":"     * @param currentNumber Number of tasks present in the list.","lastModifiedDate":"2023-02-18"},{"lineNumber":58,"author":{"gitId":"avielcx"},"content":"     */","lastModifiedDate":"2023-02-01"},{"lineNumber":59,"author":{"gitId":"avielcx"},"content":"    public static void markOrUnmark(String command, ArrayList\u003cTask\u003e listOfTasks, int currentNumber) {","lastModifiedDate":"2023-02-11"},{"lineNumber":60,"author":{"gitId":"avielcx"},"content":"        if (command.matches(\"mark \\\\d\")) {","lastModifiedDate":"2023-02-04"},{"lineNumber":61,"author":{"gitId":"avielcx"},"content":"            mark(command, listOfTasks);","lastModifiedDate":"2023-01-29"},{"lineNumber":62,"author":{"gitId":"avielcx"},"content":"        } else if (command.matches(\"unmark \\\\d\")) {","lastModifiedDate":"2023-01-27"},{"lineNumber":63,"author":{"gitId":"avielcx"},"content":"            unmark(command, listOfTasks);","lastModifiedDate":"2023-01-29"},{"lineNumber":64,"author":{"gitId":"avielcx"},"content":"        }","lastModifiedDate":"2023-01-29"},{"lineNumber":65,"author":{"gitId":"avielcx"},"content":"    }","lastModifiedDate":"2023-01-29"},{"lineNumber":66,"author":{"gitId":"avielcx"},"content":"","lastModifiedDate":"2023-01-29"},{"lineNumber":67,"author":{"gitId":"avielcx"},"content":"    protected static int add(String line, ArrayList\u003cTask\u003e list, int currentNumber) {","lastModifiedDate":"2023-02-11"},{"lineNumber":68,"author":{"gitId":"avielcx"},"content":"        return currentNumber;","lastModifiedDate":"2023-02-01"},{"lineNumber":69,"author":{"gitId":"avielcx"},"content":"    }","lastModifiedDate":"2023-01-29"},{"lineNumber":70,"author":{"gitId":"avielcx"},"content":"","lastModifiedDate":"2023-01-29"},{"lineNumber":71,"author":{"gitId":"avielcx"},"content":"    protected static void unmark(String command, ArrayList\u003cTask\u003e listOfTasks) {","lastModifiedDate":"2023-02-11"},{"lineNumber":72,"author":{"gitId":"avielcx"},"content":"        String[] seperated \u003d command.split(\" \");","lastModifiedDate":"2023-01-24"},{"lineNumber":73,"author":{"gitId":"avielcx"},"content":"        int number \u003d Integer.parseInt(seperated[1]) - TASK_NUMBER_OFFSET;","lastModifiedDate":"2023-02-01"},{"lineNumber":74,"author":{"gitId":"avielcx"},"content":"        listOfTasks.get(number).setDone(false);","lastModifiedDate":"2023-02-11"},{"lineNumber":75,"author":{"gitId":"avielcx"},"content":"        System.out.println(\"     OK, I\u0027ve marked this task as not done yet:\");","lastModifiedDate":"2023-01-24"},{"lineNumber":76,"author":{"gitId":"avielcx"},"content":"        System.out.println(\"     \" + listOfTasks.get(number).taskLabel +","lastModifiedDate":"2023-02-18"},{"lineNumber":77,"author":{"gitId":"avielcx"},"content":"                listOfTasks.get(number).getStatusIcon() + \" \" + listOfTasks.get(number).description);","lastModifiedDate":"2023-02-18"},{"lineNumber":78,"author":{"gitId":"avielcx"},"content":"    }","lastModifiedDate":"2023-01-29"},{"lineNumber":79,"author":{"gitId":"avielcx"},"content":"","lastModifiedDate":"2023-01-24"},{"lineNumber":80,"author":{"gitId":"avielcx"},"content":"    protected static void mark(String command, ArrayList\u003cTask\u003e listOfTasks) {","lastModifiedDate":"2023-02-11"},{"lineNumber":81,"author":{"gitId":"avielcx"},"content":"        String[] seperated \u003d command.split(\" \");","lastModifiedDate":"2023-01-29"},{"lineNumber":82,"author":{"gitId":"avielcx"},"content":"        int number \u003d Integer.parseInt(seperated[1]) - TASK_NUMBER_OFFSET;","lastModifiedDate":"2023-02-01"},{"lineNumber":83,"author":{"gitId":"avielcx"},"content":"        listOfTasks.get(number).setDone(true);","lastModifiedDate":"2023-02-11"},{"lineNumber":84,"author":{"gitId":"avielcx"},"content":"        System.out.println(\"     Nice! I\u0027ve marked this task as done:\");","lastModifiedDate":"2023-01-29"},{"lineNumber":85,"author":{"gitId":"avielcx"},"content":"        System.out.println(\"     \" + listOfTasks.get(number).taskLabel +","lastModifiedDate":"2023-02-18"},{"lineNumber":86,"author":{"gitId":"avielcx"},"content":"                listOfTasks.get(number).getStatusIcon() + \" \" + listOfTasks.get(number).description);","lastModifiedDate":"2023-02-18"},{"lineNumber":87,"author":{"gitId":"avielcx"},"content":"    }","lastModifiedDate":"2023-01-29"},{"lineNumber":88,"author":{"gitId":"avielcx"},"content":"","lastModifiedDate":"2023-01-24"},{"lineNumber":89,"author":{"gitId":"avielcx"},"content":"","lastModifiedDate":"2023-01-24"},{"lineNumber":90,"author":{"gitId":"avielcx"},"content":"}","lastModifiedDate":"2023-01-24"}],"authorContributionMap":{"avielcx":90}},{"path":"src/main/java/Todo.java","fileType":"java","lines":[{"lineNumber":1,"author":{"gitId":"avielcx"},"content":"import java.util.ArrayList;","lastModifiedDate":"2023-02-11"},{"lineNumber":2,"author":{"gitId":"avielcx"},"content":"","lastModifiedDate":"2023-02-11"},{"lineNumber":3,"author":{"gitId":"avielcx"},"content":"/**","lastModifiedDate":"2023-02-18"},{"lineNumber":4,"author":{"gitId":"avielcx"},"content":" * Represents a Todo task.","lastModifiedDate":"2023-02-18"},{"lineNumber":5,"author":{"gitId":"avielcx"},"content":" */","lastModifiedDate":"2023-02-18"},{"lineNumber":6,"author":{"gitId":"avielcx"},"content":"","lastModifiedDate":"2023-02-18"},{"lineNumber":7,"author":{"gitId":"avielcx"},"content":"public class Todo extends Task {","lastModifiedDate":"2023-01-29"},{"lineNumber":8,"author":{"gitId":"avielcx"},"content":"    static final int PARTITION_TO_TWO \u003d 2;","lastModifiedDate":"2023-02-19"},{"lineNumber":9,"author":{"gitId":"avielcx"},"content":"","lastModifiedDate":"2023-02-19"},{"lineNumber":10,"author":{"gitId":"avielcx"},"content":"    public Todo(String description) {","lastModifiedDate":"2023-01-29"},{"lineNumber":11,"author":{"gitId":"avielcx"},"content":"        super(description);","lastModifiedDate":"2023-01-29"},{"lineNumber":12,"author":{"gitId":"avielcx"},"content":"        String[] lineComponents \u003d description.split(\" \", PARTITION_TO_TWO);","lastModifiedDate":"2023-02-19"},{"lineNumber":13,"author":{"gitId":"avielcx"},"content":"        this.description \u003d lineComponents[1];","lastModifiedDate":"2023-02-01"},{"lineNumber":14,"author":{"gitId":"avielcx"},"content":"        this.taskLabel \u003d \"[T]\";","lastModifiedDate":"2023-02-01"},{"lineNumber":15,"author":{"gitId":"avielcx"},"content":"    }","lastModifiedDate":"2023-01-29"},{"lineNumber":16,"author":{"gitId":"avielcx"},"content":"","lastModifiedDate":"2023-01-29"},{"lineNumber":17,"author":{"gitId":"avielcx"},"content":"    public Todo() {","lastModifiedDate":"2023-02-19"},{"lineNumber":18,"author":{"gitId":"avielcx"},"content":"    }","lastModifiedDate":"2023-02-19"},{"lineNumber":19,"author":{"gitId":"avielcx"},"content":"","lastModifiedDate":"2023-02-04"},{"lineNumber":20,"author":{"gitId":"avielcx"},"content":"    public static int add(String line, ArrayList\u003cTask\u003e list, int currentNumber) {","lastModifiedDate":"2023-02-11"},{"lineNumber":21,"author":{"gitId":"avielcx"},"content":"        System.out.println(\"     Got it. I\u0027ve added this task:\");","lastModifiedDate":"2023-01-29"},{"lineNumber":22,"author":{"gitId":"avielcx"},"content":"        Todo newTask \u003d new Todo(line);","lastModifiedDate":"2023-01-29"},{"lineNumber":23,"author":{"gitId":"avielcx"},"content":"        System.out.println(\"       \" + newTask.taskLabel + newTask.getStatusIcon()","lastModifiedDate":"2023-02-18"},{"lineNumber":24,"author":{"gitId":"avielcx"},"content":"                + \" \" + newTask.description);","lastModifiedDate":"2023-02-18"},{"lineNumber":25,"author":{"gitId":"avielcx"},"content":"        list.add(newTask);","lastModifiedDate":"2023-02-11"},{"lineNumber":26,"author":{"gitId":"avielcx"},"content":"        ++currentNumber;","lastModifiedDate":"2023-02-01"},{"lineNumber":27,"author":{"gitId":"avielcx"},"content":"        System.out.println(\"     Now you have \" + currentNumber + \" tasks in the list.\");","lastModifiedDate":"2023-02-01"},{"lineNumber":28,"author":{"gitId":"avielcx"},"content":"        return currentNumber;","lastModifiedDate":"2023-02-01"},{"lineNumber":29,"author":{"gitId":"avielcx"},"content":"    }","lastModifiedDate":"2023-01-29"},{"lineNumber":30,"author":{"gitId":"avielcx"},"content":"}","lastModifiedDate":"2023-01-29"}],"authorContributionMap":{"avielcx":30}},{"path":"src/main/java/WriteFile.java","fileType":"java","lines":[{"lineNumber":1,"author":{"gitId":"avielcx"},"content":"import java.io.FileWriter;","lastModifiedDate":"2023-02-11"},{"lineNumber":2,"author":{"gitId":"avielcx"},"content":"import java.io.IOException;","lastModifiedDate":"2023-02-11"},{"lineNumber":3,"author":{"gitId":"avielcx"},"content":"import java.util.ArrayList;","lastModifiedDate":"2023-02-11"},{"lineNumber":4,"author":{"gitId":"avielcx"},"content":"","lastModifiedDate":"2023-02-11"},{"lineNumber":5,"author":{"gitId":"avielcx"},"content":"public class WriteFile {","lastModifiedDate":"2023-02-11"},{"lineNumber":6,"author":{"gitId":"avielcx"},"content":"","lastModifiedDate":"2023-02-11"},{"lineNumber":7,"author":{"gitId":"avielcx"},"content":"    public static void writeToFile(String filePath, ArrayList\u003cTask\u003e listOfTasks) throws IOException {","lastModifiedDate":"2023-02-11"},{"lineNumber":8,"author":{"gitId":"avielcx"},"content":"        FileWriter fw \u003d new FileWriter(filePath);","lastModifiedDate":"2023-02-11"},{"lineNumber":9,"author":{"gitId":"avielcx"},"content":"","lastModifiedDate":"2023-02-11"},{"lineNumber":10,"author":{"gitId":"avielcx"},"content":"        for (int i \u003d 0; i \u003c listOfTasks.size(); ++i) {","lastModifiedDate":"2023-02-11"},{"lineNumber":11,"author":{"gitId":"avielcx"},"content":"            String[] label \u003d listOfTasks.get(i).taskLabel.split(\"\"); // Get the Char in taskLabel","lastModifiedDate":"2023-02-11"},{"lineNumber":12,"author":{"gitId":"avielcx"},"content":"            String charLabel \u003d label[1];","lastModifiedDate":"2023-02-11"},{"lineNumber":13,"author":{"gitId":"avielcx"},"content":"            String name, period;","lastModifiedDate":"2023-02-11"},{"lineNumber":14,"author":{"gitId":"avielcx"},"content":"            int binIsDone \u003d (listOfTasks.get(i).isDone ? 1 : 0);","lastModifiedDate":"2023-02-11"},{"lineNumber":15,"author":{"gitId":"avielcx"},"content":"            switch (charLabel) {","lastModifiedDate":"2023-02-11"},{"lineNumber":16,"author":{"gitId":"avielcx"},"content":"            case \"T\":","lastModifiedDate":"2023-02-11"},{"lineNumber":17,"author":{"gitId":"avielcx"},"content":"                fw.write(charLabel + \"/\" + binIsDone + \"/\" + listOfTasks.get(i).description + \"\\n\");","lastModifiedDate":"2023-02-11"},{"lineNumber":18,"author":{"gitId":"avielcx"},"content":"                break;","lastModifiedDate":"2023-02-11"},{"lineNumber":19,"author":{"gitId":"avielcx"},"content":"            case \"D\":","lastModifiedDate":"2023-02-11"},{"lineNumber":20,"author":{"gitId":"avielcx"},"content":"                String[] splitNameDate \u003d listOfTasks.get(i).description.split(\" \\\\(by: \");","lastModifiedDate":"2023-02-11"},{"lineNumber":21,"author":{"gitId":"avielcx"},"content":"                name \u003d splitNameDate[0];","lastModifiedDate":"2023-02-11"},{"lineNumber":22,"author":{"gitId":"avielcx"},"content":"                period \u003d splitNameDate[1].replaceAll(\"\\\\)\", \"\");","lastModifiedDate":"2023-02-11"},{"lineNumber":23,"author":{"gitId":"avielcx"},"content":"                fw.write(charLabel + \"/\" + binIsDone + \"/\" + name + \"/\" + period + \"\\n\");","lastModifiedDate":"2023-02-11"},{"lineNumber":24,"author":{"gitId":"avielcx"},"content":"                break;","lastModifiedDate":"2023-02-11"},{"lineNumber":25,"author":{"gitId":"avielcx"},"content":"            case \"E\":","lastModifiedDate":"2023-02-11"},{"lineNumber":26,"author":{"gitId":"avielcx"},"content":"                String[] splitNameFromPeriod \u003d listOfTasks.get(i).description.split(\" \\\\(from: \");","lastModifiedDate":"2023-02-11"},{"lineNumber":27,"author":{"gitId":"avielcx"},"content":"                name \u003d splitNameFromPeriod[0];","lastModifiedDate":"2023-02-11"},{"lineNumber":28,"author":{"gitId":"avielcx"},"content":"                period \u003d splitNameFromPeriod[1].replaceAll(\"\\\\)\", \"\");","lastModifiedDate":"2023-02-11"},{"lineNumber":29,"author":{"gitId":"avielcx"},"content":"                period \u003d period.replace(\"to:\", \"-\");","lastModifiedDate":"2023-02-11"},{"lineNumber":30,"author":{"gitId":"avielcx"},"content":"                fw.write(charLabel + \"/\" + binIsDone + \"/\" + name + \"/\" + period + \"\\n\");","lastModifiedDate":"2023-02-11"},{"lineNumber":31,"author":{"gitId":"avielcx"},"content":"                break;","lastModifiedDate":"2023-02-11"},{"lineNumber":32,"author":{"gitId":"avielcx"},"content":"            }","lastModifiedDate":"2023-02-11"},{"lineNumber":33,"author":{"gitId":"avielcx"},"content":"        }","lastModifiedDate":"2023-02-11"},{"lineNumber":34,"author":{"gitId":"avielcx"},"content":"        fw.close();","lastModifiedDate":"2023-02-11"},{"lineNumber":35,"author":{"gitId":"avielcx"},"content":"    }","lastModifiedDate":"2023-02-11"},{"lineNumber":36,"author":{"gitId":"avielcx"},"content":"}","lastModifiedDate":"2023-02-11"},{"lineNumber":37,"author":{"gitId":"avielcx"},"content":"","lastModifiedDate":"2023-02-11"}],"authorContributionMap":{"avielcx":37}},{"path":"src/main/java/output.txt","fileType":"txt","lines":[{"lineNumber":1,"author":{"gitId":"avielcx"},"content":"Hello from","lastModifiedDate":"2023-01-31"},{"lineNumber":2,"author":{"gitId":"avielcx"},"content":"     ____        _        ","lastModifiedDate":"2023-01-31"},{"lineNumber":3,"author":{"gitId":"avielcx"},"content":"    |  _ \\ _   _| | _____ ","lastModifiedDate":"2023-01-31"},{"lineNumber":4,"author":{"gitId":"avielcx"},"content":"    | | | | | | | |/ / _ \\","lastModifiedDate":"2023-01-31"},{"lineNumber":5,"author":{"gitId":"avielcx"},"content":"    | |_| | |_| |   \u003c  __/","lastModifiedDate":"2023-01-31"},{"lineNumber":6,"author":{"gitId":"avielcx"},"content":"    |____/ \\__,_|_|\\_\\___|","lastModifiedDate":"2023-01-31"},{"lineNumber":7,"author":{"gitId":"avielcx"},"content":"","lastModifiedDate":"2023-01-31"},{"lineNumber":8,"author":{"gitId":"avielcx"},"content":"    ____________________________________________________________","lastModifiedDate":"2023-01-31"},{"lineNumber":9,"author":{"gitId":"avielcx"},"content":"     Hello! I\u0027m Duke ","lastModifiedDate":"2023-01-31"},{"lineNumber":10,"author":{"gitId":"avielcx"},"content":"     What can I do for you? ","lastModifiedDate":"2023-01-31"},{"lineNumber":11,"author":{"gitId":"avielcx"},"content":"    ____________________________________________________________","lastModifiedDate":"2023-01-31"},{"lineNumber":12,"author":{"gitId":"avielcx"},"content":"","lastModifiedDate":"2023-01-31"},{"lineNumber":13,"author":{"gitId":"avielcx"},"content":"    ____________________________________________________________","lastModifiedDate":"2023-01-31"},{"lineNumber":14,"author":{"gitId":"avielcx"},"content":"    Got it. I\u0027ve added this task:","lastModifiedDate":"2023-01-31"},{"lineNumber":15,"author":{"gitId":"avielcx"},"content":"      [T][ ] borrow book","lastModifiedDate":"2023-01-31"},{"lineNumber":16,"author":{"gitId":"avielcx"},"content":"    Now you have 1 tasks in the list.","lastModifiedDate":"2023-01-31"},{"lineNumber":17,"author":{"gitId":"avielcx"},"content":"    ____________________________________________________________","lastModifiedDate":"2023-01-31"},{"lineNumber":18,"author":{"gitId":"avielcx"},"content":"","lastModifiedDate":"2023-01-31"},{"lineNumber":19,"author":{"gitId":"avielcx"},"content":"    ____________________________________________________________","lastModifiedDate":"2023-01-31"},{"lineNumber":20,"author":{"gitId":"avielcx"},"content":"    Bye. Hope to see you again soon!","lastModifiedDate":"2023-01-31"},{"lineNumber":21,"author":{"gitId":"avielcx"},"content":"    ____________________________________________________________","lastModifiedDate":"2023-01-31"},{"lineNumber":22,"author":{"gitId":"avielcx"},"content":"","lastModifiedDate":"2023-01-31"}],"authorContributionMap":{"avielcx":22}},{"path":"text-ui-test/input.txt","fileType":"txt","lines":[{"lineNumber":1,"author":{"gitId":"avielcx"},"content":"todo borrow book","lastModifiedDate":"2023-02-11"},{"lineNumber":2,"author":{"gitId":"avielcx"},"content":"deadline return book /by Sunday","lastModifiedDate":"2023-02-11"},{"lineNumber":3,"author":{"gitId":"avielcx"},"content":"event project meeting /from Mon 2pm /to 4pm","lastModifiedDate":"2023-02-11"},{"lineNumber":4,"author":{"gitId":"avielcx"},"content":"list","lastModifiedDate":"2023-02-11"},{"lineNumber":5,"author":{"gitId":"avielcx"},"content":"mark 1","lastModifiedDate":"2023-02-11"},{"lineNumber":6,"author":{"gitId":"avielcx"},"content":"mark 2","lastModifiedDate":"2023-02-11"},{"lineNumber":7,"author":{"gitId":"avielcx"},"content":"mark 3","lastModifiedDate":"2023-02-11"},{"lineNumber":8,"author":{"gitId":"avielcx"},"content":"list","lastModifiedDate":"2023-02-11"},{"lineNumber":9,"author":{"gitId":"avielcx"},"content":"unmark 1","lastModifiedDate":"2023-02-11"},{"lineNumber":10,"author":{"gitId":"avielcx"},"content":"unmark 2","lastModifiedDate":"2023-02-11"},{"lineNumber":11,"author":{"gitId":"avielcx"},"content":"unmark 3","lastModifiedDate":"2023-02-11"},{"lineNumber":12,"author":{"gitId":"avielcx"},"content":"list","lastModifiedDate":"2023-02-11"}],"authorContributionMap":{"avielcx":12}}]
