{"authorDailyContributionsMap":{"FanZixian":[{"date":"2023-01-23","commitResults":[{"hash":"c20a609290f7da73c517c78cdaf994457087f6cf","isMergeCommit":false,"messageTitle":"Level-0","messageBody":"","fileTypesAndContributionMap":{"java":{"insertions":24,"deletions":0}}},{"hash":"9dd9b637b8bfcea17fa66aaa7d4acb97e01dc752","isMergeCommit":false,"messageTitle":"Level-1","messageBody":"","fileTypesAndContributionMap":{"java":{"insertions":14,"deletions":1}}}]},{"date":"2023-01-25","commitResults":[{"hash":"7bce41152f46ab5d3ad0674f53a3add011461045","isMergeCommit":false,"messageTitle":"no message","messageBody":"","tags":["Level-1,Greet,Echo,Exit"],"fileTypesAndContributionMap":{"java":{"insertions":2,"deletions":0}}},{"hash":"04f278e9fabd9cb71b331c3dacd0c31540bed73e","isMergeCommit":false,"messageTitle":"Level 2. Add, List","messageBody":"","tags":["Level-2"],"fileTypesAndContributionMap":{"java":{"insertions":21,"deletions":4}}},{"hash":"8ebb5fe93316501497686e5c63cf60c3abf79f3a","isMergeCommit":false,"messageTitle":"Level 3. Mark as Done","messageBody":"","tags":["Level-3"],"fileTypesAndContributionMap":{"java":{"insertions":37,"deletions":4}}}]},{"date":"2023-01-27","commitResults":[{"hash":"c48152df8bdd438445156abfbf075f402cf9027a","isMergeCommit":false,"messageTitle":"Level-4, A-TextUiTesting, A-CodeQuality","messageBody":"","tags":["Level-4"],"fileTypesAndContributionMap":{"java":{"insertions":112,"deletions":26}}}]},{"date":"2023-01-31","commitResults":[{"hash":"953709eb47121220273d5ecfceaa940478a3fce7","isMergeCommit":false,"messageTitle":"Update Level 4","messageBody":"","tags":["Level-4Updated"],"fileTypesAndContributionMap":{"java":{"insertions":31,"deletions":42}}}]},{"date":"2023-02-02","commitResults":[{"hash":"935e989496ad2707783469b91449828f19a53a2c","isMergeCommit":false,"messageTitle":"Level 5. Handle Errors","messageBody":"","fileTypesAndContributionMap":{"java":{"insertions":61,"deletions":9}}}]},{"date":"2023-02-11","commitResults":[{"hash":"c6bb26c3d03db21ba8d87a88413044e527e33af0","isMergeCommit":false,"messageTitle":"Maintain","messageBody":"","tags":["MaintainMasterbranchupdated"],"fileTypesAndContributionMap":{"txt":{"insertions":9,"deletions":0},"java":{"insertions":369,"deletions":93}}},{"hash":"0a45d232c5e7457d00673b78cc3242e47ac77592","isMergeCommit":false,"messageTitle":"Level 8. Dates and Times","messageBody":"","tags":["Level-8"],"fileTypesAndContributionMap":{"txt":{"insertions":4,"deletions":0},"java":{"insertions":98,"deletions":0}}}]},{"date":"2023-02-13","commitResults":[{"hash":"d9e2472d99917f24fdc8c4903dd3ae66e8294f2d","isMergeCommit":false,"messageTitle":"Level-8 Complete","messageBody":"","fileTypesAndContributionMap":{"txt":{"insertions":1,"deletions":0},"java":{"insertions":54,"deletions":48}}},{"hash":"b0d3b39b3360121fa4fa324a968b97a6aded2764","isMergeCommit":false,"messageTitle":"Level-9: find method complete","messageBody":"","tags":["Level-9"],"fileTypesAndContributionMap":{"java":{"insertions":36,"deletions":0}}},{"hash":"3c1ef4db6bfe1cc2e38947d66e016a4138e80fb5","isMergeCommit":true,"messageTitle":"Merge branch \u0027branch-Level-9\u0027","messageBody":"","fileTypesAndContributionMap":{}},{"hash":"5a71f7700b3044b0df90b2f02137308bda1901b1","isMergeCommit":false,"messageTitle":"Due with merge conflict","messageBody":"","fileTypesAndContributionMap":{"java":{"insertions":0,"deletions":4}}}]},{"date":"2023-02-16","commitResults":[{"hash":"ad8d64e8fedba6274f743914a60d80e30d81521d","isMergeCommit":false,"messageTitle":"Change the gradle","messageBody":"","fileTypesAndContributionMap":{"txt":{"insertions":1,"deletions":0},"java":{"insertions":1,"deletions":1}}},{"hash":"29d130f5191e701fbad3ba5ad83a1cc524649285","isMergeCommit":false,"messageTitle":"Do some debugging for storage.class","messageBody":"","fileTypesAndContributionMap":{"java":{"insertions":12,"deletions":1}}}]},{"date":"2023-02-27","commitResults":[{"hash":"a1477004b1ef1121fef1b1a00b8033163ab22547","isMergeCommit":false,"messageTitle":"Provide all necessary comments to each class. Deal with some possible error in class MarkCommand and UnmarkCommand","messageBody":"","tags":["CommentsAndCorrection"],"fileTypesAndContributionMap":{"java":{"insertions":180,"deletions":54}}},{"hash":"479233829800239ec800355a8108632ea31f29f8","isMergeCommit":false,"messageTitle":"Delete some unnecessary print commands, and rebuilt the jar file","messageBody":"","tags":["Finalcheck1"],"fileTypesAndContributionMap":{"txt":{"insertions":1,"deletions":0},"java":{"insertions":0,"deletions":3}}}]},{"date":"2023-02-28","commitResults":[{"hash":"58a46682e46ffe85d3664ff16451c324666e6e9b","isMergeCommit":false,"messageTitle":"Update README.md","messageBody":"","fileTypesAndContributionMap":{"md":{"insertions":6,"deletions":0}}}]},{"date":"2023-03-01","commitResults":[{"hash":"32f1962bc75af57070c03afd7bdfe9e35a95bc15","isMergeCommit":false,"messageTitle":"Update README.md","messageBody":"","fileTypesAndContributionMap":{"md":{"insertions":13,"deletions":2}}},{"hash":"b19124b4f4148777273deac28fec963002654782","isMergeCommit":false,"messageTitle":"Update README.md","messageBody":"","fileTypesAndContributionMap":{"md":{"insertions":16,"deletions":8}}},{"hash":"87ed6be889da4085d079f8312ba350c61661804c","isMergeCommit":false,"messageTitle":"Update README.md","messageBody":"","fileTypesAndContributionMap":{"md":{"insertions":22,"deletions":3}}},{"hash":"0cb5d6b094fb5735571ac2ef80c4f9792efaae9a","isMergeCommit":false,"messageTitle":"Final adjustments, and complete the User guide","messageBody":"","fileTypesAndContributionMap":{"txt":{"insertions":1,"deletions":1},"java":{"insertions":7,"deletions":5},"md":{"insertions":44,"deletions":0}}},{"hash":"27d0cdb30a1e5e4e47eae12c90772ef9e1adf346","isMergeCommit":true,"messageTitle":"Merge branch \u0027master\u0027 of https://github.com/FanZixian/ip","messageBody":"","fileTypesAndContributionMap":{}}]},{"date":"2023-03-02","commitResults":[{"hash":"073645a8658048b5290acc6510ed7d234a5c1590","isMergeCommit":false,"messageTitle":"Update README.md","messageBody":"","tags":["A-release","A-Release"],"fileTypesAndContributionMap":{"md":{"insertions":38,"deletions":13}}}]},{"date":"2023-03-03","commitResults":[{"hash":"5faf18697d0497416a4193a3aa499e5ee7872bf9","isMergeCommit":true,"messageTitle":"Merge branch \u0027branch-Level-5\u0027","messageBody":"# Conflicts:\n#\tsrc/main/java/Duke.java\n","tags":["branch-A-JavaDoc"],"fileTypesAndContributionMap":{}},{"hash":"804c3bc71040db3fbded9d331246f8d43df52fe7","isMergeCommit":false,"messageTitle":"Merge PR","messageBody":"","fileTypesAndContributionMap":{"java":{"insertions":2,"deletions":0}}},{"hash":"dc2d013aef30d023a7dbe40a67f4f8cbb10f4307","isMergeCommit":false,"messageTitle":"Merge","messageBody":"","tags":["Merging-PRs"],"fileTypesAndContributionMap":{"java":{"insertions":1,"deletions":0}}}]}]},"authorFileTypeContributionMap":{"FanZixian":{"java":746,"md":82,"fxml":0,"sh":0,"bat":0,"gradle":0,"txt":16}},"authorContributionVariance":{"FanZixian":8223.876},"authorDisplayNameMap":{"FanZixian":"CS2113-T13-2 FAN ..XIAN"}}
