[{"path":"README.md","fileType":"md","lines":[{"lineNumber":1,"author":{"gitId":"-"},"content":"# Duke project template","lastModifiedDate":"2020-05-25"},{"lineNumber":2,"author":{"gitId":"-"},"content":"","lastModifiedDate":"2020-05-25"},{"lineNumber":3,"author":{"gitId":"-"},"content":"This is a project template for a greenfield Java project. It\u0027s named after the Java mascot _Duke_. Given below are instructions on how to use it.","lastModifiedDate":"2020-05-25"},{"lineNumber":4,"author":{"gitId":"-"},"content":"","lastModifiedDate":"2020-05-25"},{"lineNumber":5,"author":{"gitId":"-"},"content":"## Setting up in Intellij","lastModifiedDate":"2020-05-25"},{"lineNumber":6,"author":{"gitId":"-"},"content":"","lastModifiedDate":"2020-05-25"},{"lineNumber":7,"author":{"gitId":"-"},"content":"Prerequisites: JDK 11, update Intellij to the most recent version.","lastModifiedDate":"2020-05-25"},{"lineNumber":8,"author":{"gitId":"-"},"content":"","lastModifiedDate":"2020-05-25"},{"lineNumber":9,"author":{"gitId":"-"},"content":"1. Open Intellij (if you are not in the welcome screen, click `File` \u003e `Close Project` to close the existing project first)","lastModifiedDate":"2021-01-17"},{"lineNumber":10,"author":{"gitId":"-"},"content":"1. Open the project into Intellij as follows:","lastModifiedDate":"2021-01-17"},{"lineNumber":11,"author":{"gitId":"-"},"content":"   1. Click `Open`.","lastModifiedDate":"2021-01-17"},{"lineNumber":12,"author":{"gitId":"-"},"content":"   1. Select the project directory, and click `OK`.","lastModifiedDate":"2021-01-17"},{"lineNumber":13,"author":{"gitId":"-"},"content":"   1. If there are any further prompts, accept the defaults.","lastModifiedDate":"2020-05-25"},{"lineNumber":14,"author":{"gitId":"-"},"content":"1. Configure the project to use **JDK 11** (not other versions) as explained in [here](https://www.jetbrains.com/help/idea/sdk.html#set-up-jdk).\u003cbr\u003e","lastModifiedDate":"2021-07-29"},{"lineNumber":15,"author":{"gitId":"-"},"content":"   In the same dialog, set the **Project language level** field to the `SDK default` option.","lastModifiedDate":"2021-07-29"},{"lineNumber":16,"author":{"gitId":"-"},"content":"3. After that, locate the `src/main/java/Duke.java` file, right-click it, and choose `Run Duke.main()` (if the code editor is showing compile errors, try restarting the IDE). If the setup is correct, you should see something like the below as the output:","lastModifiedDate":"2021-07-29"},{"lineNumber":17,"author":{"gitId":"-"},"content":"   ```","lastModifiedDate":"2020-05-25"},{"lineNumber":18,"author":{"gitId":"-"},"content":"   Hello from","lastModifiedDate":"2020-05-25"},{"lineNumber":19,"author":{"gitId":"-"},"content":"    ____        _        ","lastModifiedDate":"2020-05-25"},{"lineNumber":20,"author":{"gitId":"-"},"content":"   |  _ \\ _   _| | _____ ","lastModifiedDate":"2020-05-25"},{"lineNumber":21,"author":{"gitId":"-"},"content":"   | | | | | | | |/ / _ \\","lastModifiedDate":"2020-05-25"},{"lineNumber":22,"author":{"gitId":"-"},"content":"   | |_| | |_| |   \u003c  __/","lastModifiedDate":"2020-05-25"},{"lineNumber":23,"author":{"gitId":"-"},"content":"   |____/ \\__,_|_|\\_\\___|","lastModifiedDate":"2020-05-25"},{"lineNumber":24,"author":{"gitId":"-"},"content":"   ```","lastModifiedDate":"2020-05-25"},{"lineNumber":25,"author":{"gitId":"tyuyang"},"content":"","lastModifiedDate":"2023-01-27"},{"lineNumber":26,"author":{"gitId":"tyuyang"},"content":"Current features: Greet, exit, add, list, markDone, unmarkDone.","lastModifiedDate":"2023-01-27"}],"authorContributionMap":{"tyuyang":2,"-":24}},{"path":"data/savefile.txt","fileType":"txt","lines":[{"lineNumber":1,"author":{"gitId":"tyuyang"},"content":"T|Y|hi","lastModifiedDate":"2023-02-13"},{"lineNumber":2,"author":{"gitId":"tyuyang"},"content":"D|N|hihi|this time","lastModifiedDate":"2023-02-13"},{"lineNumber":3,"author":{"gitId":"tyuyang"},"content":"E|Y|hihihi|here|there","lastModifiedDate":"2023-02-13"}],"authorContributionMap":{"tyuyang":3}},{"path":"docs/Notes.txt","fileType":"txt","lines":[{"lineNumber":1,"author":{"gitId":"tyuyang"},"content":"This file is for personal use, and should not be used for grading purposes.","lastModifiedDate":"2023-02-12"},{"lineNumber":2,"author":{"gitId":"tyuyang"},"content":"","lastModifiedDate":"2023-02-12"},{"lineNumber":3,"author":{"gitId":"tyuyang"},"content":"Savefile format:","lastModifiedDate":"2023-02-12"},{"lineNumber":4,"author":{"gitId":"tyuyang"},"content":"for todos: T|NAME|IS_DONE","lastModifiedDate":"2023-02-20"},{"lineNumber":5,"author":{"gitId":"tyuyang"},"content":"for deadlines: D|NAME|BY|IS_DONE","lastModifiedDate":"2023-02-20"},{"lineNumber":6,"author":{"gitId":"tyuyang"},"content":"for events: E|NAME|FROM|TO|IS_DONE","lastModifiedDate":"2023-02-20"},{"lineNumber":7,"author":{"gitId":"tyuyang"},"content":"","lastModifiedDate":"2023-02-12"},{"lineNumber":8,"author":{"gitId":"tyuyang"},"content":"delimiter is |, if it is not obvious enough","lastModifiedDate":"2023-02-12"},{"lineNumber":9,"author":{"gitId":"tyuyang"},"content":"there is probably no need for keywords, since the delimiter should be good enough","lastModifiedDate":"2023-02-12"},{"lineNumber":10,"author":{"gitId":"tyuyang"},"content":"to act as replacement for keywords. But screw whoever who ever decides to put | as ","lastModifiedDate":"2023-02-12"},{"lineNumber":11,"author":{"gitId":"tyuyang"},"content":"part of their arguments.","lastModifiedDate":"2023-02-12"},{"lineNumber":12,"author":{"gitId":"tyuyang"},"content":"","lastModifiedDate":"2023-02-12"},{"lineNumber":13,"author":{"gitId":"tyuyang"},"content":"","lastModifiedDate":"2023-02-12"},{"lineNumber":14,"author":{"gitId":"tyuyang"},"content":"Yay parsing done, now left with saving into the file. File corruption not handled, ","lastModifiedDate":"2023-02-12"},{"lineNumber":15,"author":{"gitId":"tyuyang"},"content":"so if stupid shit like ||||||| got entered into the savefile, I am screwed. Will ","lastModifiedDate":"2023-02-13"},{"lineNumber":16,"author":{"gitId":"tyuyang"},"content":"finish up saving into the savefile tomorrow. Should really find a time to refactor ","lastModifiedDate":"2023-02-13"},{"lineNumber":17,"author":{"gitId":"tyuyang"},"content":"certain methods into other classes.","lastModifiedDate":"2023-02-13"}],"authorContributionMap":{"tyuyang":17}},{"path":"src/main/java/duke/Duke.java","fileType":"java","lines":[{"lineNumber":1,"author":{"gitId":"tyuyang"},"content":"package duke;","lastModifiedDate":"2023-02-04"},{"lineNumber":2,"author":{"gitId":"tyuyang"},"content":"","lastModifiedDate":"2023-02-11"},{"lineNumber":3,"author":{"gitId":"tyuyang"},"content":"import java.io.File;","lastModifiedDate":"2023-02-12"},{"lineNumber":4,"author":{"gitId":"tyuyang"},"content":"import java.io.FileNotFoundException;","lastModifiedDate":"2023-02-12"},{"lineNumber":5,"author":{"gitId":"tyuyang"},"content":"import java.io.FileWriter;","lastModifiedDate":"2023-02-13"},{"lineNumber":6,"author":{"gitId":"tyuyang"},"content":"import java.io.IOException;","lastModifiedDate":"2023-02-12"},{"lineNumber":7,"author":{"gitId":"tyuyang"},"content":"import java.util.Scanner;","lastModifiedDate":"2023-01-26"},{"lineNumber":8,"author":{"gitId":"tyuyang"},"content":"","lastModifiedDate":"2023-01-26"},{"lineNumber":9,"author":{"gitId":"-"},"content":"public class Duke {","lastModifiedDate":"2019-07-29"},{"lineNumber":10,"author":{"gitId":"tyuyang"},"content":"    private static boolean hasEnteredBye \u003d false;","lastModifiedDate":"2023-02-02"},{"lineNumber":11,"author":{"gitId":"tyuyang"},"content":"    ","lastModifiedDate":"2023-02-02"},{"lineNumber":12,"author":{"gitId":"tyuyang"},"content":"    public static void greetUser() {","lastModifiedDate":"2023-01-26"},{"lineNumber":13,"author":{"gitId":"tyuyang"},"content":"        printLine();","lastModifiedDate":"2023-01-26"},{"lineNumber":14,"author":{"gitId":"tyuyang"},"content":"        System.out.println(\"Hello, I\u0027m Duke\");","lastModifiedDate":"2023-01-26"},{"lineNumber":15,"author":{"gitId":"tyuyang"},"content":"        System.out.println(\"Loading savefile...\");","lastModifiedDate":"2023-02-12"},{"lineNumber":16,"author":{"gitId":"tyuyang"},"content":"        printLine();","lastModifiedDate":"2023-01-26"},{"lineNumber":17,"author":{"gitId":"tyuyang"},"content":"    }","lastModifiedDate":"2023-01-26"},{"lineNumber":18,"author":{"gitId":"tyuyang"},"content":"    ","lastModifiedDate":"2023-01-26"},{"lineNumber":19,"author":{"gitId":"tyuyang"},"content":"    public static void printLine() {","lastModifiedDate":"2023-01-26"},{"lineNumber":20,"author":{"gitId":"tyuyang"},"content":"        System.out.println(\"____________________________________________________________\");","lastModifiedDate":"2023-01-26"},{"lineNumber":21,"author":{"gitId":"tyuyang"},"content":"    }","lastModifiedDate":"2023-01-26"},{"lineNumber":22,"author":{"gitId":"tyuyang"},"content":"    ","lastModifiedDate":"2023-01-26"},{"lineNumber":23,"author":{"gitId":"tyuyang"},"content":"    public static void help() {","lastModifiedDate":"2023-01-27"},{"lineNumber":24,"author":{"gitId":"tyuyang"},"content":"        System.out.println(\"List of commands:\");","lastModifiedDate":"2023-01-27"},{"lineNumber":25,"author":{"gitId":"tyuyang"},"content":"        System.out.println(\"list: Lists all tasks.\");","lastModifiedDate":"2023-01-27"},{"lineNumber":26,"author":{"gitId":"tyuyang"},"content":"        System.out.println(\"todo \u003cname\u003e: Adds a ToDo task.\");","lastModifiedDate":"2023-01-31"},{"lineNumber":27,"author":{"gitId":"tyuyang"},"content":"        System.out.println(\"deadline \u003cname\u003e /by \u003cby when\u003e: Adds a deadline task\" +","lastModifiedDate":"2023-02-02"},{"lineNumber":28,"author":{"gitId":"tyuyang"},"content":"        \" with specified deadline.\");","lastModifiedDate":"2023-02-02"},{"lineNumber":29,"author":{"gitId":"tyuyang"},"content":"        System.out.println(\"event \u003cname\u003e /from \u003cfrom when\u003e /to \u003cto when\u003e:\" +","lastModifiedDate":"2023-02-02"},{"lineNumber":30,"author":{"gitId":"tyuyang"},"content":"        \" Adds an event with specified time period.\");","lastModifiedDate":"2023-02-02"},{"lineNumber":31,"author":{"gitId":"tyuyang"},"content":"        System.out.println(\"mark \u003ctask number\u003e: Marks the task specified as done.\");","lastModifiedDate":"2023-01-27"},{"lineNumber":32,"author":{"gitId":"tyuyang"},"content":"        System.out.println(\"unmark \u003ctask number\u003e: Marks the task specified as not done.\");","lastModifiedDate":"2023-01-27"},{"lineNumber":33,"author":{"gitId":"tyuyang"},"content":"        System.out.println(\"delete \u003ctask number\u003e: Deletes the task from the list.\");","lastModifiedDate":"2023-02-11"},{"lineNumber":34,"author":{"gitId":"tyuyang"},"content":"        System.out.println(\"bye: Exits the program.\");","lastModifiedDate":"2023-01-27"},{"lineNumber":35,"author":{"gitId":"tyuyang"},"content":"    }","lastModifiedDate":"2023-01-27"},{"lineNumber":36,"author":{"gitId":"tyuyang"},"content":"","lastModifiedDate":"2023-01-27"},{"lineNumber":37,"author":{"gitId":"tyuyang"},"content":"    public static void save() {","lastModifiedDate":"2023-02-13"},{"lineNumber":38,"author":{"gitId":"tyuyang"},"content":"        System.out.println(\"Saving tasks to savefile, please do not close the application.\");","lastModifiedDate":"2023-02-13"},{"lineNumber":39,"author":{"gitId":"tyuyang"},"content":"        try {","lastModifiedDate":"2023-02-13"},{"lineNumber":40,"author":{"gitId":"tyuyang"},"content":"            FileWriter fileWriter \u003d new FileWriter(SAVE_FILE, false);","lastModifiedDate":"2023-02-13"},{"lineNumber":41,"author":{"gitId":"tyuyang"},"content":"            fileWriter.write(\"\");","lastModifiedDate":"2023-02-13"},{"lineNumber":42,"author":{"gitId":"tyuyang"},"content":"            taskList.saveToFile(fileWriter);","lastModifiedDate":"2023-02-13"},{"lineNumber":43,"author":{"gitId":"tyuyang"},"content":"            fileWriter.close();","lastModifiedDate":"2023-02-13"},{"lineNumber":44,"author":{"gitId":"tyuyang"},"content":"        } catch (IOException e) {","lastModifiedDate":"2023-02-13"},{"lineNumber":45,"author":{"gitId":"tyuyang"},"content":"            System.out.println(\"Saving failed for some reason.\");","lastModifiedDate":"2023-02-13"},{"lineNumber":46,"author":{"gitId":"tyuyang"},"content":"            e.printStackTrace();","lastModifiedDate":"2023-02-13"},{"lineNumber":47,"author":{"gitId":"tyuyang"},"content":"        }","lastModifiedDate":"2023-02-13"},{"lineNumber":48,"author":{"gitId":"tyuyang"},"content":"    }","lastModifiedDate":"2023-02-13"},{"lineNumber":49,"author":{"gitId":"tyuyang"},"content":"","lastModifiedDate":"2023-02-13"},{"lineNumber":50,"author":{"gitId":"tyuyang"},"content":"    public static void exit() {","lastModifiedDate":"2023-01-26"},{"lineNumber":51,"author":{"gitId":"tyuyang"},"content":"        printLine();","lastModifiedDate":"2023-01-26"},{"lineNumber":52,"author":{"gitId":"tyuyang"},"content":"        save();","lastModifiedDate":"2023-02-13"},{"lineNumber":53,"author":{"gitId":"tyuyang"},"content":"        System.out.println(\"Bye. Hope to see you again soon!\");","lastModifiedDate":"2023-01-26"},{"lineNumber":54,"author":{"gitId":"-"},"content":"    }","lastModifiedDate":"2019-07-29"},{"lineNumber":55,"author":{"gitId":"tyuyang"},"content":"    ","lastModifiedDate":"2023-01-26"},{"lineNumber":56,"author":{"gitId":"tyuyang"},"content":"    public static void parseUserInput(String input) {","lastModifiedDate":"2023-02-02"},{"lineNumber":57,"author":{"gitId":"tyuyang"},"content":"        String[] split \u003d input.trim().split(\"\\\\s+\", 2);","lastModifiedDate":"2023-01-28"},{"lineNumber":58,"author":{"gitId":"tyuyang"},"content":"        String command \u003d split[0];","lastModifiedDate":"2023-01-28"},{"lineNumber":59,"author":{"gitId":"tyuyang"},"content":"        String args \u003d split.length \u003d\u003d 2 ? split[1] : \"\";","lastModifiedDate":"2023-01-28"},{"lineNumber":60,"author":{"gitId":"tyuyang"},"content":"        switch (command) {","lastModifiedDate":"2023-01-28"},{"lineNumber":61,"author":{"gitId":"tyuyang"},"content":"        case \"bye\":","lastModifiedDate":"2023-01-28"},{"lineNumber":62,"author":{"gitId":"tyuyang"},"content":"            hasEnteredBye \u003d true;","lastModifiedDate":"2023-02-02"},{"lineNumber":63,"author":{"gitId":"tyuyang"},"content":"            exit();","lastModifiedDate":"2023-02-02"},{"lineNumber":64,"author":{"gitId":"tyuyang"},"content":"            break;","lastModifiedDate":"2023-02-02"},{"lineNumber":65,"author":{"gitId":"tyuyang"},"content":"        case \"list\":","lastModifiedDate":"2023-01-28"},{"lineNumber":66,"author":{"gitId":"tyuyang"},"content":"            taskList.listTasks();","lastModifiedDate":"2023-01-28"},{"lineNumber":67,"author":{"gitId":"tyuyang"},"content":"            break;","lastModifiedDate":"2023-01-31"},{"lineNumber":68,"author":{"gitId":"tyuyang"},"content":"        case \"help\":","lastModifiedDate":"2023-01-28"},{"lineNumber":69,"author":{"gitId":"tyuyang"},"content":"            help();","lastModifiedDate":"2023-01-28"},{"lineNumber":70,"author":{"gitId":"tyuyang"},"content":"            break;","lastModifiedDate":"2023-01-31"},{"lineNumber":71,"author":{"gitId":"tyuyang"},"content":"        case \"mark\":","lastModifiedDate":"2023-01-28"},{"lineNumber":72,"author":{"gitId":"tyuyang"},"content":"            try {","lastModifiedDate":"2023-02-02"},{"lineNumber":73,"author":{"gitId":"tyuyang"},"content":"                taskList.markDone(Integer.parseInt(args));","lastModifiedDate":"2023-01-28"},{"lineNumber":74,"author":{"gitId":"tyuyang"},"content":"            } catch (Exception e) {","lastModifiedDate":"2023-02-02"},{"lineNumber":75,"author":{"gitId":"tyuyang"},"content":"                System.out.println(\"Please input an integer after mark.\");","lastModifiedDate":"2023-02-02"},{"lineNumber":76,"author":{"gitId":"tyuyang"},"content":"            }","lastModifiedDate":"2023-02-02"},{"lineNumber":77,"author":{"gitId":"tyuyang"},"content":"            break;","lastModifiedDate":"2023-01-31"},{"lineNumber":78,"author":{"gitId":"tyuyang"},"content":"        case \"unmark\":","lastModifiedDate":"2023-01-28"},{"lineNumber":79,"author":{"gitId":"tyuyang"},"content":"            try {","lastModifiedDate":"2023-02-02"},{"lineNumber":80,"author":{"gitId":"tyuyang"},"content":"                taskList.unmarkDone(Integer.parseInt(args));","lastModifiedDate":"2023-01-28"},{"lineNumber":81,"author":{"gitId":"tyuyang"},"content":"            } catch (Exception e) {","lastModifiedDate":"2023-02-02"},{"lineNumber":82,"author":{"gitId":"tyuyang"},"content":"                System.out.println(\"Please input an integer after unmark.\");","lastModifiedDate":"2023-02-02"},{"lineNumber":83,"author":{"gitId":"tyuyang"},"content":"            }","lastModifiedDate":"2023-02-02"},{"lineNumber":84,"author":{"gitId":"tyuyang"},"content":"            break;","lastModifiedDate":"2023-01-31"},{"lineNumber":85,"author":{"gitId":"tyuyang"},"content":"        case \"todo\":","lastModifiedDate":"2023-01-31"},{"lineNumber":86,"author":{"gitId":"tyuyang"},"content":"            taskList.addToDo(args);","lastModifiedDate":"2023-01-31"},{"lineNumber":87,"author":{"gitId":"tyuyang"},"content":"            break;","lastModifiedDate":"2023-01-31"},{"lineNumber":88,"author":{"gitId":"tyuyang"},"content":"        case \"deadline\":","lastModifiedDate":"2023-01-31"},{"lineNumber":89,"author":{"gitId":"tyuyang"},"content":"            taskList.addDeadline(args);","lastModifiedDate":"2023-01-31"},{"lineNumber":90,"author":{"gitId":"tyuyang"},"content":"            break;","lastModifiedDate":"2023-01-31"},{"lineNumber":91,"author":{"gitId":"tyuyang"},"content":"        case \"event\":","lastModifiedDate":"2023-01-31"},{"lineNumber":92,"author":{"gitId":"tyuyang"},"content":"            taskList.addEvent(args);","lastModifiedDate":"2023-01-31"},{"lineNumber":93,"author":{"gitId":"tyuyang"},"content":"            break;","lastModifiedDate":"2023-01-31"},{"lineNumber":94,"author":{"gitId":"tyuyang"},"content":"        case \"delete\":","lastModifiedDate":"2023-02-11"},{"lineNumber":95,"author":{"gitId":"tyuyang"},"content":"            try {","lastModifiedDate":"2023-02-11"},{"lineNumber":96,"author":{"gitId":"tyuyang"},"content":"                taskList.deleteTask(Integer.parseInt(args));","lastModifiedDate":"2023-02-11"},{"lineNumber":97,"author":{"gitId":"tyuyang"},"content":"            } catch (Exception e) {","lastModifiedDate":"2023-02-11"},{"lineNumber":98,"author":{"gitId":"tyuyang"},"content":"                System.out.println(\"Please input an integer after delete.\");","lastModifiedDate":"2023-02-11"},{"lineNumber":99,"author":{"gitId":"tyuyang"},"content":"            }","lastModifiedDate":"2023-02-11"},{"lineNumber":100,"author":{"gitId":"tyuyang"},"content":"            break;","lastModifiedDate":"2023-02-11"},{"lineNumber":101,"author":{"gitId":"tyuyang"},"content":"        case \"find\":","lastModifiedDate":"2023-02-20"},{"lineNumber":102,"author":{"gitId":"tyuyang"},"content":"            taskList.findTask(args);","lastModifiedDate":"2023-02-20"},{"lineNumber":103,"author":{"gitId":"tyuyang"},"content":"            break;","lastModifiedDate":"2023-02-20"},{"lineNumber":104,"author":{"gitId":"tyuyang"},"content":"        default:","lastModifiedDate":"2023-01-28"},{"lineNumber":105,"author":{"gitId":"tyuyang"},"content":"            System.out.println(\"Invalid command entered, please enter \u0027help\u0027 to see \" +","lastModifiedDate":"2023-01-31"},{"lineNumber":106,"author":{"gitId":"tyuyang"},"content":"            \"the list of commands.\");","lastModifiedDate":"2023-01-31"},{"lineNumber":107,"author":{"gitId":"tyuyang"},"content":"        }","lastModifiedDate":"2023-01-28"},{"lineNumber":108,"author":{"gitId":"tyuyang"},"content":"    }","lastModifiedDate":"2023-01-28"},{"lineNumber":109,"author":{"gitId":"tyuyang"},"content":"","lastModifiedDate":"2023-01-28"},{"lineNumber":110,"author":{"gitId":"tyuyang"},"content":"    public static void parseSavefile() throws IOException {","lastModifiedDate":"2023-02-12"},{"lineNumber":111,"author":{"gitId":"tyuyang"},"content":"        Scanner s \u003d new Scanner(SAVE_FILE);","lastModifiedDate":"2023-02-12"},{"lineNumber":112,"author":{"gitId":"tyuyang"},"content":"        taskList \u003d new TaskList(s);","lastModifiedDate":"2023-02-12"},{"lineNumber":113,"author":{"gitId":"tyuyang"},"content":"    }","lastModifiedDate":"2023-02-12"},{"lineNumber":114,"author":{"gitId":"tyuyang"},"content":"","lastModifiedDate":"2023-02-12"},{"lineNumber":115,"author":{"gitId":"tyuyang"},"content":"    public static void savefileChecker() throws FileNotFoundException, IOException {","lastModifiedDate":"2023-02-12"},{"lineNumber":116,"author":{"gitId":"tyuyang"},"content":"        if (!SAVE_DIR.exists()) {","lastModifiedDate":"2023-02-12"},{"lineNumber":117,"author":{"gitId":"tyuyang"},"content":"            System.out.println(\"data directory not found, creating directory.\");","lastModifiedDate":"2023-02-12"},{"lineNumber":118,"author":{"gitId":"tyuyang"},"content":"            if(SAVE_DIR.mkdir()) {","lastModifiedDate":"2023-02-12"},{"lineNumber":119,"author":{"gitId":"tyuyang"},"content":"                System.out.println(\"data directory successfully created.\");","lastModifiedDate":"2023-02-12"},{"lineNumber":120,"author":{"gitId":"tyuyang"},"content":"            } else {","lastModifiedDate":"2023-02-12"},{"lineNumber":121,"author":{"gitId":"tyuyang"},"content":"                System.out.println(\"data directory creation unsuccessful, exiting program.\");","lastModifiedDate":"2023-02-12"},{"lineNumber":122,"author":{"gitId":"tyuyang"},"content":"                throw new FileNotFoundException();","lastModifiedDate":"2023-02-12"},{"lineNumber":123,"author":{"gitId":"tyuyang"},"content":"            }","lastModifiedDate":"2023-02-12"},{"lineNumber":124,"author":{"gitId":"tyuyang"},"content":"        }","lastModifiedDate":"2023-02-12"},{"lineNumber":125,"author":{"gitId":"tyuyang"},"content":"        if (!SAVE_FILE.exists()) {","lastModifiedDate":"2023-02-12"},{"lineNumber":126,"author":{"gitId":"tyuyang"},"content":"            System.out.println(\"savefile not found, creating new savefile.\");","lastModifiedDate":"2023-02-12"},{"lineNumber":127,"author":{"gitId":"tyuyang"},"content":"            try {","lastModifiedDate":"2023-02-12"},{"lineNumber":128,"author":{"gitId":"tyuyang"},"content":"                if (SAVE_FILE.createNewFile()) {","lastModifiedDate":"2023-02-12"},{"lineNumber":129,"author":{"gitId":"tyuyang"},"content":"                    System.out.println(\"savefile successfully created.\");","lastModifiedDate":"2023-02-12"},{"lineNumber":130,"author":{"gitId":"tyuyang"},"content":"                    taskList \u003d new TaskList();","lastModifiedDate":"2023-02-12"},{"lineNumber":131,"author":{"gitId":"tyuyang"},"content":"                } else {","lastModifiedDate":"2023-02-12"},{"lineNumber":132,"author":{"gitId":"tyuyang"},"content":"                    System.out.println(\"savefile creation unsuccessful, exiting program.\");","lastModifiedDate":"2023-02-12"},{"lineNumber":133,"author":{"gitId":"tyuyang"},"content":"                    throw new FileNotFoundException();","lastModifiedDate":"2023-02-12"},{"lineNumber":134,"author":{"gitId":"tyuyang"},"content":"                }","lastModifiedDate":"2023-02-12"},{"lineNumber":135,"author":{"gitId":"tyuyang"},"content":"            } catch (Exception e) {","lastModifiedDate":"2023-02-12"},{"lineNumber":136,"author":{"gitId":"tyuyang"},"content":"                System.out.println(\"savefile creation unsuccessful, exiting program.\");","lastModifiedDate":"2023-02-12"},{"lineNumber":137,"author":{"gitId":"tyuyang"},"content":"                throw e;","lastModifiedDate":"2023-02-12"},{"lineNumber":138,"author":{"gitId":"tyuyang"},"content":"            }","lastModifiedDate":"2023-02-12"},{"lineNumber":139,"author":{"gitId":"tyuyang"},"content":"        } else {","lastModifiedDate":"2023-02-12"},{"lineNumber":140,"author":{"gitId":"tyuyang"},"content":"            System.out.println(\"savefile found. Parsing savefile.\");","lastModifiedDate":"2023-02-12"},{"lineNumber":141,"author":{"gitId":"tyuyang"},"content":"            try {","lastModifiedDate":"2023-02-12"},{"lineNumber":142,"author":{"gitId":"tyuyang"},"content":"                parseSavefile();  ","lastModifiedDate":"2023-02-12"},{"lineNumber":143,"author":{"gitId":"tyuyang"},"content":"            } catch (Exception e) {","lastModifiedDate":"2023-02-12"},{"lineNumber":144,"author":{"gitId":"tyuyang"},"content":"                System.out.println(\"Savefile cannot be found, please delete the savefile yourself\");","lastModifiedDate":"2023-02-12"},{"lineNumber":145,"author":{"gitId":"tyuyang"},"content":"                System.out.println(\"cos I am too lazy to delete it for you for now.\");","lastModifiedDate":"2023-02-12"},{"lineNumber":146,"author":{"gitId":"tyuyang"},"content":"                throw e;","lastModifiedDate":"2023-02-12"},{"lineNumber":147,"author":{"gitId":"tyuyang"},"content":"            }","lastModifiedDate":"2023-02-12"},{"lineNumber":148,"author":{"gitId":"tyuyang"},"content":"        }","lastModifiedDate":"2023-02-12"},{"lineNumber":149,"author":{"gitId":"tyuyang"},"content":"        printLine();","lastModifiedDate":"2023-02-12"},{"lineNumber":150,"author":{"gitId":"tyuyang"},"content":"    }","lastModifiedDate":"2023-02-12"},{"lineNumber":151,"author":{"gitId":"tyuyang"},"content":"    ","lastModifiedDate":"2023-02-12"},{"lineNumber":152,"author":{"gitId":"tyuyang"},"content":"    public static TaskList taskList;","lastModifiedDate":"2023-02-12"},{"lineNumber":153,"author":{"gitId":"tyuyang"},"content":"    public static final File SAVE_DIR \u003d new File(\"data\");","lastModifiedDate":"2023-02-12"},{"lineNumber":154,"author":{"gitId":"tyuyang"},"content":"    public static final File SAVE_FILE \u003d new File(\"data/savefile.txt\");","lastModifiedDate":"2023-02-12"},{"lineNumber":155,"author":{"gitId":"tyuyang"},"content":"    ","lastModifiedDate":"2023-02-02"},{"lineNumber":156,"author":{"gitId":"tyuyang"},"content":"    public static void main(String[] args) {","lastModifiedDate":"2023-01-26"},{"lineNumber":157,"author":{"gitId":"tyuyang"},"content":"        greetUser();","lastModifiedDate":"2023-01-26"},{"lineNumber":158,"author":{"gitId":"tyuyang"},"content":"        try {","lastModifiedDate":"2023-02-12"},{"lineNumber":159,"author":{"gitId":"tyuyang"},"content":"            savefileChecker();","lastModifiedDate":"2023-02-12"},{"lineNumber":160,"author":{"gitId":"tyuyang"},"content":"        } catch (IOException e) {","lastModifiedDate":"2023-02-12"},{"lineNumber":161,"author":{"gitId":"tyuyang"},"content":"            e.printStackTrace();","lastModifiedDate":"2023-02-12"},{"lineNumber":162,"author":{"gitId":"tyuyang"},"content":"            return;","lastModifiedDate":"2023-02-12"},{"lineNumber":163,"author":{"gitId":"tyuyang"},"content":"        }","lastModifiedDate":"2023-02-12"},{"lineNumber":164,"author":{"gitId":"tyuyang"},"content":"        ","lastModifiedDate":"2023-01-28"},{"lineNumber":165,"author":{"gitId":"tyuyang"},"content":"        Scanner scanner \u003d new Scanner(System.in);","lastModifiedDate":"2023-01-26"},{"lineNumber":166,"author":{"gitId":"tyuyang"},"content":"        while (!hasEnteredBye) {","lastModifiedDate":"2023-02-02"},{"lineNumber":167,"author":{"gitId":"tyuyang"},"content":"            String line \u003d scanner.nextLine();","lastModifiedDate":"2023-01-26"},{"lineNumber":168,"author":{"gitId":"tyuyang"},"content":"            parseUserInput(line);","lastModifiedDate":"2023-02-02"},{"lineNumber":169,"author":{"gitId":"tyuyang"},"content":"            printLine();","lastModifiedDate":"2023-01-26"},{"lineNumber":170,"author":{"gitId":"tyuyang"},"content":"        }","lastModifiedDate":"2023-01-26"},{"lineNumber":171,"author":{"gitId":"tyuyang"},"content":"        scanner.close();","lastModifiedDate":"2023-01-26"},{"lineNumber":172,"author":{"gitId":"tyuyang"},"content":"    }","lastModifiedDate":"2023-01-26"},{"lineNumber":173,"author":{"gitId":"-"},"content":"}","lastModifiedDate":"2019-07-29"}],"authorContributionMap":{"tyuyang":170,"-":3}},{"path":"src/main/java/duke/TaskList.java","fileType":"java","lines":[{"lineNumber":1,"author":{"gitId":"tyuyang"},"content":"package duke;","lastModifiedDate":"2023-02-04"},{"lineNumber":2,"author":{"gitId":"tyuyang"},"content":"","lastModifiedDate":"2023-02-04"},{"lineNumber":3,"author":{"gitId":"tyuyang"},"content":"import java.io.FileWriter;","lastModifiedDate":"2023-02-13"},{"lineNumber":4,"author":{"gitId":"tyuyang"},"content":"import java.io.IOException;","lastModifiedDate":"2023-02-13"},{"lineNumber":5,"author":{"gitId":"tyuyang"},"content":"import java.util.ArrayList;","lastModifiedDate":"2023-02-11"},{"lineNumber":6,"author":{"gitId":"tyuyang"},"content":"import java.util.Scanner;","lastModifiedDate":"2023-02-12"},{"lineNumber":7,"author":{"gitId":"tyuyang"},"content":"","lastModifiedDate":"2023-02-11"},{"lineNumber":8,"author":{"gitId":"tyuyang"},"content":"import duke.tasks.Deadline;","lastModifiedDate":"2023-02-04"},{"lineNumber":9,"author":{"gitId":"tyuyang"},"content":"import duke.tasks.Event;","lastModifiedDate":"2023-02-04"},{"lineNumber":10,"author":{"gitId":"tyuyang"},"content":"import duke.tasks.Task;","lastModifiedDate":"2023-02-04"},{"lineNumber":11,"author":{"gitId":"tyuyang"},"content":"import duke.tasks.ToDo;","lastModifiedDate":"2023-02-04"},{"lineNumber":12,"author":{"gitId":"tyuyang"},"content":"","lastModifiedDate":"2023-02-04"},{"lineNumber":13,"author":{"gitId":"tyuyang"},"content":"public class TaskList {","lastModifiedDate":"2023-01-26"},{"lineNumber":14,"author":{"gitId":"tyuyang"},"content":"    private ArrayList\u003cTask\u003e tasks;","lastModifiedDate":"2023-02-11"},{"lineNumber":15,"author":{"gitId":"tyuyang"},"content":"    private int noOfTasks;","lastModifiedDate":"2023-01-26"},{"lineNumber":16,"author":{"gitId":"tyuyang"},"content":"","lastModifiedDate":"2023-01-26"},{"lineNumber":17,"author":{"gitId":"tyuyang"},"content":"    private boolean isValidTaskNo(int taskNo) {","lastModifiedDate":"2023-01-27"},{"lineNumber":18,"author":{"gitId":"tyuyang"},"content":"        if (taskNo \u003c\u003d 0) {","lastModifiedDate":"2023-01-27"},{"lineNumber":19,"author":{"gitId":"tyuyang"},"content":"            System.out.println(\"Negative task number entered, please don\u0027t try to crash the program a**h***.\");","lastModifiedDate":"2023-01-27"},{"lineNumber":20,"author":{"gitId":"tyuyang"},"content":"            return false;","lastModifiedDate":"2023-01-27"},{"lineNumber":21,"author":{"gitId":"tyuyang"},"content":"        }","lastModifiedDate":"2023-01-27"},{"lineNumber":22,"author":{"gitId":"tyuyang"},"content":"        if (taskNo \u003e noOfTasks) {","lastModifiedDate":"2023-01-27"},{"lineNumber":23,"author":{"gitId":"tyuyang"},"content":"            System.out.println(\"Task number does not exist, there are only \" + noOfTasks + \" tasks in total.\");","lastModifiedDate":"2023-01-27"},{"lineNumber":24,"author":{"gitId":"tyuyang"},"content":"            return false;","lastModifiedDate":"2023-01-27"},{"lineNumber":25,"author":{"gitId":"tyuyang"},"content":"        }","lastModifiedDate":"2023-01-27"},{"lineNumber":26,"author":{"gitId":"tyuyang"},"content":"        return true;","lastModifiedDate":"2023-01-27"},{"lineNumber":27,"author":{"gitId":"tyuyang"},"content":"    }","lastModifiedDate":"2023-01-27"},{"lineNumber":28,"author":{"gitId":"tyuyang"},"content":"","lastModifiedDate":"2023-01-27"},{"lineNumber":29,"author":{"gitId":"tyuyang"},"content":"    private void parseTasks(String[] args) {","lastModifiedDate":"2023-02-12"},{"lineNumber":30,"author":{"gitId":"tyuyang"},"content":"        switch (args[0]) {","lastModifiedDate":"2023-02-12"},{"lineNumber":31,"author":{"gitId":"tyuyang"},"content":"        case \"T\":","lastModifiedDate":"2023-02-13"},{"lineNumber":32,"author":{"gitId":"tyuyang"},"content":"            tasks.add(new ToDo(args[2]));","lastModifiedDate":"2023-02-13"},{"lineNumber":33,"author":{"gitId":"tyuyang"},"content":"            tasks.get(tasks.size() - 1).setStatus(args[1].equals(\"Y\"));","lastModifiedDate":"2023-02-13"},{"lineNumber":34,"author":{"gitId":"tyuyang"},"content":"            break;","lastModifiedDate":"2023-02-12"},{"lineNumber":35,"author":{"gitId":"tyuyang"},"content":"        case \"D\":","lastModifiedDate":"2023-02-13"},{"lineNumber":36,"author":{"gitId":"tyuyang"},"content":"            tasks.add(new Deadline(args[2], args[3]));","lastModifiedDate":"2023-02-13"},{"lineNumber":37,"author":{"gitId":"tyuyang"},"content":"            tasks.get(tasks.size() - 1).setStatus(args[1].equals(\"Y\"));","lastModifiedDate":"2023-02-13"},{"lineNumber":38,"author":{"gitId":"tyuyang"},"content":"            break;","lastModifiedDate":"2023-02-12"},{"lineNumber":39,"author":{"gitId":"tyuyang"},"content":"        case \"E\":","lastModifiedDate":"2023-02-13"},{"lineNumber":40,"author":{"gitId":"tyuyang"},"content":"            tasks.add(new Event(args[2], args[3], args[4]));","lastModifiedDate":"2023-02-13"},{"lineNumber":41,"author":{"gitId":"tyuyang"},"content":"            tasks.get(tasks.size() - 1).setStatus(args[1].equals(\"Y\"));","lastModifiedDate":"2023-02-13"},{"lineNumber":42,"author":{"gitId":"tyuyang"},"content":"            break;","lastModifiedDate":"2023-02-12"},{"lineNumber":43,"author":{"gitId":"tyuyang"},"content":"        }","lastModifiedDate":"2023-02-12"},{"lineNumber":44,"author":{"gitId":"tyuyang"},"content":"    }","lastModifiedDate":"2023-02-12"},{"lineNumber":45,"author":{"gitId":"tyuyang"},"content":"","lastModifiedDate":"2023-02-12"},{"lineNumber":46,"author":{"gitId":"tyuyang"},"content":"    public TaskList() {","lastModifiedDate":"2023-02-11"},{"lineNumber":47,"author":{"gitId":"tyuyang"},"content":"        this.tasks \u003d new ArrayList\u003c\u003e();","lastModifiedDate":"2023-02-11"},{"lineNumber":48,"author":{"gitId":"tyuyang"},"content":"        noOfTasks \u003d 0;","lastModifiedDate":"2023-01-26"},{"lineNumber":49,"author":{"gitId":"tyuyang"},"content":"    }","lastModifiedDate":"2023-01-26"},{"lineNumber":50,"author":{"gitId":"tyuyang"},"content":"","lastModifiedDate":"2023-01-26"},{"lineNumber":51,"author":{"gitId":"tyuyang"},"content":"    public TaskList(Scanner s) {","lastModifiedDate":"2023-02-12"},{"lineNumber":52,"author":{"gitId":"tyuyang"},"content":"        this.tasks \u003d new ArrayList\u003c\u003e();","lastModifiedDate":"2023-02-12"},{"lineNumber":53,"author":{"gitId":"tyuyang"},"content":"        this.noOfTasks \u003d 0;","lastModifiedDate":"2023-02-12"},{"lineNumber":54,"author":{"gitId":"tyuyang"},"content":"        while (s.hasNextLine()) {","lastModifiedDate":"2023-02-12"},{"lineNumber":55,"author":{"gitId":"tyuyang"},"content":"            noOfTasks++;","lastModifiedDate":"2023-02-12"},{"lineNumber":56,"author":{"gitId":"tyuyang"},"content":"            String line \u003d s.nextLine();","lastModifiedDate":"2023-02-12"},{"lineNumber":57,"author":{"gitId":"tyuyang"},"content":"            String[] args \u003d line.split(\"\\\\|\");","lastModifiedDate":"2023-02-12"},{"lineNumber":58,"author":{"gitId":"tyuyang"},"content":"            parseTasks(args);","lastModifiedDate":"2023-02-12"},{"lineNumber":59,"author":{"gitId":"tyuyang"},"content":"        }","lastModifiedDate":"2023-02-12"},{"lineNumber":60,"author":{"gitId":"tyuyang"},"content":"        listTasks();","lastModifiedDate":"2023-02-12"},{"lineNumber":61,"author":{"gitId":"tyuyang"},"content":"    }","lastModifiedDate":"2023-02-12"},{"lineNumber":62,"author":{"gitId":"tyuyang"},"content":"","lastModifiedDate":"2023-02-12"},{"lineNumber":63,"author":{"gitId":"tyuyang"},"content":"    private void printAddTaskMessage(int taskNo) {","lastModifiedDate":"2023-01-31"},{"lineNumber":64,"author":{"gitId":"tyuyang"},"content":"        System.out.println(\"Got it. I have added this task:\");","lastModifiedDate":"2023-01-31"},{"lineNumber":65,"author":{"gitId":"tyuyang"},"content":"        System.out.println(tasks.get(taskNo - 1).toString());","lastModifiedDate":"2023-02-11"},{"lineNumber":66,"author":{"gitId":"tyuyang"},"content":"        System.out.println(\"Now you have \" + noOfTasks + \" tasks in the list\");","lastModifiedDate":"2023-01-31"},{"lineNumber":67,"author":{"gitId":"tyuyang"},"content":"    }","lastModifiedDate":"2023-01-31"},{"lineNumber":68,"author":{"gitId":"tyuyang"},"content":"","lastModifiedDate":"2023-01-31"},{"lineNumber":69,"author":{"gitId":"tyuyang"},"content":"    private void printDeleteTaskMessage(int taskNo) {","lastModifiedDate":"2023-02-11"},{"lineNumber":70,"author":{"gitId":"tyuyang"},"content":"        System.out.println(\"Noted. I\u0027ve removed this task:\");","lastModifiedDate":"2023-02-11"},{"lineNumber":71,"author":{"gitId":"tyuyang"},"content":"        System.out.println(tasks.get(taskNo-1).toString());","lastModifiedDate":"2023-02-11"},{"lineNumber":72,"author":{"gitId":"tyuyang"},"content":"        System.out.println(\"Now you have \" + noOfTasks + \" tasks in the list\");","lastModifiedDate":"2023-02-11"},{"lineNumber":73,"author":{"gitId":"tyuyang"},"content":"    }","lastModifiedDate":"2023-02-11"},{"lineNumber":74,"author":{"gitId":"tyuyang"},"content":"","lastModifiedDate":"2023-02-11"},{"lineNumber":75,"author":{"gitId":"tyuyang"},"content":"    private void printBlankArgumentError(String type) {","lastModifiedDate":"2023-02-02"},{"lineNumber":76,"author":{"gitId":"tyuyang"},"content":"        System.out.println(type + \" cannot be blank.\");","lastModifiedDate":"2023-02-02"},{"lineNumber":77,"author":{"gitId":"tyuyang"},"content":"    }","lastModifiedDate":"2023-02-02"},{"lineNumber":78,"author":{"gitId":"tyuyang"},"content":"","lastModifiedDate":"2023-02-02"},{"lineNumber":79,"author":{"gitId":"tyuyang"},"content":"    private void printMissingKeywordError(String type) {","lastModifiedDate":"2023-02-02"},{"lineNumber":80,"author":{"gitId":"tyuyang"},"content":"        System.out.println(type + \" keyword is missing.\");","lastModifiedDate":"2023-02-02"},{"lineNumber":81,"author":{"gitId":"tyuyang"},"content":"    }","lastModifiedDate":"2023-02-02"},{"lineNumber":82,"author":{"gitId":"tyuyang"},"content":"","lastModifiedDate":"2023-02-02"},{"lineNumber":83,"author":{"gitId":"tyuyang"},"content":"    private boolean hasBlankArgument(String arg, String type) {","lastModifiedDate":"2023-02-02"},{"lineNumber":84,"author":{"gitId":"tyuyang"},"content":"        if(arg.isEmpty()) {","lastModifiedDate":"2023-02-02"},{"lineNumber":85,"author":{"gitId":"tyuyang"},"content":"            noOfTasks--;","lastModifiedDate":"2023-02-02"},{"lineNumber":86,"author":{"gitId":"tyuyang"},"content":"            printBlankArgumentError(type);","lastModifiedDate":"2023-02-02"},{"lineNumber":87,"author":{"gitId":"tyuyang"},"content":"            return true;","lastModifiedDate":"2023-02-02"},{"lineNumber":88,"author":{"gitId":"tyuyang"},"content":"        }","lastModifiedDate":"2023-02-02"},{"lineNumber":89,"author":{"gitId":"tyuyang"},"content":"        return false;","lastModifiedDate":"2023-02-02"},{"lineNumber":90,"author":{"gitId":"tyuyang"},"content":"    }","lastModifiedDate":"2023-02-02"},{"lineNumber":91,"author":{"gitId":"tyuyang"},"content":"","lastModifiedDate":"2023-02-02"},{"lineNumber":92,"author":{"gitId":"tyuyang"},"content":"    private boolean hasMissingKeyword(int index, String type) {","lastModifiedDate":"2023-02-02"},{"lineNumber":93,"author":{"gitId":"tyuyang"},"content":"        if (index \u003d\u003d -1) {","lastModifiedDate":"2023-02-02"},{"lineNumber":94,"author":{"gitId":"tyuyang"},"content":"            noOfTasks--;","lastModifiedDate":"2023-02-02"},{"lineNumber":95,"author":{"gitId":"tyuyang"},"content":"            printMissingKeywordError(type);","lastModifiedDate":"2023-02-02"},{"lineNumber":96,"author":{"gitId":"tyuyang"},"content":"            return true;","lastModifiedDate":"2023-02-02"},{"lineNumber":97,"author":{"gitId":"tyuyang"},"content":"        }","lastModifiedDate":"2023-02-02"},{"lineNumber":98,"author":{"gitId":"tyuyang"},"content":"        return false;","lastModifiedDate":"2023-02-02"},{"lineNumber":99,"author":{"gitId":"tyuyang"},"content":"    }","lastModifiedDate":"2023-02-02"},{"lineNumber":100,"author":{"gitId":"tyuyang"},"content":"","lastModifiedDate":"2023-02-02"},{"lineNumber":101,"author":{"gitId":"tyuyang"},"content":"    public void addToDo(String args) {","lastModifiedDate":"2023-01-31"},{"lineNumber":102,"author":{"gitId":"tyuyang"},"content":"        noOfTasks++;","lastModifiedDate":"2023-01-31"},{"lineNumber":103,"author":{"gitId":"tyuyang"},"content":"        args \u003d args.trim();","lastModifiedDate":"2023-01-31"},{"lineNumber":104,"author":{"gitId":"tyuyang"},"content":"        if(hasBlankArgument(args, \"Name\")) {","lastModifiedDate":"2023-02-02"},{"lineNumber":105,"author":{"gitId":"tyuyang"},"content":"            return;","lastModifiedDate":"2023-02-02"},{"lineNumber":106,"author":{"gitId":"tyuyang"},"content":"        }","lastModifiedDate":"2023-02-02"},{"lineNumber":107,"author":{"gitId":"tyuyang"},"content":"        tasks.add(new ToDo(args));","lastModifiedDate":"2023-02-11"},{"lineNumber":108,"author":{"gitId":"tyuyang"},"content":"        printAddTaskMessage(noOfTasks);","lastModifiedDate":"2023-01-31"},{"lineNumber":109,"author":{"gitId":"tyuyang"},"content":"    }","lastModifiedDate":"2023-01-31"},{"lineNumber":110,"author":{"gitId":"tyuyang"},"content":"","lastModifiedDate":"2023-01-31"},{"lineNumber":111,"author":{"gitId":"tyuyang"},"content":"    public void addDeadline(String args) {","lastModifiedDate":"2023-01-31"},{"lineNumber":112,"author":{"gitId":"tyuyang"},"content":"        noOfTasks++;","lastModifiedDate":"2023-01-31"},{"lineNumber":113,"author":{"gitId":"tyuyang"},"content":"        int indexOfBy \u003d args.indexOf(\"/by\");","lastModifiedDate":"2023-01-31"},{"lineNumber":114,"author":{"gitId":"tyuyang"},"content":"        if (hasMissingKeyword(indexOfBy, \"/by\")) {","lastModifiedDate":"2023-02-02"},{"lineNumber":115,"author":{"gitId":"tyuyang"},"content":"            return;","lastModifiedDate":"2023-02-02"},{"lineNumber":116,"author":{"gitId":"tyuyang"},"content":"        }","lastModifiedDate":"2023-02-02"},{"lineNumber":117,"author":{"gitId":"tyuyang"},"content":"        String name \u003d args.substring(0, indexOfBy);","lastModifiedDate":"2023-01-31"},{"lineNumber":118,"author":{"gitId":"tyuyang"},"content":"        name \u003d name.trim();","lastModifiedDate":"2023-01-31"},{"lineNumber":119,"author":{"gitId":"tyuyang"},"content":"        if (hasBlankArgument(name, \"Name\")) {","lastModifiedDate":"2023-02-02"},{"lineNumber":120,"author":{"gitId":"tyuyang"},"content":"            return;","lastModifiedDate":"2023-02-02"},{"lineNumber":121,"author":{"gitId":"tyuyang"},"content":"        }","lastModifiedDate":"2023-02-02"},{"lineNumber":122,"author":{"gitId":"tyuyang"},"content":"        indexOfBy +\u003d 3;","lastModifiedDate":"2023-01-31"},{"lineNumber":123,"author":{"gitId":"tyuyang"},"content":"        String by \u003d args.substring(indexOfBy);","lastModifiedDate":"2023-01-31"},{"lineNumber":124,"author":{"gitId":"tyuyang"},"content":"        by \u003d by.trim();","lastModifiedDate":"2023-01-31"},{"lineNumber":125,"author":{"gitId":"tyuyang"},"content":"        if (hasBlankArgument(by, \"by\")) {","lastModifiedDate":"2023-02-02"},{"lineNumber":126,"author":{"gitId":"tyuyang"},"content":"            return;","lastModifiedDate":"2023-02-02"},{"lineNumber":127,"author":{"gitId":"tyuyang"},"content":"        }","lastModifiedDate":"2023-02-02"},{"lineNumber":128,"author":{"gitId":"tyuyang"},"content":"        tasks.add(new Deadline(name, by));","lastModifiedDate":"2023-02-11"},{"lineNumber":129,"author":{"gitId":"tyuyang"},"content":"        printAddTaskMessage(noOfTasks);","lastModifiedDate":"2023-01-31"},{"lineNumber":130,"author":{"gitId":"tyuyang"},"content":"    }","lastModifiedDate":"2023-01-31"},{"lineNumber":131,"author":{"gitId":"tyuyang"},"content":"","lastModifiedDate":"2023-01-31"},{"lineNumber":132,"author":{"gitId":"tyuyang"},"content":"    public void addEvent(String args) {","lastModifiedDate":"2023-01-31"},{"lineNumber":133,"author":{"gitId":"tyuyang"},"content":"        noOfTasks++;","lastModifiedDate":"2023-01-26"},{"lineNumber":134,"author":{"gitId":"tyuyang"},"content":"        int indexOfFrom \u003d args.indexOf(\"/from\");","lastModifiedDate":"2023-01-31"},{"lineNumber":135,"author":{"gitId":"tyuyang"},"content":"        int indexOfTo \u003d args.indexOf(\"/to\");","lastModifiedDate":"2023-02-02"},{"lineNumber":136,"author":{"gitId":"tyuyang"},"content":"        if (hasMissingKeyword(indexOfFrom, \"/from\")) {","lastModifiedDate":"2023-02-02"},{"lineNumber":137,"author":{"gitId":"tyuyang"},"content":"            return;","lastModifiedDate":"2023-02-02"},{"lineNumber":138,"author":{"gitId":"tyuyang"},"content":"        }","lastModifiedDate":"2023-02-02"},{"lineNumber":139,"author":{"gitId":"tyuyang"},"content":"        if (hasMissingKeyword(indexOfTo, \"/to\")) {","lastModifiedDate":"2023-02-02"},{"lineNumber":140,"author":{"gitId":"tyuyang"},"content":"            return;","lastModifiedDate":"2023-02-02"},{"lineNumber":141,"author":{"gitId":"tyuyang"},"content":"        }","lastModifiedDate":"2023-02-02"},{"lineNumber":142,"author":{"gitId":"tyuyang"},"content":"        if (indexOfFrom \u003e indexOfTo) {","lastModifiedDate":"2023-02-02"},{"lineNumber":143,"author":{"gitId":"tyuyang"},"content":"            noOfTasks--;","lastModifiedDate":"2023-02-02"},{"lineNumber":144,"author":{"gitId":"tyuyang"},"content":"            System.out.println(\"Please ensure that /from is before /to.\");","lastModifiedDate":"2023-02-02"},{"lineNumber":145,"author":{"gitId":"tyuyang"},"content":"            System.out.println(\"Cos I am too lazy to code for both cases.\");","lastModifiedDate":"2023-02-02"},{"lineNumber":146,"author":{"gitId":"tyuyang"},"content":"            return;","lastModifiedDate":"2023-02-02"},{"lineNumber":147,"author":{"gitId":"tyuyang"},"content":"        }","lastModifiedDate":"2023-02-02"},{"lineNumber":148,"author":{"gitId":"tyuyang"},"content":"        String name \u003d args.substring(0, indexOfFrom);","lastModifiedDate":"2023-01-31"},{"lineNumber":149,"author":{"gitId":"tyuyang"},"content":"        name \u003d name.trim();","lastModifiedDate":"2023-01-31"},{"lineNumber":150,"author":{"gitId":"tyuyang"},"content":"        if (hasBlankArgument(name, \"Name\")) {","lastModifiedDate":"2023-02-02"},{"lineNumber":151,"author":{"gitId":"tyuyang"},"content":"            return;","lastModifiedDate":"2023-02-02"},{"lineNumber":152,"author":{"gitId":"tyuyang"},"content":"        }","lastModifiedDate":"2023-02-02"},{"lineNumber":153,"author":{"gitId":"tyuyang"},"content":"        indexOfFrom +\u003d 5;","lastModifiedDate":"2023-01-31"},{"lineNumber":154,"author":{"gitId":"tyuyang"},"content":"        String from \u003d args.substring(indexOfFrom, indexOfTo);","lastModifiedDate":"2023-01-31"},{"lineNumber":155,"author":{"gitId":"tyuyang"},"content":"        from \u003d from.trim();","lastModifiedDate":"2023-01-31"},{"lineNumber":156,"author":{"gitId":"tyuyang"},"content":"        if (hasBlankArgument(from, \"from\")) {","lastModifiedDate":"2023-02-02"},{"lineNumber":157,"author":{"gitId":"tyuyang"},"content":"            return;","lastModifiedDate":"2023-02-02"},{"lineNumber":158,"author":{"gitId":"tyuyang"},"content":"        }","lastModifiedDate":"2023-02-02"},{"lineNumber":159,"author":{"gitId":"tyuyang"},"content":"        indexOfTo +\u003d 3;","lastModifiedDate":"2023-01-31"},{"lineNumber":160,"author":{"gitId":"tyuyang"},"content":"        String to \u003d args.substring(indexOfTo);","lastModifiedDate":"2023-01-31"},{"lineNumber":161,"author":{"gitId":"tyuyang"},"content":"        to \u003d to.trim();","lastModifiedDate":"2023-01-31"},{"lineNumber":162,"author":{"gitId":"tyuyang"},"content":"        if (hasBlankArgument(to, \"to\")) {","lastModifiedDate":"2023-02-02"},{"lineNumber":163,"author":{"gitId":"tyuyang"},"content":"            return;","lastModifiedDate":"2023-02-02"},{"lineNumber":164,"author":{"gitId":"tyuyang"},"content":"        }","lastModifiedDate":"2023-02-02"},{"lineNumber":165,"author":{"gitId":"tyuyang"},"content":"        tasks.add(new Event(name, from, to));","lastModifiedDate":"2023-02-11"},{"lineNumber":166,"author":{"gitId":"tyuyang"},"content":"        printAddTaskMessage(noOfTasks);","lastModifiedDate":"2023-01-31"},{"lineNumber":167,"author":{"gitId":"tyuyang"},"content":"    }","lastModifiedDate":"2023-01-26"},{"lineNumber":168,"author":{"gitId":"tyuyang"},"content":"","lastModifiedDate":"2023-01-26"},{"lineNumber":169,"author":{"gitId":"tyuyang"},"content":"    public void listTasks() {","lastModifiedDate":"2023-01-26"},{"lineNumber":170,"author":{"gitId":"tyuyang"},"content":"        if (noOfTasks \u003d\u003d 0) {","lastModifiedDate":"2023-01-26"},{"lineNumber":171,"author":{"gitId":"tyuyang"},"content":"            System.out.println(\"No tasks yet. Please input a task.\");","lastModifiedDate":"2023-01-31"},{"lineNumber":172,"author":{"gitId":"tyuyang"},"content":"        }","lastModifiedDate":"2023-01-26"},{"lineNumber":173,"author":{"gitId":"tyuyang"},"content":"        for (int i \u003d 0; i \u003c noOfTasks; i++) {","lastModifiedDate":"2023-02-11"},{"lineNumber":174,"author":{"gitId":"tyuyang"},"content":"            System.out.print((i + 1) + \". \");","lastModifiedDate":"2023-02-11"},{"lineNumber":175,"author":{"gitId":"tyuyang"},"content":"            System.out.println(tasks.get(i).toString());","lastModifiedDate":"2023-02-11"},{"lineNumber":176,"author":{"gitId":"tyuyang"},"content":"        }","lastModifiedDate":"2023-01-26"},{"lineNumber":177,"author":{"gitId":"tyuyang"},"content":"    }","lastModifiedDate":"2023-01-26"},{"lineNumber":178,"author":{"gitId":"tyuyang"},"content":"","lastModifiedDate":"2023-01-26"},{"lineNumber":179,"author":{"gitId":"tyuyang"},"content":"    public void markDone(int taskNo) {","lastModifiedDate":"2023-01-26"},{"lineNumber":180,"author":{"gitId":"tyuyang"},"content":"        if (!isValidTaskNo(taskNo)) {","lastModifiedDate":"2023-01-27"},{"lineNumber":181,"author":{"gitId":"tyuyang"},"content":"            return;","lastModifiedDate":"2023-01-27"},{"lineNumber":182,"author":{"gitId":"tyuyang"},"content":"        }","lastModifiedDate":"2023-01-27"},{"lineNumber":183,"author":{"gitId":"tyuyang"},"content":"        if (tasks.get(taskNo - 1).isDone()) {","lastModifiedDate":"2023-02-11"},{"lineNumber":184,"author":{"gitId":"tyuyang"},"content":"            System.out.println(\"Already done.\");","lastModifiedDate":"2023-01-26"},{"lineNumber":185,"author":{"gitId":"tyuyang"},"content":"        } else {","lastModifiedDate":"2023-01-26"},{"lineNumber":186,"author":{"gitId":"tyuyang"},"content":"            tasks.get(taskNo - 1).setStatus(true);","lastModifiedDate":"2023-02-11"},{"lineNumber":187,"author":{"gitId":"tyuyang"},"content":"            System.out.println(\"Nice! I have marked this task as done.\");","lastModifiedDate":"2023-01-26"},{"lineNumber":188,"author":{"gitId":"tyuyang"},"content":"            System.out.println(tasks.get(taskNo - 1).toString());","lastModifiedDate":"2023-02-11"},{"lineNumber":189,"author":{"gitId":"tyuyang"},"content":"        }","lastModifiedDate":"2023-01-26"},{"lineNumber":190,"author":{"gitId":"tyuyang"},"content":"    }","lastModifiedDate":"2023-01-26"},{"lineNumber":191,"author":{"gitId":"tyuyang"},"content":"","lastModifiedDate":"2023-01-26"},{"lineNumber":192,"author":{"gitId":"tyuyang"},"content":"    public void unmarkDone(int taskNo) {","lastModifiedDate":"2023-01-26"},{"lineNumber":193,"author":{"gitId":"tyuyang"},"content":"        if (!isValidTaskNo(taskNo)) {","lastModifiedDate":"2023-01-27"},{"lineNumber":194,"author":{"gitId":"tyuyang"},"content":"            return;","lastModifiedDate":"2023-01-27"},{"lineNumber":195,"author":{"gitId":"tyuyang"},"content":"        }","lastModifiedDate":"2023-01-27"},{"lineNumber":196,"author":{"gitId":"tyuyang"},"content":"        if (!tasks.get(taskNo - 1).isDone()) {","lastModifiedDate":"2023-02-11"},{"lineNumber":197,"author":{"gitId":"tyuyang"},"content":"            System.out.println(\"Not done yet. Please finish it.\");","lastModifiedDate":"2023-01-26"},{"lineNumber":198,"author":{"gitId":"tyuyang"},"content":"        } else {","lastModifiedDate":"2023-01-26"},{"lineNumber":199,"author":{"gitId":"tyuyang"},"content":"            tasks.get(taskNo - 1).setStatus(false);","lastModifiedDate":"2023-02-11"},{"lineNumber":200,"author":{"gitId":"tyuyang"},"content":"            System.out.println(\"Ok I have marked this as not done yet.\");","lastModifiedDate":"2023-01-26"},{"lineNumber":201,"author":{"gitId":"tyuyang"},"content":"            System.out.println(tasks.get(taskNo - 1).toString());","lastModifiedDate":"2023-02-11"},{"lineNumber":202,"author":{"gitId":"tyuyang"},"content":"        }","lastModifiedDate":"2023-01-26"},{"lineNumber":203,"author":{"gitId":"tyuyang"},"content":"    }","lastModifiedDate":"2023-01-26"},{"lineNumber":204,"author":{"gitId":"tyuyang"},"content":"","lastModifiedDate":"2023-02-11"},{"lineNumber":205,"author":{"gitId":"tyuyang"},"content":"    public void deleteTask(int taskNo) {","lastModifiedDate":"2023-02-11"},{"lineNumber":206,"author":{"gitId":"tyuyang"},"content":"        if (!isValidTaskNo(taskNo)) {","lastModifiedDate":"2023-02-11"},{"lineNumber":207,"author":{"gitId":"tyuyang"},"content":"            return;","lastModifiedDate":"2023-02-11"},{"lineNumber":208,"author":{"gitId":"tyuyang"},"content":"        }","lastModifiedDate":"2023-02-11"},{"lineNumber":209,"author":{"gitId":"tyuyang"},"content":"        noOfTasks--;","lastModifiedDate":"2023-02-11"},{"lineNumber":210,"author":{"gitId":"tyuyang"},"content":"        printDeleteTaskMessage(taskNo);","lastModifiedDate":"2023-02-11"},{"lineNumber":211,"author":{"gitId":"tyuyang"},"content":"        tasks.remove(taskNo - 1);","lastModifiedDate":"2023-02-11"},{"lineNumber":212,"author":{"gitId":"tyuyang"},"content":"    }","lastModifiedDate":"2023-02-11"},{"lineNumber":213,"author":{"gitId":"tyuyang"},"content":"","lastModifiedDate":"2023-02-13"},{"lineNumber":214,"author":{"gitId":"tyuyang"},"content":"    public void saveToFile(FileWriter fileWriter) throws IOException {","lastModifiedDate":"2023-02-13"},{"lineNumber":215,"author":{"gitId":"tyuyang"},"content":"        for (Task task : tasks) {","lastModifiedDate":"2023-02-13"},{"lineNumber":216,"author":{"gitId":"tyuyang"},"content":"            fileWriter.write(task.toSaveString() + System.lineSeparator());","lastModifiedDate":"2023-02-13"},{"lineNumber":217,"author":{"gitId":"tyuyang"},"content":"        }","lastModifiedDate":"2023-02-13"},{"lineNumber":218,"author":{"gitId":"tyuyang"},"content":"    }","lastModifiedDate":"2023-02-13"},{"lineNumber":219,"author":{"gitId":"tyuyang"},"content":"","lastModifiedDate":"2023-02-20"},{"lineNumber":220,"author":{"gitId":"tyuyang"},"content":"    public void findTask(String keyword) {","lastModifiedDate":"2023-02-20"},{"lineNumber":221,"author":{"gitId":"tyuyang"},"content":"        if (keyword.isEmpty()) {","lastModifiedDate":"2023-02-20"},{"lineNumber":222,"author":{"gitId":"tyuyang"},"content":"            System.out.println(\"No keyword entered.\");","lastModifiedDate":"2023-02-20"},{"lineNumber":223,"author":{"gitId":"tyuyang"},"content":"            return;","lastModifiedDate":"2023-02-20"},{"lineNumber":224,"author":{"gitId":"tyuyang"},"content":"        }","lastModifiedDate":"2023-02-20"},{"lineNumber":225,"author":{"gitId":"tyuyang"},"content":"        keyword.trim();","lastModifiedDate":"2023-02-20"},{"lineNumber":226,"author":{"gitId":"tyuyang"},"content":"        int taskNo \u003d 1;","lastModifiedDate":"2023-02-20"},{"lineNumber":227,"author":{"gitId":"tyuyang"},"content":"        boolean taskFound \u003d false;","lastModifiedDate":"2023-02-20"},{"lineNumber":228,"author":{"gitId":"tyuyang"},"content":"        for (Task task : tasks) {","lastModifiedDate":"2023-02-20"},{"lineNumber":229,"author":{"gitId":"tyuyang"},"content":"            if (task.getName().contains(keyword)) {","lastModifiedDate":"2023-02-20"},{"lineNumber":230,"author":{"gitId":"tyuyang"},"content":"                if (!taskFound) {","lastModifiedDate":"2023-02-20"},{"lineNumber":231,"author":{"gitId":"tyuyang"},"content":"                    taskFound \u003d true;","lastModifiedDate":"2023-02-20"},{"lineNumber":232,"author":{"gitId":"tyuyang"},"content":"                    System.out.println(\"These tasks contain the keyword \" + keyword);","lastModifiedDate":"2023-02-20"},{"lineNumber":233,"author":{"gitId":"tyuyang"},"content":"                }","lastModifiedDate":"2023-02-20"},{"lineNumber":234,"author":{"gitId":"tyuyang"},"content":"                System.out.println(taskNo + \". \" + task.toString());","lastModifiedDate":"2023-02-20"},{"lineNumber":235,"author":{"gitId":"tyuyang"},"content":"            }","lastModifiedDate":"2023-02-20"},{"lineNumber":236,"author":{"gitId":"tyuyang"},"content":"            taskNo++;","lastModifiedDate":"2023-02-20"},{"lineNumber":237,"author":{"gitId":"tyuyang"},"content":"        }","lastModifiedDate":"2023-02-20"},{"lineNumber":238,"author":{"gitId":"tyuyang"},"content":"        if (!taskFound) {","lastModifiedDate":"2023-02-20"},{"lineNumber":239,"author":{"gitId":"tyuyang"},"content":"            System.out.println(\"Sorry, no tasks found with this keyword.\");","lastModifiedDate":"2023-02-20"},{"lineNumber":240,"author":{"gitId":"tyuyang"},"content":"        }","lastModifiedDate":"2023-02-20"},{"lineNumber":241,"author":{"gitId":"tyuyang"},"content":"    }","lastModifiedDate":"2023-02-20"},{"lineNumber":242,"author":{"gitId":"tyuyang"},"content":"}","lastModifiedDate":"2023-01-26"}],"authorContributionMap":{"tyuyang":242}},{"path":"src/main/java/duke/tasks/Deadline.java","fileType":"java","lines":[{"lineNumber":1,"author":{"gitId":"tyuyang"},"content":"package duke.tasks;","lastModifiedDate":"2023-02-04"},{"lineNumber":2,"author":{"gitId":"tyuyang"},"content":"","lastModifiedDate":"2023-02-04"},{"lineNumber":3,"author":{"gitId":"tyuyang"},"content":"public class Deadline extends Task {","lastModifiedDate":"2023-01-31"},{"lineNumber":4,"author":{"gitId":"tyuyang"},"content":"    private String byWhen;","lastModifiedDate":"2023-01-31"},{"lineNumber":5,"author":{"gitId":"tyuyang"},"content":"","lastModifiedDate":"2023-01-31"},{"lineNumber":6,"author":{"gitId":"tyuyang"},"content":"    public Deadline(String name, String by) {","lastModifiedDate":"2023-01-31"},{"lineNumber":7,"author":{"gitId":"tyuyang"},"content":"        super(name, \"D\");","lastModifiedDate":"2023-01-31"},{"lineNumber":8,"author":{"gitId":"tyuyang"},"content":"        this.byWhen \u003d by;","lastModifiedDate":"2023-01-31"},{"lineNumber":9,"author":{"gitId":"tyuyang"},"content":"    }","lastModifiedDate":"2023-01-31"},{"lineNumber":10,"author":{"gitId":"tyuyang"},"content":"","lastModifiedDate":"2023-01-31"},{"lineNumber":11,"author":{"gitId":"tyuyang"},"content":"    public String getByWhen() {","lastModifiedDate":"2023-01-31"},{"lineNumber":12,"author":{"gitId":"tyuyang"},"content":"        return byWhen;","lastModifiedDate":"2023-01-31"},{"lineNumber":13,"author":{"gitId":"tyuyang"},"content":"    }","lastModifiedDate":"2023-01-31"},{"lineNumber":14,"author":{"gitId":"tyuyang"},"content":"","lastModifiedDate":"2023-01-31"},{"lineNumber":15,"author":{"gitId":"tyuyang"},"content":"    public String toString() {","lastModifiedDate":"2023-01-31"},{"lineNumber":16,"author":{"gitId":"tyuyang"},"content":"        return super.toString() + \" (by: \" + byWhen + \u0027)\u0027;","lastModifiedDate":"2023-01-31"},{"lineNumber":17,"author":{"gitId":"tyuyang"},"content":"    }","lastModifiedDate":"2023-01-31"},{"lineNumber":18,"author":{"gitId":"tyuyang"},"content":"","lastModifiedDate":"2023-02-13"},{"lineNumber":19,"author":{"gitId":"tyuyang"},"content":"    public String toSaveString() {","lastModifiedDate":"2023-02-13"},{"lineNumber":20,"author":{"gitId":"tyuyang"},"content":"        return super.toSaveString() + \u0027|\u0027 + byWhen;","lastModifiedDate":"2023-02-13"},{"lineNumber":21,"author":{"gitId":"tyuyang"},"content":"    }","lastModifiedDate":"2023-02-13"},{"lineNumber":22,"author":{"gitId":"tyuyang"},"content":"}","lastModifiedDate":"2023-01-31"}],"authorContributionMap":{"tyuyang":22}},{"path":"src/main/java/duke/tasks/Event.java","fileType":"java","lines":[{"lineNumber":1,"author":{"gitId":"tyuyang"},"content":"package duke.tasks;","lastModifiedDate":"2023-02-04"},{"lineNumber":2,"author":{"gitId":"tyuyang"},"content":"","lastModifiedDate":"2023-02-04"},{"lineNumber":3,"author":{"gitId":"tyuyang"},"content":"public class Event extends Task {","lastModifiedDate":"2023-01-31"},{"lineNumber":4,"author":{"gitId":"tyuyang"},"content":"    private String fromWhen;","lastModifiedDate":"2023-01-31"},{"lineNumber":5,"author":{"gitId":"tyuyang"},"content":"    private String toWhen;","lastModifiedDate":"2023-01-31"},{"lineNumber":6,"author":{"gitId":"tyuyang"},"content":"","lastModifiedDate":"2023-01-31"},{"lineNumber":7,"author":{"gitId":"tyuyang"},"content":"    public Event(String name, String from, String to) {","lastModifiedDate":"2023-01-31"},{"lineNumber":8,"author":{"gitId":"tyuyang"},"content":"        super(name, \"E\");","lastModifiedDate":"2023-01-31"},{"lineNumber":9,"author":{"gitId":"tyuyang"},"content":"        this.fromWhen \u003d from;","lastModifiedDate":"2023-01-31"},{"lineNumber":10,"author":{"gitId":"tyuyang"},"content":"        this.toWhen \u003d to;","lastModifiedDate":"2023-01-31"},{"lineNumber":11,"author":{"gitId":"tyuyang"},"content":"    }","lastModifiedDate":"2023-01-31"},{"lineNumber":12,"author":{"gitId":"tyuyang"},"content":"","lastModifiedDate":"2023-01-31"},{"lineNumber":13,"author":{"gitId":"tyuyang"},"content":"    public String getFromWhen() {","lastModifiedDate":"2023-01-31"},{"lineNumber":14,"author":{"gitId":"tyuyang"},"content":"        return this.fromWhen;","lastModifiedDate":"2023-01-31"},{"lineNumber":15,"author":{"gitId":"tyuyang"},"content":"    }","lastModifiedDate":"2023-01-31"},{"lineNumber":16,"author":{"gitId":"tyuyang"},"content":"","lastModifiedDate":"2023-01-31"},{"lineNumber":17,"author":{"gitId":"tyuyang"},"content":"    public String getToWhen() {","lastModifiedDate":"2023-01-31"},{"lineNumber":18,"author":{"gitId":"tyuyang"},"content":"        return this.toWhen;","lastModifiedDate":"2023-01-31"},{"lineNumber":19,"author":{"gitId":"tyuyang"},"content":"    }","lastModifiedDate":"2023-01-31"},{"lineNumber":20,"author":{"gitId":"tyuyang"},"content":"","lastModifiedDate":"2023-01-31"},{"lineNumber":21,"author":{"gitId":"tyuyang"},"content":"    public String toString() {","lastModifiedDate":"2023-01-31"},{"lineNumber":22,"author":{"gitId":"tyuyang"},"content":"        return super.toString() + \" (from: \" + fromWhen + \")\" + \" (to: \" + toWhen + \u0027)\u0027;","lastModifiedDate":"2023-01-31"},{"lineNumber":23,"author":{"gitId":"tyuyang"},"content":"    }","lastModifiedDate":"2023-01-31"},{"lineNumber":24,"author":{"gitId":"tyuyang"},"content":"","lastModifiedDate":"2023-02-13"},{"lineNumber":25,"author":{"gitId":"tyuyang"},"content":"    public String toSaveString() {","lastModifiedDate":"2023-02-13"},{"lineNumber":26,"author":{"gitId":"tyuyang"},"content":"        return super.toSaveString() + \u0027|\u0027 + fromWhen + \u0027|\u0027 + toWhen;","lastModifiedDate":"2023-02-13"},{"lineNumber":27,"author":{"gitId":"tyuyang"},"content":"    }","lastModifiedDate":"2023-02-13"},{"lineNumber":28,"author":{"gitId":"tyuyang"},"content":"}","lastModifiedDate":"2023-01-31"}],"authorContributionMap":{"tyuyang":28}},{"path":"src/main/java/duke/tasks/Task.java","fileType":"java","lines":[{"lineNumber":1,"author":{"gitId":"tyuyang"},"content":"package duke.tasks;","lastModifiedDate":"2023-02-04"},{"lineNumber":2,"author":{"gitId":"tyuyang"},"content":"","lastModifiedDate":"2023-02-04"},{"lineNumber":3,"author":{"gitId":"tyuyang"},"content":"public abstract class Task {","lastModifiedDate":"2023-02-04"},{"lineNumber":4,"author":{"gitId":"tyuyang"},"content":"    private String name;","lastModifiedDate":"2023-01-26"},{"lineNumber":5,"author":{"gitId":"tyuyang"},"content":"    private boolean completionStatus;","lastModifiedDate":"2023-01-26"},{"lineNumber":6,"author":{"gitId":"tyuyang"},"content":"    private String taskType;","lastModifiedDate":"2023-01-31"},{"lineNumber":7,"author":{"gitId":"tyuyang"},"content":"","lastModifiedDate":"2023-01-26"},{"lineNumber":8,"author":{"gitId":"tyuyang"},"content":"    public Task(String name, String taskType) {","lastModifiedDate":"2023-01-31"},{"lineNumber":9,"author":{"gitId":"tyuyang"},"content":"        this.name \u003d name;","lastModifiedDate":"2023-01-26"},{"lineNumber":10,"author":{"gitId":"tyuyang"},"content":"        this.taskType \u003d taskType;","lastModifiedDate":"2023-01-31"},{"lineNumber":11,"author":{"gitId":"tyuyang"},"content":"        this.completionStatus \u003d false;","lastModifiedDate":"2023-01-26"},{"lineNumber":12,"author":{"gitId":"tyuyang"},"content":"    }","lastModifiedDate":"2023-01-26"},{"lineNumber":13,"author":{"gitId":"tyuyang"},"content":"","lastModifiedDate":"2023-01-26"},{"lineNumber":14,"author":{"gitId":"tyuyang"},"content":"    public String getName() {","lastModifiedDate":"2023-01-26"},{"lineNumber":15,"author":{"gitId":"tyuyang"},"content":"        return this.name;","lastModifiedDate":"2023-01-26"},{"lineNumber":16,"author":{"gitId":"tyuyang"},"content":"    }","lastModifiedDate":"2023-01-26"},{"lineNumber":17,"author":{"gitId":"tyuyang"},"content":"","lastModifiedDate":"2023-01-26"},{"lineNumber":18,"author":{"gitId":"tyuyang"},"content":"    public String getTaskType() {","lastModifiedDate":"2023-01-31"},{"lineNumber":19,"author":{"gitId":"tyuyang"},"content":"        return this.taskType;","lastModifiedDate":"2023-01-31"},{"lineNumber":20,"author":{"gitId":"tyuyang"},"content":"    }","lastModifiedDate":"2023-01-31"},{"lineNumber":21,"author":{"gitId":"tyuyang"},"content":"","lastModifiedDate":"2023-01-31"},{"lineNumber":22,"author":{"gitId":"tyuyang"},"content":"    public void setStatus(boolean status) {","lastModifiedDate":"2023-01-26"},{"lineNumber":23,"author":{"gitId":"tyuyang"},"content":"        this.completionStatus \u003d status;","lastModifiedDate":"2023-01-26"},{"lineNumber":24,"author":{"gitId":"tyuyang"},"content":"    }","lastModifiedDate":"2023-01-26"},{"lineNumber":25,"author":{"gitId":"tyuyang"},"content":"","lastModifiedDate":"2023-01-26"},{"lineNumber":26,"author":{"gitId":"tyuyang"},"content":"    public boolean isDone() {","lastModifiedDate":"2023-01-26"},{"lineNumber":27,"author":{"gitId":"tyuyang"},"content":"        return this.completionStatus;","lastModifiedDate":"2023-01-26"},{"lineNumber":28,"author":{"gitId":"tyuyang"},"content":"    }","lastModifiedDate":"2023-01-26"},{"lineNumber":29,"author":{"gitId":"tyuyang"},"content":"","lastModifiedDate":"2023-01-31"},{"lineNumber":30,"author":{"gitId":"tyuyang"},"content":"    public String toString() {","lastModifiedDate":"2023-01-31"},{"lineNumber":31,"author":{"gitId":"tyuyang"},"content":"        String completionStatusString \u003d completionStatus ? \"[X]\" : \"[ ]\";","lastModifiedDate":"2023-01-31"},{"lineNumber":32,"author":{"gitId":"tyuyang"},"content":"        String taskTypeString \u003d \u0027[\u0027 + taskType + \u0027]\u0027;","lastModifiedDate":"2023-01-31"},{"lineNumber":33,"author":{"gitId":"tyuyang"},"content":"        return taskTypeString + completionStatusString + \u0027 \u0027 + name;","lastModifiedDate":"2023-01-31"},{"lineNumber":34,"author":{"gitId":"tyuyang"},"content":"    }","lastModifiedDate":"2023-01-31"},{"lineNumber":35,"author":{"gitId":"tyuyang"},"content":"","lastModifiedDate":"2023-02-13"},{"lineNumber":36,"author":{"gitId":"tyuyang"},"content":"    public String toSaveString() {","lastModifiedDate":"2023-02-13"},{"lineNumber":37,"author":{"gitId":"tyuyang"},"content":"        String completionStatusString \u003d completionStatus ? \"Y\" : \"N\";","lastModifiedDate":"2023-02-13"},{"lineNumber":38,"author":{"gitId":"tyuyang"},"content":"        return taskType + \u0027|\u0027 + completionStatusString + \u0027|\u0027 + name;","lastModifiedDate":"2023-02-13"},{"lineNumber":39,"author":{"gitId":"tyuyang"},"content":"    }","lastModifiedDate":"2023-02-13"},{"lineNumber":40,"author":{"gitId":"tyuyang"},"content":"}","lastModifiedDate":"2023-01-26"}],"authorContributionMap":{"tyuyang":40}},{"path":"src/main/java/duke/tasks/ToDo.java","fileType":"java","lines":[{"lineNumber":1,"author":{"gitId":"tyuyang"},"content":"package duke.tasks;","lastModifiedDate":"2023-02-04"},{"lineNumber":2,"author":{"gitId":"tyuyang"},"content":"","lastModifiedDate":"2023-02-04"},{"lineNumber":3,"author":{"gitId":"tyuyang"},"content":"public class ToDo extends Task {","lastModifiedDate":"2023-01-31"},{"lineNumber":4,"author":{"gitId":"tyuyang"},"content":"    public ToDo(String name) {","lastModifiedDate":"2023-01-31"},{"lineNumber":5,"author":{"gitId":"tyuyang"},"content":"        super(name, \"T\");","lastModifiedDate":"2023-01-31"},{"lineNumber":6,"author":{"gitId":"tyuyang"},"content":"    }","lastModifiedDate":"2023-01-31"},{"lineNumber":7,"author":{"gitId":"tyuyang"},"content":"}","lastModifiedDate":"2023-01-31"}],"authorContributionMap":{"tyuyang":7}}]
