{"authorDailyContributionsMap":{"tyuyang":[{"date":"2023-01-26","commitResults":[{"hash":"901717eaee91942c1cb67598a2d41a3e1adc7fbc","messageTitle":"Added level-0","messageBody":"","tags":["level-0"],"fileTypesAndContributionMap":{"java":{"insertions":5,"deletions":6}}},{"hash":"46f2567351594b908e8ec8617e5bc7743835baf9","messageTitle":"Added level-1","messageBody":"","fileTypesAndContributionMap":{"java":{"insertions":21,"deletions":0}}},{"hash":"7ab3b17e6272f986b6488e5b41341b2a1ab5a668","messageTitle":"Created greetUser(), echo() and exit() methods","messageBody":"","tags":["level-1"],"fileTypesAndContributionMap":{"java":{"insertions":11,"deletions":6}}},{"hash":"6fc721679f7a54f9c34d4191914c4d451e32e0d4","messageTitle":"Added level-2","messageBody":"","fileTypesAndContributionMap":{"java":{"insertions":28,"deletions":1}}},{"hash":"61bdf2a1094bb3c8875bcce77818c7adeb6d2e28","messageTitle":"Minor changes to exit()","messageBody":"","fileTypesAndContributionMap":{"java":{"insertions":1,"deletions":0}}},{"hash":"81b5bb74906d442252821c8275bb7d241666dfb4","messageTitle":"1. Added class Task and TaskList. 2. Migrated addTask and listTasks into TaskList as methods 3. Created printLine method","messageBody":"","tags":["level-2"],"fileTypesAndContributionMap":{"java":{"insertions":66,"deletions":36}}},{"hash":"2fef3ab3233a09fa8dd7ff4ca9fb451023bb6f7e","messageTitle":"Started on level-3, left with modifying Duke.java","messageBody":"","fileTypesAndContributionMap":{"java":{"insertions":49,"deletions":1}}},{"hash":"3b88b5b7254a7383b1f9dd6680b3f0f44ad92b97","messageTitle":"Added level-3","messageBody":"","fileTypesAndContributionMap":{"java":{"insertions":4,"deletions":1}}}]},{"date":"2023-01-27","commitResults":[{"hash":"0747bd383773c00e30bf81182a00da514b8d525b","messageTitle":"Added superfluous comments to the README","messageBody":"","fileTypesAndContributionMap":{"md":{"insertions":2,"deletions":0}}},{"hash":"187641be8acdc1a28859f0d1de888f9ff89084f1","messageTitle":"Added taskNo validity checks in TaskList class.","messageBody":"","fileTypesAndContributionMap":{"java":{"insertions":18,"deletions":0}}},{"hash":"b7cafa343dcd693ca15be42e768a7f06448002ba","messageTitle":"Added help command. Fixed error occuring if task entered has less than 6 characters.","messageBody":"","fileTypesAndContributionMap":{"java":{"insertions":14,"deletions":2}}}]},{"date":"2023-01-28","commitResults":[{"hash":"86bb7af6ad05c1f7f6fedd31cad063a359eadb68","messageTitle":"Refactored line parser and executor","messageBody":"","fileTypesAndContributionMap":{"java":{"insertions":24,"deletions":31}}}]},{"date":"2023-01-31","commitResults":[{"hash":"896453e51a995733580c7c70c358ad0005f7fc0c","messageTitle":"Added attribute taskType in Task","messageBody":"","fileTypesAndContributionMap":{"java":{"insertions":7,"deletions":1}}},{"hash":"42a9c07b141dd1cd5e7b5264505163110fd50cfb","messageTitle":"Added printTaskType(), printAddTaskMessage(), and all three add tasks functions","messageBody":"","fileTypesAndContributionMap":{"java":{"insertions":47,"deletions":5}}},{"hash":"7d48d4a33a838dc8fe71705640b34c92368ec6a0","messageTitle":"Added printDescription skeleton","messageBody":"","fileTypesAndContributionMap":{"java":{"insertions":7,"deletions":0}}},{"hash":"9985e5e65a48ab655cffa4301ed159004a829bba","messageTitle":"Updated listTasks() method in TaskList","messageBody":"","fileTypesAndContributionMap":{"java":{"insertions":4,"deletions":2}}},{"hash":"f8ec4544b12188c77127bbd403ee4a451a901aad","messageTitle":"Added subclasses of Task","messageBody":"","fileTypesAndContributionMap":{"java":{"insertions":36,"deletions":0}}},{"hash":"5ac947319a96c225849d619e3c2980197dd2a7a9","messageTitle":"Refactored printing task methods in TaskList to toString() in Task and its subclasses","messageBody":"","fileTypesAndContributionMap":{"java":{"insertions":18,"deletions":38}}},{"hash":"fd7d4d8fe6feb28c8e4ed0818f419c651501606c","messageTitle":"Updated help command","messageBody":"","fileTypesAndContributionMap":{"java":{"insertions":3,"deletions":2}}},{"hash":"f11a7a6ad70d2f03721821564b71946938815ba4","messageTitle":"Minor changes to toString() function to match requirements","messageBody":"","fileTypesAndContributionMap":{"java":{"insertions":2,"deletions":2}}},{"hash":"af2df5f9b0297eef94807f3ba9e8582aeb58e995","messageTitle":"Fixed bug where characters after /to will also be saved in the from string","messageBody":"","fileTypesAndContributionMap":{"java":{"insertions":3,"deletions":3}}},{"hash":"afe9ab40c580b0648c24fec5a433c332d36f919d","messageTitle":"Updated userInputParser","messageBody":"","tags":["level-4"],"fileTypesAndContributionMap":{"java":{"insertions":15,"deletions":2}}}]},{"date":"2023-02-02","commitResults":[{"hash":"6433e0d71b650914c9f5248e8db5034e606683af","messageTitle":"Refactored code so that parseUserInput is void type. Added error detection for non integer input after mark and unmark.","messageBody":"","fileTypesAndContributionMap":{"java":{"insertions":47,"deletions":35}}},{"hash":"c80418a812bc218096c519ad986b98ba1daf0779","messageTitle":"Added level-5: Error catching","messageBody":"","tags":["level-5"],"fileTypesAndContributionMap":{"java":{"insertions":64,"deletions":5}}}]},{"date":"2023-02-04","commitResults":[{"hash":"5500016130916e80396f5da1e48cab457d5042fa","messageTitle":"Added duke and tasks packages","messageBody":"","fileTypesAndContributionMap":{"java":{"insertions":16,"deletions":0}}},{"hash":"24276a85bdc12d53b37c492950355b3beea7128e","messageTitle":"Changed task class to abstract","messageBody":"","fileTypesAndContributionMap":{"java":{"insertions":1,"deletions":1}}}]},{"date":"2023-02-11","commitResults":[{"hash":"18ce714a5af8b08a6c7c5ef410c6cc43c2adb42c","messageTitle":"Made Code quality related changes in Duke","messageBody":"","fileTypesAndContributionMap":{"java":{"insertions":50,"deletions":48}}},{"hash":"6c4e52a7b5947113bf1f2e507532936e4b74fe04","messageTitle":"Changed underlying data structure of TaskList to ArrayList","messageBody":"","tags":["A-Collections"],"fileTypesAndContributionMap":{"java":{"insertions":19,"deletions":18}}},{"hash":"cfbf8149bff17efd8c41345d182ebd4125311933","messageTitle":"Added the deleteTask method in taskList and programmed duke to recognise the delete command Level-6 done","messageBody":"","fileTypesAndContributionMap":{"java":{"insertions":23,"deletions":1}}},{"hash":"28ec94dfdb806c4356836318c96fbf7629b1d133","messageTitle":"Changed the help message to include delete command","messageBody":"","fileTypesAndContributionMap":{"java":{"insertions":1,"deletions":0}}}]},{"date":"2023-02-12","commitResults":[{"hash":"6e48c025c93c84cf8c86f8fc3f38e2abea8384f0","messageTitle":"Added savefile and data directory creation","messageBody":"","fileTypesAndContributionMap":{"java":{"insertions":47,"deletions":2}}},{"hash":"f5dc75715308d919374a25a0947614218f7a5957","messageTitle":"Added savefile parser","messageBody":"","fileTypesAndContributionMap":{"txt":{"insertions":18,"deletions":0},"java":{"insertions":42,"deletions":4}}}]},{"date":"2023-02-13","commitResults":[{"hash":"a2fc0a063b42279f5ed8f4887a19880aeda55b39","messageTitle":"Added savefile write capabilities. Level-7 completed","messageBody":"","tags":["Level-7"],"fileTypesAndContributionMap":{"txt":{"insertions":6,"deletions":4},"java":{"insertions":45,"deletions":9}}}]},{"date":"2023-02-16","commitResults":[{"hash":"e663b5ecbbbc118ca6f2858f9bbb8e0f66f28966","messageTitle":"Minor code quality changes based on tutor comments","messageBody":"","fileTypesAndContributionMap":{"java":{"insertions":3,"deletions":3}}}]},{"date":"2023-02-20","commitResults":[{"hash":"048120c7768fb1b7ee437463963c7c3bf6c17468","messageTitle":"Minor changes to my notes","messageBody":"","fileTypesAndContributionMap":{"txt":{"insertions":3,"deletions":3}}},{"hash":"398fe93c6c1f1f42cbe00427e0cd0e6607bb8da1","messageTitle":"Added method findTask. Level-9 complete","messageBody":"","fileTypesAndContributionMap":{"java":{"insertions":26,"deletions":0}}}]},{"date":"2023-02-22","commitResults":[{"hash":"5d3dc200379cb0ca04c426644ebd285c0a932753","messageTitle":"Added DukeUi class","messageBody":"","fileTypesAndContributionMap":{"txt":{"insertions":47,"deletions":1},"java":{"insertions":60,"deletions":0}}},{"hash":"531abd66b558152a58ecad144259fbb6f025ad40","messageTitle":"Changed Duke.main() to utilise DukeUi class","messageBody":"","fileTypesAndContributionMap":{"java":{"insertions":6,"deletions":3}}},{"hash":"1efa44f93292a040aea7d7f8558d5e6ed15a2669","messageTitle":"Modified Duke to utilise commands from DukeUi","messageBody":"","fileTypesAndContributionMap":{"java":{"insertions":6,"deletions":32}}},{"hash":"decc05b7bab4c3f14d2c7b3f394be5780df62133","messageTitle":"Did some repackaging to make the classes look more organised","messageBody":"","fileTypesAndContributionMap":{"java":{"insertions":12,"deletions":21}}},{"hash":"55eb28e182e65bfe532a48b0cf2d0f3048a4b7fa","messageTitle":"Added TasklistUi. Migrated the private printing functions to TasklistUi and made relevant changes to TaskList","messageBody":"","fileTypesAndContributionMap":{"java":{"insertions":39,"deletions":30}}},{"hash":"14f12c8a30364ac089349759eaf3b075148a3561","messageTitle":"Added new command find to the help command","messageBody":"","fileTypesAndContributionMap":{"java":{"insertions":2,"deletions":0}}},{"hash":"46949d069e346541aedcf749c422dd8c45e6fa06","messageTitle":"Changed TasklistUi to not inherit from TaskList since it caused an infinite loop","messageBody":"","fileTypesAndContributionMap":{"java":{"insertions":4,"deletions":2}}},{"hash":"bfe6a92c7f20466bc4fd14fbf8bd5ee5bbcd9d1c","messageTitle":"Refactored all printing functions in TaskList to a method in TasklistUi","messageBody":"","fileTypesAndContributionMap":{"java":{"insertions":80,"deletions":30}}},{"hash":"7ba036c37d713df05be75a78ba79d1c9c8b3e853","messageTitle":"Modified DukeUi so that it can be constructed without scanner","messageBody":"","fileTypesAndContributionMap":{"java":{"insertions":5,"deletions":2}}},{"hash":"86f46c6f2762fdcecac10df1b4f29b1f5c5d5220","messageTitle":"Created SavefileManager","messageBody":"","fileTypesAndContributionMap":{"java":{"insertions":70,"deletions":0}}},{"hash":"5da442f82d8d2f4f5e395787cc61b237455c6e7b","messageTitle":"Added relevant commands to DukeUi","messageBody":"","fileTypesAndContributionMap":{"java":{"insertions":29,"deletions":0}}},{"hash":"3c5a4ac90ad11c66d4371a98a49c80e80c66aa00","messageTitle":"Modified Duke to use Savefile Manager commands","messageBody":"","fileTypesAndContributionMap":{"java":{"insertions":5,"deletions":19}}},{"hash":"49a23eb5400bb562f0b00482b68b4a6131f90da7","messageTitle":"Modified Duke to use SavefileManager commands","messageBody":"","fileTypesAndContributionMap":{"java":{"insertions":11,"deletions":48}}},{"hash":"d2d78e94b205591fa48cb222726c7f93eb4dc1ee","messageTitle":"Created new exception to handle unsuccessful file or directory creation","messageBody":"","fileTypesAndContributionMap":{"java":{"insertions":7,"deletions":0}}},{"hash":"ec9a1612022ddeb1cde82f909306ff61c0044364","messageTitle":"Fixed a bug where listing tasks with numbers starts from 0","messageBody":"","fileTypesAndContributionMap":{"java":{"insertions":1,"deletions":2}}},{"hash":"e83014ff7766165e0d70429d1fb250b603f6121a","messageTitle":"Fixed bug where mark printed the already done message","messageBody":"","fileTypesAndContributionMap":{"java":{"insertions":1,"deletions":1}}},{"hash":"202b97d68a0c3852d72fe4e8a6385eb3e99600a0","messageTitle":"Miscellaneous changes","messageBody":"","fileTypesAndContributionMap":{"txt":{"insertions":8,"deletions":3}}}]},{"date":"2023-02-23","commitResults":[{"hash":"29564b9e75dcf7bbd65fde71e908cb0e99173135","messageTitle":"Created DukeParser and made relevant modifications to Duke and DukeUi. Introduced static reference errors","messageBody":"","fileTypesAndContributionMap":{"txt":{"insertions":4,"deletions":1},"java":{"insertions":138,"deletions":63}}},{"hash":"4f71cee38da21d67867f7934cde3eee9af9595a0","messageTitle":"Modified duke so that static errors do not occur","messageBody":"","fileTypesAndContributionMap":{"java":{"insertions":21,"deletions":71}}}]},{"date":"2023-02-28","commitResults":[{"hash":"7e59750590b755da2f58e543dd43baf2d2470dcc","messageTitle":"Updated first paragraph of readme. This is for testing purposes","messageBody":"","fileTypesAndContributionMap":{"md":{"insertions":14,"deletions":0}}},{"hash":"12a58a9dbc8f3b0611a593288cfe3e5a27f4828d","messageTitle":"Updated second iteration of the readme","messageBody":"","fileTypesAndContributionMap":{"md":{"insertions":150,"deletions":13}}},{"hash":"8c9577fbe3cae6700b4b3a6c1682bb1843c581d5","messageTitle":"Added error detection for arguments containing |","messageBody":"","fileTypesAndContributionMap":{"java":{"insertions":23,"deletions":0}}},{"hash":"183355ad9b61e00f351806ea1149f806f79e6cd9","messageTitle":"Modified readme","messageBody":"","fileTypesAndContributionMap":{"md":{"insertions":38,"deletions":12}}},{"hash":"7032671c40999a42dd7f2bf09f8a74fd04dc6396","messageTitle":"Modified readme","messageBody":"","fileTypesAndContributionMap":{"md":{"insertions":0,"deletions":26}}},{"hash":"ceff8cdae4bc26af7655f6fe110416bb2a5442f6","messageTitle":"Documented all classes and non-trivial public functions","messageBody":"","fileTypesAndContributionMap":{"java":{"insertions":219,"deletions":0}}},{"hash":"8964eaff320b1f4a6c5260498120491d17f9fdb6","messageTitle":"Added expected outputs to readme","messageBody":"","fileTypesAndContributionMap":{"txt":{"insertions":2,"deletions":2},"md":{"insertions":98,"deletions":1}}},{"hash":"2c9dce47c0bb20c707f5748c0db17240dae02cc8","messageTitle":"Fixed bug where find task will go OOB for some reason","messageBody":"","fileTypesAndContributionMap":{"java":{"insertions":1,"deletions":1}}},{"hash":"2f7bd979c32e385925f86d2b3116f99cae9bde01","messageTitle":"Updated readme for new release","messageBody":"","fileTypesAndContributionMap":{"md":{"insertions":2,"deletions":2}}},{"hash":"c19c3f5a67a604ad0e81954e04144ac25b1b0b5c","messageTitle":"Added support for Java Runtime Environment version 55 because I did not follow instructions and coded in Java 17. Modified readme to match changes","messageBody":"","tags":["Duke_1.1.2"],"fileTypesAndContributionMap":{"md":{"insertions":2,"deletions":2}}}]}]},"authorFileTypeContributionMap":{"tyuyang":{"java":924,"md":253,"fxml":0,"sh":0,"bat":0,"gradle":0,"txt":74}},"authorContributionVariance":{"tyuyang":17637.568},"authorDisplayNameMap":{"tyuyang":"CS2113-T13-3 TAY ..YANG"}}
