{"authorDailyContributionsMap":{"alexgoexercise":[{"date":"2023-01-30","commitResults":[{"hash":"c24b6482f033b0bdcb68e82c0a50adb9a6f664e7","messageTitle":"Set up level-0","messageBody":"","tags":["Level-0"],"fileTypesAndContributionMap":{"java":{"insertions":12,"deletions":0}}},{"hash":"bbfd4955c3ab34c603a84a99ecd346153d9ec775","messageTitle":"Add echo function to Duke.java for level-1","messageBody":"","tags":["Level-1"],"fileTypesAndContributionMap":{"java":{"insertions":17,"deletions":0}}},{"hash":"aa6f3b882fe80412545956c3b5a50a0c71b5e57a","messageTitle":"Create a Task class for level-2","messageBody":"","tags":["Level-2"],"fileTypesAndContributionMap":{"java":{"insertions":55,"deletions":6}}},{"hash":"45cb8ccc79a4ea17df3e1020343fd99680807fd1","messageTitle":"Add isDone variable in Task class","messageBody":"","fileTypesAndContributionMap":{"java":{"insertions":15,"deletions":1}}},{"hash":"f413483e1abc38ed986ef01fb547f67b8aee4853","messageTitle":"Ammend some bugs in Task class and add a markTask function in Duke","messageBody":"","tags":["Level-3"],"fileTypesAndContributionMap":{"java":{"insertions":36,"deletions":5}}},{"hash":"ebe9eb8db362600cbd908d69291c3f9907307f07","messageTitle":"Ammend out of bound issue for markTask","messageBody":"","fileTypesAndContributionMap":{"java":{"insertions":4,"deletions":1}}}]},{"date":"2023-01-31","commitResults":[{"hash":"c03e3cf1615346a5db89ac246a2b5d9a2efff82f","messageTitle":"Add the specific subclass for Task class","messageBody":"","tags":["Level-4"],"fileTypesAndContributionMap":{"java":{"insertions":131,"deletions":40}}}]},{"date":"2023-02-01","commitResults":[{"hash":"20b0ade504d84bb7e41f5aedf9541c55ea9391a3","messageTitle":"Standardise code and make instruction clearer","messageBody":"","tags":["A-CodingStandard"],"fileTypesAndContributionMap":{"java":{"insertions":19,"deletions":4}}},{"hash":"eba5c55d0e036896992908faac74880fcd240e69","messageTitle":"Add text-ui-test","messageBody":"","tags":["A-TextUiTesting"],"fileTypesAndContributionMap":{"txt":{"insertions":4,"deletions":0}}}]}]},"authorFileTypeContributionMap":{"alexgoexercise":{"java":232,"md":0,"fxml":0,"sh":0,"bat":0,"gradle":0,"txt":4}},"authorContributionVariance":{"alexgoexercise":2347.45},"authorDisplayNameMap":{"alexgoexercise":"CS2113-T15-3 ZHAO..IUQI"}}
