{"authorDailyContributionsMap":{"ngkaiwen123":[{"date":"2023-01-24","commitResults":[{"hash":"1d4c3f0ce1595ae68f67b4e85154689f79b0e422","messageTitle":"-Changes to greeting. -Added farewell message.","messageBody":"","tags":["Level-0"],"fileTypesAndContributionMap":{"java":{"insertions":4,"deletions":6}}},{"hash":"c5bcb23d76c8b5cbc0674d170198faaca0182f21","messageTitle":"-Greet, echo and exit function","messageBody":"","tags":["Level-1"],"fileTypesAndContributionMap":{"java":{"insertions":14,"deletions":1}}}]},{"date":"2023-01-25","commitResults":[{"hash":"52c102cba64b57bd7ad013803d3d35114f396ab1","messageTitle":"-Add, list features","messageBody":"","tags":["Level-2"],"fileTypesAndContributionMap":{"java":{"insertions":15,"deletions":3}}},{"hash":"f9885670987cf7b321966f817393eaaebad367a6","messageTitle":"-Implemented \"Mark as done\" feature","messageBody":"","tags":["Level-3"],"fileTypesAndContributionMap":{"java":{"insertions":90,"deletions":9}}},{"hash":"06d173ee56bc6eeed74905305cb81e0101fb85bf","messageTitle":"-Tweaks to code and comments to comply with coding standards.","messageBody":"","tags":["A-CodingStandard"],"fileTypesAndContributionMap":{"java":{"insertions":46,"deletions":2}}}]},{"date":"2023-01-26","commitResults":[{"hash":"5fd5e068ab50f1ff4ddd748473e5cbf09885b03c","messageTitle":"-Changes to coding standards and bug fixes","messageBody":"","fileTypesAndContributionMap":{"java":{"insertions":27,"deletions":18}}}]},{"date":"2023-01-29","commitResults":[{"hash":"5780dde4f1aa325d56f6002ee933f50506f9260b","messageTitle":"- Added ToDos, Events, Deadlines feature. - Added documentation for and created three new classes (ToDo, Event, Deadline)","messageBody":"","tags":["Level-4"],"fileTypesAndContributionMap":{"java":{"insertions":173,"deletions":22}}}]},{"date":"2023-01-30","commitResults":[{"hash":"3639fc94c167be6a62842529d0fb3950e3e0df7f","messageTitle":"-Improve code quality","messageBody":"","tags":["A-CodeQuality"],"fileTypesAndContributionMap":{"java":{"insertions":234,"deletions":153}}}]},{"date":"2023-02-03","commitResults":[{"hash":"a46dd905f8d6e78568abc64a9da32c47cb3a1805","messageTitle":"-Added TextUITesting capability.","messageBody":"","tags":["A-TextUiTesting"],"fileTypesAndContributionMap":{"txt":{"insertions":13,"deletions":0}}}]},{"date":"2023-02-06","commitResults":[{"hash":"99b6a896f960655be66461efb0f10aaff6cc8173","messageTitle":"-Added error handling functions.","messageBody":"","fileTypesAndContributionMap":{"java":{"insertions":12,"deletions":5}}}]},{"date":"2023-02-07","commitResults":[{"hash":"ee1175d131720df43a8f75a31ae83dd6f1eb4fd2","messageTitle":"-Added DukeExceptions class to deal with errors.","messageBody":"","fileTypesAndContributionMap":{"txt":{"insertions":13,"deletions":8},"java":{"insertions":101,"deletions":39}}},{"hash":"f56fdff51156cae03c62d1565f002d970c9e0837","messageTitle":"-Packaged all classes except for the main class Duke.java","messageBody":"","fileTypesAndContributionMap":{"java":{"insertions":24,"deletions":4}}},{"hash":"4d7231a15de81b435a4611c7e949f2cc90cc172a","messageTitle":"-Testing","messageBody":"","fileTypesAndContributionMap":{"java":{"insertions":1,"deletions":1}}}]},{"date":"2023-02-09","commitResults":[{"hash":"c13ba82ee62ca5eba94661f146157cd117e3b690","messageTitle":"-Changed comments","messageBody":"","fileTypesAndContributionMap":{"java":{"insertions":1,"deletions":1}}}]},{"date":"2023-02-13","commitResults":[{"hash":"aef16ae91efffa0bf6be413ec1193e90d05113fa","messageTitle":"-Added \"delete\" feature and testing for feature.","messageBody":"","fileTypesAndContributionMap":{"txt":{"insertions":2,"deletions":0},"java":{"insertions":64,"deletions":28}}},{"hash":"4145aef1bcb28ae636a88d9251b98fd1b3e61ec9","messageTitle":"-Change of comments and use of ArrayList to store tasks.","messageBody":"","fileTypesAndContributionMap":{"java":{"insertions":1,"deletions":1}}}]},{"date":"2023-02-15","commitResults":[{"hash":"f8ce530c8bc0328d0d50a0c0e1f738699dd47da4","messageTitle":"-Added File Saving Function for Level 7.","messageBody":"","fileTypesAndContributionMap":{"java":{"insertions":242,"deletions":6}}}]},{"date":"2023-02-22","commitResults":[{"hash":"3b760d5824ea09688131a51aa01ff3235d3cd914","messageTitle":"-Extraction of Classes to follow OOP requirements","messageBody":"","tags":["A-MoreOOP"],"fileTypesAndContributionMap":{"java":{"insertions":720,"deletions":541}}}]}]},"authorFileTypeContributionMap":{"ngkaiwen123":{"java":907,"md":0,"fxml":0,"sh":0,"bat":0,"gradle":0,"txt":20}},"authorContributionVariance":{"ngkaiwen123":42556.543},"authorDisplayNameMap":{"ngkaiwen123":"CS2113-W12-3 NG K.. WEN"}}
