[{"path":"build.gradle","fileType":"gradle","lines":[{"lineNumber":1,"author":{"gitId":"-"},"content":"plugins {","lastModifiedDate":"2020-05-25"},{"lineNumber":2,"author":{"gitId":"-"},"content":"    id \u0027java\u0027","lastModifiedDate":"2020-05-25"},{"lineNumber":3,"author":{"gitId":"-"},"content":"    id \u0027application\u0027","lastModifiedDate":"2020-05-25"},{"lineNumber":4,"author":{"gitId":"-"},"content":"    id \u0027com.github.johnrengelman.shadow\u0027 version \u00275.1.0\u0027","lastModifiedDate":"2020-05-25"},{"lineNumber":5,"author":{"gitId":"-"},"content":"}","lastModifiedDate":"2020-05-25"},{"lineNumber":6,"author":{"gitId":"-"},"content":"","lastModifiedDate":"2020-05-25"},{"lineNumber":7,"author":{"gitId":"-"},"content":"repositories {","lastModifiedDate":"2020-05-25"},{"lineNumber":8,"author":{"gitId":"-"},"content":"    mavenCentral()","lastModifiedDate":"2020-05-25"},{"lineNumber":9,"author":{"gitId":"-"},"content":"}","lastModifiedDate":"2020-05-25"},{"lineNumber":10,"author":{"gitId":"-"},"content":"","lastModifiedDate":"2020-05-25"},{"lineNumber":11,"author":{"gitId":"-"},"content":"dependencies {","lastModifiedDate":"2020-05-25"},{"lineNumber":12,"author":{"gitId":"-"},"content":"    testImplementation group: \u0027org.junit.jupiter\u0027, name: \u0027junit-jupiter-api\u0027, version: \u00275.5.0\u0027","lastModifiedDate":"2020-05-25"},{"lineNumber":13,"author":{"gitId":"-"},"content":"    testRuntimeOnly group: \u0027org.junit.jupiter\u0027, name: \u0027junit-jupiter-engine\u0027, version: \u00275.5.0\u0027","lastModifiedDate":"2020-05-25"},{"lineNumber":14,"author":{"gitId":"-"},"content":"}","lastModifiedDate":"2020-05-25"},{"lineNumber":15,"author":{"gitId":"-"},"content":"","lastModifiedDate":"2020-05-25"},{"lineNumber":16,"author":{"gitId":"-"},"content":"test {","lastModifiedDate":"2020-05-25"},{"lineNumber":17,"author":{"gitId":"-"},"content":"    useJUnitPlatform()","lastModifiedDate":"2020-05-25"},{"lineNumber":18,"author":{"gitId":"-"},"content":"","lastModifiedDate":"2020-05-25"},{"lineNumber":19,"author":{"gitId":"-"},"content":"    testLogging {","lastModifiedDate":"2020-05-25"},{"lineNumber":20,"author":{"gitId":"-"},"content":"        events \"passed\", \"skipped\", \"failed\"","lastModifiedDate":"2020-05-25"},{"lineNumber":21,"author":{"gitId":"-"},"content":"","lastModifiedDate":"2020-05-25"},{"lineNumber":22,"author":{"gitId":"-"},"content":"        showExceptions true","lastModifiedDate":"2020-05-25"},{"lineNumber":23,"author":{"gitId":"-"},"content":"        exceptionFormat \"full\"","lastModifiedDate":"2020-05-25"},{"lineNumber":24,"author":{"gitId":"-"},"content":"        showCauses true","lastModifiedDate":"2020-05-25"},{"lineNumber":25,"author":{"gitId":"-"},"content":"        showStackTraces true","lastModifiedDate":"2020-05-25"},{"lineNumber":26,"author":{"gitId":"-"},"content":"        showStandardStreams \u003d false","lastModifiedDate":"2020-05-25"},{"lineNumber":27,"author":{"gitId":"-"},"content":"    }","lastModifiedDate":"2020-05-25"},{"lineNumber":28,"author":{"gitId":"-"},"content":"}","lastModifiedDate":"2020-05-25"},{"lineNumber":29,"author":{"gitId":"-"},"content":"","lastModifiedDate":"2020-05-25"},{"lineNumber":30,"author":{"gitId":"-"},"content":"application {","lastModifiedDate":"2020-05-25"},{"lineNumber":31,"author":{"gitId":"HiIAmTzeKean"},"content":"    mainClassName \u003d \"duke.Duke\"","lastModifiedDate":"2023-01-25"},{"lineNumber":32,"author":{"gitId":"-"},"content":"}","lastModifiedDate":"2020-05-25"},{"lineNumber":33,"author":{"gitId":"-"},"content":"","lastModifiedDate":"2020-05-25"},{"lineNumber":34,"author":{"gitId":"-"},"content":"shadowJar {","lastModifiedDate":"2020-05-25"},{"lineNumber":35,"author":{"gitId":"-"},"content":"    archiveBaseName \u003d \"duke\"","lastModifiedDate":"2020-05-25"},{"lineNumber":36,"author":{"gitId":"-"},"content":"    archiveClassifier \u003d null","lastModifiedDate":"2020-05-25"},{"lineNumber":37,"author":{"gitId":"-"},"content":"}","lastModifiedDate":"2020-05-25"},{"lineNumber":38,"author":{"gitId":"-"},"content":"","lastModifiedDate":"2020-05-25"},{"lineNumber":39,"author":{"gitId":"-"},"content":"run{","lastModifiedDate":"2020-05-25"},{"lineNumber":40,"author":{"gitId":"-"},"content":"    standardInput \u003d System.in","lastModifiedDate":"2020-05-25"},{"lineNumber":41,"author":{"gitId":"-"},"content":"}","lastModifiedDate":"2020-05-25"}],"authorContributionMap":{"HiIAmTzeKean":1,"-":40}},{"path":"src/main/java/duke/Duke.java","fileType":"java","lines":[{"lineNumber":1,"author":{"gitId":"HiIAmTzeKean"},"content":"package duke;","lastModifiedDate":"2023-01-27"},{"lineNumber":2,"author":{"gitId":"HiIAmTzeKean"},"content":"","lastModifiedDate":"2023-01-13"},{"lineNumber":3,"author":{"gitId":"HiIAmTzeKean"},"content":"import java.util.ArrayList;","lastModifiedDate":"2023-01-23"},{"lineNumber":4,"author":{"gitId":"HiIAmTzeKean"},"content":"import java.util.Arrays;","lastModifiedDate":"2023-01-23"},{"lineNumber":5,"author":{"gitId":"HiIAmTzeKean"},"content":"import java.util.Scanner;","lastModifiedDate":"2023-01-13"},{"lineNumber":6,"author":{"gitId":"HiIAmTzeKean"},"content":"import java.util.stream.IntStream;","lastModifiedDate":"2023-01-23"},{"lineNumber":7,"author":{"gitId":"HiIAmTzeKean"},"content":"","lastModifiedDate":"2023-01-23"},{"lineNumber":8,"author":{"gitId":"HiIAmTzeKean"},"content":"import parser.Command;","lastModifiedDate":"2023-01-27"},{"lineNumber":9,"author":{"gitId":"HiIAmTzeKean"},"content":"import parser.EmptyCommandException;","lastModifiedDate":"2023-01-27"},{"lineNumber":10,"author":{"gitId":"HiIAmTzeKean"},"content":"import parser.IParser;","lastModifiedDate":"2023-01-27"},{"lineNumber":11,"author":{"gitId":"HiIAmTzeKean"},"content":"import parser.Parser;","lastModifiedDate":"2023-01-27"},{"lineNumber":12,"author":{"gitId":"HiIAmTzeKean"},"content":"import task.EmptyTaskList;","lastModifiedDate":"2023-01-27"},{"lineNumber":13,"author":{"gitId":"HiIAmTzeKean"},"content":"import task.ITaskController;","lastModifiedDate":"2023-01-27"},{"lineNumber":14,"author":{"gitId":"HiIAmTzeKean"},"content":"import task.TaskController;","lastModifiedDate":"2023-01-27"},{"lineNumber":15,"author":{"gitId":"HiIAmTzeKean"},"content":"","lastModifiedDate":"2023-01-13"},{"lineNumber":16,"author":{"gitId":"-"},"content":"public class Duke {","lastModifiedDate":"2023-01-11"},{"lineNumber":17,"author":{"gitId":"-"},"content":"    static String LINEBREAK \u003d \"________________________________________\\n\";","lastModifiedDate":"2023-01-11"},{"lineNumber":18,"author":{"gitId":"HiIAmTzeKean"},"content":"    static String LINE_TAB_STRING \u003d \"    \";","lastModifiedDate":"2023-01-23"},{"lineNumber":19,"author":{"gitId":"HiIAmTzeKean"},"content":"    static String COMMAND_TAB_STRING \u003d \"     \";","lastModifiedDate":"2023-01-23"},{"lineNumber":20,"author":{"gitId":"HiIAmTzeKean"},"content":"    private static Scanner sc \u003d new Scanner(System.in);","lastModifiedDate":"2023-01-23"},{"lineNumber":21,"author":{"gitId":"HiIAmTzeKean"},"content":"    private static IParser parser \u003d new Parser(sc);","lastModifiedDate":"2023-01-23"},{"lineNumber":22,"author":{"gitId":"HiIAmTzeKean"},"content":"    private static ITaskController taskController \u003d new TaskController();","lastModifiedDate":"2023-01-23"},{"lineNumber":23,"author":{"gitId":"-"},"content":"    /**","lastModifiedDate":"2023-01-11"},{"lineNumber":24,"author":{"gitId":"-"},"content":"     * Main program that runs the Duke program.","lastModifiedDate":"2023-01-11"},{"lineNumber":25,"author":{"gitId":"-"},"content":"     * Greets users and exits.","lastModifiedDate":"2023-01-11"},{"lineNumber":26,"author":{"gitId":"-"},"content":"     * @param args","lastModifiedDate":"2023-01-11"},{"lineNumber":27,"author":{"gitId":"-"},"content":"     */","lastModifiedDate":"2023-01-11"},{"lineNumber":28,"author":{"gitId":"-"},"content":"    public static void main(String[] args) {","lastModifiedDate":"2023-01-11"},{"lineNumber":29,"author":{"gitId":"HiIAmTzeKean"},"content":"        greet();","lastModifiedDate":"2023-01-13"},{"lineNumber":30,"author":{"gitId":"HiIAmTzeKean"},"content":"        ArrayList\u003c?\u003e list;","lastModifiedDate":"2023-01-23"},{"lineNumber":31,"author":{"gitId":"HiIAmTzeKean"},"content":"        boolean isExit \u003d false;","lastModifiedDate":"2023-01-23"},{"lineNumber":32,"author":{"gitId":"HiIAmTzeKean"},"content":"        do {","lastModifiedDate":"2023-01-23"},{"lineNumber":33,"author":{"gitId":"HiIAmTzeKean"},"content":"            try {","lastModifiedDate":"2023-01-23"},{"lineNumber":34,"author":{"gitId":"HiIAmTzeKean"},"content":"                switch (parser.getCommand()) {","lastModifiedDate":"2023-01-23"},{"lineNumber":35,"author":{"gitId":"HiIAmTzeKean"},"content":"                case EXIT:","lastModifiedDate":"2023-01-23"},{"lineNumber":36,"author":{"gitId":"HiIAmTzeKean"},"content":"                    isExit \u003d true;","lastModifiedDate":"2023-01-23"},{"lineNumber":37,"author":{"gitId":"HiIAmTzeKean"},"content":"                    break;","lastModifiedDate":"2023-01-23"},{"lineNumber":38,"author":{"gitId":"HiIAmTzeKean"},"content":"                case LIST:","lastModifiedDate":"2023-01-23"},{"lineNumber":39,"author":{"gitId":"HiIAmTzeKean"},"content":"                    list \u003d taskController.getTask();","lastModifiedDate":"2023-01-23"},{"lineNumber":40,"author":{"gitId":"HiIAmTzeKean"},"content":"                    printSystemMessage(list);","lastModifiedDate":"2023-01-23"},{"lineNumber":41,"author":{"gitId":"HiIAmTzeKean"},"content":"                    break;","lastModifiedDate":"2023-01-23"},{"lineNumber":42,"author":{"gitId":"HiIAmTzeKean"},"content":"                case TASK:","lastModifiedDate":"2023-01-23"},{"lineNumber":43,"author":{"gitId":"HiIAmTzeKean"},"content":"                    taskController.addTask(parser.getMessage());","lastModifiedDate":"2023-01-23"},{"lineNumber":44,"author":{"gitId":"HiIAmTzeKean"},"content":"                    printSystemMessage(\"added: \" + parser.getMessage());","lastModifiedDate":"2023-01-23"},{"lineNumber":45,"author":{"gitId":"HiIAmTzeKean"},"content":"                    break;","lastModifiedDate":"2023-01-23"},{"lineNumber":46,"author":{"gitId":"HiIAmTzeKean"},"content":"                case UNMARK:","lastModifiedDate":"2023-01-23"},{"lineNumber":47,"author":{"gitId":"HiIAmTzeKean"},"content":"                    printSystemMessage(taskController.markTask(parser.getCommandArguments(Command.UNMARK)));","lastModifiedDate":"2023-01-23"},{"lineNumber":48,"author":{"gitId":"HiIAmTzeKean"},"content":"                    break;","lastModifiedDate":"2023-01-23"},{"lineNumber":49,"author":{"gitId":"HiIAmTzeKean"},"content":"                case MARK:","lastModifiedDate":"2023-01-23"},{"lineNumber":50,"author":{"gitId":"HiIAmTzeKean"},"content":"                    printSystemMessage(taskController.markTask(parser.getCommandArguments(Command.MARK)));","lastModifiedDate":"2023-01-23"},{"lineNumber":51,"author":{"gitId":"HiIAmTzeKean"},"content":"                    break;","lastModifiedDate":"2023-01-23"},{"lineNumber":52,"author":{"gitId":"HiIAmTzeKean"},"content":"                default:","lastModifiedDate":"2023-01-23"},{"lineNumber":53,"author":{"gitId":"HiIAmTzeKean"},"content":"                    break;","lastModifiedDate":"2023-01-23"},{"lineNumber":54,"author":{"gitId":"HiIAmTzeKean"},"content":"                }","lastModifiedDate":"2023-01-23"},{"lineNumber":55,"author":{"gitId":"HiIAmTzeKean"},"content":"            } catch (EmptyCommandException e) {","lastModifiedDate":"2023-01-23"},{"lineNumber":56,"author":{"gitId":"HiIAmTzeKean"},"content":"                printSystemMessage(\"You passed an illegal command!\\n\\tI will stop here because I am angry Duke\");","lastModifiedDate":"2023-01-23"},{"lineNumber":57,"author":{"gitId":"HiIAmTzeKean"},"content":"                break;","lastModifiedDate":"2023-01-23"},{"lineNumber":58,"author":{"gitId":"HiIAmTzeKean"},"content":"            } catch (EmptyTaskList e) {","lastModifiedDate":"2023-01-23"},{"lineNumber":59,"author":{"gitId":"HiIAmTzeKean"},"content":"                printSystemMessage(e.getMessage());","lastModifiedDate":"2023-01-23"},{"lineNumber":60,"author":{"gitId":"HiIAmTzeKean"},"content":"            }","lastModifiedDate":"2023-01-23"},{"lineNumber":61,"author":{"gitId":"HiIAmTzeKean"},"content":"            catch (IllegalArgumentException e) {","lastModifiedDate":"2023-01-23"},{"lineNumber":62,"author":{"gitId":"HiIAmTzeKean"},"content":"                printSystemMessage(e.getMessage());","lastModifiedDate":"2023-01-23"},{"lineNumber":63,"author":{"gitId":"HiIAmTzeKean"},"content":"            }","lastModifiedDate":"2023-01-23"},{"lineNumber":64,"author":{"gitId":"HiIAmTzeKean"},"content":"        } while(!isExit);","lastModifiedDate":"2023-01-23"},{"lineNumber":65,"author":{"gitId":"HiIAmTzeKean"},"content":"        bye();","lastModifiedDate":"2023-01-13"},{"lineNumber":66,"author":{"gitId":"HiIAmTzeKean"},"content":"    }","lastModifiedDate":"2023-01-13"},{"lineNumber":67,"author":{"gitId":"HiIAmTzeKean"},"content":"    /**","lastModifiedDate":"2023-01-13"},{"lineNumber":68,"author":{"gitId":"HiIAmTzeKean"},"content":"     * Streams message and prints each line of message based","lastModifiedDate":"2023-01-23"},{"lineNumber":69,"author":{"gitId":"HiIAmTzeKean"},"content":"     * on new line feed.","lastModifiedDate":"2023-01-23"},{"lineNumber":70,"author":{"gitId":"HiIAmTzeKean"},"content":"     * @param message Output message to print","lastModifiedDate":"2023-01-23"},{"lineNumber":71,"author":{"gitId":"HiIAmTzeKean"},"content":"     */","lastModifiedDate":"2023-01-13"},{"lineNumber":72,"author":{"gitId":"HiIAmTzeKean"},"content":"    private static void printSystemMessage(String message) {","lastModifiedDate":"2023-01-23"},{"lineNumber":73,"author":{"gitId":"HiIAmTzeKean"},"content":"        System.out.println(LINE_TAB_STRING + LINEBREAK.substring(0, LINEBREAK.length()-1));","lastModifiedDate":"2023-01-23"},{"lineNumber":74,"author":{"gitId":"HiIAmTzeKean"},"content":"        Arrays.stream(message.split(\"\\n\"))","lastModifiedDate":"2023-01-23"},{"lineNumber":75,"author":{"gitId":"HiIAmTzeKean"},"content":"                .map(item -\u003e COMMAND_TAB_STRING + item + \u0027\\n\u0027)","lastModifiedDate":"2023-01-23"},{"lineNumber":76,"author":{"gitId":"HiIAmTzeKean"},"content":"                .forEach(System.out::print);","lastModifiedDate":"2023-01-23"},{"lineNumber":77,"author":{"gitId":"HiIAmTzeKean"},"content":"        System.out.println(LINE_TAB_STRING + LINEBREAK);","lastModifiedDate":"2023-01-23"},{"lineNumber":78,"author":{"gitId":"HiIAmTzeKean"},"content":"    }","lastModifiedDate":"2023-01-13"},{"lineNumber":79,"author":{"gitId":"HiIAmTzeKean"},"content":"    private static \u003cT\u003e void printSystemMessage(ArrayList\u003cT\u003e list) {","lastModifiedDate":"2023-01-23"},{"lineNumber":80,"author":{"gitId":"HiIAmTzeKean"},"content":"        System.out.println(LINE_TAB_STRING + LINEBREAK.substring(0, LINEBREAK.length()-1));","lastModifiedDate":"2023-01-23"},{"lineNumber":81,"author":{"gitId":"HiIAmTzeKean"},"content":"        IntStream.range(0, list.size())","lastModifiedDate":"2023-01-23"},{"lineNumber":82,"author":{"gitId":"HiIAmTzeKean"},"content":"            .mapToObj(index -\u003e String.format(\"%s%d. %s\", COMMAND_TAB_STRING, index+1, list.get(index)))","lastModifiedDate":"2023-01-23"},{"lineNumber":83,"author":{"gitId":"HiIAmTzeKean"},"content":"            .forEach(System.out::println);","lastModifiedDate":"2023-01-23"},{"lineNumber":84,"author":{"gitId":"HiIAmTzeKean"},"content":"        System.out.println(LINE_TAB_STRING + LINEBREAK);","lastModifiedDate":"2023-01-23"},{"lineNumber":85,"author":{"gitId":"HiIAmTzeKean"},"content":"    }","lastModifiedDate":"2023-01-23"},{"lineNumber":86,"author":{"gitId":"HiIAmTzeKean"},"content":"    /**","lastModifiedDate":"2023-01-13"},{"lineNumber":87,"author":{"gitId":"HiIAmTzeKean"},"content":"     * Prints greet message to user","lastModifiedDate":"2023-01-13"},{"lineNumber":88,"author":{"gitId":"HiIAmTzeKean"},"content":"     */","lastModifiedDate":"2023-01-13"},{"lineNumber":89,"author":{"gitId":"HiIAmTzeKean"},"content":"    private static void greet() {","lastModifiedDate":"2023-01-13"},{"lineNumber":90,"author":{"gitId":"-"},"content":"        String logo \u003d \" ____        _        \\n\"","lastModifiedDate":"2023-01-11"},{"lineNumber":91,"author":{"gitId":"-"},"content":"        + \"|  _ \\\\ _   _| | _____ \\n\"","lastModifiedDate":"2023-01-11"},{"lineNumber":92,"author":{"gitId":"-"},"content":"        + \"| | | | | | | |/ / _ \\\\\\n\"","lastModifiedDate":"2023-01-11"},{"lineNumber":93,"author":{"gitId":"-"},"content":"        + \"| |_| | |_| |   \u003c  __/\\n\"","lastModifiedDate":"2023-01-11"},{"lineNumber":94,"author":{"gitId":"-"},"content":"        + \"|____/ \\\\__,_|_|\\\\_\\\\___|\\n\";","lastModifiedDate":"2023-01-11"},{"lineNumber":95,"author":{"gitId":"-"},"content":"","lastModifiedDate":"2023-01-11"},{"lineNumber":96,"author":{"gitId":"HiIAmTzeKean"},"content":"        System.out.println(logo);","lastModifiedDate":"2023-01-23"},{"lineNumber":97,"author":{"gitId":"HiIAmTzeKean"},"content":"        printSystemMessage(\"Hello! I\u0027m Duke\\nWhat can I do for you?\");","lastModifiedDate":"2023-01-23"},{"lineNumber":98,"author":{"gitId":"-"},"content":"    }","lastModifiedDate":"2023-01-11"},{"lineNumber":99,"author":{"gitId":"-"},"content":"    /**","lastModifiedDate":"2023-01-11"},{"lineNumber":100,"author":{"gitId":"HiIAmTzeKean"},"content":"     * Prints bye messgae to user","lastModifiedDate":"2023-01-13"},{"lineNumber":101,"author":{"gitId":"-"},"content":"     */","lastModifiedDate":"2023-01-11"},{"lineNumber":102,"author":{"gitId":"HiIAmTzeKean"},"content":"    private static void bye() {","lastModifiedDate":"2023-01-13"},{"lineNumber":103,"author":{"gitId":"HiIAmTzeKean"},"content":"        printSystemMessage(\"Bye. Hope to see you again soon!\");","lastModifiedDate":"2023-01-23"},{"lineNumber":104,"author":{"gitId":"-"},"content":"    }","lastModifiedDate":"2023-01-11"},{"lineNumber":105,"author":{"gitId":"-"},"content":"}","lastModifiedDate":"2023-01-11"}],"authorContributionMap":{"HiIAmTzeKean":86,"-":19}},{"path":"src/main/java/parser/Argument.java","fileType":"java","lines":[{"lineNumber":1,"author":{"gitId":"HiIAmTzeKean"},"content":"package parser;","lastModifiedDate":"2023-01-27"},{"lineNumber":2,"author":{"gitId":"HiIAmTzeKean"},"content":"","lastModifiedDate":"2023-01-23"},{"lineNumber":3,"author":{"gitId":"HiIAmTzeKean"},"content":"public class Argument {","lastModifiedDate":"2023-01-23"},{"lineNumber":4,"author":{"gitId":"HiIAmTzeKean"},"content":"    private Command command;","lastModifiedDate":"2023-01-23"},{"lineNumber":5,"author":{"gitId":"HiIAmTzeKean"},"content":"    private int index;","lastModifiedDate":"2023-01-23"},{"lineNumber":6,"author":{"gitId":"HiIAmTzeKean"},"content":"    public Argument(Command command, int index) {","lastModifiedDate":"2023-01-23"},{"lineNumber":7,"author":{"gitId":"HiIAmTzeKean"},"content":"        this.command \u003d command;","lastModifiedDate":"2023-01-23"},{"lineNumber":8,"author":{"gitId":"HiIAmTzeKean"},"content":"        this.index \u003d index;","lastModifiedDate":"2023-01-23"},{"lineNumber":9,"author":{"gitId":"HiIAmTzeKean"},"content":"    }","lastModifiedDate":"2023-01-23"},{"lineNumber":10,"author":{"gitId":"HiIAmTzeKean"},"content":"    public Argument() {","lastModifiedDate":"2023-01-23"},{"lineNumber":11,"author":{"gitId":"HiIAmTzeKean"},"content":"        this(null,-1);","lastModifiedDate":"2023-01-23"},{"lineNumber":12,"author":{"gitId":"HiIAmTzeKean"},"content":"    }","lastModifiedDate":"2023-01-23"},{"lineNumber":13,"author":{"gitId":"HiIAmTzeKean"},"content":"    public Command getCommand() {","lastModifiedDate":"2023-01-23"},{"lineNumber":14,"author":{"gitId":"HiIAmTzeKean"},"content":"        return command;","lastModifiedDate":"2023-01-23"},{"lineNumber":15,"author":{"gitId":"HiIAmTzeKean"},"content":"    }","lastModifiedDate":"2023-01-23"},{"lineNumber":16,"author":{"gitId":"HiIAmTzeKean"},"content":"    public void setCommand(Command command) {","lastModifiedDate":"2023-01-23"},{"lineNumber":17,"author":{"gitId":"HiIAmTzeKean"},"content":"        this.command \u003d command;","lastModifiedDate":"2023-01-23"},{"lineNumber":18,"author":{"gitId":"HiIAmTzeKean"},"content":"    }","lastModifiedDate":"2023-01-23"},{"lineNumber":19,"author":{"gitId":"HiIAmTzeKean"},"content":"    public int getIndex() {","lastModifiedDate":"2023-01-23"},{"lineNumber":20,"author":{"gitId":"HiIAmTzeKean"},"content":"        return index;","lastModifiedDate":"2023-01-23"},{"lineNumber":21,"author":{"gitId":"HiIAmTzeKean"},"content":"    }","lastModifiedDate":"2023-01-23"},{"lineNumber":22,"author":{"gitId":"HiIAmTzeKean"},"content":"    public void setIndex(int index) {","lastModifiedDate":"2023-01-23"},{"lineNumber":23,"author":{"gitId":"HiIAmTzeKean"},"content":"        this.index \u003d index;","lastModifiedDate":"2023-01-23"},{"lineNumber":24,"author":{"gitId":"HiIAmTzeKean"},"content":"    }","lastModifiedDate":"2023-01-23"},{"lineNumber":25,"author":{"gitId":"HiIAmTzeKean"},"content":"}","lastModifiedDate":"2023-01-23"}],"authorContributionMap":{"HiIAmTzeKean":25}},{"path":"src/main/java/parser/Command.java","fileType":"java","lines":[{"lineNumber":1,"author":{"gitId":"HiIAmTzeKean"},"content":"package parser;","lastModifiedDate":"2023-01-27"},{"lineNumber":2,"author":{"gitId":"HiIAmTzeKean"},"content":"","lastModifiedDate":"2023-01-23"},{"lineNumber":3,"author":{"gitId":"HiIAmTzeKean"},"content":"public enum Command {","lastModifiedDate":"2023-01-23"},{"lineNumber":4,"author":{"gitId":"HiIAmTzeKean"},"content":"    LIST,","lastModifiedDate":"2023-01-23"},{"lineNumber":5,"author":{"gitId":"HiIAmTzeKean"},"content":"    TASK,","lastModifiedDate":"2023-01-23"},{"lineNumber":6,"author":{"gitId":"HiIAmTzeKean"},"content":"    MARK,","lastModifiedDate":"2023-01-23"},{"lineNumber":7,"author":{"gitId":"HiIAmTzeKean"},"content":"    UNMARK,","lastModifiedDate":"2023-01-23"},{"lineNumber":8,"author":{"gitId":"HiIAmTzeKean"},"content":"    EXIT","lastModifiedDate":"2023-01-23"},{"lineNumber":9,"author":{"gitId":"HiIAmTzeKean"},"content":"}","lastModifiedDate":"2023-01-23"}],"authorContributionMap":{"HiIAmTzeKean":9}},{"path":"src/main/java/parser/EmptyCommandException.java","fileType":"java","lines":[{"lineNumber":1,"author":{"gitId":"HiIAmTzeKean"},"content":"package parser;","lastModifiedDate":"2023-01-27"},{"lineNumber":2,"author":{"gitId":"HiIAmTzeKean"},"content":"","lastModifiedDate":"2023-01-23"},{"lineNumber":3,"author":{"gitId":"HiIAmTzeKean"},"content":"public class EmptyCommandException extends Exception {","lastModifiedDate":"2023-01-23"},{"lineNumber":4,"author":{"gitId":"HiIAmTzeKean"},"content":"    /**","lastModifiedDate":"2023-01-23"},{"lineNumber":5,"author":{"gitId":"HiIAmTzeKean"},"content":"     * Custom exception for empty message or message with only blank spaces","lastModifiedDate":"2023-01-23"},{"lineNumber":6,"author":{"gitId":"HiIAmTzeKean"},"content":"     * being passed into console.","lastModifiedDate":"2023-01-23"},{"lineNumber":7,"author":{"gitId":"HiIAmTzeKean"},"content":"     * @param message Error message to raise","lastModifiedDate":"2023-01-23"},{"lineNumber":8,"author":{"gitId":"HiIAmTzeKean"},"content":"     */","lastModifiedDate":"2023-01-23"},{"lineNumber":9,"author":{"gitId":"HiIAmTzeKean"},"content":"    public EmptyCommandException(String message) {","lastModifiedDate":"2023-01-23"},{"lineNumber":10,"author":{"gitId":"HiIAmTzeKean"},"content":"        super(message);","lastModifiedDate":"2023-01-23"},{"lineNumber":11,"author":{"gitId":"HiIAmTzeKean"},"content":"    }","lastModifiedDate":"2023-01-23"},{"lineNumber":12,"author":{"gitId":"HiIAmTzeKean"},"content":"}","lastModifiedDate":"2023-01-23"}],"authorContributionMap":{"HiIAmTzeKean":12}},{"path":"src/main/java/parser/IParser.java","fileType":"java","lines":[{"lineNumber":1,"author":{"gitId":"HiIAmTzeKean"},"content":"package parser;","lastModifiedDate":"2023-01-27"},{"lineNumber":2,"author":{"gitId":"HiIAmTzeKean"},"content":"","lastModifiedDate":"2023-01-23"},{"lineNumber":3,"author":{"gitId":"HiIAmTzeKean"},"content":"public interface IParser {","lastModifiedDate":"2023-01-23"},{"lineNumber":4,"author":{"gitId":"HiIAmTzeKean"},"content":"    /**","lastModifiedDate":"2023-01-23"},{"lineNumber":5,"author":{"gitId":"HiIAmTzeKean"},"content":"     * Returns the last message obtained from user.","lastModifiedDate":"2023-01-23"},{"lineNumber":6,"author":{"gitId":"HiIAmTzeKean"},"content":"     * @return last message String by user","lastModifiedDate":"2023-01-23"},{"lineNumber":7,"author":{"gitId":"HiIAmTzeKean"},"content":"     */","lastModifiedDate":"2023-01-23"},{"lineNumber":8,"author":{"gitId":"HiIAmTzeKean"},"content":"    public String getMessage();","lastModifiedDate":"2023-01-23"},{"lineNumber":9,"author":{"gitId":"HiIAmTzeKean"},"content":"    public Command getCommand() throws EmptyCommandException;","lastModifiedDate":"2023-01-23"},{"lineNumber":10,"author":{"gitId":"HiIAmTzeKean"},"content":"    public Argument getCommandArguments(Command command);","lastModifiedDate":"2023-01-23"},{"lineNumber":11,"author":{"gitId":"HiIAmTzeKean"},"content":"}","lastModifiedDate":"2023-01-23"}],"authorContributionMap":{"HiIAmTzeKean":11}},{"path":"src/main/java/parser/Parser.java","fileType":"java","lines":[{"lineNumber":1,"author":{"gitId":"HiIAmTzeKean"},"content":"package parser;","lastModifiedDate":"2023-01-27"},{"lineNumber":2,"author":{"gitId":"HiIAmTzeKean"},"content":"","lastModifiedDate":"2023-01-23"},{"lineNumber":3,"author":{"gitId":"HiIAmTzeKean"},"content":"import java.util.NoSuchElementException;","lastModifiedDate":"2023-01-23"},{"lineNumber":4,"author":{"gitId":"HiIAmTzeKean"},"content":"import java.util.Scanner;","lastModifiedDate":"2023-01-23"},{"lineNumber":5,"author":{"gitId":"HiIAmTzeKean"},"content":"","lastModifiedDate":"2023-01-23"},{"lineNumber":6,"author":{"gitId":"HiIAmTzeKean"},"content":"public class Parser implements IParser {","lastModifiedDate":"2023-01-23"},{"lineNumber":7,"author":{"gitId":"HiIAmTzeKean"},"content":"    private Scanner sc;","lastModifiedDate":"2023-01-23"},{"lineNumber":8,"author":{"gitId":"HiIAmTzeKean"},"content":"    private String message;","lastModifiedDate":"2023-01-23"},{"lineNumber":9,"author":{"gitId":"HiIAmTzeKean"},"content":"    private Command currentCommand;","lastModifiedDate":"2023-01-23"},{"lineNumber":10,"author":{"gitId":"HiIAmTzeKean"},"content":"    public Parser(Scanner sc) {","lastModifiedDate":"2023-01-23"},{"lineNumber":11,"author":{"gitId":"HiIAmTzeKean"},"content":"        this.sc \u003d sc;","lastModifiedDate":"2023-01-23"},{"lineNumber":12,"author":{"gitId":"HiIAmTzeKean"},"content":"    }","lastModifiedDate":"2023-01-23"},{"lineNumber":13,"author":{"gitId":"HiIAmTzeKean"},"content":"    @Override","lastModifiedDate":"2023-01-23"},{"lineNumber":14,"author":{"gitId":"HiIAmTzeKean"},"content":"    public String getMessage() {","lastModifiedDate":"2023-01-23"},{"lineNumber":15,"author":{"gitId":"HiIAmTzeKean"},"content":"        return message;","lastModifiedDate":"2023-01-23"},{"lineNumber":16,"author":{"gitId":"HiIAmTzeKean"},"content":"    }","lastModifiedDate":"2023-01-23"},{"lineNumber":17,"author":{"gitId":"HiIAmTzeKean"},"content":"    private boolean isList() {","lastModifiedDate":"2023-01-23"},{"lineNumber":18,"author":{"gitId":"HiIAmTzeKean"},"content":"        return (message.split(\" \")[0].toLowerCase().equals(\"list\"));","lastModifiedDate":"2023-01-23"},{"lineNumber":19,"author":{"gitId":"HiIAmTzeKean"},"content":"    }","lastModifiedDate":"2023-01-23"},{"lineNumber":20,"author":{"gitId":"HiIAmTzeKean"},"content":"    private boolean isExit() {","lastModifiedDate":"2023-01-23"},{"lineNumber":21,"author":{"gitId":"HiIAmTzeKean"},"content":"        return (message.split(\" \")[0].toLowerCase().equals(\"bye\"));","lastModifiedDate":"2023-01-23"},{"lineNumber":22,"author":{"gitId":"HiIAmTzeKean"},"content":"    }","lastModifiedDate":"2023-01-23"},{"lineNumber":23,"author":{"gitId":"HiIAmTzeKean"},"content":"    private boolean isMark(){","lastModifiedDate":"2023-01-23"},{"lineNumber":24,"author":{"gitId":"HiIAmTzeKean"},"content":"        return (message.split(\" \")[0].toLowerCase().equals(\"mark\"));","lastModifiedDate":"2023-01-23"},{"lineNumber":25,"author":{"gitId":"HiIAmTzeKean"},"content":"    }","lastModifiedDate":"2023-01-23"},{"lineNumber":26,"author":{"gitId":"HiIAmTzeKean"},"content":"    private boolean isUnmark(){","lastModifiedDate":"2023-01-23"},{"lineNumber":27,"author":{"gitId":"HiIAmTzeKean"},"content":"        return (message.split(\" \")[0].toLowerCase().equals(\"unmark\"));","lastModifiedDate":"2023-01-23"},{"lineNumber":28,"author":{"gitId":"HiIAmTzeKean"},"content":"    }","lastModifiedDate":"2023-01-23"},{"lineNumber":29,"author":{"gitId":"HiIAmTzeKean"},"content":"    /**","lastModifiedDate":"2023-01-23"},{"lineNumber":30,"author":{"gitId":"HiIAmTzeKean"},"content":"     * Gets the a message from console that user inputs.","lastModifiedDate":"2023-01-23"},{"lineNumber":31,"author":{"gitId":"HiIAmTzeKean"},"content":"     * Checks if the input message is empty and raises Exception if empty.","lastModifiedDate":"2023-01-23"},{"lineNumber":32,"author":{"gitId":"HiIAmTzeKean"},"content":"     * @exception EmptyCommandException","lastModifiedDate":"2023-01-23"},{"lineNumber":33,"author":{"gitId":"HiIAmTzeKean"},"content":"     */","lastModifiedDate":"2023-01-23"},{"lineNumber":34,"author":{"gitId":"HiIAmTzeKean"},"content":"    private void getNextMessage() throws EmptyCommandException {","lastModifiedDate":"2023-01-23"},{"lineNumber":35,"author":{"gitId":"HiIAmTzeKean"},"content":"        try {","lastModifiedDate":"2023-01-23"},{"lineNumber":36,"author":{"gitId":"HiIAmTzeKean"},"content":"            message \u003d sc.nextLine();","lastModifiedDate":"2023-01-23"},{"lineNumber":37,"author":{"gitId":"HiIAmTzeKean"},"content":"        } catch (NoSuchElementException e) {","lastModifiedDate":"2023-01-23"},{"lineNumber":38,"author":{"gitId":"HiIAmTzeKean"},"content":"            throw new EmptyCommandException(\"Empty command\");","lastModifiedDate":"2023-01-23"},{"lineNumber":39,"author":{"gitId":"HiIAmTzeKean"},"content":"        }","lastModifiedDate":"2023-01-23"},{"lineNumber":40,"author":{"gitId":"HiIAmTzeKean"},"content":"        if (message.isBlank()){","lastModifiedDate":"2023-01-23"},{"lineNumber":41,"author":{"gitId":"HiIAmTzeKean"},"content":"            throw new EmptyCommandException(\"Empty command\");","lastModifiedDate":"2023-01-23"},{"lineNumber":42,"author":{"gitId":"HiIAmTzeKean"},"content":"        }","lastModifiedDate":"2023-01-23"},{"lineNumber":43,"author":{"gitId":"HiIAmTzeKean"},"content":"    }","lastModifiedDate":"2023-01-23"},{"lineNumber":44,"author":{"gitId":"HiIAmTzeKean"},"content":"    @Override","lastModifiedDate":"2023-01-23"},{"lineNumber":45,"author":{"gitId":"HiIAmTzeKean"},"content":"    public Command getCommand() throws EmptyCommandException {","lastModifiedDate":"2023-01-23"},{"lineNumber":46,"author":{"gitId":"HiIAmTzeKean"},"content":"        getNextMessage();","lastModifiedDate":"2023-01-23"},{"lineNumber":47,"author":{"gitId":"HiIAmTzeKean"},"content":"        if (message \u003d\u003d null) {","lastModifiedDate":"2023-01-23"},{"lineNumber":48,"author":{"gitId":"HiIAmTzeKean"},"content":"            throw new EmptyCommandException(\"Empty command\");","lastModifiedDate":"2023-01-23"},{"lineNumber":49,"author":{"gitId":"HiIAmTzeKean"},"content":"        }","lastModifiedDate":"2023-01-23"},{"lineNumber":50,"author":{"gitId":"HiIAmTzeKean"},"content":"        if (isExit()) {","lastModifiedDate":"2023-01-23"},{"lineNumber":51,"author":{"gitId":"HiIAmTzeKean"},"content":"            currentCommand \u003d Command.EXIT;","lastModifiedDate":"2023-01-23"},{"lineNumber":52,"author":{"gitId":"HiIAmTzeKean"},"content":"        }","lastModifiedDate":"2023-01-23"},{"lineNumber":53,"author":{"gitId":"HiIAmTzeKean"},"content":"        else if (isList()) {","lastModifiedDate":"2023-01-23"},{"lineNumber":54,"author":{"gitId":"HiIAmTzeKean"},"content":"            currentCommand \u003d Command.LIST;","lastModifiedDate":"2023-01-23"},{"lineNumber":55,"author":{"gitId":"HiIAmTzeKean"},"content":"        }","lastModifiedDate":"2023-01-23"},{"lineNumber":56,"author":{"gitId":"HiIAmTzeKean"},"content":"        else if (isUnmark()) {","lastModifiedDate":"2023-01-23"},{"lineNumber":57,"author":{"gitId":"HiIAmTzeKean"},"content":"            currentCommand \u003d Command.UNMARK;","lastModifiedDate":"2023-01-23"},{"lineNumber":58,"author":{"gitId":"HiIAmTzeKean"},"content":"        }","lastModifiedDate":"2023-01-23"},{"lineNumber":59,"author":{"gitId":"HiIAmTzeKean"},"content":"        else if (isMark()) {","lastModifiedDate":"2023-01-23"},{"lineNumber":60,"author":{"gitId":"HiIAmTzeKean"},"content":"            currentCommand \u003d  Command.MARK;","lastModifiedDate":"2023-01-23"},{"lineNumber":61,"author":{"gitId":"HiIAmTzeKean"},"content":"        }","lastModifiedDate":"2023-01-23"},{"lineNumber":62,"author":{"gitId":"HiIAmTzeKean"},"content":"        else {","lastModifiedDate":"2023-01-23"},{"lineNumber":63,"author":{"gitId":"HiIAmTzeKean"},"content":"            currentCommand \u003d  Command.TASK;","lastModifiedDate":"2023-01-23"},{"lineNumber":64,"author":{"gitId":"HiIAmTzeKean"},"content":"        }","lastModifiedDate":"2023-01-23"},{"lineNumber":65,"author":{"gitId":"HiIAmTzeKean"},"content":"        return currentCommand;","lastModifiedDate":"2023-01-23"},{"lineNumber":66,"author":{"gitId":"HiIAmTzeKean"},"content":"    }","lastModifiedDate":"2023-01-23"},{"lineNumber":67,"author":{"gitId":"HiIAmTzeKean"},"content":"    @Override","lastModifiedDate":"2023-01-23"},{"lineNumber":68,"author":{"gitId":"HiIAmTzeKean"},"content":"    public Argument getCommandArguments(Command command) {","lastModifiedDate":"2023-01-23"},{"lineNumber":69,"author":{"gitId":"HiIAmTzeKean"},"content":"        if (currentCommand.compareTo(command) !\u003d 0){","lastModifiedDate":"2023-01-23"},{"lineNumber":70,"author":{"gitId":"HiIAmTzeKean"},"content":"            // Mismatch in request","lastModifiedDate":"2023-01-23"},{"lineNumber":71,"author":{"gitId":"HiIAmTzeKean"},"content":"            // TODO Throw error","lastModifiedDate":"2023-01-23"},{"lineNumber":72,"author":{"gitId":"HiIAmTzeKean"},"content":"        }","lastModifiedDate":"2023-01-23"},{"lineNumber":73,"author":{"gitId":"HiIAmTzeKean"},"content":"","lastModifiedDate":"2023-01-23"},{"lineNumber":74,"author":{"gitId":"HiIAmTzeKean"},"content":"        Argument arg \u003d new Argument();","lastModifiedDate":"2023-01-23"},{"lineNumber":75,"author":{"gitId":"HiIAmTzeKean"},"content":"        if (command.equals(Command.MARK) || command.equals(Command.UNMARK)) {","lastModifiedDate":"2023-01-23"},{"lineNumber":76,"author":{"gitId":"HiIAmTzeKean"},"content":"            arg.setCommand(command);","lastModifiedDate":"2023-01-23"},{"lineNumber":77,"author":{"gitId":"HiIAmTzeKean"},"content":"            arg.setIndex(Integer.parseInt(message.split(\" \")[1]));","lastModifiedDate":"2023-01-23"},{"lineNumber":78,"author":{"gitId":"HiIAmTzeKean"},"content":"        }","lastModifiedDate":"2023-01-23"},{"lineNumber":79,"author":{"gitId":"HiIAmTzeKean"},"content":"        else {","lastModifiedDate":"2023-01-23"},{"lineNumber":80,"author":{"gitId":"HiIAmTzeKean"},"content":"            // TODO Handle error","lastModifiedDate":"2023-01-23"},{"lineNumber":81,"author":{"gitId":"HiIAmTzeKean"},"content":"        }","lastModifiedDate":"2023-01-23"},{"lineNumber":82,"author":{"gitId":"HiIAmTzeKean"},"content":"        return arg;","lastModifiedDate":"2023-01-23"},{"lineNumber":83,"author":{"gitId":"HiIAmTzeKean"},"content":"    }","lastModifiedDate":"2023-01-23"},{"lineNumber":84,"author":{"gitId":"HiIAmTzeKean"},"content":"}","lastModifiedDate":"2023-01-23"}],"authorContributionMap":{"HiIAmTzeKean":84}},{"path":"src/main/java/task/EmptyTaskList.java","fileType":"java","lines":[{"lineNumber":1,"author":{"gitId":"HiIAmTzeKean"},"content":"package task;","lastModifiedDate":"2023-01-27"},{"lineNumber":2,"author":{"gitId":"HiIAmTzeKean"},"content":"","lastModifiedDate":"2023-01-23"},{"lineNumber":3,"author":{"gitId":"HiIAmTzeKean"},"content":"public class EmptyTaskList extends Exception {","lastModifiedDate":"2023-01-23"},{"lineNumber":4,"author":{"gitId":"HiIAmTzeKean"},"content":"    /**","lastModifiedDate":"2023-01-23"},{"lineNumber":5,"author":{"gitId":"HiIAmTzeKean"},"content":"     * Custom exception for empty message or message with only blank spaces","lastModifiedDate":"2023-01-23"},{"lineNumber":6,"author":{"gitId":"HiIAmTzeKean"},"content":"     * being passed into console.","lastModifiedDate":"2023-01-23"},{"lineNumber":7,"author":{"gitId":"HiIAmTzeKean"},"content":"     * @param message Error message to raise","lastModifiedDate":"2023-01-23"},{"lineNumber":8,"author":{"gitId":"HiIAmTzeKean"},"content":"     */","lastModifiedDate":"2023-01-23"},{"lineNumber":9,"author":{"gitId":"HiIAmTzeKean"},"content":"    public EmptyTaskList(String message) {","lastModifiedDate":"2023-01-23"},{"lineNumber":10,"author":{"gitId":"HiIAmTzeKean"},"content":"        super(message);","lastModifiedDate":"2023-01-23"},{"lineNumber":11,"author":{"gitId":"HiIAmTzeKean"},"content":"    }","lastModifiedDate":"2023-01-23"},{"lineNumber":12,"author":{"gitId":"HiIAmTzeKean"},"content":"}","lastModifiedDate":"2023-01-23"}],"authorContributionMap":{"HiIAmTzeKean":12}},{"path":"src/main/java/task/ITaskController.java","fileType":"java","lines":[{"lineNumber":1,"author":{"gitId":"HiIAmTzeKean"},"content":"package task;","lastModifiedDate":"2023-01-27"},{"lineNumber":2,"author":{"gitId":"HiIAmTzeKean"},"content":"","lastModifiedDate":"2023-01-23"},{"lineNumber":3,"author":{"gitId":"HiIAmTzeKean"},"content":"import java.util.ArrayList;","lastModifiedDate":"2023-01-23"},{"lineNumber":4,"author":{"gitId":"HiIAmTzeKean"},"content":"","lastModifiedDate":"2023-01-23"},{"lineNumber":5,"author":{"gitId":"HiIAmTzeKean"},"content":"import parser.Argument;","lastModifiedDate":"2023-01-27"},{"lineNumber":6,"author":{"gitId":"HiIAmTzeKean"},"content":"","lastModifiedDate":"2023-01-23"},{"lineNumber":7,"author":{"gitId":"HiIAmTzeKean"},"content":"public interface ITaskController {","lastModifiedDate":"2023-01-23"},{"lineNumber":8,"author":{"gitId":"HiIAmTzeKean"},"content":"\tpublic ArrayList\u003cTask\u003e getTask() throws EmptyTaskList;","lastModifiedDate":"2023-01-23"},{"lineNumber":9,"author":{"gitId":"HiIAmTzeKean"},"content":"\tpublic void addTask(String description);","lastModifiedDate":"2023-01-23"},{"lineNumber":10,"author":{"gitId":"HiIAmTzeKean"},"content":"\tpublic String markTask(Argument arg) throws IllegalArgumentException;","lastModifiedDate":"2023-01-23"},{"lineNumber":11,"author":{"gitId":"HiIAmTzeKean"},"content":"}","lastModifiedDate":"2023-01-23"}],"authorContributionMap":{"HiIAmTzeKean":11}},{"path":"src/main/java/task/Task.java","fileType":"java","lines":[{"lineNumber":1,"author":{"gitId":"HiIAmTzeKean"},"content":"package task;","lastModifiedDate":"2023-01-27"},{"lineNumber":2,"author":{"gitId":"HiIAmTzeKean"},"content":"","lastModifiedDate":"2023-01-23"},{"lineNumber":3,"author":{"gitId":"HiIAmTzeKean"},"content":"public class Task{","lastModifiedDate":"2023-01-23"},{"lineNumber":4,"author":{"gitId":"HiIAmTzeKean"},"content":"    private String description;","lastModifiedDate":"2023-01-23"},{"lineNumber":5,"author":{"gitId":"HiIAmTzeKean"},"content":"    private boolean mark;","lastModifiedDate":"2023-01-23"},{"lineNumber":6,"author":{"gitId":"HiIAmTzeKean"},"content":"    public Task(String description) {","lastModifiedDate":"2023-01-23"},{"lineNumber":7,"author":{"gitId":"HiIAmTzeKean"},"content":"        this.description \u003d description;","lastModifiedDate":"2023-01-23"},{"lineNumber":8,"author":{"gitId":"HiIAmTzeKean"},"content":"        mark \u003d false;","lastModifiedDate":"2023-01-23"},{"lineNumber":9,"author":{"gitId":"HiIAmTzeKean"},"content":"    }","lastModifiedDate":"2023-01-23"},{"lineNumber":10,"author":{"gitId":"HiIAmTzeKean"},"content":"    public String getDescription() {","lastModifiedDate":"2023-01-23"},{"lineNumber":11,"author":{"gitId":"HiIAmTzeKean"},"content":"        return description;","lastModifiedDate":"2023-01-23"},{"lineNumber":12,"author":{"gitId":"HiIAmTzeKean"},"content":"    }","lastModifiedDate":"2023-01-23"},{"lineNumber":13,"author":{"gitId":"HiIAmTzeKean"},"content":"    public void setDescription(String newDescription) {","lastModifiedDate":"2023-01-23"},{"lineNumber":14,"author":{"gitId":"HiIAmTzeKean"},"content":"        description \u003d newDescription;","lastModifiedDate":"2023-01-23"},{"lineNumber":15,"author":{"gitId":"HiIAmTzeKean"},"content":"    }","lastModifiedDate":"2023-01-23"},{"lineNumber":16,"author":{"gitId":"HiIAmTzeKean"},"content":"    public String toString() {","lastModifiedDate":"2023-01-23"},{"lineNumber":17,"author":{"gitId":"HiIAmTzeKean"},"content":"        return String.format(\"[%c] %s\", getStatusIcon(), description);","lastModifiedDate":"2023-01-23"},{"lineNumber":18,"author":{"gitId":"HiIAmTzeKean"},"content":"    }","lastModifiedDate":"2023-01-23"},{"lineNumber":19,"author":{"gitId":"HiIAmTzeKean"},"content":"    public char getStatusIcon() {","lastModifiedDate":"2023-01-23"},{"lineNumber":20,"author":{"gitId":"HiIAmTzeKean"},"content":"        // mark done task with X","lastModifiedDate":"2023-01-23"},{"lineNumber":21,"author":{"gitId":"HiIAmTzeKean"},"content":"        return (mark ? \u0027X\u0027 : \u0027 \u0027);","lastModifiedDate":"2023-01-23"},{"lineNumber":22,"author":{"gitId":"HiIAmTzeKean"},"content":"    }","lastModifiedDate":"2023-01-23"},{"lineNumber":23,"author":{"gitId":"HiIAmTzeKean"},"content":"    public boolean isMark() {","lastModifiedDate":"2023-01-23"},{"lineNumber":24,"author":{"gitId":"HiIAmTzeKean"},"content":"        return mark;","lastModifiedDate":"2023-01-23"},{"lineNumber":25,"author":{"gitId":"HiIAmTzeKean"},"content":"    }","lastModifiedDate":"2023-01-23"},{"lineNumber":26,"author":{"gitId":"HiIAmTzeKean"},"content":"    public void setMark(boolean newMark) {","lastModifiedDate":"2023-01-23"},{"lineNumber":27,"author":{"gitId":"HiIAmTzeKean"},"content":"        this.mark \u003d newMark;","lastModifiedDate":"2023-01-23"},{"lineNumber":28,"author":{"gitId":"HiIAmTzeKean"},"content":"    }","lastModifiedDate":"2023-01-23"},{"lineNumber":29,"author":{"gitId":"HiIAmTzeKean"},"content":"}","lastModifiedDate":"2023-01-23"}],"authorContributionMap":{"HiIAmTzeKean":29}},{"path":"src/main/java/task/TaskController.java","fileType":"java","lines":[{"lineNumber":1,"author":{"gitId":"HiIAmTzeKean"},"content":"package task;","lastModifiedDate":"2023-01-27"},{"lineNumber":2,"author":{"gitId":"HiIAmTzeKean"},"content":"","lastModifiedDate":"2023-01-23"},{"lineNumber":3,"author":{"gitId":"HiIAmTzeKean"},"content":"import java.util.ArrayList;","lastModifiedDate":"2023-01-23"},{"lineNumber":4,"author":{"gitId":"HiIAmTzeKean"},"content":"import java.util.stream.Collectors;","lastModifiedDate":"2023-01-23"},{"lineNumber":5,"author":{"gitId":"HiIAmTzeKean"},"content":"import java.util.stream.IntStream;","lastModifiedDate":"2023-01-23"},{"lineNumber":6,"author":{"gitId":"HiIAmTzeKean"},"content":"","lastModifiedDate":"2023-01-23"},{"lineNumber":7,"author":{"gitId":"HiIAmTzeKean"},"content":"import parser.Argument;","lastModifiedDate":"2023-01-27"},{"lineNumber":8,"author":{"gitId":"HiIAmTzeKean"},"content":"import parser.Command;","lastModifiedDate":"2023-01-27"},{"lineNumber":9,"author":{"gitId":"HiIAmTzeKean"},"content":"","lastModifiedDate":"2023-01-23"},{"lineNumber":10,"author":{"gitId":"HiIAmTzeKean"},"content":"","lastModifiedDate":"2023-01-23"},{"lineNumber":11,"author":{"gitId":"HiIAmTzeKean"},"content":"public class TaskController implements ITaskController{","lastModifiedDate":"2023-01-23"},{"lineNumber":12,"author":{"gitId":"HiIAmTzeKean"},"content":"    ArrayList\u003cTask\u003e list \u003d new ArrayList\u003cTask\u003e();","lastModifiedDate":"2023-01-23"},{"lineNumber":13,"author":{"gitId":"HiIAmTzeKean"},"content":"    public void addTask(String description) {","lastModifiedDate":"2023-01-23"},{"lineNumber":14,"author":{"gitId":"HiIAmTzeKean"},"content":"        list.add(new Task(description));","lastModifiedDate":"2023-01-23"},{"lineNumber":15,"author":{"gitId":"HiIAmTzeKean"},"content":"    }","lastModifiedDate":"2023-01-23"},{"lineNumber":16,"author":{"gitId":"HiIAmTzeKean"},"content":"    public ArrayList\u003cTask\u003e getTask() throws EmptyTaskList {","lastModifiedDate":"2023-01-23"},{"lineNumber":17,"author":{"gitId":"HiIAmTzeKean"},"content":"        if (list.isEmpty()) {","lastModifiedDate":"2023-01-23"},{"lineNumber":18,"author":{"gitId":"HiIAmTzeKean"},"content":"            throw new EmptyTaskList(\"*** Empty List\");","lastModifiedDate":"2023-01-23"},{"lineNumber":19,"author":{"gitId":"HiIAmTzeKean"},"content":"        }","lastModifiedDate":"2023-01-23"},{"lineNumber":20,"author":{"gitId":"HiIAmTzeKean"},"content":"        return list;","lastModifiedDate":"2023-01-23"},{"lineNumber":21,"author":{"gitId":"HiIAmTzeKean"},"content":"    }","lastModifiedDate":"2023-01-23"},{"lineNumber":22,"author":{"gitId":"HiIAmTzeKean"},"content":"    public String toString() {","lastModifiedDate":"2023-01-23"},{"lineNumber":23,"author":{"gitId":"HiIAmTzeKean"},"content":"        String Text \u003d IntStream.range(0, list.size())","lastModifiedDate":"2023-01-23"},{"lineNumber":24,"author":{"gitId":"HiIAmTzeKean"},"content":"                                .mapToObj(index -\u003e String.format(\"%d. %s\\n\", index+1, list.get(index)))","lastModifiedDate":"2023-01-23"},{"lineNumber":25,"author":{"gitId":"HiIAmTzeKean"},"content":"                                .collect(Collectors.joining(\"\\n\"));","lastModifiedDate":"2023-01-23"},{"lineNumber":26,"author":{"gitId":"HiIAmTzeKean"},"content":"        return Text;","lastModifiedDate":"2023-01-23"},{"lineNumber":27,"author":{"gitId":"HiIAmTzeKean"},"content":"    }","lastModifiedDate":"2023-01-23"},{"lineNumber":28,"author":{"gitId":"HiIAmTzeKean"},"content":"    @Override","lastModifiedDate":"2023-01-23"},{"lineNumber":29,"author":{"gitId":"HiIAmTzeKean"},"content":"    public String markTask(Argument arg) throws IllegalArgumentException {","lastModifiedDate":"2023-01-23"},{"lineNumber":30,"author":{"gitId":"HiIAmTzeKean"},"content":"        if (arg.getIndex() \u003c 0 || arg.getIndex()\u003elist.size()) {","lastModifiedDate":"2023-01-23"},{"lineNumber":31,"author":{"gitId":"HiIAmTzeKean"},"content":"            // Bad index input by user","lastModifiedDate":"2023-01-23"},{"lineNumber":32,"author":{"gitId":"HiIAmTzeKean"},"content":"            throw new IllegalArgumentException(\"Invalid index given to mark!\");","lastModifiedDate":"2023-01-23"},{"lineNumber":33,"author":{"gitId":"HiIAmTzeKean"},"content":"        }","lastModifiedDate":"2023-01-23"},{"lineNumber":34,"author":{"gitId":"HiIAmTzeKean"},"content":"        String dukeMessage;","lastModifiedDate":"2023-01-23"},{"lineNumber":35,"author":{"gitId":"HiIAmTzeKean"},"content":"        if (arg.getCommand().equals(Command.MARK)) {","lastModifiedDate":"2023-01-23"},{"lineNumber":36,"author":{"gitId":"HiIAmTzeKean"},"content":"            list.get(arg.getIndex()-1).setMark(true);","lastModifiedDate":"2023-01-23"},{"lineNumber":37,"author":{"gitId":"HiIAmTzeKean"},"content":"            dukeMessage \u003d \"Nice! I\u0027ve marked this task as done:\";","lastModifiedDate":"2023-01-23"},{"lineNumber":38,"author":{"gitId":"HiIAmTzeKean"},"content":"        }","lastModifiedDate":"2023-01-23"},{"lineNumber":39,"author":{"gitId":"HiIAmTzeKean"},"content":"        else {","lastModifiedDate":"2023-01-23"},{"lineNumber":40,"author":{"gitId":"HiIAmTzeKean"},"content":"            list.get(arg.getIndex()-1).setMark(false);","lastModifiedDate":"2023-01-23"},{"lineNumber":41,"author":{"gitId":"HiIAmTzeKean"},"content":"            dukeMessage \u003d \"OK, I\u0027ve marked this task as not done yet:\";","lastModifiedDate":"2023-01-23"},{"lineNumber":42,"author":{"gitId":"HiIAmTzeKean"},"content":"        }","lastModifiedDate":"2023-01-23"},{"lineNumber":43,"author":{"gitId":"HiIAmTzeKean"},"content":"        return String.format(\"%s\\n [%c] %s\",","lastModifiedDate":"2023-01-23"},{"lineNumber":44,"author":{"gitId":"HiIAmTzeKean"},"content":"                        dukeMessage,","lastModifiedDate":"2023-01-23"},{"lineNumber":45,"author":{"gitId":"HiIAmTzeKean"},"content":"                        list.get(arg.getIndex()-1).getStatusIcon(),","lastModifiedDate":"2023-01-23"},{"lineNumber":46,"author":{"gitId":"HiIAmTzeKean"},"content":"                        list.get(arg.getIndex()-1).getDescription());","lastModifiedDate":"2023-01-23"},{"lineNumber":47,"author":{"gitId":"HiIAmTzeKean"},"content":"    }","lastModifiedDate":"2023-01-23"},{"lineNumber":48,"author":{"gitId":"HiIAmTzeKean"},"content":"}","lastModifiedDate":"2023-01-23"}],"authorContributionMap":{"HiIAmTzeKean":48}},{"path":"src/test/java/TestDuke.java","fileType":"java","lines":[{"lineNumber":1,"author":{"gitId":"-"},"content":"import static org.junit.jupiter.api.Assertions.assertEquals;","lastModifiedDate":"2023-01-11"},{"lineNumber":2,"author":{"gitId":"HiIAmTzeKean"},"content":"","lastModifiedDate":"2023-01-23"},{"lineNumber":3,"author":{"gitId":"-"},"content":"import java.io.BufferedReader;","lastModifiedDate":"2023-01-11"},{"lineNumber":4,"author":{"gitId":"HiIAmTzeKean"},"content":"import java.io.ByteArrayInputStream;","lastModifiedDate":"2023-01-23"},{"lineNumber":5,"author":{"gitId":"-"},"content":"import java.io.ByteArrayOutputStream;","lastModifiedDate":"2023-01-11"},{"lineNumber":6,"author":{"gitId":"-"},"content":"import java.io.FileReader;","lastModifiedDate":"2023-01-11"},{"lineNumber":7,"author":{"gitId":"HiIAmTzeKean"},"content":"import java.io.IOException;","lastModifiedDate":"2023-01-13"},{"lineNumber":8,"author":{"gitId":"-"},"content":"import java.io.PrintStream;","lastModifiedDate":"2023-01-11"},{"lineNumber":9,"author":{"gitId":"-"},"content":"import org.junit.jupiter.api.Test;","lastModifiedDate":"2023-01-11"},{"lineNumber":10,"author":{"gitId":"-"},"content":"","lastModifiedDate":"2023-01-11"},{"lineNumber":11,"author":{"gitId":"HiIAmTzeKean"},"content":"import duke.Duke;","lastModifiedDate":"2023-01-27"},{"lineNumber":12,"author":{"gitId":"HiIAmTzeKean"},"content":"","lastModifiedDate":"2023-01-23"},{"lineNumber":13,"author":{"gitId":"-"},"content":"public class TestDuke {","lastModifiedDate":"2023-01-11"},{"lineNumber":14,"author":{"gitId":"HiIAmTzeKean"},"content":"    /**","lastModifiedDate":"2023-01-13"},{"lineNumber":15,"author":{"gitId":"HiIAmTzeKean"},"content":"     * Test if the output message of Duke matches the expected default greet and exit message","lastModifiedDate":"2023-01-13"},{"lineNumber":16,"author":{"gitId":"HiIAmTzeKean"},"content":"     * @throws IOException","lastModifiedDate":"2023-01-13"},{"lineNumber":17,"author":{"gitId":"HiIAmTzeKean"},"content":"     */","lastModifiedDate":"2023-01-13"},{"lineNumber":18,"author":{"gitId":"-"},"content":"    @Test","lastModifiedDate":"2023-01-11"},{"lineNumber":19,"author":{"gitId":"HiIAmTzeKean"},"content":"    public void givenBye_whenDukeMain_thenExit() throws IOException{","lastModifiedDate":"2023-01-23"},{"lineNumber":20,"author":{"gitId":"-"},"content":"        try {","lastModifiedDate":"2023-01-11"},{"lineNumber":21,"author":{"gitId":"HiIAmTzeKean"},"content":"            BufferedReader reader \u003d new BufferedReader(new FileReader(\"src/test/resources/givenBye_whenDukeMain_thenExit.TXT\"));","lastModifiedDate":"2023-01-23"},{"lineNumber":22,"author":{"gitId":"-"},"content":"            StringBuilder stringBuilder \u003d new StringBuilder();","lastModifiedDate":"2023-01-11"},{"lineNumber":23,"author":{"gitId":"-"},"content":"            String line \u003d null;","lastModifiedDate":"2023-01-11"},{"lineNumber":24,"author":{"gitId":"-"},"content":"            String ls \u003d System.getProperty(\"line.separator\");","lastModifiedDate":"2023-01-11"},{"lineNumber":25,"author":{"gitId":"-"},"content":"            while ((line \u003d reader.readLine()) !\u003d null) {","lastModifiedDate":"2023-01-11"},{"lineNumber":26,"author":{"gitId":"-"},"content":"                stringBuilder.append(line);","lastModifiedDate":"2023-01-11"},{"lineNumber":27,"author":{"gitId":"-"},"content":"                stringBuilder.append(ls);","lastModifiedDate":"2023-01-11"},{"lineNumber":28,"author":{"gitId":"-"},"content":"            }","lastModifiedDate":"2023-01-11"},{"lineNumber":29,"author":{"gitId":"-"},"content":"            // delete the last new line separator","lastModifiedDate":"2023-01-11"},{"lineNumber":30,"author":{"gitId":"HiIAmTzeKean"},"content":"            // stringBuilder.deleteCharAt(stringBuilder.length()-1);","lastModifiedDate":"2023-01-23"},{"lineNumber":31,"author":{"gitId":"-"},"content":"            reader.close();","lastModifiedDate":"2023-01-11"},{"lineNumber":32,"author":{"gitId":"-"},"content":"","lastModifiedDate":"2023-01-11"},{"lineNumber":33,"author":{"gitId":"-"},"content":"            ByteArrayOutputStream outContent \u003d new ByteArrayOutputStream();","lastModifiedDate":"2023-01-11"},{"lineNumber":34,"author":{"gitId":"HiIAmTzeKean"},"content":"            ByteArrayInputStream inContent \u003d new ByteArrayInputStream(\"bye\\n\".getBytes());","lastModifiedDate":"2023-01-23"},{"lineNumber":35,"author":{"gitId":"HiIAmTzeKean"},"content":"            System.setIn(inContent);","lastModifiedDate":"2023-01-23"},{"lineNumber":36,"author":{"gitId":"-"},"content":"            System.setOut(new PrintStream(outContent));","lastModifiedDate":"2023-01-11"},{"lineNumber":37,"author":{"gitId":"-"},"content":"            Duke.main(null);","lastModifiedDate":"2023-01-11"},{"lineNumber":38,"author":{"gitId":"HiIAmTzeKean"},"content":"","lastModifiedDate":"2023-01-23"},{"lineNumber":39,"author":{"gitId":"-"},"content":"            String lines \u003d outContent.toString();","lastModifiedDate":"2023-01-11"},{"lineNumber":40,"author":{"gitId":"-"},"content":"","lastModifiedDate":"2023-01-11"},{"lineNumber":41,"author":{"gitId":"HiIAmTzeKean"},"content":"            assertEquals(stringBuilder.toString(),lines.substring(0, lines.length() - 1));","lastModifiedDate":"2023-01-23"},{"lineNumber":42,"author":{"gitId":"HiIAmTzeKean"},"content":"        } catch (IOException e) {","lastModifiedDate":"2023-01-13"},{"lineNumber":43,"author":{"gitId":"HiIAmTzeKean"},"content":"            throw e;","lastModifiedDate":"2023-01-13"},{"lineNumber":44,"author":{"gitId":"-"},"content":"        }","lastModifiedDate":"2023-01-11"},{"lineNumber":45,"author":{"gitId":"-"},"content":"    }","lastModifiedDate":"2023-01-11"},{"lineNumber":46,"author":{"gitId":"-"},"content":"}","lastModifiedDate":"2023-01-11"}],"authorContributionMap":{"HiIAmTzeKean":18,"-":28}},{"path":"src/test/java/TestParser.java","fileType":"java","lines":[{"lineNumber":1,"author":{"gitId":"HiIAmTzeKean"},"content":"import static org.junit.jupiter.api.Assertions.assertThrows;","lastModifiedDate":"2023-01-23"},{"lineNumber":2,"author":{"gitId":"HiIAmTzeKean"},"content":"import static org.junit.jupiter.api.Assertions.assertEquals;","lastModifiedDate":"2023-01-27"},{"lineNumber":3,"author":{"gitId":"HiIAmTzeKean"},"content":"","lastModifiedDate":"2023-01-23"},{"lineNumber":4,"author":{"gitId":"HiIAmTzeKean"},"content":"import java.io.ByteArrayInputStream;","lastModifiedDate":"2023-01-23"},{"lineNumber":5,"author":{"gitId":"HiIAmTzeKean"},"content":"import java.util.Scanner;","lastModifiedDate":"2023-01-23"},{"lineNumber":6,"author":{"gitId":"HiIAmTzeKean"},"content":"import org.junit.jupiter.api.DisplayName;","lastModifiedDate":"2023-01-23"},{"lineNumber":7,"author":{"gitId":"HiIAmTzeKean"},"content":"import org.junit.jupiter.api.Test;","lastModifiedDate":"2023-01-23"},{"lineNumber":8,"author":{"gitId":"HiIAmTzeKean"},"content":"","lastModifiedDate":"2023-01-23"},{"lineNumber":9,"author":{"gitId":"HiIAmTzeKean"},"content":"import parser.Command;","lastModifiedDate":"2023-01-27"},{"lineNumber":10,"author":{"gitId":"HiIAmTzeKean"},"content":"import parser.EmptyCommandException;","lastModifiedDate":"2023-01-27"},{"lineNumber":11,"author":{"gitId":"HiIAmTzeKean"},"content":"import parser.Parser;","lastModifiedDate":"2023-01-27"},{"lineNumber":12,"author":{"gitId":"HiIAmTzeKean"},"content":"","lastModifiedDate":"2023-01-23"},{"lineNumber":13,"author":{"gitId":"HiIAmTzeKean"},"content":"public class TestParser {","lastModifiedDate":"2023-01-23"},{"lineNumber":14,"author":{"gitId":"HiIAmTzeKean"},"content":"    Parser parser;","lastModifiedDate":"2023-01-23"},{"lineNumber":15,"author":{"gitId":"HiIAmTzeKean"},"content":"    ByteArrayInputStream inContent;","lastModifiedDate":"2023-01-23"},{"lineNumber":16,"author":{"gitId":"HiIAmTzeKean"},"content":"    ","lastModifiedDate":"2023-01-23"},{"lineNumber":17,"author":{"gitId":"HiIAmTzeKean"},"content":"    @Test","lastModifiedDate":"2023-01-23"},{"lineNumber":18,"author":{"gitId":"HiIAmTzeKean"},"content":"    public void givenNull_whenGetCommand_thenEmptyCommandException() {","lastModifiedDate":"2023-01-27"},{"lineNumber":19,"author":{"gitId":"HiIAmTzeKean"},"content":"        String message \u003d \"\";","lastModifiedDate":"2023-01-23"},{"lineNumber":20,"author":{"gitId":"HiIAmTzeKean"},"content":"        ByteArrayInputStream inContent \u003d new ByteArrayInputStream(message.getBytes());","lastModifiedDate":"2023-01-23"},{"lineNumber":21,"author":{"gitId":"HiIAmTzeKean"},"content":"        System.setIn(inContent);","lastModifiedDate":"2023-01-23"},{"lineNumber":22,"author":{"gitId":"HiIAmTzeKean"},"content":"        parser \u003d new Parser(new Scanner(System.in));","lastModifiedDate":"2023-01-23"},{"lineNumber":23,"author":{"gitId":"HiIAmTzeKean"},"content":"        assertThrows(EmptyCommandException.class, () -\u003e {","lastModifiedDate":"2023-01-23"},{"lineNumber":24,"author":{"gitId":"HiIAmTzeKean"},"content":"            parser.getCommand();","lastModifiedDate":"2023-01-27"},{"lineNumber":25,"author":{"gitId":"HiIAmTzeKean"},"content":"       });","lastModifiedDate":"2023-01-23"},{"lineNumber":26,"author":{"gitId":"HiIAmTzeKean"},"content":"    }","lastModifiedDate":"2023-01-23"},{"lineNumber":27,"author":{"gitId":"HiIAmTzeKean"},"content":"","lastModifiedDate":"2023-01-23"},{"lineNumber":28,"author":{"gitId":"HiIAmTzeKean"},"content":"    @Test","lastModifiedDate":"2023-01-23"},{"lineNumber":29,"author":{"gitId":"HiIAmTzeKean"},"content":"    public void givenToDo_whenGetCommand_thenEmptyCommandException() throws EmptyCommandException {","lastModifiedDate":"2023-01-27"},{"lineNumber":30,"author":{"gitId":"HiIAmTzeKean"},"content":"        String message \u003d \"todo eat rice\";","lastModifiedDate":"2023-01-27"},{"lineNumber":31,"author":{"gitId":"HiIAmTzeKean"},"content":"        ByteArrayInputStream inContent \u003d new ByteArrayInputStream(message.getBytes());","lastModifiedDate":"2023-01-23"},{"lineNumber":32,"author":{"gitId":"HiIAmTzeKean"},"content":"        System.setIn(inContent);","lastModifiedDate":"2023-01-23"},{"lineNumber":33,"author":{"gitId":"HiIAmTzeKean"},"content":"        parser \u003d new Parser(new Scanner(System.in));","lastModifiedDate":"2023-01-23"},{"lineNumber":34,"author":{"gitId":"HiIAmTzeKean"},"content":"        assertEquals(Command.TASK, parser.getCommand());","lastModifiedDate":"2023-01-27"},{"lineNumber":35,"author":{"gitId":"HiIAmTzeKean"},"content":"    }","lastModifiedDate":"2023-01-23"},{"lineNumber":36,"author":{"gitId":"HiIAmTzeKean"},"content":"}","lastModifiedDate":"2023-01-23"}],"authorContributionMap":{"HiIAmTzeKean":36}},{"path":"src/test/java/TestTask.java","fileType":"java","lines":[{"lineNumber":1,"author":{"gitId":"HiIAmTzeKean"},"content":"import static org.junit.jupiter.api.Assertions.assertEquals;","lastModifiedDate":"2023-01-27"},{"lineNumber":2,"author":{"gitId":"HiIAmTzeKean"},"content":"","lastModifiedDate":"2023-01-27"},{"lineNumber":3,"author":{"gitId":"HiIAmTzeKean"},"content":"import org.junit.jupiter.api.Test;","lastModifiedDate":"2023-01-27"},{"lineNumber":4,"author":{"gitId":"HiIAmTzeKean"},"content":"","lastModifiedDate":"2023-01-27"},{"lineNumber":5,"author":{"gitId":"HiIAmTzeKean"},"content":"import task.Task;","lastModifiedDate":"2023-01-27"},{"lineNumber":6,"author":{"gitId":"HiIAmTzeKean"},"content":"","lastModifiedDate":"2023-01-27"},{"lineNumber":7,"author":{"gitId":"HiIAmTzeKean"},"content":"public class TestTask {","lastModifiedDate":"2023-01-27"},{"lineNumber":8,"author":{"gitId":"HiIAmTzeKean"},"content":"    @Test","lastModifiedDate":"2023-01-27"},{"lineNumber":9,"author":{"gitId":"HiIAmTzeKean"},"content":"    public void givenDescription_whenGetDescription_thenCorrectDescription() {","lastModifiedDate":"2023-01-27"},{"lineNumber":10,"author":{"gitId":"HiIAmTzeKean"},"content":"        Task task \u003d new Task(null);","lastModifiedDate":"2023-01-27"},{"lineNumber":11,"author":{"gitId":"HiIAmTzeKean"},"content":"        task.setDescription(\"Some random string\");","lastModifiedDate":"2023-01-27"},{"lineNumber":12,"author":{"gitId":"HiIAmTzeKean"},"content":"        assertEquals(\"Some random string\", task.getDescription());","lastModifiedDate":"2023-01-27"},{"lineNumber":13,"author":{"gitId":"HiIAmTzeKean"},"content":"    }","lastModifiedDate":"2023-01-27"},{"lineNumber":14,"author":{"gitId":"HiIAmTzeKean"},"content":"","lastModifiedDate":"2023-01-27"},{"lineNumber":15,"author":{"gitId":"HiIAmTzeKean"},"content":"    @Test","lastModifiedDate":"2023-01-27"},{"lineNumber":16,"author":{"gitId":"HiIAmTzeKean"},"content":"    public void givenTask_whenMark_thenPrintX() {","lastModifiedDate":"2023-01-27"},{"lineNumber":17,"author":{"gitId":"HiIAmTzeKean"},"content":"        Task task \u003d new Task(null);","lastModifiedDate":"2023-01-27"},{"lineNumber":18,"author":{"gitId":"HiIAmTzeKean"},"content":"        task.setMark(true);","lastModifiedDate":"2023-01-27"},{"lineNumber":19,"author":{"gitId":"HiIAmTzeKean"},"content":"        assertEquals(\u0027X\u0027, task.getStatusIcon());","lastModifiedDate":"2023-01-27"},{"lineNumber":20,"author":{"gitId":"HiIAmTzeKean"},"content":"    }","lastModifiedDate":"2023-01-27"},{"lineNumber":21,"author":{"gitId":"HiIAmTzeKean"},"content":"}","lastModifiedDate":"2023-01-27"}],"authorContributionMap":{"HiIAmTzeKean":21}},{"path":"src/test/resources/givenBye_whenDukeMain_thenExit.txt","fileType":"txt","lines":[{"lineNumber":1,"author":{"gitId":"HiIAmTzeKean"},"content":" ____        _        ","lastModifiedDate":"2023-01-23"},{"lineNumber":2,"author":{"gitId":"HiIAmTzeKean"},"content":"|  _ \\ _   _| | _____ ","lastModifiedDate":"2023-01-23"},{"lineNumber":3,"author":{"gitId":"HiIAmTzeKean"},"content":"| | | | | | | |/ / _ \\","lastModifiedDate":"2023-01-23"},{"lineNumber":4,"author":{"gitId":"HiIAmTzeKean"},"content":"| |_| | |_| |   \u003c  __/","lastModifiedDate":"2023-01-23"},{"lineNumber":5,"author":{"gitId":"HiIAmTzeKean"},"content":"|____/ \\__,_|_|\\_\\___|","lastModifiedDate":"2023-01-23"},{"lineNumber":6,"author":{"gitId":"HiIAmTzeKean"},"content":"","lastModifiedDate":"2023-01-23"},{"lineNumber":7,"author":{"gitId":"HiIAmTzeKean"},"content":"    ________________________________________","lastModifiedDate":"2023-01-23"},{"lineNumber":8,"author":{"gitId":"HiIAmTzeKean"},"content":"     Hello! I\u0027m Duke","lastModifiedDate":"2023-01-23"},{"lineNumber":9,"author":{"gitId":"HiIAmTzeKean"},"content":"     What can I do for you?","lastModifiedDate":"2023-01-23"},{"lineNumber":10,"author":{"gitId":"HiIAmTzeKean"},"content":"    ________________________________________","lastModifiedDate":"2023-01-23"},{"lineNumber":11,"author":{"gitId":"HiIAmTzeKean"},"content":"","lastModifiedDate":"2023-01-23"},{"lineNumber":12,"author":{"gitId":"HiIAmTzeKean"},"content":"    ________________________________________","lastModifiedDate":"2023-01-23"},{"lineNumber":13,"author":{"gitId":"HiIAmTzeKean"},"content":"     Bye. Hope to see you again soon!","lastModifiedDate":"2023-01-23"},{"lineNumber":14,"author":{"gitId":"HiIAmTzeKean"},"content":"    ________________________________________","lastModifiedDate":"2023-01-23"}],"authorContributionMap":{"HiIAmTzeKean":14}}]
