{"authorDailyContributionsMap":{"HiIAmTzeKean":[{"date":"2023-01-13","commitResults":[{"hash":"a4045e5db251d369108883241d70b1e6b91a57db","isMergeCommit":false,"messageTitle":"test: Modifed test file directory","messageBody":"Test file should belong under test folder. Expected text files will be\nplaced under test/resources in future.\n","fileTypesAndContributionMap":{"txt":{"insertions":14,"deletions":0},"java":{"insertions":11,"deletions":5}}},{"hash":"14704b54dfcbd84ee3e8bc779a9d9e70d269c124","isMergeCommit":false,"messageTitle":"refactor: encapsulate greet and bye into functions","messageBody":"Code readability in main function call. In preparation for\nLevel 1 commit\n","tags":["Level-0"],"fileTypesAndContributionMap":{"java":{"insertions":33,"deletions":14}}}]},{"date":"2023-01-23","commitResults":[{"hash":"7ca6aa0ada139bc93baba18c18d47af7517e0cff","isMergeCommit":false,"messageTitle":"feat: Parser package that make sense of user input","messageBody":"User can input arbitary commands. A class is designed to accept the\ninput and make sense of it for Duke class.\n\nAllows for abstraction of user input from Duke class.\n","fileTypesAndContributionMap":{"java":{"insertions":65,"deletions":0}}},{"hash":"50722ca02bc60b4a1a93c55378ddf47b11cc2903","isMergeCommit":false,"messageTitle":"feat: Duke uses parser interface for command fetching","messageBody":"Duke class responsibility is to provide UI and should not be bothered\nwith handling of various user input. Parser abstracts message\nfetching.\n","fileTypesAndContributionMap":{"java":{"insertions":28,"deletions":8}}},{"hash":"e60d63fe92f5aae42a7c2247db180bbc760eb744","isMergeCommit":false,"messageTitle":"fixes: Parser class NoSuchElementException","messageBody":"Parser class did not catch exception when there is no input by user.\nMessage wrapped in try block to ensure that no null message is\ncaptured and passed to Duke.\n","fileTypesAndContributionMap":{"java":{"insertions":7,"deletions":1}}},{"hash":"154c19d7a222b64614365ee987d8a48b02bdd1ad","isMergeCommit":false,"messageTitle":"test: Test case for Parser and Duke","messageBody":"","fileTypesAndContributionMap":{"txt":{"insertions":14,"deletions":14},"java":{"insertions":63,"deletions":10}}},{"hash":"a1eeb2332f48c0eef9e27df0f693fa6eee8b351d","isMergeCommit":false,"messageTitle":"chore: update to adhere coding standard","messageBody":"","fileTypesAndContributionMap":{"java":{"insertions":1,"deletions":2}}},{"hash":"442c8c6ba5f1385a9f99011c558a91deced6aff4","isMergeCommit":true,"messageTitle":"Merge pull request #5 from HiIAmTzeKean/level-1","messageBody":"Level 1\r\nImplement a skeletal version of Duke that starts by greeting the user, simply echos commands entered by the user, and exits when the user types bye. ","tags":["Level-1"],"fileTypesAndContributionMap":{}},{"hash":"420882900949b801c6b8d3fc0aeaa7c548c88144","isMergeCommit":false,"messageTitle":"feat: Task class to handle task input","messageBody":"User inputs must be handled and stored in some Array. Task class created\nto store the details and the controller will handle the addition of new\nTasks and to pass the list to Duke class\n","fileTypesAndContributionMap":{"java":{"insertions":55,"deletions":0}}},{"hash":"22e3f1aa1e4fdd02066fba5cb4df883eeca4f1c6","isMergeCommit":false,"messageTitle":"feat: Command Enum","messageBody":"User can input any types of command. Enum will be used to group the\ncommand into 3 category.\n","fileTypesAndContributionMap":{"java":{"insertions":7,"deletions":0}}},{"hash":"cabed7e9673b7b487d638363a64e745a4c57dfdc","isMergeCommit":false,"messageTitle":"feat: Parser class abstract message fetching","messageBody":"Duke will only call Parser to obtain the Command given by user. Parser\nwill call for next message once Duke is done handling the current\nmessage.\n","fileTypesAndContributionMap":{"java":{"insertions":28,"deletions":23}}},{"hash":"2d532e8aa73bced5bca88a0c828e7406c622de0b","isMergeCommit":false,"messageTitle":"feat: Duke class class add and list","messageBody":"Duke needs to be able to add and list task. Updates to Parser and Task\nallows Duke to perform the requirements\n","fileTypesAndContributionMap":{"java":{"insertions":38,"deletions":18}}},{"hash":"36acc37d9c2aa2504f58fac8c2037f050e4fc55b","isMergeCommit":true,"messageTitle":"Merge pull request #6 from HiIAmTzeKean/level-2","messageBody":"Level 2\r\nAdd the ability to store whatever text entered by the user and display them back to the user when requested.","tags":["Level-2","A-Enums","A-Collections"],"fileTypesAndContributionMap":{}},{"hash":"245fcb2037a76c3b97ec45d06c08ec23977d7bc1","isMergeCommit":false,"messageTitle":"fix: resolve inconsistent print message","messageBody":"Printing did not have consistent tab spacing. Print now modified to\nstream message instead and Duke should provide the printing since it\nhandles the UI.\n","fileTypesAndContributionMap":{"java":{"insertions":22,"deletions":8}}},{"hash":"c5c275cf09b50efc5edde55f91a75e1ded8c54d7","isMergeCommit":false,"messageTitle":"feat: Argument class used for passing paramters","messageBody":"Parameter passing done by generic array is not ideal especially for\ntesting purposes. Class created to store args for object passesing.\n","fileTypesAndContributionMap":{"java":{"insertions":25,"deletions":0}}},{"hash":"4da68d9516188f1501ecd07889b416400f34c4dd","isMergeCommit":false,"messageTitle":"fix: bug in reading command","messageBody":"Command was done through string comparison. spelling mistakes are\npicked up and perceived as commands. Parser should only recognise\ncommands as the first word of the input.\n","fileTypesAndContributionMap":{"java":{"insertions":47,"deletions":12}}},{"hash":"d5f2d965b4d4732dc0db4e534e06339fa657185f","isMergeCommit":false,"messageTitle":"feat: Task mark tracking","messageBody":"Task can be marked or unmarked depending on the status. Message\nstatus will be passed back to Duke for UI.\n","fileTypesAndContributionMap":{"java":{"insertions":48,"deletions":2}}},{"hash":"ae04fd96ab6048f02f725ee92e7ad0f9334bb867","isMergeCommit":false,"messageTitle":"chore: adhere to coding standard","messageBody":"","fileTypesAndContributionMap":{"java":{"insertions":19,"deletions":19}}},{"hash":"016563851c42b7108153a4ab8005f0866ff2c94c","isMergeCommit":true,"messageTitle":"Merge pull request #7 from HiIAmTzeKean/level-3","messageBody":"Level 3\r\nAdd the ability to mark tasks as done. Optionally, add the ability to change the status back to not done.","tags":["Level-3","A-Streams","A-CodingStandard"],"fileTypesAndContributionMap":{}}]},{"date":"2023-01-25","commitResults":[{"hash":"bbc9b50ee736823b2336916ed05e7a86366b0100","isMergeCommit":true,"messageTitle":"Merge branch \u0027add-gradle-support\u0027","messageBody":"","fileTypesAndContributionMap":{}},{"hash":"8f4639be8b9621f728aee6b14ce8249d1399912d","isMergeCommit":false,"messageTitle":"update gradle mainClassName","messageBody":"","tags":["A-Gradle"],"fileTypesAndContributionMap":{"gradle":{"insertions":1,"deletions":1}}}]},{"date":"2023-01-27","commitResults":[{"hash":"e935bfb493a208339f3a0af023d86604e81aac44","isMergeCommit":false,"messageTitle":"fix: package naming convention","messageBody":"","fileTypesAndContributionMap":{"java":{"insertions":20,"deletions":22}}},{"hash":"7553e7cbe6730cc7defb91be24fc8bd41329c319","isMergeCommit":false,"messageTitle":"rename folder","messageBody":"","fileTypesAndContributionMap":{"java":{"insertions":0,"deletions":0}}},{"hash":"0c19ffc9e4b0b0700e1f22e7b754c3004fb57ad2","isMergeCommit":false,"messageTitle":"fix: rename folder","messageBody":"Adhere to naming convention\n","fileTypesAndContributionMap":{"java":{"insertions":0,"deletions":0}}},{"hash":"a0e8e41223775450fc322a9300555e101552d212","isMergeCommit":true,"messageTitle":"Merge pull request #13 from HiIAmTzeKean/rename","messageBody":"Rename package","fileTypesAndContributionMap":{}},{"hash":"0f816c95b76cf7be5e41fb2117f3e6505fbf58a8","isMergeCommit":false,"messageTitle":"test: Test on public methods","messageBody":"Test correctness of logic of code\n","fileTypesAndContributionMap":{"java":{"insertions":31,"deletions":25}}},{"hash":"dadfc4ffb0540e4cb2f3aa35ae279ec2c884a182","isMergeCommit":true,"messageTitle":"Merge pull request #14 from HiIAmTzeKean/test","messageBody":"Implement basic test cases for packages","fileTypesAndContributionMap":{}}]},{"date":"2023-01-29","commitResults":[{"hash":"091b2b7907cf7ec2346985c7ea792db3d3db2746","isMergeCommit":false,"messageTitle":"refactor: modified constructors to call mutator","messageBody":"Mutator will be subsequently implemented with error checking. Use of mutators abstracts check\nand allow raising of exceptions.\n","fileTypesAndContributionMap":{"java":{"insertions":3,"deletions":3}}},{"hash":"121e07991a08af07379d7928041f32fe3299987b","isMergeCommit":false,"messageTitle":"feat: custom exception for project","messageBody":"DukeException acts like the super Exception for all other exception\nthrown in this project to allow for easy debugging and testing.\n","fileTypesAndContributionMap":{"java":{"insertions":31,"deletions":6}}},{"hash":"d6c7d3313878daeb8af7107519328444f2bbb840","isMergeCommit":false,"messageTitle":"doc: Java documentation for interface","messageBody":"","fileTypesAndContributionMap":{"java":{"insertions":26,"deletions":1}}},{"hash":"22cdb7de8be40fcf93cd64464ca7130f37112797","isMergeCommit":false,"messageTitle":"feat: class update to handle DukeException","messageBody":"Exploits polymorphism properties to handle exception. Better code\nredability and debugging.\n","fileTypesAndContributionMap":{"java":{"insertions":13,"deletions":17}}},{"hash":"e54aed410695aa477630ffae882641465237458b","isMergeCommit":false,"messageTitle":"feat: subclass of Task","messageBody":"Extend Task class to allow for specialised tasking that user can use.\n","fileTypesAndContributionMap":{"java":{"insertions":52,"deletions":0}}},{"hash":"0010ed768156419f9bd6c64f27ce0d5625e3557a","isMergeCommit":false,"messageTitle":"feat: Update task package to handle new subclass","messageBody":"task package should handle an abstracted view of different types of\nclasses. Polymorphism exploited here to reduce hard coding.\n","fileTypesAndContributionMap":{"java":{"insertions":79,"deletions":20}}},{"hash":"ff5e72862afc4ef02eff34f36b714e0995418d47","isMergeCommit":false,"messageTitle":"feat: Update parser package for task subclass","messageBody":"","fileTypesAndContributionMap":{"java":{"insertions":113,"deletions":19}}},{"hash":"6c8e84b6cfc2353e9f1dd7da2bb8c511ae902f3b","isMergeCommit":false,"messageTitle":"refactor: Duke class","messageBody":"","fileTypesAndContributionMap":{"java":{"insertions":5,"deletions":4}}},{"hash":"08e9aa569bf02d728a5a8d2d27e9c22214e50bcb","isMergeCommit":false,"messageTitle":"refactor: parser handling of task arguments","messageBody":"Parser should not handle the arugments of each task subclass as code\ncannot scale. Task should be incharge of parsing the arguments once the\nspecific tasking requested is known by parser.\n\n- Parser.getTask() will get each subclass to make sense of the argument\n- if argument is invalid then exception will be thrown which will be made\nknown to the user\n","fileTypesAndContributionMap":{"java":{"insertions":106,"deletions":20}}},{"hash":"80367074144ef41761d5b3cb282c64572a0a7f54","isMergeCommit":false,"messageTitle":"fix: import bugs","messageBody":"","fileTypesAndContributionMap":{"java":{"insertions":308,"deletions":420}}},{"hash":"0c34868aa1a4af22f5f97d5ca9c9405ceb38382b","isMergeCommit":false,"messageTitle":"doc: java documentation","messageBody":"Readability for other coders\n","fileTypesAndContributionMap":{"java":{"insertions":71,"deletions":6}}},{"hash":"a65e76d5661eac8fc07a3974cb58abb0c2fc18c4","isMergeCommit":false,"messageTitle":"chore: code quality","messageBody":"","fileTypesAndContributionMap":{"java":{"insertions":10,"deletions":11}}},{"hash":"fcc3666e80992947cd26822386b45db53635e990","isMergeCommit":false,"messageTitle":"feat: Custom error message","messageBody":"","tags":["A-Packages"],"fileTypesAndContributionMap":{"java":{"insertions":14,"deletions":11}}},{"hash":"aa13d3ea4123d331b22a4c21b25f6018279e6888","isMergeCommit":true,"messageTitle":"Merge pull request #15 from HiIAmTzeKean/level-4","messageBody":"Level-4\r\n1. ToDos: tasks without any date/time attached to it e.g., visit new theme park\r\n2. Deadlines: tasks that need to be done before a specific date/time e.g., submit report by 11/10/2019 5pm\r\n3. Events: tasks that start at a specific date/time and ends at a specific date/time\r\n    e.g., (a) team project meeting 2/10/2019 2-4pm (b) orientation week 4/10/2019 to 11/10/2019","tags":["Level-4","A-CodeQuality"],"fileTypesAndContributionMap":{}}]},{"date":"2023-01-30","commitResults":[{"hash":"f0c19fa82298b3a90e78e76d7e7ff18153f4dada","isMergeCommit":false,"messageTitle":"feat: Test using the I/O redirection technique","messageBody":"Use the input/output redirection technique to semi-automate the testing\nof Duke\n","fileTypesAndContributionMap":{"txt":{"insertions":7,"deletions":0},"sh":{"insertions":2,"deletions":2}}},{"hash":"ae0204795e45b6cb86bb07617c1e82b1df0140d4","isMergeCommit":true,"messageTitle":"Merge pull request #16 from HiIAmTzeKean/textuitesting","messageBody":"Use the input/output redirection technique to semi-automate the testing of Duke.","tags":["A-TextUiTesting"],"fileTypesAndContributionMap":{}},{"hash":"5c641b3bb7d527b72cf54285ae40cdc07090217b","isMergeCommit":false,"messageTitle":"refactor: Introduction of UI class","messageBody":"UI class abstracts ui printing from duke, making the code more readable\nand easy to understand.\n","fileTypesAndContributionMap":{"java":{"insertions":131,"deletions":95}}},{"hash":"42a6338172965d31b8514138e1a83fb903b1ec11","isMergeCommit":true,"messageTitle":"Merge pull request #17 from HiIAmTzeKean/refactor","messageBody":"refactor: Introduction of UI class","fileTypesAndContributionMap":{}},{"hash":"a931b5335240485c3e079d8131d9e716d09d0e50","isMergeCommit":false,"messageTitle":"test: update test configs","messageBody":"","fileTypesAndContributionMap":{"gradle":{"insertions":3,"deletions":2},"bat":{"insertions":2,"deletions":2}}}]},{"date":"2023-02-03","commitResults":[{"hash":"c056f90d7cbf312e0bbf5e01a485bc714816aaa5","isMergeCommit":false,"messageTitle":"dependency Jcolor","messageBody":"","fileTypesAndContributionMap":{"gradle":{"insertions":1,"deletions":0}}},{"hash":"9d73b8006933a00a8ea347bf9c36191ec64e8f85","isMergeCommit":false,"messageTitle":"feat: minimal coloring gui","messageBody":"console has basic added color\n","fileTypesAndContributionMap":{"java":{"insertions":62,"deletions":11}}},{"hash":"497d8125cf6fdae227900fa7d6b27ca4690354b7","isMergeCommit":false,"messageTitle":"fix: missed error handling","messageBody":"","fileTypesAndContributionMap":{"java":{"insertions":10,"deletions":6}}},{"hash":"41fa66e008b68058e3128bbfb25150c3228f688b","isMergeCommit":false,"messageTitle":"test: test task class","messageBody":"removed testduke as the test should be on UI class instead\n","fileTypesAndContributionMap":{"java":{"insertions":13,"deletions":46}}}]},{"date":"2023-02-06","commitResults":[{"hash":"217f3fd796fd54c437c55f9ef60efc4fa430d4ca","isMergeCommit":false,"messageTitle":"test: ui class","messageBody":"","fileTypesAndContributionMap":{"txt":{"insertions":4,"deletions":0},"java":{"insertions":45,"deletions":0}}},{"hash":"60a4a0fd9eee5dcdb3ae60a6be7b9b32817cf653","isMergeCommit":false,"messageTitle":"doc: doc for methods left out","messageBody":"","fileTypesAndContributionMap":{"java":{"insertions":47,"deletions":1}}},{"hash":"38e38ba16b962f97db1a682113470e949d1cdb62","isMergeCommit":false,"messageTitle":"bug: removed invalid line","messageBody":"","fileTypesAndContributionMap":{"java":{"insertions":0,"deletions":5}}},{"hash":"40dabd0da9d7311e9e0831e7c4c7de8336f0dfb2","isMergeCommit":false,"messageTitle":"feat: update color scheme","messageBody":"","fileTypesAndContributionMap":{"java":{"insertions":4,"deletions":4}}},{"hash":"1e4966434c1878e49eaf4d66920ac129ec6a6e31","isMergeCommit":false,"messageTitle":"test: update test expected","messageBody":"","fileTypesAndContributionMap":{"txt":{"insertions":4,"deletions":4}}},{"hash":"d3856e90aeae6835ab71a684cfd8c33aa238aad6","isMergeCommit":true,"messageTitle":"Merge pull request #18 from HiIAmTzeKean/level-5","messageBody":"Level 5","tags":["Level-5","A-MoreOOP","A-Exceptions"],"fileTypesAndContributionMap":{}}]},{"date":"2023-02-09","commitResults":[{"hash":"2ea53af5fe4509f03151ff528f05624df766c9ac","isMergeCommit":false,"messageTitle":"bug: fixed text-ui-test","messageBody":"update expected changes. Fixed javac classpath\n","fileTypesAndContributionMap":{"sh":{"insertions":3,"deletions":2}}}]},{"date":"2023-02-10","commitResults":[{"hash":"5f8c4834a34593e8abbb4ceab14a8746dfbcfd3a","isMergeCommit":false,"messageTitle":"feat: support for task deletion","messageBody":"Task deletion now possible with the updated parser class which checks if\nthe command is to delete. Error handling is also checked for.\n","fileTypesAndContributionMap":{"java":{"insertions":37,"deletions":9}}}]},{"date":"2023-02-14","commitResults":[{"hash":"b3b176817da8c0ec787cb157bdfe28a8ffa742c0","isMergeCommit":false,"messageTitle":"feat: Serialise package","messageBody":"Purpose is to make sense of text file\n","fileTypesAndContributionMap":{"java":{"insertions":85,"deletions":0}}},{"hash":"ec9b9f2e94b7aff93360dd4accaa79697bb47263","isMergeCommit":false,"messageTitle":"feat: integration of serialise with duke","messageBody":"Modifications of duke to load file before starting program and to store\nthe objects into the text file.\n","fileTypesAndContributionMap":{"java":{"insertions":109,"deletions":1}}},{"hash":"96104ff61840704aefe0f60a4ff950aae985010e","isMergeCommit":false,"messageTitle":"test: update text ui test","messageBody":"","fileTypesAndContributionMap":{"txt":{"insertions":2,"deletions":0},"bat":{"insertions":2,"deletions":2},"sh":{"insertions":1,"deletions":1}}},{"hash":"df466db81c56580eb7228d880126d0c19aaa6637","isMergeCommit":true,"messageTitle":"Merge pull request #20 from HiIAmTzeKean/level-6","messageBody":"feat: support for task deletion","tags":["Level-6"],"fileTypesAndContributionMap":{}},{"hash":"49fce71208501e911e4926974163d801178d6509","isMergeCommit":true,"messageTitle":"Merge pull request #21 from HiIAmTzeKean/level-7","messageBody":"Level 7","tags":["Level-7","A-Jar"],"fileTypesAndContributionMap":{}}]},{"date":"2023-02-17","commitResults":[{"hash":"0b36ca08f914e4aae03ed57b1c3e616c6733f0eb","isMergeCommit":false,"messageTitle":"chore: pull request 103 changes resolution","messageBody":"","fileTypesAndContributionMap":{"java":{"insertions":41,"deletions":31}}}]},{"date":"2023-02-18","commitResults":[{"hash":"58efd8c4377285089aeebc0173b3b8fb01b218e0","isMergeCommit":false,"messageTitle":"refactor: duke class","messageBody":"","fileTypesAndContributionMap":{"java":{"insertions":63,"deletions":54}}},{"hash":"4459067786e9f4abd84f9402a249160eec816720","isMergeCommit":false,"messageTitle":"feat: level 8 date time","messageBody":"","tags":["Level-8"],"fileTypesAndContributionMap":{"java":{"insertions":37,"deletions":3}}},{"hash":"5e26c3202df9ffcc146e741cc44af13ec3a1444a","isMergeCommit":false,"messageTitle":"feat: level 9 find","messageBody":"","tags":["Level-9"],"fileTypesAndContributionMap":{"java":{"insertions":85,"deletions":33}}},{"hash":"44579c09f649ea98bda0d8bd5bbdd280a18a5608","isMergeCommit":true,"messageTitle":"Merge pull request #22 from HiIAmTzeKean/branch-Level-8","messageBody":"Branch level 8","fileTypesAndContributionMap":{}},{"hash":"bd5f0594d11ef47c28d82de2af20eba786562b83","isMergeCommit":true,"messageTitle":"Merge pull request #23 from HiIAmTzeKean/branch-Level-9","messageBody":"feat: level 9 find","fileTypesAndContributionMap":{}},{"hash":"670b8ea1a0aee0b5c934142408fc5cdd206d7d1b","isMergeCommit":false,"messageTitle":"doc: java doc for interface class","messageBody":"","tags":["A-JavaDoc"],"fileTypesAndContributionMap":{"java":{"insertions":32,"deletions":0}}},{"hash":"40f9bcb78668b033ce803747a0882c07a6333b21","isMergeCommit":false,"messageTitle":"doc: user guide v1","messageBody":"","fileTypesAndContributionMap":{"md":{"insertions":103,"deletions":7}}}]},{"date":"2023-02-19","commitResults":[{"hash":"1978fb09606f7b162f7d5a400be801ea1a1e1e34","isMergeCommit":false,"messageTitle":"doc: adhere to coding standard","messageBody":"","fileTypesAndContributionMap":{"java":{"insertions":34,"deletions":9}}},{"hash":"83ea089540d4c1abd150bdb1f07206554b345e22","isMergeCommit":false,"messageTitle":"doc: user guide v2","messageBody":"","fileTypesAndContributionMap":{"md":{"insertions":36,"deletions":30}}},{"hash":"0dcee0d5fd5e09c1500901aa59fdbd108a3d495d","isMergeCommit":true,"messageTitle":"Merge branch \u0027userguide\u0027","messageBody":"","tags":["A-UserGuide"],"fileTypesAndContributionMap":{}},{"hash":"67033c5d520d99e8c87b9faf6b134bce82b1bd12","isMergeCommit":false,"messageTitle":"test: text-ui-testing update","messageBody":"","tags":["A-Release"],"fileTypesAndContributionMap":{"bat":{"insertions":4,"deletions":1},"sh":{"insertions":3,"deletions":1}}}]}]},"authorFileTypeContributionMap":{"HiIAmTzeKean":{"java":1259,"md":103,"fxml":0,"sh":6,"bat":4,"gradle":5,"txt":27}},"authorContributionVariance":{"HiIAmTzeKean":58964.098},"authorDisplayNameMap":{"HiIAmTzeKean":"CS2113-F10-4 NG T..KEAN"}}
