[{"path":"src/main/java/Duke.java","fileType":"java","lines":[{"lineNumber":1,"author":{"gitId":"denzelcjy"},"content":"import duke.DukeException;","lastModifiedDate":"2023-02-03"},{"lineNumber":2,"author":{"gitId":"denzelcjy"},"content":"","lastModifiedDate":"2023-02-15"},{"lineNumber":3,"author":{"gitId":"denzelcjy"},"content":"import java.io.IOException;","lastModifiedDate":"2023-02-11"},{"lineNumber":4,"author":{"gitId":"denzelcjy"},"content":"import java.util.Scanner;","lastModifiedDate":"2023-01-21"},{"lineNumber":5,"author":{"gitId":"denzelcjy"},"content":"","lastModifiedDate":"2023-01-21"},{"lineNumber":6,"author":{"gitId":"denzelcjy"},"content":"","lastModifiedDate":"2023-02-11"},{"lineNumber":7,"author":{"gitId":"-"},"content":"public class Duke {","lastModifiedDate":"2019-07-29"},{"lineNumber":8,"author":{"gitId":"denzelcjy"},"content":"    protected TaskList taskList;","lastModifiedDate":"2023-02-15"},{"lineNumber":9,"author":{"gitId":"denzelcjy"},"content":"    protected FileDataHandler fileDataHandler;","lastModifiedDate":"2023-02-15"},{"lineNumber":10,"author":{"gitId":"denzelcjy"},"content":"    protected Ui ui;","lastModifiedDate":"2023-02-16"},{"lineNumber":11,"author":{"gitId":"denzelcjy"},"content":"","lastModifiedDate":"2023-02-03"},{"lineNumber":12,"author":{"gitId":"denzelcjy"},"content":"    public Duke(String filePath, String directoryName) {","lastModifiedDate":"2023-02-15"},{"lineNumber":13,"author":{"gitId":"denzelcjy"},"content":"        taskList \u003d new TaskList();","lastModifiedDate":"2023-02-15"},{"lineNumber":14,"author":{"gitId":"denzelcjy"},"content":"        fileDataHandler \u003d new FileDataHandler(filePath, directoryName);","lastModifiedDate":"2023-02-15"},{"lineNumber":15,"author":{"gitId":"denzelcjy"},"content":"        ui  \u003d new Ui();","lastModifiedDate":"2023-02-16"},{"lineNumber":16,"author":{"gitId":"denzelcjy"},"content":"        try {","lastModifiedDate":"2023-02-11"},{"lineNumber":17,"author":{"gitId":"denzelcjy"},"content":"            if(!fileDataHandler.createFile()) {","lastModifiedDate":"2023-02-15"},{"lineNumber":18,"author":{"gitId":"denzelcjy"},"content":"                fileDataHandler.loadFile(taskList);","lastModifiedDate":"2023-02-15"},{"lineNumber":19,"author":{"gitId":"denzelcjy"},"content":"            }","lastModifiedDate":"2023-02-11"},{"lineNumber":20,"author":{"gitId":"denzelcjy"},"content":"        } catch (IOException exception) {","lastModifiedDate":"2023-02-11"},{"lineNumber":21,"author":{"gitId":"denzelcjy"},"content":"            ui.printErrorMessage(\"     ☹ OOPS!!! As an error has occurred, the current task list will not be saved in a file!\");","lastModifiedDate":"2023-02-16"},{"lineNumber":22,"author":{"gitId":"denzelcjy"},"content":"        }","lastModifiedDate":"2023-02-11"},{"lineNumber":23,"author":{"gitId":"denzelcjy"},"content":"    }","lastModifiedDate":"2023-02-15"},{"lineNumber":24,"author":{"gitId":"denzelcjy"},"content":"","lastModifiedDate":"2023-02-15"},{"lineNumber":25,"author":{"gitId":"denzelcjy"},"content":"    public void run() {","lastModifiedDate":"2023-02-15"},{"lineNumber":26,"author":{"gitId":"denzelcjy"},"content":"        ui.welcomeMessage();","lastModifiedDate":"2023-02-16"},{"lineNumber":27,"author":{"gitId":"denzelcjy"},"content":"        Scanner input \u003d new Scanner(System.in);","lastModifiedDate":"2023-02-15"},{"lineNumber":28,"author":{"gitId":"denzelcjy"},"content":"        while (input.hasNextLine()) {","lastModifiedDate":"2023-01-21"},{"lineNumber":29,"author":{"gitId":"denzelcjy"},"content":"            Parser parseInput \u003d new Parser(this);","lastModifiedDate":"2023-02-15"},{"lineNumber":30,"author":{"gitId":"denzelcjy"},"content":"            String[] nextInput \u003d input.nextLine().split(\" \", 2);","lastModifiedDate":"2023-01-27"},{"lineNumber":31,"author":{"gitId":"denzelcjy"},"content":"            boolean isExit;","lastModifiedDate":"2023-02-15"},{"lineNumber":32,"author":{"gitId":"denzelcjy"},"content":"            try {","lastModifiedDate":"2023-02-03"},{"lineNumber":33,"author":{"gitId":"denzelcjy"},"content":"                isExit \u003d parseInput.parse(nextInput);","lastModifiedDate":"2023-02-15"},{"lineNumber":34,"author":{"gitId":"denzelcjy"},"content":"                if(isExit) {","lastModifiedDate":"2023-02-15"},{"lineNumber":35,"author":{"gitId":"denzelcjy"},"content":"                    break;","lastModifiedDate":"2023-01-21"},{"lineNumber":36,"author":{"gitId":"denzelcjy"},"content":"                }","lastModifiedDate":"2023-01-21"},{"lineNumber":37,"author":{"gitId":"denzelcjy"},"content":"                fileDataHandler.saveFile(taskList);","lastModifiedDate":"2023-02-16"},{"lineNumber":38,"author":{"gitId":"denzelcjy"},"content":"            } catch (DukeException exception) {","lastModifiedDate":"2023-02-03"},{"lineNumber":39,"author":{"gitId":"denzelcjy"},"content":"                ui.printErrorMessage(exception.getMessage());","lastModifiedDate":"2023-02-16"},{"lineNumber":40,"author":{"gitId":"denzelcjy"},"content":"            } catch (ArrayIndexOutOfBoundsException exception) {","lastModifiedDate":"2023-02-03"},{"lineNumber":41,"author":{"gitId":"denzelcjy"},"content":"                //for the case of no space after calling a command","lastModifiedDate":"2023-02-03"},{"lineNumber":42,"author":{"gitId":"denzelcjy"},"content":"                ui.printErrorMessage(\"     ☹ OOPS!!! The description of a \" + nextInput[0] + \" cannot be empty.\");","lastModifiedDate":"2023-02-16"},{"lineNumber":43,"author":{"gitId":"denzelcjy"},"content":"            } catch (IOException exception) {","lastModifiedDate":"2023-02-11"},{"lineNumber":44,"author":{"gitId":"denzelcjy"},"content":"                ui.printErrorMessage(\"     ☹ OOPS!!! There is an error writing to the file :-(\");","lastModifiedDate":"2023-02-16"},{"lineNumber":45,"author":{"gitId":"denzelcjy"},"content":"            }","lastModifiedDate":"2023-01-27"},{"lineNumber":46,"author":{"gitId":"denzelcjy"},"content":"        }","lastModifiedDate":"2023-01-21"},{"lineNumber":47,"author":{"gitId":"denzelcjy"},"content":"        ui.farewellMessage();","lastModifiedDate":"2023-02-16"},{"lineNumber":48,"author":{"gitId":"-"},"content":"    }","lastModifiedDate":"2019-07-29"},{"lineNumber":49,"author":{"gitId":"-"},"content":"    public static void main(String[] args) {","lastModifiedDate":"2023-02-15"},{"lineNumber":50,"author":{"gitId":"denzelcjy"},"content":"        new Duke(\"data/duke.txt\", \"data\").run();","lastModifiedDate":"2023-02-15"},{"lineNumber":51,"author":{"gitId":"-"},"content":"    }","lastModifiedDate":"2023-02-15"},{"lineNumber":52,"author":{"gitId":"denzelcjy"},"content":"","lastModifiedDate":"2023-01-21"},{"lineNumber":53,"author":{"gitId":"-"},"content":"}","lastModifiedDate":"2019-07-29"},{"lineNumber":54,"author":{"gitId":"denzelcjy"},"content":"","lastModifiedDate":"2023-01-27"}],"authorContributionMap":{"-":5,"denzelcjy":49}},{"path":"src/main/java/FileDataHandler.java","fileType":"java","lines":[{"lineNumber":1,"author":{"gitId":"denzelcjy"},"content":"import duke.Deadline;","lastModifiedDate":"2023-02-15"},{"lineNumber":2,"author":{"gitId":"denzelcjy"},"content":"import duke.Event;","lastModifiedDate":"2023-02-15"},{"lineNumber":3,"author":{"gitId":"denzelcjy"},"content":"import duke.Todo;","lastModifiedDate":"2023-02-15"},{"lineNumber":4,"author":{"gitId":"denzelcjy"},"content":"","lastModifiedDate":"2023-02-11"},{"lineNumber":5,"author":{"gitId":"denzelcjy"},"content":"import java.io.File;","lastModifiedDate":"2023-02-11"},{"lineNumber":6,"author":{"gitId":"denzelcjy"},"content":"import java.io.FileNotFoundException;","lastModifiedDate":"2023-02-11"},{"lineNumber":7,"author":{"gitId":"denzelcjy"},"content":"import java.io.FileWriter;","lastModifiedDate":"2023-02-11"},{"lineNumber":8,"author":{"gitId":"denzelcjy"},"content":"import java.io.IOException;","lastModifiedDate":"2023-02-11"},{"lineNumber":9,"author":{"gitId":"denzelcjy"},"content":"import java.util.Scanner;","lastModifiedDate":"2023-02-11"},{"lineNumber":10,"author":{"gitId":"denzelcjy"},"content":"","lastModifiedDate":"2023-02-11"},{"lineNumber":11,"author":{"gitId":"denzelcjy"},"content":"public class FileDataHandler {","lastModifiedDate":"2023-02-11"},{"lineNumber":12,"author":{"gitId":"denzelcjy"},"content":"    protected String filePath;","lastModifiedDate":"2023-02-15"},{"lineNumber":13,"author":{"gitId":"denzelcjy"},"content":"    protected String directoryName;","lastModifiedDate":"2023-02-15"},{"lineNumber":14,"author":{"gitId":"denzelcjy"},"content":"","lastModifiedDate":"2023-02-15"},{"lineNumber":15,"author":{"gitId":"denzelcjy"},"content":"    public FileDataHandler(String filePath, String directoryName){","lastModifiedDate":"2023-02-15"},{"lineNumber":16,"author":{"gitId":"denzelcjy"},"content":"        this.filePath \u003d filePath;","lastModifiedDate":"2023-02-15"},{"lineNumber":17,"author":{"gitId":"denzelcjy"},"content":"        this.directoryName \u003d directoryName;","lastModifiedDate":"2023-02-15"},{"lineNumber":18,"author":{"gitId":"denzelcjy"},"content":"    }","lastModifiedDate":"2023-02-15"},{"lineNumber":19,"author":{"gitId":"denzelcjy"},"content":"    public boolean createFile () throws IOException {","lastModifiedDate":"2023-02-15"},{"lineNumber":20,"author":{"gitId":"denzelcjy"},"content":"        File dataFile \u003d new File(this.filePath);","lastModifiedDate":"2023-02-15"},{"lineNumber":21,"author":{"gitId":"denzelcjy"},"content":"        File dataDirectory \u003d new File (this.directoryName);","lastModifiedDate":"2023-02-15"},{"lineNumber":22,"author":{"gitId":"denzelcjy"},"content":"        boolean isDirectoryCreated;","lastModifiedDate":"2023-02-11"},{"lineNumber":23,"author":{"gitId":"denzelcjy"},"content":"        boolean isFileCreated \u003d dataFile.exists();","lastModifiedDate":"2023-02-11"},{"lineNumber":24,"author":{"gitId":"denzelcjy"},"content":"        if (dataDirectory.exists()) {","lastModifiedDate":"2023-02-11"},{"lineNumber":25,"author":{"gitId":"denzelcjy"},"content":"            isFileCreated \u003d dataFile.createNewFile();","lastModifiedDate":"2023-02-11"},{"lineNumber":26,"author":{"gitId":"denzelcjy"},"content":"        } else {","lastModifiedDate":"2023-02-11"},{"lineNumber":27,"author":{"gitId":"denzelcjy"},"content":"            isDirectoryCreated \u003d dataDirectory.mkdir();","lastModifiedDate":"2023-02-11"},{"lineNumber":28,"author":{"gitId":"denzelcjy"},"content":"            if (isDirectoryCreated) {","lastModifiedDate":"2023-02-11"},{"lineNumber":29,"author":{"gitId":"denzelcjy"},"content":"                isFileCreated \u003d dataFile.createNewFile();","lastModifiedDate":"2023-02-11"},{"lineNumber":30,"author":{"gitId":"denzelcjy"},"content":"            }","lastModifiedDate":"2023-02-11"},{"lineNumber":31,"author":{"gitId":"denzelcjy"},"content":"        }","lastModifiedDate":"2023-02-11"},{"lineNumber":32,"author":{"gitId":"denzelcjy"},"content":"        return isFileCreated;","lastModifiedDate":"2023-02-11"},{"lineNumber":33,"author":{"gitId":"denzelcjy"},"content":"    }","lastModifiedDate":"2023-02-11"},{"lineNumber":34,"author":{"gitId":"denzelcjy"},"content":"","lastModifiedDate":"2023-02-11"},{"lineNumber":35,"author":{"gitId":"denzelcjy"},"content":"    public void loadFile(TaskList taskList) throws FileNotFoundException {","lastModifiedDate":"2023-02-15"},{"lineNumber":36,"author":{"gitId":"denzelcjy"},"content":"        File dataFile \u003d new File(filePath);","lastModifiedDate":"2023-02-11"},{"lineNumber":37,"author":{"gitId":"denzelcjy"},"content":"        Scanner input \u003d new Scanner(dataFile);","lastModifiedDate":"2023-02-11"},{"lineNumber":38,"author":{"gitId":"denzelcjy"},"content":"        while (input.hasNextLine()) {","lastModifiedDate":"2023-02-11"},{"lineNumber":39,"author":{"gitId":"denzelcjy"},"content":"            String[] nextInput \u003d input.nextLine().split(\" \\\\| \", 2);","lastModifiedDate":"2023-02-11"},{"lineNumber":40,"author":{"gitId":"denzelcjy"},"content":"            if (nextInput[0].equals(\"T\")) {","lastModifiedDate":"2023-02-11"},{"lineNumber":41,"author":{"gitId":"denzelcjy"},"content":"                loadTodoTask(nextInput[1], taskList);","lastModifiedDate":"2023-02-11"},{"lineNumber":42,"author":{"gitId":"denzelcjy"},"content":"            }","lastModifiedDate":"2023-02-11"},{"lineNumber":43,"author":{"gitId":"denzelcjy"},"content":"            if (nextInput[0].equals(\"D\")) {","lastModifiedDate":"2023-02-11"},{"lineNumber":44,"author":{"gitId":"denzelcjy"},"content":"                loadDeadlineTask(nextInput[1], taskList);","lastModifiedDate":"2023-02-11"},{"lineNumber":45,"author":{"gitId":"denzelcjy"},"content":"            }","lastModifiedDate":"2023-02-11"},{"lineNumber":46,"author":{"gitId":"denzelcjy"},"content":"            if (nextInput[0].equals(\"E\")) {","lastModifiedDate":"2023-02-11"},{"lineNumber":47,"author":{"gitId":"denzelcjy"},"content":"                loadEventTask(nextInput[1], taskList);","lastModifiedDate":"2023-02-11"},{"lineNumber":48,"author":{"gitId":"denzelcjy"},"content":"            }","lastModifiedDate":"2023-02-11"},{"lineNumber":49,"author":{"gitId":"denzelcjy"},"content":"        }","lastModifiedDate":"2023-02-11"},{"lineNumber":50,"author":{"gitId":"denzelcjy"},"content":"    }","lastModifiedDate":"2023-02-11"},{"lineNumber":51,"author":{"gitId":"denzelcjy"},"content":"","lastModifiedDate":"2023-02-11"},{"lineNumber":52,"author":{"gitId":"denzelcjy"},"content":"    public void saveFile (TaskList taskList) throws IOException {","lastModifiedDate":"2023-02-15"},{"lineNumber":53,"author":{"gitId":"denzelcjy"},"content":"        FileWriter fileWriter \u003d new FileWriter(filePath);","lastModifiedDate":"2023-02-11"},{"lineNumber":54,"author":{"gitId":"denzelcjy"},"content":"        for (int i \u003d 0; i \u003c taskList.getSize(); i++) {","lastModifiedDate":"2023-02-15"},{"lineNumber":55,"author":{"gitId":"denzelcjy"},"content":"            if (taskList.getTask(i) instanceof Todo) {","lastModifiedDate":"2023-02-15"},{"lineNumber":56,"author":{"gitId":"denzelcjy"},"content":"                saveTodoTask((Todo) taskList.getTask(i), fileWriter);","lastModifiedDate":"2023-02-15"},{"lineNumber":57,"author":{"gitId":"denzelcjy"},"content":"            }","lastModifiedDate":"2023-02-11"},{"lineNumber":58,"author":{"gitId":"denzelcjy"},"content":"            if (taskList.getTask(i) instanceof Deadline) {","lastModifiedDate":"2023-02-15"},{"lineNumber":59,"author":{"gitId":"denzelcjy"},"content":"                saveDeadlineTask((Deadline) taskList.getTask(i), fileWriter);","lastModifiedDate":"2023-02-15"},{"lineNumber":60,"author":{"gitId":"denzelcjy"},"content":"            }","lastModifiedDate":"2023-02-11"},{"lineNumber":61,"author":{"gitId":"denzelcjy"},"content":"            if (taskList.getTask(i) instanceof Event) {","lastModifiedDate":"2023-02-15"},{"lineNumber":62,"author":{"gitId":"denzelcjy"},"content":"                saveEventTask((Event) taskList.getTask(i), fileWriter);","lastModifiedDate":"2023-02-15"},{"lineNumber":63,"author":{"gitId":"denzelcjy"},"content":"            }","lastModifiedDate":"2023-02-11"},{"lineNumber":64,"author":{"gitId":"denzelcjy"},"content":"            if (i \u003d\u003d taskList.getSize() - 1) {","lastModifiedDate":"2023-02-15"},{"lineNumber":65,"author":{"gitId":"denzelcjy"},"content":"                break;","lastModifiedDate":"2023-02-11"},{"lineNumber":66,"author":{"gitId":"denzelcjy"},"content":"            }","lastModifiedDate":"2023-02-11"},{"lineNumber":67,"author":{"gitId":"denzelcjy"},"content":"            fileWriter.write(System.lineSeparator());","lastModifiedDate":"2023-02-11"},{"lineNumber":68,"author":{"gitId":"denzelcjy"},"content":"        }","lastModifiedDate":"2023-02-11"},{"lineNumber":69,"author":{"gitId":"denzelcjy"},"content":"        fileWriter.close();","lastModifiedDate":"2023-02-11"},{"lineNumber":70,"author":{"gitId":"denzelcjy"},"content":"    }","lastModifiedDate":"2023-02-11"},{"lineNumber":71,"author":{"gitId":"denzelcjy"},"content":"","lastModifiedDate":"2023-02-11"},{"lineNumber":72,"author":{"gitId":"denzelcjy"},"content":"    public void loadTodoTask (String description, TaskList taskList) {","lastModifiedDate":"2023-02-15"},{"lineNumber":73,"author":{"gitId":"denzelcjy"},"content":"        String[] inputs \u003d description.split(\" \\\\| \");","lastModifiedDate":"2023-02-11"},{"lineNumber":74,"author":{"gitId":"denzelcjy"},"content":"        String details \u003d inputs[1];","lastModifiedDate":"2023-02-11"},{"lineNumber":75,"author":{"gitId":"denzelcjy"},"content":"        Todo savedTodoTask \u003d new Todo(details);","lastModifiedDate":"2023-02-11"},{"lineNumber":76,"author":{"gitId":"denzelcjy"},"content":"        if (inputs[0].equals(\"1\")) {","lastModifiedDate":"2023-02-11"},{"lineNumber":77,"author":{"gitId":"denzelcjy"},"content":"            savedTodoTask.markAsDone();","lastModifiedDate":"2023-02-11"},{"lineNumber":78,"author":{"gitId":"denzelcjy"},"content":"        }","lastModifiedDate":"2023-02-11"},{"lineNumber":79,"author":{"gitId":"denzelcjy"},"content":"        taskList.addTask(savedTodoTask);","lastModifiedDate":"2023-02-15"},{"lineNumber":80,"author":{"gitId":"denzelcjy"},"content":"    }","lastModifiedDate":"2023-02-11"},{"lineNumber":81,"author":{"gitId":"denzelcjy"},"content":"","lastModifiedDate":"2023-02-11"},{"lineNumber":82,"author":{"gitId":"denzelcjy"},"content":"    public static void loadDeadlineTask (String description, TaskList taskList) {","lastModifiedDate":"2023-02-15"},{"lineNumber":83,"author":{"gitId":"denzelcjy"},"content":"        String[] inputs \u003d description.split(\" \\\\| \");","lastModifiedDate":"2023-02-11"},{"lineNumber":84,"author":{"gitId":"denzelcjy"},"content":"        String details \u003d inputs[1];","lastModifiedDate":"2023-02-11"},{"lineNumber":85,"author":{"gitId":"denzelcjy"},"content":"        String by \u003d inputs[2];","lastModifiedDate":"2023-02-11"},{"lineNumber":86,"author":{"gitId":"denzelcjy"},"content":"        Deadline savedDeadlineTask \u003d new Deadline(details, by);","lastModifiedDate":"2023-02-11"},{"lineNumber":87,"author":{"gitId":"denzelcjy"},"content":"        if (inputs[0].equals(\"1\")) {","lastModifiedDate":"2023-02-11"},{"lineNumber":88,"author":{"gitId":"denzelcjy"},"content":"            savedDeadlineTask.markAsDone();","lastModifiedDate":"2023-02-11"},{"lineNumber":89,"author":{"gitId":"denzelcjy"},"content":"        }","lastModifiedDate":"2023-02-11"},{"lineNumber":90,"author":{"gitId":"denzelcjy"},"content":"        taskList.addTask(savedDeadlineTask);","lastModifiedDate":"2023-02-15"},{"lineNumber":91,"author":{"gitId":"denzelcjy"},"content":"    }","lastModifiedDate":"2023-02-11"},{"lineNumber":92,"author":{"gitId":"denzelcjy"},"content":"","lastModifiedDate":"2023-02-11"},{"lineNumber":93,"author":{"gitId":"denzelcjy"},"content":"    public static void loadEventTask (String description, TaskList taskList) {","lastModifiedDate":"2023-02-15"},{"lineNumber":94,"author":{"gitId":"denzelcjy"},"content":"        String[] inputs \u003d description.split(\" \\\\| \");","lastModifiedDate":"2023-02-11"},{"lineNumber":95,"author":{"gitId":"denzelcjy"},"content":"        String details \u003d inputs[1];","lastModifiedDate":"2023-02-11"},{"lineNumber":96,"author":{"gitId":"denzelcjy"},"content":"        String range \u003d inputs[2];","lastModifiedDate":"2023-02-11"},{"lineNumber":97,"author":{"gitId":"denzelcjy"},"content":"        String[] ranges \u003d range.split(\"-\");","lastModifiedDate":"2023-02-11"},{"lineNumber":98,"author":{"gitId":"denzelcjy"},"content":"        String from \u003d ranges[0];","lastModifiedDate":"2023-02-11"},{"lineNumber":99,"author":{"gitId":"denzelcjy"},"content":"        String to \u003d ranges[1];","lastModifiedDate":"2023-02-11"},{"lineNumber":100,"author":{"gitId":"denzelcjy"},"content":"        Event savedEventTask \u003d new Event(details, from, to);","lastModifiedDate":"2023-02-11"},{"lineNumber":101,"author":{"gitId":"denzelcjy"},"content":"        if (inputs[0].equals(\"1\")) {","lastModifiedDate":"2023-02-11"},{"lineNumber":102,"author":{"gitId":"denzelcjy"},"content":"            savedEventTask.markAsDone();","lastModifiedDate":"2023-02-11"},{"lineNumber":103,"author":{"gitId":"denzelcjy"},"content":"        }","lastModifiedDate":"2023-02-11"},{"lineNumber":104,"author":{"gitId":"denzelcjy"},"content":"        taskList.addTask(savedEventTask);","lastModifiedDate":"2023-02-15"},{"lineNumber":105,"author":{"gitId":"denzelcjy"},"content":"    }","lastModifiedDate":"2023-02-11"},{"lineNumber":106,"author":{"gitId":"denzelcjy"},"content":"","lastModifiedDate":"2023-02-11"},{"lineNumber":107,"author":{"gitId":"denzelcjy"},"content":"    public static void saveTodoTask (Todo newTodoTask, FileWriter todoWriter) throws IOException {","lastModifiedDate":"2023-02-11"},{"lineNumber":108,"author":{"gitId":"denzelcjy"},"content":"        String details \u003d newTodoTask.getDetails();","lastModifiedDate":"2023-02-11"},{"lineNumber":109,"author":{"gitId":"denzelcjy"},"content":"        String mark \u003d \"0\";","lastModifiedDate":"2023-02-11"},{"lineNumber":110,"author":{"gitId":"denzelcjy"},"content":"        if (newTodoTask.getIsDone()) {","lastModifiedDate":"2023-02-15"},{"lineNumber":111,"author":{"gitId":"denzelcjy"},"content":"            mark \u003d \"1\";","lastModifiedDate":"2023-02-11"},{"lineNumber":112,"author":{"gitId":"denzelcjy"},"content":"        }","lastModifiedDate":"2023-02-11"},{"lineNumber":113,"author":{"gitId":"denzelcjy"},"content":"        String combined \u003d \"T | \" + mark + \" | \" + details;","lastModifiedDate":"2023-02-11"},{"lineNumber":114,"author":{"gitId":"denzelcjy"},"content":"        todoWriter.write(combined);","lastModifiedDate":"2023-02-11"},{"lineNumber":115,"author":{"gitId":"denzelcjy"},"content":"    }","lastModifiedDate":"2023-02-11"},{"lineNumber":116,"author":{"gitId":"denzelcjy"},"content":"","lastModifiedDate":"2023-02-11"},{"lineNumber":117,"author":{"gitId":"denzelcjy"},"content":"    public static void saveDeadlineTask (Deadline newDeadlineTask, FileWriter deadlineWriter) throws IOException {","lastModifiedDate":"2023-02-11"},{"lineNumber":118,"author":{"gitId":"denzelcjy"},"content":"        String details \u003d newDeadlineTask.getDetails();","lastModifiedDate":"2023-02-11"},{"lineNumber":119,"author":{"gitId":"denzelcjy"},"content":"        String mark \u003d \"0\";","lastModifiedDate":"2023-02-11"},{"lineNumber":120,"author":{"gitId":"denzelcjy"},"content":"        if (newDeadlineTask.getIsDone()) {","lastModifiedDate":"2023-02-15"},{"lineNumber":121,"author":{"gitId":"denzelcjy"},"content":"            mark \u003d \"1\";","lastModifiedDate":"2023-02-11"},{"lineNumber":122,"author":{"gitId":"denzelcjy"},"content":"        }","lastModifiedDate":"2023-02-11"},{"lineNumber":123,"author":{"gitId":"denzelcjy"},"content":"        String by \u003d newDeadlineTask.getBy();","lastModifiedDate":"2023-02-11"},{"lineNumber":124,"author":{"gitId":"denzelcjy"},"content":"        String combined \u003d \"D | \" + mark + \" | \" + details + \" | \" + by;","lastModifiedDate":"2023-02-11"},{"lineNumber":125,"author":{"gitId":"denzelcjy"},"content":"        deadlineWriter.write(combined);","lastModifiedDate":"2023-02-11"},{"lineNumber":126,"author":{"gitId":"denzelcjy"},"content":"    }","lastModifiedDate":"2023-02-11"},{"lineNumber":127,"author":{"gitId":"denzelcjy"},"content":"","lastModifiedDate":"2023-02-11"},{"lineNumber":128,"author":{"gitId":"denzelcjy"},"content":"    public static void saveEventTask (Event newEventTask, FileWriter eventWriter) throws IOException {","lastModifiedDate":"2023-02-11"},{"lineNumber":129,"author":{"gitId":"denzelcjy"},"content":"        String details \u003d newEventTask.getDetails();","lastModifiedDate":"2023-02-11"},{"lineNumber":130,"author":{"gitId":"denzelcjy"},"content":"        String mark \u003d \"0\";","lastModifiedDate":"2023-02-11"},{"lineNumber":131,"author":{"gitId":"denzelcjy"},"content":"        if (newEventTask.getIsDone()) {","lastModifiedDate":"2023-02-15"},{"lineNumber":132,"author":{"gitId":"denzelcjy"},"content":"            mark \u003d \"1\";","lastModifiedDate":"2023-02-11"},{"lineNumber":133,"author":{"gitId":"denzelcjy"},"content":"        }","lastModifiedDate":"2023-02-11"},{"lineNumber":134,"author":{"gitId":"denzelcjy"},"content":"        String from \u003d newEventTask.getFrom();","lastModifiedDate":"2023-02-11"},{"lineNumber":135,"author":{"gitId":"denzelcjy"},"content":"        String to \u003d newEventTask.getTo();","lastModifiedDate":"2023-02-11"},{"lineNumber":136,"author":{"gitId":"denzelcjy"},"content":"        String combined \u003d \"E | \" + mark + \" | \" + details + \" | \" + from + \"-\" + to;","lastModifiedDate":"2023-02-11"},{"lineNumber":137,"author":{"gitId":"denzelcjy"},"content":"        eventWriter.write(combined);","lastModifiedDate":"2023-02-11"},{"lineNumber":138,"author":{"gitId":"denzelcjy"},"content":"    }","lastModifiedDate":"2023-02-11"},{"lineNumber":139,"author":{"gitId":"denzelcjy"},"content":"}","lastModifiedDate":"2023-02-11"},{"lineNumber":140,"author":{"gitId":"denzelcjy"},"content":"","lastModifiedDate":"2023-02-11"}],"authorContributionMap":{"denzelcjy":140}},{"path":"src/main/java/Parser.java","fileType":"java","lines":[{"lineNumber":1,"author":{"gitId":"denzelcjy"},"content":"import duke.DukeException;","lastModifiedDate":"2023-02-15"},{"lineNumber":2,"author":{"gitId":"denzelcjy"},"content":"","lastModifiedDate":"2023-02-15"},{"lineNumber":3,"author":{"gitId":"denzelcjy"},"content":"import java.io.IOException;","lastModifiedDate":"2023-02-15"},{"lineNumber":4,"author":{"gitId":"denzelcjy"},"content":"","lastModifiedDate":"2023-02-15"},{"lineNumber":5,"author":{"gitId":"denzelcjy"},"content":"public class Parser {","lastModifiedDate":"2023-02-15"},{"lineNumber":6,"author":{"gitId":"denzelcjy"},"content":"    protected TaskList taskList;","lastModifiedDate":"2023-02-15"},{"lineNumber":7,"author":{"gitId":"denzelcjy"},"content":"    protected FileDataHandler fileDataHandler;","lastModifiedDate":"2023-02-15"},{"lineNumber":8,"author":{"gitId":"denzelcjy"},"content":"    protected Ui ui;","lastModifiedDate":"2023-02-16"},{"lineNumber":9,"author":{"gitId":"denzelcjy"},"content":"    public Parser (Duke duke) {","lastModifiedDate":"2023-02-15"},{"lineNumber":10,"author":{"gitId":"denzelcjy"},"content":"        this.taskList \u003d duke.taskList;","lastModifiedDate":"2023-02-15"},{"lineNumber":11,"author":{"gitId":"denzelcjy"},"content":"        this.fileDataHandler \u003d duke.fileDataHandler;","lastModifiedDate":"2023-02-15"},{"lineNumber":12,"author":{"gitId":"denzelcjy"},"content":"        ui \u003d new Ui();","lastModifiedDate":"2023-02-16"},{"lineNumber":13,"author":{"gitId":"denzelcjy"},"content":"    }","lastModifiedDate":"2023-02-15"},{"lineNumber":14,"author":{"gitId":"denzelcjy"},"content":"","lastModifiedDate":"2023-02-15"},{"lineNumber":15,"author":{"gitId":"denzelcjy"},"content":"    public boolean parse (String[] inputs) throws IOException, DukeException {","lastModifiedDate":"2023-02-15"},{"lineNumber":16,"author":{"gitId":"denzelcjy"},"content":"","lastModifiedDate":"2023-02-15"},{"lineNumber":17,"author":{"gitId":"denzelcjy"},"content":"        if (inputs[0].equals(\"bye\")) {","lastModifiedDate":"2023-02-15"},{"lineNumber":18,"author":{"gitId":"denzelcjy"},"content":"            return true;","lastModifiedDate":"2023-02-15"},{"lineNumber":19,"author":{"gitId":"denzelcjy"},"content":"        }","lastModifiedDate":"2023-02-15"},{"lineNumber":20,"author":{"gitId":"denzelcjy"},"content":"        if (inputs[0].isEmpty()) { //settle for the case of empty inputs","lastModifiedDate":"2023-02-15"},{"lineNumber":21,"author":{"gitId":"denzelcjy"},"content":"            return false;","lastModifiedDate":"2023-02-15"},{"lineNumber":22,"author":{"gitId":"denzelcjy"},"content":"        }","lastModifiedDate":"2023-02-15"},{"lineNumber":23,"author":{"gitId":"denzelcjy"},"content":"        if (inputs[0].equals(\"list\")) { //want to print out the task list","lastModifiedDate":"2023-02-15"},{"lineNumber":24,"author":{"gitId":"denzelcjy"},"content":"            ui.printTaskList(taskList);","lastModifiedDate":"2023-02-16"},{"lineNumber":25,"author":{"gitId":"denzelcjy"},"content":"            return false;","lastModifiedDate":"2023-02-15"},{"lineNumber":26,"author":{"gitId":"denzelcjy"},"content":"        }","lastModifiedDate":"2023-02-15"},{"lineNumber":27,"author":{"gitId":"denzelcjy"},"content":"        if (inputs[0].equals(\"mark\")) {","lastModifiedDate":"2023-02-15"},{"lineNumber":28,"author":{"gitId":"denzelcjy"},"content":"            int taskNumber \u003d Integer.parseInt(inputs[1]);","lastModifiedDate":"2023-02-15"},{"lineNumber":29,"author":{"gitId":"denzelcjy"},"content":"            taskList.markTask(taskNumber);","lastModifiedDate":"2023-02-16"},{"lineNumber":30,"author":{"gitId":"denzelcjy"},"content":"            return false;","lastModifiedDate":"2023-02-15"},{"lineNumber":31,"author":{"gitId":"denzelcjy"},"content":"        }","lastModifiedDate":"2023-02-15"},{"lineNumber":32,"author":{"gitId":"denzelcjy"},"content":"        if (inputs[0].equals(\"unmark\")) {","lastModifiedDate":"2023-02-15"},{"lineNumber":33,"author":{"gitId":"denzelcjy"},"content":"            int taskNumber \u003d Integer.parseInt(inputs[1]);","lastModifiedDate":"2023-02-15"},{"lineNumber":34,"author":{"gitId":"denzelcjy"},"content":"            taskList.unmarkTask(taskNumber);","lastModifiedDate":"2023-02-16"},{"lineNumber":35,"author":{"gitId":"denzelcjy"},"content":"            return false;","lastModifiedDate":"2023-02-15"},{"lineNumber":36,"author":{"gitId":"denzelcjy"},"content":"        }","lastModifiedDate":"2023-02-15"},{"lineNumber":37,"author":{"gitId":"denzelcjy"},"content":"        if (inputs[0].equals(\"todo\")) {","lastModifiedDate":"2023-02-15"},{"lineNumber":38,"author":{"gitId":"denzelcjy"},"content":"            taskList.addTodoTask(inputs[1]);","lastModifiedDate":"2023-02-15"},{"lineNumber":39,"author":{"gitId":"denzelcjy"},"content":"            return false;","lastModifiedDate":"2023-02-15"},{"lineNumber":40,"author":{"gitId":"denzelcjy"},"content":"        }","lastModifiedDate":"2023-02-15"},{"lineNumber":41,"author":{"gitId":"denzelcjy"},"content":"        if (inputs[0].equals(\"deadline\")) {","lastModifiedDate":"2023-02-15"},{"lineNumber":42,"author":{"gitId":"denzelcjy"},"content":"            taskList.addDeadlineTask(inputs[1]);","lastModifiedDate":"2023-02-15"},{"lineNumber":43,"author":{"gitId":"denzelcjy"},"content":"            return false;","lastModifiedDate":"2023-02-15"},{"lineNumber":44,"author":{"gitId":"denzelcjy"},"content":"        }","lastModifiedDate":"2023-02-15"},{"lineNumber":45,"author":{"gitId":"denzelcjy"},"content":"        if (inputs[0].equals(\"event\")) {","lastModifiedDate":"2023-02-15"},{"lineNumber":46,"author":{"gitId":"denzelcjy"},"content":"            taskList.addEventTask(inputs[1]);","lastModifiedDate":"2023-02-15"},{"lineNumber":47,"author":{"gitId":"denzelcjy"},"content":"            return false;","lastModifiedDate":"2023-02-15"},{"lineNumber":48,"author":{"gitId":"denzelcjy"},"content":"        }","lastModifiedDate":"2023-02-15"},{"lineNumber":49,"author":{"gitId":"denzelcjy"},"content":"        if (inputs[0].equals(\"delete\")) {","lastModifiedDate":"2023-02-15"},{"lineNumber":50,"author":{"gitId":"denzelcjy"},"content":"            int taskNumber \u003d Integer.parseInt(inputs[1]);","lastModifiedDate":"2023-02-15"},{"lineNumber":51,"author":{"gitId":"denzelcjy"},"content":"            taskList.deleteTask(taskNumber);","lastModifiedDate":"2023-02-15"},{"lineNumber":52,"author":{"gitId":"denzelcjy"},"content":"            return false;","lastModifiedDate":"2023-02-15"},{"lineNumber":53,"author":{"gitId":"denzelcjy"},"content":"        }","lastModifiedDate":"2023-02-15"},{"lineNumber":54,"author":{"gitId":"denzelcjy"},"content":"        if (inputs[0].equals(\"find\")) {","lastModifiedDate":"2023-02-16"},{"lineNumber":55,"author":{"gitId":"denzelcjy"},"content":"            taskList.findTask(inputs[1]);","lastModifiedDate":"2023-02-16"},{"lineNumber":56,"author":{"gitId":"denzelcjy"},"content":"            return false;","lastModifiedDate":"2023-02-16"},{"lineNumber":57,"author":{"gitId":"denzelcjy"},"content":"        }","lastModifiedDate":"2023-02-16"},{"lineNumber":58,"author":{"gitId":"denzelcjy"},"content":"        throw new DukeException(\"     ☹ OOPS!!! I\u0027m sorry, but I don\u0027t know what that means :-(\");","lastModifiedDate":"2023-02-15"},{"lineNumber":59,"author":{"gitId":"denzelcjy"},"content":"    }","lastModifiedDate":"2023-02-15"},{"lineNumber":60,"author":{"gitId":"denzelcjy"},"content":"}","lastModifiedDate":"2023-02-15"}],"authorContributionMap":{"denzelcjy":60}},{"path":"src/main/java/TaskList.java","fileType":"java","lines":[{"lineNumber":1,"author":{"gitId":"denzelcjy"},"content":"import duke.Deadline;","lastModifiedDate":"2023-02-15"},{"lineNumber":2,"author":{"gitId":"denzelcjy"},"content":"import duke.DukeException;","lastModifiedDate":"2023-02-15"},{"lineNumber":3,"author":{"gitId":"denzelcjy"},"content":"import duke.Event;","lastModifiedDate":"2023-02-15"},{"lineNumber":4,"author":{"gitId":"denzelcjy"},"content":"import duke.Task;","lastModifiedDate":"2023-02-15"},{"lineNumber":5,"author":{"gitId":"denzelcjy"},"content":"import duke.Todo;","lastModifiedDate":"2023-02-15"},{"lineNumber":6,"author":{"gitId":"denzelcjy"},"content":"","lastModifiedDate":"2023-02-15"},{"lineNumber":7,"author":{"gitId":"denzelcjy"},"content":"import java.time.LocalDate;","lastModifiedDate":"2023-02-16"},{"lineNumber":8,"author":{"gitId":"denzelcjy"},"content":"import java.time.format.DateTimeFormatter;","lastModifiedDate":"2023-02-16"},{"lineNumber":9,"author":{"gitId":"denzelcjy"},"content":"import java.util.ArrayList;","lastModifiedDate":"2023-02-15"},{"lineNumber":10,"author":{"gitId":"denzelcjy"},"content":"","lastModifiedDate":"2023-02-15"},{"lineNumber":11,"author":{"gitId":"denzelcjy"},"content":"public class TaskList {","lastModifiedDate":"2023-02-15"},{"lineNumber":12,"author":{"gitId":"denzelcjy"},"content":"    protected ArrayList\u003cTask\u003e tasks;","lastModifiedDate":"2023-02-15"},{"lineNumber":13,"author":{"gitId":"denzelcjy"},"content":"    protected Ui ui;","lastModifiedDate":"2023-02-16"},{"lineNumber":14,"author":{"gitId":"denzelcjy"},"content":"    public TaskList() {","lastModifiedDate":"2023-02-15"},{"lineNumber":15,"author":{"gitId":"denzelcjy"},"content":"        tasks \u003d new ArrayList\u003c\u003e();","lastModifiedDate":"2023-02-15"},{"lineNumber":16,"author":{"gitId":"denzelcjy"},"content":"        ui \u003d new Ui();","lastModifiedDate":"2023-02-16"},{"lineNumber":17,"author":{"gitId":"denzelcjy"},"content":"    }","lastModifiedDate":"2023-02-15"},{"lineNumber":18,"author":{"gitId":"denzelcjy"},"content":"","lastModifiedDate":"2023-02-15"},{"lineNumber":19,"author":{"gitId":"denzelcjy"},"content":"    public void markTask(int taskNumber) {","lastModifiedDate":"2023-02-16"},{"lineNumber":20,"author":{"gitId":"denzelcjy"},"content":"        tasks.get(taskNumber - 1).markAsDone();","lastModifiedDate":"2023-02-16"},{"lineNumber":21,"author":{"gitId":"denzelcjy"},"content":"        ui.printMarkedTask(tasks.get(taskNumber - 1));","lastModifiedDate":"2023-02-16"},{"lineNumber":22,"author":{"gitId":"denzelcjy"},"content":"    }","lastModifiedDate":"2023-02-15"},{"lineNumber":23,"author":{"gitId":"denzelcjy"},"content":"","lastModifiedDate":"2023-02-15"},{"lineNumber":24,"author":{"gitId":"denzelcjy"},"content":"    public void unmarkTask(int taskNumber) {","lastModifiedDate":"2023-02-16"},{"lineNumber":25,"author":{"gitId":"denzelcjy"},"content":"        tasks.get(taskNumber - 1).markAsNotDone();","lastModifiedDate":"2023-02-16"},{"lineNumber":26,"author":{"gitId":"denzelcjy"},"content":"        ui.printUnmarkedTask(tasks.get(taskNumber - 1));","lastModifiedDate":"2023-02-16"},{"lineNumber":27,"author":{"gitId":"denzelcjy"},"content":"    }","lastModifiedDate":"2023-02-15"},{"lineNumber":28,"author":{"gitId":"denzelcjy"},"content":"","lastModifiedDate":"2023-02-15"},{"lineNumber":29,"author":{"gitId":"denzelcjy"},"content":"    public void addTodoTask(String description) throws DukeException {","lastModifiedDate":"2023-02-15"},{"lineNumber":30,"author":{"gitId":"denzelcjy"},"content":"        if (description.isBlank()) {","lastModifiedDate":"2023-02-15"},{"lineNumber":31,"author":{"gitId":"denzelcjy"},"content":"            //for the case where user keys in a space after the command","lastModifiedDate":"2023-02-15"},{"lineNumber":32,"author":{"gitId":"denzelcjy"},"content":"            throw new DukeException(\"     ☹ OOPS!!! The description of a todo cannot be empty.\");","lastModifiedDate":"2023-02-15"},{"lineNumber":33,"author":{"gitId":"denzelcjy"},"content":"        }","lastModifiedDate":"2023-02-15"},{"lineNumber":34,"author":{"gitId":"denzelcjy"},"content":"        Todo newTodoTask \u003d new Todo(description);","lastModifiedDate":"2023-02-15"},{"lineNumber":35,"author":{"gitId":"denzelcjy"},"content":"        tasks.add(newTodoTask);","lastModifiedDate":"2023-02-15"},{"lineNumber":36,"author":{"gitId":"denzelcjy"},"content":"        ui.printAddedTask(newTodoTask, tasks.size());","lastModifiedDate":"2023-02-16"},{"lineNumber":37,"author":{"gitId":"denzelcjy"},"content":"    }","lastModifiedDate":"2023-02-15"},{"lineNumber":38,"author":{"gitId":"denzelcjy"},"content":"","lastModifiedDate":"2023-02-15"},{"lineNumber":39,"author":{"gitId":"denzelcjy"},"content":"    public String formatDate(String dateString) {","lastModifiedDate":"2023-02-16"},{"lineNumber":40,"author":{"gitId":"denzelcjy"},"content":"        int firstHyphenIndex \u003d dateString.indexOf(\"-\");","lastModifiedDate":"2023-02-16"},{"lineNumber":41,"author":{"gitId":"denzelcjy"},"content":"        int dateStartIndex \u003d firstHyphenIndex - 4;","lastModifiedDate":"2023-02-16"},{"lineNumber":42,"author":{"gitId":"denzelcjy"},"content":"        int dataEndIndex \u003d firstHyphenIndex + 6;","lastModifiedDate":"2023-02-16"},{"lineNumber":43,"author":{"gitId":"denzelcjy"},"content":"        String extractedDate \u003d dateString.substring(dateStartIndex, dataEndIndex);","lastModifiedDate":"2023-02-16"},{"lineNumber":44,"author":{"gitId":"denzelcjy"},"content":"        LocalDate date \u003d LocalDate.parse(extractedDate);","lastModifiedDate":"2023-02-16"},{"lineNumber":45,"author":{"gitId":"denzelcjy"},"content":"        String formattedDate \u003d  date.format(DateTimeFormatter.ofPattern(\"d MMM yyyy\"));","lastModifiedDate":"2023-02-16"},{"lineNumber":46,"author":{"gitId":"denzelcjy"},"content":"        return dateString.replace(extractedDate, formattedDate);","lastModifiedDate":"2023-02-16"},{"lineNumber":47,"author":{"gitId":"denzelcjy"},"content":"    }","lastModifiedDate":"2023-02-16"},{"lineNumber":48,"author":{"gitId":"denzelcjy"},"content":"","lastModifiedDate":"2023-02-16"},{"lineNumber":49,"author":{"gitId":"denzelcjy"},"content":"    public void addDeadlineTask(String description) throws DukeException {","lastModifiedDate":"2023-02-15"},{"lineNumber":50,"author":{"gitId":"denzelcjy"},"content":"        if (description.isBlank()) {","lastModifiedDate":"2023-02-15"},{"lineNumber":51,"author":{"gitId":"denzelcjy"},"content":"            //for the case where user keys in a space after the command","lastModifiedDate":"2023-02-15"},{"lineNumber":52,"author":{"gitId":"denzelcjy"},"content":"            throw new DukeException(\"     ☹ OOPS!!! The description of a deadline cannot be empty.\");","lastModifiedDate":"2023-02-15"},{"lineNumber":53,"author":{"gitId":"denzelcjy"},"content":"        }","lastModifiedDate":"2023-02-15"},{"lineNumber":54,"author":{"gitId":"denzelcjy"},"content":"        int firstSlashIndex \u003d description.indexOf(\"/\");","lastModifiedDate":"2023-02-15"},{"lineNumber":55,"author":{"gitId":"denzelcjy"},"content":"        int detailsEndIndex \u003d firstSlashIndex - 1;","lastModifiedDate":"2023-02-15"},{"lineNumber":56,"author":{"gitId":"denzelcjy"},"content":"        String details \u003d description.substring(0, detailsEndIndex);","lastModifiedDate":"2023-02-15"},{"lineNumber":57,"author":{"gitId":"denzelcjy"},"content":"        int byStartIndex \u003d firstSlashIndex + 4;","lastModifiedDate":"2023-02-15"},{"lineNumber":58,"author":{"gitId":"denzelcjy"},"content":"        String by \u003d description.substring(byStartIndex);","lastModifiedDate":"2023-02-15"},{"lineNumber":59,"author":{"gitId":"denzelcjy"},"content":"        if (by.contains(\"-\")) { //case where user keys in a date","lastModifiedDate":"2023-02-16"},{"lineNumber":60,"author":{"gitId":"denzelcjy"},"content":"            by \u003d formatDate(by);","lastModifiedDate":"2023-02-16"},{"lineNumber":61,"author":{"gitId":"denzelcjy"},"content":"        }","lastModifiedDate":"2023-02-16"},{"lineNumber":62,"author":{"gitId":"denzelcjy"},"content":"        Deadline newDeadlineTask \u003d new Deadline(details, by);","lastModifiedDate":"2023-02-15"},{"lineNumber":63,"author":{"gitId":"denzelcjy"},"content":"        tasks.add(newDeadlineTask);","lastModifiedDate":"2023-02-15"},{"lineNumber":64,"author":{"gitId":"denzelcjy"},"content":"        ui.printAddedTask(newDeadlineTask, tasks.size());","lastModifiedDate":"2023-02-16"},{"lineNumber":65,"author":{"gitId":"denzelcjy"},"content":"    }","lastModifiedDate":"2023-02-15"},{"lineNumber":66,"author":{"gitId":"denzelcjy"},"content":"","lastModifiedDate":"2023-02-15"},{"lineNumber":67,"author":{"gitId":"denzelcjy"},"content":"    public void addEventTask(String description) throws DukeException {","lastModifiedDate":"2023-02-15"},{"lineNumber":68,"author":{"gitId":"denzelcjy"},"content":"        if (description.isBlank()) {","lastModifiedDate":"2023-02-15"},{"lineNumber":69,"author":{"gitId":"denzelcjy"},"content":"            //for the case where user keys in a space after the command","lastModifiedDate":"2023-02-15"},{"lineNumber":70,"author":{"gitId":"denzelcjy"},"content":"            throw new DukeException(\"     ☹ OOPS!!! The description of a event cannot be empty.\");","lastModifiedDate":"2023-02-15"},{"lineNumber":71,"author":{"gitId":"denzelcjy"},"content":"        }","lastModifiedDate":"2023-02-15"},{"lineNumber":72,"author":{"gitId":"denzelcjy"},"content":"        int firstSlashIndex \u003d description.indexOf(\"/\");","lastModifiedDate":"2023-02-15"},{"lineNumber":73,"author":{"gitId":"denzelcjy"},"content":"        int secondSlashIndex \u003d description.indexOf(\"/\", firstSlashIndex + 1);","lastModifiedDate":"2023-02-15"},{"lineNumber":74,"author":{"gitId":"denzelcjy"},"content":"        int detailsEndIndex \u003d firstSlashIndex - 1;","lastModifiedDate":"2023-02-15"},{"lineNumber":75,"author":{"gitId":"denzelcjy"},"content":"        String details \u003d description.substring(0, detailsEndIndex);","lastModifiedDate":"2023-02-15"},{"lineNumber":76,"author":{"gitId":"denzelcjy"},"content":"        int fromStartIndex \u003d firstSlashIndex + 6;","lastModifiedDate":"2023-02-15"},{"lineNumber":77,"author":{"gitId":"denzelcjy"},"content":"        int fromEndIndex \u003d secondSlashIndex - 1;","lastModifiedDate":"2023-02-15"},{"lineNumber":78,"author":{"gitId":"denzelcjy"},"content":"        String from \u003d description.substring(fromStartIndex, fromEndIndex);","lastModifiedDate":"2023-02-15"},{"lineNumber":79,"author":{"gitId":"denzelcjy"},"content":"        int toStartIndex \u003d secondSlashIndex + 4;","lastModifiedDate":"2023-02-15"},{"lineNumber":80,"author":{"gitId":"denzelcjy"},"content":"        String to \u003d description.substring(toStartIndex);","lastModifiedDate":"2023-02-15"},{"lineNumber":81,"author":{"gitId":"denzelcjy"},"content":"        Event newEventTask \u003d new Event(details, from, to);","lastModifiedDate":"2023-02-15"},{"lineNumber":82,"author":{"gitId":"denzelcjy"},"content":"        tasks.add(newEventTask);","lastModifiedDate":"2023-02-15"},{"lineNumber":83,"author":{"gitId":"denzelcjy"},"content":"        ui.printAddedTask(newEventTask, tasks.size());","lastModifiedDate":"2023-02-16"},{"lineNumber":84,"author":{"gitId":"denzelcjy"},"content":"    }","lastModifiedDate":"2023-02-15"},{"lineNumber":85,"author":{"gitId":"denzelcjy"},"content":"","lastModifiedDate":"2023-02-15"},{"lineNumber":86,"author":{"gitId":"denzelcjy"},"content":"    public void deleteTask(int taskNumber) {","lastModifiedDate":"2023-02-15"},{"lineNumber":87,"author":{"gitId":"denzelcjy"},"content":"        int index \u003d taskNumber - 1;","lastModifiedDate":"2023-02-15"},{"lineNumber":88,"author":{"gitId":"denzelcjy"},"content":"        Task deletedTask \u003d tasks.get(index);","lastModifiedDate":"2023-02-15"},{"lineNumber":89,"author":{"gitId":"denzelcjy"},"content":"        tasks.remove(index);","lastModifiedDate":"2023-02-15"},{"lineNumber":90,"author":{"gitId":"denzelcjy"},"content":"        ui.printDeletedTask(deletedTask, tasks.size());","lastModifiedDate":"2023-02-16"},{"lineNumber":91,"author":{"gitId":"denzelcjy"},"content":"    }","lastModifiedDate":"2023-02-15"},{"lineNumber":92,"author":{"gitId":"denzelcjy"},"content":"","lastModifiedDate":"2023-02-15"},{"lineNumber":93,"author":{"gitId":"denzelcjy"},"content":"    public void findTask(String keyword) {","lastModifiedDate":"2023-02-16"},{"lineNumber":94,"author":{"gitId":"denzelcjy"},"content":"        TaskList taskList \u003d new TaskList();","lastModifiedDate":"2023-02-16"},{"lineNumber":95,"author":{"gitId":"denzelcjy"},"content":"        for (int i \u003d 0; i \u003c tasks.size(); i++) {","lastModifiedDate":"2023-02-16"},{"lineNumber":96,"author":{"gitId":"denzelcjy"},"content":"            Task currentTask \u003d tasks.get(i);","lastModifiedDate":"2023-02-16"},{"lineNumber":97,"author":{"gitId":"denzelcjy"},"content":"            String details \u003d tasks.get(i).getDetails();","lastModifiedDate":"2023-02-16"},{"lineNumber":98,"author":{"gitId":"denzelcjy"},"content":"            if (details.contains(keyword)) {","lastModifiedDate":"2023-02-16"},{"lineNumber":99,"author":{"gitId":"denzelcjy"},"content":"                taskList.tasks.add(currentTask);","lastModifiedDate":"2023-02-16"},{"lineNumber":100,"author":{"gitId":"denzelcjy"},"content":"            }","lastModifiedDate":"2023-02-16"},{"lineNumber":101,"author":{"gitId":"denzelcjy"},"content":"        }","lastModifiedDate":"2023-02-16"},{"lineNumber":102,"author":{"gitId":"denzelcjy"},"content":"        ui.printFoundTask(taskList);","lastModifiedDate":"2023-02-16"},{"lineNumber":103,"author":{"gitId":"denzelcjy"},"content":"    }","lastModifiedDate":"2023-02-16"},{"lineNumber":104,"author":{"gitId":"denzelcjy"},"content":"","lastModifiedDate":"2023-02-16"},{"lineNumber":105,"author":{"gitId":"denzelcjy"},"content":"    public Task getTask(int taskNumber) {","lastModifiedDate":"2023-02-15"},{"lineNumber":106,"author":{"gitId":"denzelcjy"},"content":"        return tasks.get(taskNumber);","lastModifiedDate":"2023-02-15"},{"lineNumber":107,"author":{"gitId":"denzelcjy"},"content":"    }","lastModifiedDate":"2023-02-15"},{"lineNumber":108,"author":{"gitId":"denzelcjy"},"content":"","lastModifiedDate":"2023-02-15"},{"lineNumber":109,"author":{"gitId":"denzelcjy"},"content":"    public void addTask(Task newTask) {","lastModifiedDate":"2023-02-15"},{"lineNumber":110,"author":{"gitId":"denzelcjy"},"content":"        tasks.add(newTask);","lastModifiedDate":"2023-02-15"},{"lineNumber":111,"author":{"gitId":"denzelcjy"},"content":"    }","lastModifiedDate":"2023-02-15"},{"lineNumber":112,"author":{"gitId":"denzelcjy"},"content":"","lastModifiedDate":"2023-02-15"},{"lineNumber":113,"author":{"gitId":"denzelcjy"},"content":"    public int getSize() {","lastModifiedDate":"2023-02-15"},{"lineNumber":114,"author":{"gitId":"denzelcjy"},"content":"        return tasks.size();","lastModifiedDate":"2023-02-15"},{"lineNumber":115,"author":{"gitId":"denzelcjy"},"content":"    }","lastModifiedDate":"2023-02-15"},{"lineNumber":116,"author":{"gitId":"denzelcjy"},"content":"","lastModifiedDate":"2023-02-15"},{"lineNumber":117,"author":{"gitId":"denzelcjy"},"content":"","lastModifiedDate":"2023-02-16"},{"lineNumber":118,"author":{"gitId":"denzelcjy"},"content":"}","lastModifiedDate":"2023-02-15"}],"authorContributionMap":{"denzelcjy":118}},{"path":"src/main/java/Ui.java","fileType":"java","lines":[{"lineNumber":1,"author":{"gitId":"denzelcjy"},"content":"import duke.Task;","lastModifiedDate":"2023-02-16"},{"lineNumber":2,"author":{"gitId":"denzelcjy"},"content":"","lastModifiedDate":"2023-02-16"},{"lineNumber":3,"author":{"gitId":"denzelcjy"},"content":"import java.util.ArrayList;","lastModifiedDate":"2023-02-16"},{"lineNumber":4,"author":{"gitId":"denzelcjy"},"content":"","lastModifiedDate":"2023-02-16"},{"lineNumber":5,"author":{"gitId":"denzelcjy"},"content":"public class Ui {","lastModifiedDate":"2023-02-16"},{"lineNumber":6,"author":{"gitId":"denzelcjy"},"content":"    public static final String LOGO \u003d \" ____        _        \\n\"","lastModifiedDate":"2023-02-16"},{"lineNumber":7,"author":{"gitId":"denzelcjy"},"content":"                                    + \"|  _ \\\\ _   _| | _____ \\n\"","lastModifiedDate":"2023-02-16"},{"lineNumber":8,"author":{"gitId":"denzelcjy"},"content":"                                    + \"| | | | | | | |/ / _ \\\\\\n\"","lastModifiedDate":"2023-02-16"},{"lineNumber":9,"author":{"gitId":"denzelcjy"},"content":"                                    + \"| |_| | |_| |   \u003c  __/\\n\"","lastModifiedDate":"2023-02-16"},{"lineNumber":10,"author":{"gitId":"denzelcjy"},"content":"                                    + \"|____/ \\\\__,_|_|\\\\_\\\\___|\\n\";","lastModifiedDate":"2023-02-16"},{"lineNumber":11,"author":{"gitId":"denzelcjy"},"content":"    public void welcomeMessage() {","lastModifiedDate":"2023-02-16"},{"lineNumber":12,"author":{"gitId":"denzelcjy"},"content":"        System.out.println(\"Hello from\\n\" + LOGO);","lastModifiedDate":"2023-02-16"},{"lineNumber":13,"author":{"gitId":"denzelcjy"},"content":"        System.out.println(\"    ____________________________________________________________\");","lastModifiedDate":"2023-02-16"},{"lineNumber":14,"author":{"gitId":"denzelcjy"},"content":"        System.out.println(\"     Hello! I\u0027m Duke\");","lastModifiedDate":"2023-02-16"},{"lineNumber":15,"author":{"gitId":"denzelcjy"},"content":"        System.out.println(\"     What can I do for you?\");","lastModifiedDate":"2023-02-16"},{"lineNumber":16,"author":{"gitId":"denzelcjy"},"content":"        System.out.println(\"    ____________________________________________________________\");","lastModifiedDate":"2023-02-16"},{"lineNumber":17,"author":{"gitId":"denzelcjy"},"content":"    }","lastModifiedDate":"2023-02-16"},{"lineNumber":18,"author":{"gitId":"denzelcjy"},"content":"","lastModifiedDate":"2023-02-16"},{"lineNumber":19,"author":{"gitId":"denzelcjy"},"content":"    public void farewellMessage() {","lastModifiedDate":"2023-02-16"},{"lineNumber":20,"author":{"gitId":"denzelcjy"},"content":"        System.out.println(\"    ____________________________________________________________\");","lastModifiedDate":"2023-02-16"},{"lineNumber":21,"author":{"gitId":"denzelcjy"},"content":"        System.out.println(\"     Bye. Hope to see you again soon!\");","lastModifiedDate":"2023-02-16"},{"lineNumber":22,"author":{"gitId":"denzelcjy"},"content":"        System.out.println(\"    ____________________________________________________________\");","lastModifiedDate":"2023-02-16"},{"lineNumber":23,"author":{"gitId":"denzelcjy"},"content":"    }","lastModifiedDate":"2023-02-16"},{"lineNumber":24,"author":{"gitId":"denzelcjy"},"content":"","lastModifiedDate":"2023-02-16"},{"lineNumber":25,"author":{"gitId":"denzelcjy"},"content":"    public void printErrorMessage(String errorMessage) {","lastModifiedDate":"2023-02-16"},{"lineNumber":26,"author":{"gitId":"denzelcjy"},"content":"        System.out.println(\"    ____________________________________________________________\");","lastModifiedDate":"2023-02-16"},{"lineNumber":27,"author":{"gitId":"denzelcjy"},"content":"        System.out.println(errorMessage);","lastModifiedDate":"2023-02-16"},{"lineNumber":28,"author":{"gitId":"denzelcjy"},"content":"        System.out.println(\"    ____________________________________________________________\");","lastModifiedDate":"2023-02-16"},{"lineNumber":29,"author":{"gitId":"denzelcjy"},"content":"    }","lastModifiedDate":"2023-02-16"},{"lineNumber":30,"author":{"gitId":"denzelcjy"},"content":"","lastModifiedDate":"2023-02-16"},{"lineNumber":31,"author":{"gitId":"denzelcjy"},"content":"    public void printTaskList(TaskList taskList) {","lastModifiedDate":"2023-02-16"},{"lineNumber":32,"author":{"gitId":"denzelcjy"},"content":"        System.out.println(\"    ____________________________________________________________\");","lastModifiedDate":"2023-02-16"},{"lineNumber":33,"author":{"gitId":"denzelcjy"},"content":"        System.out.println(\"     Here are the tasks in your list:\");","lastModifiedDate":"2023-02-16"},{"lineNumber":34,"author":{"gitId":"denzelcjy"},"content":"        for (int i \u003d 0; i \u003c taskList.getSize(); i++) {","lastModifiedDate":"2023-02-16"},{"lineNumber":35,"author":{"gitId":"denzelcjy"},"content":"            System.out.println(\"     \" + (i + 1) + \".\" + taskList.getTask(i));","lastModifiedDate":"2023-02-16"},{"lineNumber":36,"author":{"gitId":"denzelcjy"},"content":"        }","lastModifiedDate":"2023-02-16"},{"lineNumber":37,"author":{"gitId":"denzelcjy"},"content":"        System.out.println(\"    ____________________________________________________________\");","lastModifiedDate":"2023-02-16"},{"lineNumber":38,"author":{"gitId":"denzelcjy"},"content":"    }","lastModifiedDate":"2023-02-16"},{"lineNumber":39,"author":{"gitId":"denzelcjy"},"content":"","lastModifiedDate":"2023-02-16"},{"lineNumber":40,"author":{"gitId":"denzelcjy"},"content":"    public void printMarkedTask(Task markedTask) {","lastModifiedDate":"2023-02-16"},{"lineNumber":41,"author":{"gitId":"denzelcjy"},"content":"        System.out.println(\"    ____________________________________________________________\");","lastModifiedDate":"2023-02-16"},{"lineNumber":42,"author":{"gitId":"denzelcjy"},"content":"        System.out.println(\"     Nice! I\u0027ve marked this task as done:\");","lastModifiedDate":"2023-02-16"},{"lineNumber":43,"author":{"gitId":"denzelcjy"},"content":"        System.out.println(\"       \" + markedTask);","lastModifiedDate":"2023-02-16"},{"lineNumber":44,"author":{"gitId":"denzelcjy"},"content":"        System.out.println(\"    ____________________________________________________________\");","lastModifiedDate":"2023-02-16"},{"lineNumber":45,"author":{"gitId":"denzelcjy"},"content":"    }","lastModifiedDate":"2023-02-16"},{"lineNumber":46,"author":{"gitId":"denzelcjy"},"content":"","lastModifiedDate":"2023-02-16"},{"lineNumber":47,"author":{"gitId":"denzelcjy"},"content":"    public void printUnmarkedTask(Task unmarkedTask) {","lastModifiedDate":"2023-02-16"},{"lineNumber":48,"author":{"gitId":"denzelcjy"},"content":"        System.out.println(\"    ____________________________________________________________\");","lastModifiedDate":"2023-02-16"},{"lineNumber":49,"author":{"gitId":"denzelcjy"},"content":"        System.out.println(\"     OK, I\u0027ve marked this task as not done yet:\");","lastModifiedDate":"2023-02-16"},{"lineNumber":50,"author":{"gitId":"denzelcjy"},"content":"        System.out.println(\"       \" + unmarkedTask);","lastModifiedDate":"2023-02-16"},{"lineNumber":51,"author":{"gitId":"denzelcjy"},"content":"        System.out.println(\"    ____________________________________________________________\");","lastModifiedDate":"2023-02-16"},{"lineNumber":52,"author":{"gitId":"denzelcjy"},"content":"    }","lastModifiedDate":"2023-02-16"},{"lineNumber":53,"author":{"gitId":"denzelcjy"},"content":"","lastModifiedDate":"2023-02-16"},{"lineNumber":54,"author":{"gitId":"denzelcjy"},"content":"    public void printAddedTask(Task addedTask, int numOfTasks) {","lastModifiedDate":"2023-02-16"},{"lineNumber":55,"author":{"gitId":"denzelcjy"},"content":"        System.out.println(\"    ____________________________________________________________\");","lastModifiedDate":"2023-02-16"},{"lineNumber":56,"author":{"gitId":"denzelcjy"},"content":"        System.out.println(\"     Got it. I\u0027ve added this task:\");","lastModifiedDate":"2023-02-16"},{"lineNumber":57,"author":{"gitId":"denzelcjy"},"content":"        System.out.println(\"       \" + addedTask);","lastModifiedDate":"2023-02-16"},{"lineNumber":58,"author":{"gitId":"denzelcjy"},"content":"        System.out.println(\"     Now you have \" + numOfTasks + \" tasks in the list.\");","lastModifiedDate":"2023-02-16"},{"lineNumber":59,"author":{"gitId":"denzelcjy"},"content":"        System.out.println(\"    ____________________________________________________________\");","lastModifiedDate":"2023-02-16"},{"lineNumber":60,"author":{"gitId":"denzelcjy"},"content":"    }","lastModifiedDate":"2023-02-16"},{"lineNumber":61,"author":{"gitId":"denzelcjy"},"content":"","lastModifiedDate":"2023-02-16"},{"lineNumber":62,"author":{"gitId":"denzelcjy"},"content":"    public void printDeletedTask(Task deletedTask, int numOfTasks) {","lastModifiedDate":"2023-02-16"},{"lineNumber":63,"author":{"gitId":"denzelcjy"},"content":"        System.out.println(\"    ____________________________________________________________\");","lastModifiedDate":"2023-02-16"},{"lineNumber":64,"author":{"gitId":"denzelcjy"},"content":"        System.out.println(\"     Noted. I\u0027ve removed this task:\");","lastModifiedDate":"2023-02-16"},{"lineNumber":65,"author":{"gitId":"denzelcjy"},"content":"        System.out.println(\"       \" + deletedTask);","lastModifiedDate":"2023-02-16"},{"lineNumber":66,"author":{"gitId":"denzelcjy"},"content":"        System.out.println(\"     Now you have \" + numOfTasks + \" tasks in the list.\");","lastModifiedDate":"2023-02-16"},{"lineNumber":67,"author":{"gitId":"denzelcjy"},"content":"        System.out.println(\"    ____________________________________________________________\");","lastModifiedDate":"2023-02-16"},{"lineNumber":68,"author":{"gitId":"denzelcjy"},"content":"    }","lastModifiedDate":"2023-02-16"},{"lineNumber":69,"author":{"gitId":"denzelcjy"},"content":"","lastModifiedDate":"2023-02-16"},{"lineNumber":70,"author":{"gitId":"denzelcjy"},"content":"    public void printFoundTask(TaskList taskList) {","lastModifiedDate":"2023-02-16"},{"lineNumber":71,"author":{"gitId":"denzelcjy"},"content":"        System.out.println(\"    ____________________________________________________________\");","lastModifiedDate":"2023-02-16"},{"lineNumber":72,"author":{"gitId":"denzelcjy"},"content":"        System.out.println(\"     Here are the matching tasks in your list:\");","lastModifiedDate":"2023-02-16"},{"lineNumber":73,"author":{"gitId":"denzelcjy"},"content":"        for (int i \u003d 0; i \u003c taskList.getSize(); i++) {","lastModifiedDate":"2023-02-16"},{"lineNumber":74,"author":{"gitId":"denzelcjy"},"content":"            System.out.println(\"     \" + (i + 1) + \".\" + taskList.getTask(i));","lastModifiedDate":"2023-02-16"},{"lineNumber":75,"author":{"gitId":"denzelcjy"},"content":"        }","lastModifiedDate":"2023-02-16"},{"lineNumber":76,"author":{"gitId":"denzelcjy"},"content":"        System.out.println(\"    ____________________________________________________________\");","lastModifiedDate":"2023-02-16"},{"lineNumber":77,"author":{"gitId":"denzelcjy"},"content":"    }","lastModifiedDate":"2023-02-16"},{"lineNumber":78,"author":{"gitId":"denzelcjy"},"content":"","lastModifiedDate":"2023-02-16"},{"lineNumber":79,"author":{"gitId":"denzelcjy"},"content":"}","lastModifiedDate":"2023-02-16"}],"authorContributionMap":{"denzelcjy":79}},{"path":"src/main/java/duke/Deadline.java","fileType":"java","lines":[{"lineNumber":1,"author":{"gitId":"denzelcjy"},"content":"package duke;","lastModifiedDate":"2023-02-03"},{"lineNumber":2,"author":{"gitId":"denzelcjy"},"content":"public class Deadline extends Task {","lastModifiedDate":"2023-01-27"},{"lineNumber":3,"author":{"gitId":"denzelcjy"},"content":"    protected String by;","lastModifiedDate":"2023-01-27"},{"lineNumber":4,"author":{"gitId":"denzelcjy"},"content":"","lastModifiedDate":"2023-01-27"},{"lineNumber":5,"author":{"gitId":"denzelcjy"},"content":"    public Deadline(String details, String by) {","lastModifiedDate":"2023-01-27"},{"lineNumber":6,"author":{"gitId":"denzelcjy"},"content":"        super(details);","lastModifiedDate":"2023-01-27"},{"lineNumber":7,"author":{"gitId":"denzelcjy"},"content":"        this.by \u003d by;","lastModifiedDate":"2023-01-27"},{"lineNumber":8,"author":{"gitId":"denzelcjy"},"content":"    }","lastModifiedDate":"2023-01-27"},{"lineNumber":9,"author":{"gitId":"denzelcjy"},"content":"","lastModifiedDate":"2023-01-27"},{"lineNumber":10,"author":{"gitId":"denzelcjy"},"content":"    public String getBy() {","lastModifiedDate":"2023-01-27"},{"lineNumber":11,"author":{"gitId":"denzelcjy"},"content":"        return this.by;","lastModifiedDate":"2023-01-27"},{"lineNumber":12,"author":{"gitId":"denzelcjy"},"content":"    }","lastModifiedDate":"2023-01-27"},{"lineNumber":13,"author":{"gitId":"denzelcjy"},"content":"","lastModifiedDate":"2023-01-27"},{"lineNumber":14,"author":{"gitId":"denzelcjy"},"content":"    public void setBy(String by) {","lastModifiedDate":"2023-01-27"},{"lineNumber":15,"author":{"gitId":"denzelcjy"},"content":"        this.by \u003d by;","lastModifiedDate":"2023-01-27"},{"lineNumber":16,"author":{"gitId":"denzelcjy"},"content":"    }","lastModifiedDate":"2023-01-27"},{"lineNumber":17,"author":{"gitId":"denzelcjy"},"content":"","lastModifiedDate":"2023-01-27"},{"lineNumber":18,"author":{"gitId":"denzelcjy"},"content":"    @Override","lastModifiedDate":"2023-01-27"},{"lineNumber":19,"author":{"gitId":"denzelcjy"},"content":"    public String toString() {","lastModifiedDate":"2023-01-27"},{"lineNumber":20,"author":{"gitId":"denzelcjy"},"content":"        return \"[D]\" + super.toString() +   \" (by: \" + this.by + \")\";","lastModifiedDate":"2023-01-27"},{"lineNumber":21,"author":{"gitId":"denzelcjy"},"content":"    }","lastModifiedDate":"2023-01-27"},{"lineNumber":22,"author":{"gitId":"denzelcjy"},"content":"}","lastModifiedDate":"2023-01-27"}],"authorContributionMap":{"denzelcjy":22}},{"path":"src/main/java/duke/DukeException.java","fileType":"java","lines":[{"lineNumber":1,"author":{"gitId":"denzelcjy"},"content":"package duke;","lastModifiedDate":"2023-02-03"},{"lineNumber":2,"author":{"gitId":"denzelcjy"},"content":"public class DukeException extends Exception {","lastModifiedDate":"2023-02-03"},{"lineNumber":3,"author":{"gitId":"denzelcjy"},"content":"","lastModifiedDate":"2023-02-03"},{"lineNumber":4,"author":{"gitId":"denzelcjy"},"content":"    public DukeException (String errorMessage) {","lastModifiedDate":"2023-02-03"},{"lineNumber":5,"author":{"gitId":"denzelcjy"},"content":"        super(errorMessage);","lastModifiedDate":"2023-02-03"},{"lineNumber":6,"author":{"gitId":"denzelcjy"},"content":"    }","lastModifiedDate":"2023-02-03"},{"lineNumber":7,"author":{"gitId":"denzelcjy"},"content":"}","lastModifiedDate":"2023-02-03"}],"authorContributionMap":{"denzelcjy":7}},{"path":"src/main/java/duke/Event.java","fileType":"java","lines":[{"lineNumber":1,"author":{"gitId":"denzelcjy"},"content":"package duke;","lastModifiedDate":"2023-02-03"},{"lineNumber":2,"author":{"gitId":"denzelcjy"},"content":"public class Event extends Task {","lastModifiedDate":"2023-01-27"},{"lineNumber":3,"author":{"gitId":"denzelcjy"},"content":"","lastModifiedDate":"2023-01-27"},{"lineNumber":4,"author":{"gitId":"denzelcjy"},"content":"    protected String from;","lastModifiedDate":"2023-01-27"},{"lineNumber":5,"author":{"gitId":"denzelcjy"},"content":"    protected String to;","lastModifiedDate":"2023-01-27"},{"lineNumber":6,"author":{"gitId":"denzelcjy"},"content":"","lastModifiedDate":"2023-01-27"},{"lineNumber":7,"author":{"gitId":"denzelcjy"},"content":"    public Event(String details, String from, String to) {","lastModifiedDate":"2023-01-27"},{"lineNumber":8,"author":{"gitId":"denzelcjy"},"content":"        super(details);","lastModifiedDate":"2023-01-27"},{"lineNumber":9,"author":{"gitId":"denzelcjy"},"content":"        this.from \u003d from;","lastModifiedDate":"2023-01-27"},{"lineNumber":10,"author":{"gitId":"denzelcjy"},"content":"        this.to \u003d to;","lastModifiedDate":"2023-01-27"},{"lineNumber":11,"author":{"gitId":"denzelcjy"},"content":"    }","lastModifiedDate":"2023-01-27"},{"lineNumber":12,"author":{"gitId":"denzelcjy"},"content":"","lastModifiedDate":"2023-01-27"},{"lineNumber":13,"author":{"gitId":"denzelcjy"},"content":"    public String getFrom() {","lastModifiedDate":"2023-01-27"},{"lineNumber":14,"author":{"gitId":"denzelcjy"},"content":"        return this.from;","lastModifiedDate":"2023-01-27"},{"lineNumber":15,"author":{"gitId":"denzelcjy"},"content":"    }","lastModifiedDate":"2023-01-27"},{"lineNumber":16,"author":{"gitId":"denzelcjy"},"content":"","lastModifiedDate":"2023-01-27"},{"lineNumber":17,"author":{"gitId":"denzelcjy"},"content":"    public String getTo() {","lastModifiedDate":"2023-01-27"},{"lineNumber":18,"author":{"gitId":"denzelcjy"},"content":"        return this.to;","lastModifiedDate":"2023-01-27"},{"lineNumber":19,"author":{"gitId":"denzelcjy"},"content":"    }","lastModifiedDate":"2023-01-27"},{"lineNumber":20,"author":{"gitId":"denzelcjy"},"content":"","lastModifiedDate":"2023-01-27"},{"lineNumber":21,"author":{"gitId":"denzelcjy"},"content":"    public void setFrom(String from) {","lastModifiedDate":"2023-01-27"},{"lineNumber":22,"author":{"gitId":"denzelcjy"},"content":"        this.from \u003d from;","lastModifiedDate":"2023-01-27"},{"lineNumber":23,"author":{"gitId":"denzelcjy"},"content":"    }","lastModifiedDate":"2023-01-27"},{"lineNumber":24,"author":{"gitId":"denzelcjy"},"content":"","lastModifiedDate":"2023-01-27"},{"lineNumber":25,"author":{"gitId":"denzelcjy"},"content":"    public void setTo(String to) {","lastModifiedDate":"2023-01-27"},{"lineNumber":26,"author":{"gitId":"denzelcjy"},"content":"        this.to \u003d to;","lastModifiedDate":"2023-01-27"},{"lineNumber":27,"author":{"gitId":"denzelcjy"},"content":"    }","lastModifiedDate":"2023-01-27"},{"lineNumber":28,"author":{"gitId":"denzelcjy"},"content":"","lastModifiedDate":"2023-01-27"},{"lineNumber":29,"author":{"gitId":"denzelcjy"},"content":"    @Override","lastModifiedDate":"2023-01-27"},{"lineNumber":30,"author":{"gitId":"denzelcjy"},"content":"    public String toString() {","lastModifiedDate":"2023-01-27"},{"lineNumber":31,"author":{"gitId":"denzelcjy"},"content":"        return \"[E]\" + super.toString() +   \" (from: \" + this.from + \" to: \" + this.to + \")\";","lastModifiedDate":"2023-01-27"},{"lineNumber":32,"author":{"gitId":"denzelcjy"},"content":"    }","lastModifiedDate":"2023-01-27"},{"lineNumber":33,"author":{"gitId":"denzelcjy"},"content":"}","lastModifiedDate":"2023-01-27"}],"authorContributionMap":{"denzelcjy":33}},{"path":"src/main/java/duke/Task.java","fileType":"java","lines":[{"lineNumber":1,"author":{"gitId":"denzelcjy"},"content":"package duke;","lastModifiedDate":"2023-02-03"},{"lineNumber":2,"author":{"gitId":"denzelcjy"},"content":"","lastModifiedDate":"2023-02-05"},{"lineNumber":3,"author":{"gitId":"denzelcjy"},"content":"public class Task {","lastModifiedDate":"2023-01-21"},{"lineNumber":4,"author":{"gitId":"denzelcjy"},"content":"    protected String details;","lastModifiedDate":"2023-01-21"},{"lineNumber":5,"author":{"gitId":"denzelcjy"},"content":"    protected boolean isDone;","lastModifiedDate":"2023-01-21"},{"lineNumber":6,"author":{"gitId":"denzelcjy"},"content":"","lastModifiedDate":"2023-01-21"},{"lineNumber":7,"author":{"gitId":"denzelcjy"},"content":"    public Task(String details) {","lastModifiedDate":"2023-01-21"},{"lineNumber":8,"author":{"gitId":"denzelcjy"},"content":"        this.details \u003d details;","lastModifiedDate":"2023-01-21"},{"lineNumber":9,"author":{"gitId":"denzelcjy"},"content":"        this.isDone \u003d false;","lastModifiedDate":"2023-01-21"},{"lineNumber":10,"author":{"gitId":"denzelcjy"},"content":"    }","lastModifiedDate":"2023-01-21"},{"lineNumber":11,"author":{"gitId":"denzelcjy"},"content":"","lastModifiedDate":"2023-01-21"},{"lineNumber":12,"author":{"gitId":"denzelcjy"},"content":"    public String getDetails() {","lastModifiedDate":"2023-01-21"},{"lineNumber":13,"author":{"gitId":"denzelcjy"},"content":"        return this.details;","lastModifiedDate":"2023-01-21"},{"lineNumber":14,"author":{"gitId":"denzelcjy"},"content":"    }","lastModifiedDate":"2023-01-21"},{"lineNumber":15,"author":{"gitId":"denzelcjy"},"content":"","lastModifiedDate":"2023-01-21"},{"lineNumber":16,"author":{"gitId":"denzelcjy"},"content":"    public String getStatusIcon() {","lastModifiedDate":"2023-01-21"},{"lineNumber":17,"author":{"gitId":"denzelcjy"},"content":"        if (isDone) {","lastModifiedDate":"2023-01-21"},{"lineNumber":18,"author":{"gitId":"denzelcjy"},"content":"            return \"X\";","lastModifiedDate":"2023-01-21"},{"lineNumber":19,"author":{"gitId":"denzelcjy"},"content":"        }","lastModifiedDate":"2023-01-21"},{"lineNumber":20,"author":{"gitId":"denzelcjy"},"content":"        return \" \";","lastModifiedDate":"2023-01-21"},{"lineNumber":21,"author":{"gitId":"denzelcjy"},"content":"    }","lastModifiedDate":"2023-01-21"},{"lineNumber":22,"author":{"gitId":"denzelcjy"},"content":"","lastModifiedDate":"2023-01-21"},{"lineNumber":23,"author":{"gitId":"denzelcjy"},"content":"    public boolean getIsDone() {","lastModifiedDate":"2023-02-15"},{"lineNumber":24,"author":{"gitId":"denzelcjy"},"content":"        return this.isDone;","lastModifiedDate":"2023-02-15"},{"lineNumber":25,"author":{"gitId":"denzelcjy"},"content":"    }","lastModifiedDate":"2023-02-15"},{"lineNumber":26,"author":{"gitId":"denzelcjy"},"content":"","lastModifiedDate":"2023-02-15"},{"lineNumber":27,"author":{"gitId":"denzelcjy"},"content":"    public void markAsDone() {","lastModifiedDate":"2023-01-21"},{"lineNumber":28,"author":{"gitId":"denzelcjy"},"content":"        this.isDone \u003d true;","lastModifiedDate":"2023-01-21"},{"lineNumber":29,"author":{"gitId":"denzelcjy"},"content":"    }","lastModifiedDate":"2023-01-21"},{"lineNumber":30,"author":{"gitId":"denzelcjy"},"content":"","lastModifiedDate":"2023-01-21"},{"lineNumber":31,"author":{"gitId":"denzelcjy"},"content":"    public void markAsNotDone() {","lastModifiedDate":"2023-01-21"},{"lineNumber":32,"author":{"gitId":"denzelcjy"},"content":"        this.isDone \u003d false;","lastModifiedDate":"2023-01-21"},{"lineNumber":33,"author":{"gitId":"denzelcjy"},"content":"    }","lastModifiedDate":"2023-01-21"},{"lineNumber":34,"author":{"gitId":"denzelcjy"},"content":"","lastModifiedDate":"2023-01-27"},{"lineNumber":35,"author":{"gitId":"denzelcjy"},"content":"    @Override","lastModifiedDate":"2023-02-03"},{"lineNumber":36,"author":{"gitId":"denzelcjy"},"content":"    public String toString() {","lastModifiedDate":"2023-01-27"},{"lineNumber":37,"author":{"gitId":"denzelcjy"},"content":"        return \"[\" + this.getStatusIcon() + \"] \" + this.details;","lastModifiedDate":"2023-01-27"},{"lineNumber":38,"author":{"gitId":"denzelcjy"},"content":"    }","lastModifiedDate":"2023-01-27"},{"lineNumber":39,"author":{"gitId":"denzelcjy"},"content":"","lastModifiedDate":"2023-01-27"},{"lineNumber":40,"author":{"gitId":"denzelcjy"},"content":"","lastModifiedDate":"2023-02-10"},{"lineNumber":41,"author":{"gitId":"denzelcjy"},"content":"}","lastModifiedDate":"2023-01-21"}],"authorContributionMap":{"denzelcjy":41}},{"path":"src/main/java/duke/Todo.java","fileType":"java","lines":[{"lineNumber":1,"author":{"gitId":"denzelcjy"},"content":"package duke;","lastModifiedDate":"2023-02-03"},{"lineNumber":2,"author":{"gitId":"denzelcjy"},"content":"public class Todo extends Task {","lastModifiedDate":"2023-01-27"},{"lineNumber":3,"author":{"gitId":"denzelcjy"},"content":"","lastModifiedDate":"2023-01-27"},{"lineNumber":4,"author":{"gitId":"denzelcjy"},"content":"    public Todo(String details) {","lastModifiedDate":"2023-01-27"},{"lineNumber":5,"author":{"gitId":"denzelcjy"},"content":"        super(details);","lastModifiedDate":"2023-01-27"},{"lineNumber":6,"author":{"gitId":"denzelcjy"},"content":"    }","lastModifiedDate":"2023-01-27"},{"lineNumber":7,"author":{"gitId":"denzelcjy"},"content":"","lastModifiedDate":"2023-01-27"},{"lineNumber":8,"author":{"gitId":"denzelcjy"},"content":"    @Override","lastModifiedDate":"2023-01-27"},{"lineNumber":9,"author":{"gitId":"denzelcjy"},"content":"    public String toString() {","lastModifiedDate":"2023-01-27"},{"lineNumber":10,"author":{"gitId":"denzelcjy"},"content":"        return \"[T]\" + super.toString();","lastModifiedDate":"2023-01-27"},{"lineNumber":11,"author":{"gitId":"denzelcjy"},"content":"    }","lastModifiedDate":"2023-01-27"},{"lineNumber":12,"author":{"gitId":"denzelcjy"},"content":"","lastModifiedDate":"2023-01-27"},{"lineNumber":13,"author":{"gitId":"denzelcjy"},"content":"}","lastModifiedDate":"2023-01-27"}],"authorContributionMap":{"denzelcjy":13}},{"path":"text-ui-test/input.txt","fileType":"txt","lines":[{"lineNumber":1,"author":{"gitId":"denzelcjy"},"content":"todo borrow book","lastModifiedDate":"2023-01-28"},{"lineNumber":2,"author":{"gitId":"denzelcjy"},"content":"list","lastModifiedDate":"2023-01-28"},{"lineNumber":3,"author":{"gitId":"denzelcjy"},"content":"deadline return book /by Sunday","lastModifiedDate":"2023-01-28"},{"lineNumber":4,"author":{"gitId":"denzelcjy"},"content":"event project meeting /from Mon 2pm /to 4pm","lastModifiedDate":"2023-01-28"},{"lineNumber":5,"author":{"gitId":"denzelcjy"},"content":"mark 1","lastModifiedDate":"2023-01-28"},{"lineNumber":6,"author":{"gitId":"denzelcjy"},"content":"list","lastModifiedDate":"2023-01-28"},{"lineNumber":7,"author":{"gitId":"denzelcjy"},"content":"mark 2","lastModifiedDate":"2023-01-28"},{"lineNumber":8,"author":{"gitId":"denzelcjy"},"content":"list","lastModifiedDate":"2023-01-28"},{"lineNumber":9,"author":{"gitId":"denzelcjy"},"content":"unmark 1","lastModifiedDate":"2023-01-28"},{"lineNumber":10,"author":{"gitId":"denzelcjy"},"content":"list","lastModifiedDate":"2023-01-28"},{"lineNumber":11,"author":{"gitId":"denzelcjy"},"content":"mark 3","lastModifiedDate":"2023-01-28"},{"lineNumber":12,"author":{"gitId":"denzelcjy"},"content":"list","lastModifiedDate":"2023-01-28"},{"lineNumber":13,"author":{"gitId":"denzelcjy"},"content":"todo","lastModifiedDate":"2023-02-03"},{"lineNumber":14,"author":{"gitId":"denzelcjy"},"content":"deadline","lastModifiedDate":"2023-02-03"},{"lineNumber":15,"author":{"gitId":"denzelcjy"},"content":"event","lastModifiedDate":"2023-02-03"},{"lineNumber":16,"author":{"gitId":"denzelcjy"},"content":"todo","lastModifiedDate":"2023-02-03"},{"lineNumber":17,"author":{"gitId":"denzelcjy"},"content":"blah","lastModifiedDate":"2023-02-03"},{"lineNumber":18,"author":{"gitId":"denzelcjy"},"content":"mark","lastModifiedDate":"2023-02-03"},{"lineNumber":19,"author":{"gitId":"denzelcjy"},"content":"unmark","lastModifiedDate":"2023-02-03"},{"lineNumber":20,"author":{"gitId":"denzelcjy"},"content":"delete 3","lastModifiedDate":"2023-02-11"},{"lineNumber":21,"author":{"gitId":"denzelcjy"},"content":"list","lastModifiedDate":"2023-02-11"},{"lineNumber":22,"author":{"gitId":"denzelcjy"},"content":"bye","lastModifiedDate":"2023-01-28"}],"authorContributionMap":{"denzelcjy":22}},{"path":"text-ui-test/runtest.bat","fileType":"bat","lines":[{"lineNumber":1,"author":{"gitId":"-"},"content":"@ECHO OFF","lastModifiedDate":"2020-05-25"},{"lineNumber":2,"author":{"gitId":"-"},"content":"","lastModifiedDate":"2020-05-25"},{"lineNumber":3,"author":{"gitId":"-"},"content":"REM create bin directory if it doesn\u0027t exist","lastModifiedDate":"2020-05-25"},{"lineNumber":4,"author":{"gitId":"-"},"content":"if not exist ..\\bin mkdir ..\\bin","lastModifiedDate":"2020-05-25"},{"lineNumber":5,"author":{"gitId":"-"},"content":"","lastModifiedDate":"2020-05-25"},{"lineNumber":6,"author":{"gitId":"-"},"content":"REM delete output from previous run","lastModifiedDate":"2020-05-25"},{"lineNumber":7,"author":{"gitId":"-"},"content":"if exist ACTUAL.TXT del ACTUAL.TXT","lastModifiedDate":"2020-08-25"},{"lineNumber":8,"author":{"gitId":"-"},"content":"","lastModifiedDate":"2020-05-25"},{"lineNumber":9,"author":{"gitId":"denzelcjy"},"content":"REM delete duke.txt from previous run","lastModifiedDate":"2023-02-11"},{"lineNumber":10,"author":{"gitId":"denzelcjy"},"content":"if exist data\\duke.txt del data\\duke.txt","lastModifiedDate":"2023-02-11"},{"lineNumber":11,"author":{"gitId":"denzelcjy"},"content":"","lastModifiedDate":"2023-02-11"},{"lineNumber":12,"author":{"gitId":"-"},"content":"REM compile the code into the bin folder","lastModifiedDate":"2020-05-25"},{"lineNumber":13,"author":{"gitId":"denzelcjy"},"content":"javac  -cp ..\\src\\main\\java -Xlint:none -d ..\\bin ..\\src\\main\\java\\*.java ..\\src\\main\\java\\duke\\*.java","lastModifiedDate":"2023-02-05"},{"lineNumber":14,"author":{"gitId":"-"},"content":"IF ERRORLEVEL 1 (","lastModifiedDate":"2020-05-25"},{"lineNumber":15,"author":{"gitId":"-"},"content":"    echo ********** BUILD FAILURE **********","lastModifiedDate":"2020-05-25"},{"lineNumber":16,"author":{"gitId":"-"},"content":"    exit /b 1","lastModifiedDate":"2020-05-25"},{"lineNumber":17,"author":{"gitId":"-"},"content":")","lastModifiedDate":"2020-05-25"},{"lineNumber":18,"author":{"gitId":"-"},"content":"REM no error here, errorlevel \u003d\u003d 0","lastModifiedDate":"2020-05-25"},{"lineNumber":19,"author":{"gitId":"-"},"content":"","lastModifiedDate":"2020-05-25"},{"lineNumber":20,"author":{"gitId":"-"},"content":"REM run the program, feed commands from input.txt file and redirect the output to the ACTUAL.TXT","lastModifiedDate":"2020-05-25"},{"lineNumber":21,"author":{"gitId":"-"},"content":"java -classpath ..\\bin Duke \u003c input.txt \u003e ACTUAL.TXT","lastModifiedDate":"2020-05-25"},{"lineNumber":22,"author":{"gitId":"-"},"content":"","lastModifiedDate":"2020-05-25"},{"lineNumber":23,"author":{"gitId":"-"},"content":"REM compare the output to the expected output","lastModifiedDate":"2020-05-25"},{"lineNumber":24,"author":{"gitId":"-"},"content":"FC ACTUAL.TXT EXPECTED.TXT","lastModifiedDate":"2020-05-25"}],"authorContributionMap":{"-":20,"denzelcjy":4}}]
