{"authorDailyContributionsMap":{"denzelcjy":[{"date":"2023-01-14","commitResults":[{"hash":"bbf139362ddd732515dfce0e3510be2ce09f2939","messageTitle":"Add Duke Level 0: Greet","messageBody":"","tags":["Level-0"],"fileTypesAndContributionMap":{"java":{"insertions":6,"deletions":0}}}]},{"date":"2023-01-21","commitResults":[{"hash":"c1df4161b7ffe8d3f86b96e8591c457fc45b8c25","messageTitle":"Add Duke Level 1: Greet, Echo, Exit","messageBody":"","tags":["Level-1"],"fileTypesAndContributionMap":{"java":{"insertions":26,"deletions":6}}},{"hash":"4549fe588fad53a394f1ff4797adcc765d0f9424","messageTitle":"Add Duke Level 2: Add, List","messageBody":"","tags":["Level-2"],"fileTypesAndContributionMap":{"java":{"insertions":31,"deletions":7}}},{"hash":"92737cbfc6a9fe244bffe46f1f5d0fa3cd30d3cb","messageTitle":"Add Duke Level 3: Mark as Done","messageBody":"","tags":["Level-3","A-CodingStandard"],"fileTypesAndContributionMap":{"java":{"insertions":66,"deletions":10}}}]},{"date":"2023-01-27","commitResults":[{"hash":"8438a828af108c63df4ec858e7c3fd809c0caff6","messageTitle":"Add Todo, Deadline, Event Classes","messageBody":"","fileTypesAndContributionMap":{"java":{"insertions":65,"deletions":0}}},{"hash":"ee78c311f38c0428dc26bd871a67277fbe51759a","messageTitle":"Add Duke Level 4: ToDos, Events, Deadlines","messageBody":"","fileTypesAndContributionMap":{"java":{"insertions":51,"deletions":15}}},{"hash":"8dcec8032539554b420f32ec92747c13e474b38f","messageTitle":"Code Quality: Finalise Duke Level 4, move appropriate methods to Task Class","messageBody":"","tags":["Level-4","A-CodeQuality"],"fileTypesAndContributionMap":{"java":{"insertions":66,"deletions":60}}}]},{"date":"2023-01-28","commitResults":[{"hash":"567e6fcf4d4be8fb7d3f6b8b456ad72597cf7388","messageTitle":"Implement TextUITesting: modify input and expected files for Duke Level 4","messageBody":"","tags":["A-TextUiTesting"],"fileTypesAndContributionMap":{"txt":{"insertions":13,"deletions":0}}}]},{"date":"2023-02-03","commitResults":[{"hash":"527f1013b439426a67e02a3c72e69b5829fe5159","messageTitle":"Reviewed PR comments, made minor changes to code","messageBody":"","fileTypesAndContributionMap":{"java":{"insertions":14,"deletions":5}}},{"hash":"a918da3687239c6820d0cd7430db655bea1a0f1c","messageTitle":"Add DukeException class","messageBody":"","fileTypesAndContributionMap":{"java":{"insertions":6,"deletions":0}}},{"hash":"57320b1f0c81b4906868febadc4ede5182cb5fcd","messageTitle":"Add Duke Level 5: Handle Errors","messageBody":"","fileTypesAndContributionMap":{"java":{"insertions":95,"deletions":56}}},{"hash":"a22ddb09516d6e3d9f8ae6db47396a0903c955c5","messageTitle":"created Duke package to place all classes","messageBody":"","fileTypesAndContributionMap":{"java":{"insertions":6,"deletions":0}}},{"hash":"023cf4cfa6060f537a0db9623a1a0a2ace37e4cb","messageTitle":"Shift Duke.java out of package, edited Task.java","messageBody":"","fileTypesAndContributionMap":{"java":{"insertions":12,"deletions":4}}},{"hash":"e6e9be2153c9501b0274d8dff4785a75d5ceff50","messageTitle":"Added new testcases to TextUiTesting","messageBody":"","fileTypesAndContributionMap":{"txt":{"insertions":7,"deletions":0}}}]},{"date":"2023-02-05","commitResults":[{"hash":"219f8d6f7fa92833b173d4d1a296c71286f5983c","messageTitle":"Modified line in runtest.bat","messageBody":"","fileTypesAndContributionMap":{"bat":{"insertions":1,"deletions":1}}},{"hash":"25efc8e6ff684d7f9dc3e060f0bac97468f9b18e","messageTitle":"Update Duke Level 5 - removed unneccessary try-catch","messageBody":"","fileTypesAndContributionMap":{"java":{"insertions":37,"deletions":49}}}]},{"date":"2023-02-07","commitResults":[{"hash":"1db226879bf8f72fb2a084dbaf8565658ccd808c","messageTitle":"Changed condition to check for input","messageBody":"","fileTypesAndContributionMap":{"java":{"insertions":3,"deletions":3}}},{"hash":"e2d9058b6a53091d5db68a6044aed2cd446cff86","messageTitle":"Updated Duke Level 5 - removed unused methods","messageBody":"","fileTypesAndContributionMap":{"java":{"insertions":0,"deletions":6}}}]},{"date":"2023-02-10","commitResults":[{"hash":"4b6da1aa28a6994aec2d53798af4ad937a218c01","messageTitle":"Add Duke Level 6: Delete","messageBody":"","fileTypesAndContributionMap":{"java":{"insertions":20,"deletions":0}}}]},{"date":"2023-02-11","commitResults":[{"hash":"2fbcd3d43e6717c5cbe29607ff7b98464c312db1","messageTitle":"Added FileDataHandler Class","messageBody":"","fileTypesAndContributionMap":{"java":{"insertions":131,"deletions":0}}},{"hash":"98071092379c505f362b5b485b7ce161e4980fc9","messageTitle":"Add Duke Level 7: Save","messageBody":"","fileTypesAndContributionMap":{"java":{"insertions":16,"deletions":1}}},{"hash":"660c16951f82fbf4918010df1bd162319353efd9","messageTitle":"Created filepath constant, update formatting","messageBody":"","fileTypesAndContributionMap":{"java":{"insertions":11,"deletions":7}}},{"hash":"b0682c038b244ee66d037eb75380184dd80fe4cf","messageTitle":"Updated TextUiTesting with new inputs and runtest.bat, ignore duke.txt in TextUiTesting","messageBody":"","fileTypesAndContributionMap":{"txt":{"insertions":2,"deletions":0},"bat":{"insertions":3,"deletions":0}}}]},{"date":"2023-02-15","commitResults":[{"hash":"758038e7a2ae36613ef4663e0c60b08b9a11343e","messageTitle":"Created TaskList class, edited other classes","messageBody":"","fileTypesAndContributionMap":{"java":{"insertions":162,"deletions":128}}},{"hash":"5cea08c0af6f81fb6c3f6baf0af38b2b5936e470","messageTitle":"Added Parser class","messageBody":"","fileTypesAndContributionMap":{"java":{"insertions":66,"deletions":47}}},{"hash":"2360777443f5266dbcd2adb4ac14c722fd585a4e","messageTitle":"Shifted Parser,FileDataHandler,TaskList class out, edited Duke class","messageBody":"","fileTypesAndContributionMap":{"java":{"insertions":43,"deletions":27}}}]},{"date":"2023-02-16","commitResults":[{"hash":"425737e938838baf092a6492fefd10cdb6a6b8ab","messageTitle":"Add Ui class, updated the other classes","messageBody":"","tags":["A-MoreOOP"],"fileTypesAndContributionMap":{"java":{"insertions":95,"deletions":82}}},{"hash":"0beb3aafbfeaf7affb03403ee5beae984c42b0bd","messageTitle":"Add Duke Level 8: Dates and Times","messageBody":"","fileTypesAndContributionMap":{"java":{"insertions":15,"deletions":0}}},{"hash":"5f35492323db020fb5126013f728f5f0f0f0e5a1","messageTitle":"Add Duke Level 9: Find","messageBody":"","fileTypesAndContributionMap":{"java":{"insertions":27,"deletions":0}}},{"hash":"5c83cbca32b52425c1d510f0344087a0369fd0cb","messageTitle":"Add JavaDoc comments for all classes","messageBody":"","fileTypesAndContributionMap":{"java":{"insertions":41,"deletions":3}}}]},{"date":"2023-02-17","commitResults":[{"hash":"3141af36f24935c95f3b2d854b752ca034a54574","messageTitle":"Add JavaDoc comments for methods, tweaked some code, deleted redundant methods","messageBody":"","tags":["A-JavaDoc"],"fileTypesAndContributionMap":{"java":{"insertions":258,"deletions":18}}},{"hash":"2799c789783f82f98e48a7bc91b32ab3b8390c4e","messageTitle":"created exception package, renamed duke package to task, refactored classes, upated runtest.bat script","messageBody":"","fileTypesAndContributionMap":{"java":{"insertions":17,"deletions":17},"bat":{"insertions":2,"deletions":2}}},{"hash":"b35dda4593b5ec31f19b38a8f0fc92499f15f99d","messageTitle":"Update README.md","messageBody":"","tags":["A-UserGuide"],"fileTypesAndContributionMap":{"md":{"insertions":258,"deletions":13}}},{"hash":"d81d5dae06c525ada1050e96dc0d97e7c872396e","messageTitle":"Update README.md","messageBody":"","fileTypesAndContributionMap":{"md":{"insertions":1,"deletions":0}}},{"hash":"6f904332fab97548c8415432fc3017a915c6579d","messageTitle":"Update README.md","messageBody":"","fileTypesAndContributionMap":{"md":{"insertions":4,"deletions":4}}}]},{"date":"2023-02-18","commitResults":[{"hash":"27e2e2d76369892bab2e4acd7e37ad9346c9c7ae","messageTitle":"Added JavaDoc comments for constructors","messageBody":"","fileTypesAndContributionMap":{"java":{"insertions":48,"deletions":0}}}]},{"date":"2023-02-19","commitResults":[{"hash":"357b92ddccbdc501ec7149138bbd599282a10463","messageTitle":"Code Quality: Shortened long methods, changed magic literals to constants, removed redundant comments","messageBody":"","fileTypesAndContributionMap":{"java":{"insertions":47,"deletions":44}}}]},{"date":"2023-02-21","commitResults":[{"hash":"82d47e2f4e876f5537714912d99d2d389737c28d","messageTitle":"Handled more errors","messageBody":"","fileTypesAndContributionMap":{"java":{"insertions":16,"deletions":1}}}]}]},"authorFileTypeContributionMap":{"denzelcjy":{"java":906,"md":250,"fxml":0,"sh":0,"bat":4,"gradle":0,"txt":22}},"authorContributionVariance":{"denzelcjy":16981.293},"authorDisplayNameMap":{"denzelcjy":"CS2113T-T09-4 CHEN..NZEL"}}
