{"authorDailyContributionsMap":{"javienneyeo":[{"date":"2023-02-01","commitResults":[{"hash":"2133998627313291bc3baf251fac2a690f86e8bb","messageTitle":"Greet and exit","messageBody":"","tags":["Level-0"],"fileTypesAndContributionMap":{"java":{"insertions":3,"deletions":0}}},{"hash":"aebbd76ba178cf370db8aac26bfdc002b1a43da6","messageTitle":"Greet, echo and exit","messageBody":"","tags":["level-1"],"fileTypesAndContributionMap":{"java":{"insertions":9,"deletions":0}}}]}]},"authorFileTypeContributionMap":{"javienneyeo":{"java":12,"md":0,"fxml":0,"sh":0,"bat":0,"gradle":0,"txt":0}},"authorContributionVariance":{"javienneyeo":6.839999},"authorDisplayNameMap":{"javienneyeo":"CS2113-T15-4 JAVI.. MYN"}}
