[{"path":"data/tasks.txt","fileType":"txt","lines":[{"lineNumber":1,"author":{"gitId":"ZiqiuZeng"},"content":"[T][ ] 1","lastModifiedDate":"2023-03-01"},{"lineNumber":2,"author":{"gitId":"ZiqiuZeng"},"content":"[T][ ] 3","lastModifiedDate":"2023-03-01"},{"lineNumber":3,"author":{"gitId":"ZiqiuZeng"},"content":"[T][ ] 4","lastModifiedDate":"2023-03-01"}],"authorContributionMap":{"ZiqiuZeng":3}},{"path":"src/main/java/Duke/Deadline.java","fileType":"java","lines":[{"lineNumber":1,"author":{"gitId":"ZiqiuZeng"},"content":"package Duke;","lastModifiedDate":"2023-02-10"},{"lineNumber":2,"author":{"gitId":"ZiqiuZeng"},"content":"","lastModifiedDate":"2023-02-10"},{"lineNumber":3,"author":{"gitId":"ZiqiuZeng"},"content":"public class Deadline extends Task {","lastModifiedDate":"2023-02-02"},{"lineNumber":4,"author":{"gitId":"ZiqiuZeng"},"content":"    protected String by;","lastModifiedDate":"2023-02-02"},{"lineNumber":5,"author":{"gitId":"ZiqiuZeng"},"content":"","lastModifiedDate":"2023-02-02"},{"lineNumber":6,"author":{"gitId":"ZiqiuZeng"},"content":"    public Deadline(String description, String by) {","lastModifiedDate":"2023-02-02"},{"lineNumber":7,"author":{"gitId":"ZiqiuZeng"},"content":"        super(description);","lastModifiedDate":"2023-02-02"},{"lineNumber":8,"author":{"gitId":"ZiqiuZeng"},"content":"        this.by \u003d by;","lastModifiedDate":"2023-02-02"},{"lineNumber":9,"author":{"gitId":"ZiqiuZeng"},"content":"    }","lastModifiedDate":"2023-02-02"},{"lineNumber":10,"author":{"gitId":"ZiqiuZeng"},"content":"","lastModifiedDate":"2023-02-02"},{"lineNumber":11,"author":{"gitId":"ZiqiuZeng"},"content":"    public String getBy() {","lastModifiedDate":"2023-03-01"},{"lineNumber":12,"author":{"gitId":"ZiqiuZeng"},"content":"        return by;","lastModifiedDate":"2023-03-01"},{"lineNumber":13,"author":{"gitId":"ZiqiuZeng"},"content":"    }","lastModifiedDate":"2023-03-01"},{"lineNumber":14,"author":{"gitId":"ZiqiuZeng"},"content":"","lastModifiedDate":"2023-03-01"},{"lineNumber":15,"author":{"gitId":"ZiqiuZeng"},"content":"    @Override","lastModifiedDate":"2023-02-02"},{"lineNumber":16,"author":{"gitId":"ZiqiuZeng"},"content":"    public String toString() {","lastModifiedDate":"2023-02-02"},{"lineNumber":17,"author":{"gitId":"ZiqiuZeng"},"content":"        return \"[D]\" + super.toString() + \" (by: \" + by + \")\";","lastModifiedDate":"2023-02-02"},{"lineNumber":18,"author":{"gitId":"ZiqiuZeng"},"content":"    }","lastModifiedDate":"2023-02-02"},{"lineNumber":19,"author":{"gitId":"ZiqiuZeng"},"content":"}","lastModifiedDate":"2023-02-02"}],"authorContributionMap":{"ZiqiuZeng":19}},{"path":"src/main/java/Duke/Duke.java","fileType":"java","lines":[{"lineNumber":1,"author":{"gitId":"ZiqiuZeng"},"content":"package Duke;","lastModifiedDate":"2023-02-10"},{"lineNumber":2,"author":{"gitId":"ZiqiuZeng"},"content":"","lastModifiedDate":"2023-02-10"},{"lineNumber":3,"author":{"gitId":"ZiqiuZeng"},"content":"import Duke.Exception.DukeException;","lastModifiedDate":"2023-02-10"},{"lineNumber":4,"author":{"gitId":"ZiqiuZeng"},"content":"import Duke.Exception.MarkIndexException;","lastModifiedDate":"2023-02-10"},{"lineNumber":5,"author":{"gitId":"ZiqiuZeng"},"content":"import Duke.Exception.NoTaskException;","lastModifiedDate":"2023-02-10"},{"lineNumber":6,"author":{"gitId":"ZiqiuZeng"},"content":"import Duke.Exception.TaskInfoException;","lastModifiedDate":"2023-02-10"},{"lineNumber":7,"author":{"gitId":"ZiqiuZeng"},"content":"","lastModifiedDate":"2023-02-10"},{"lineNumber":8,"author":{"gitId":"ZiqiuZeng"},"content":"import java.io.FileWriter;","lastModifiedDate":"2023-02-16"},{"lineNumber":9,"author":{"gitId":"ZiqiuZeng"},"content":"import java.time.LocalDate;","lastModifiedDate":"2023-03-01"},{"lineNumber":10,"author":{"gitId":"ZiqiuZeng"},"content":"import java.util.ArrayList;","lastModifiedDate":"2023-02-16"},{"lineNumber":11,"author":{"gitId":"ZiqiuZeng"},"content":"import java.util.Scanner;","lastModifiedDate":"2023-01-27"},{"lineNumber":12,"author":{"gitId":"ZiqiuZeng"},"content":"import java.io.File;","lastModifiedDate":"2023-02-16"},{"lineNumber":13,"author":{"gitId":"ZiqiuZeng"},"content":"import java.io.IOException;","lastModifiedDate":"2023-02-16"},{"lineNumber":14,"author":{"gitId":"ZiqiuZeng"},"content":"//import java.io.FileInputStream;","lastModifiedDate":"2023-02-28"},{"lineNumber":15,"author":{"gitId":"ZiqiuZeng"},"content":"//import java.io.ObjectInputStream;","lastModifiedDate":"2023-02-28"},{"lineNumber":16,"author":{"gitId":"ZiqiuZeng"},"content":"import java.time.LocalDate;","lastModifiedDate":"2023-03-01"},{"lineNumber":17,"author":{"gitId":"ZiqiuZeng"},"content":"import java.time.LocalDateTime;","lastModifiedDate":"2023-03-01"},{"lineNumber":18,"author":{"gitId":"ZiqiuZeng"},"content":"import java.time.format.DateTimeFormatter;","lastModifiedDate":"2023-03-01"},{"lineNumber":19,"author":{"gitId":"ZiqiuZeng"},"content":"import java.time.temporal.ChronoUnit;","lastModifiedDate":"2023-03-01"},{"lineNumber":20,"author":{"gitId":"ZiqiuZeng"},"content":"import java.io.BufferedReader;","lastModifiedDate":"2023-03-01"},{"lineNumber":21,"author":{"gitId":"ZiqiuZeng"},"content":"import java.io.FileReader;","lastModifiedDate":"2023-03-01"},{"lineNumber":22,"author":{"gitId":"ZiqiuZeng"},"content":"","lastModifiedDate":"2023-02-09"},{"lineNumber":23,"author":{"gitId":"-"},"content":"public class Duke {","lastModifiedDate":"2019-07-29"},{"lineNumber":24,"author":{"gitId":"ZiqiuZeng"},"content":"    //    private static int taskCount \u003d 0;","lastModifiedDate":"2023-02-16"},{"lineNumber":25,"author":{"gitId":"ZiqiuZeng"},"content":"    private static ArrayList\u003cTask\u003e tasks \u003d new ArrayList\u003c\u003e();","lastModifiedDate":"2023-02-16"},{"lineNumber":26,"author":{"gitId":"ZiqiuZeng"},"content":"","lastModifiedDate":"2023-02-28"},{"lineNumber":27,"author":{"gitId":"ZiqiuZeng"},"content":"    private static DateTimeFormatter inputFormatter \u003d DateTimeFormatter.ofPattern(\"dd/MM/yyyy HHmm\");","lastModifiedDate":"2023-03-01"},{"lineNumber":28,"author":{"gitId":"ZiqiuZeng"},"content":"    private static DateTimeFormatter outputFormatter \u003d DateTimeFormatter.ofPattern(\"MMM dd yyyy HHmm\");","lastModifiedDate":"2023-03-01"},{"lineNumber":29,"author":{"gitId":"ZiqiuZeng"},"content":"","lastModifiedDate":"2023-03-01"},{"lineNumber":30,"author":{"gitId":"ZiqiuZeng"},"content":"    private static final String dividingLine \u003d \"\\n————————————————————————————————————————————————————————\\n\";","lastModifiedDate":"2023-02-10"},{"lineNumber":31,"author":{"gitId":"ZiqiuZeng"},"content":"","lastModifiedDate":"2023-02-09"},{"lineNumber":32,"author":{"gitId":"ZiqiuZeng"},"content":"    public static void printList() {","lastModifiedDate":"2023-02-02"},{"lineNumber":33,"author":{"gitId":"ZiqiuZeng"},"content":"        System.out.println(dividingLine + \"Here are the tasks in your list:\");","lastModifiedDate":"2023-02-02"},{"lineNumber":34,"author":{"gitId":"ZiqiuZeng"},"content":"        for (int i \u003d 0; i \u003c tasks.size(); i++) {","lastModifiedDate":"2023-02-16"},{"lineNumber":35,"author":{"gitId":"ZiqiuZeng"},"content":"            System.out.println((i + 1) + \". \" + (tasks.get(i)).toString());","lastModifiedDate":"2023-02-16"},{"lineNumber":36,"author":{"gitId":"ZiqiuZeng"},"content":"        }","lastModifiedDate":"2023-01-27"},{"lineNumber":37,"author":{"gitId":"ZiqiuZeng"},"content":"        System.out.println(\"Now you have \" + tasks.size() + \" tasks in the list.\" + dividingLine);","lastModifiedDate":"2023-02-16"},{"lineNumber":38,"author":{"gitId":"ZiqiuZeng"},"content":"    }","lastModifiedDate":"2023-02-02"},{"lineNumber":39,"author":{"gitId":"ZiqiuZeng"},"content":"","lastModifiedDate":"2023-02-09"},{"lineNumber":40,"author":{"gitId":"ZiqiuZeng"},"content":"    public static void addTask(Task task) {","lastModifiedDate":"2023-02-02"},{"lineNumber":41,"author":{"gitId":"ZiqiuZeng"},"content":"        tasks.add(task);","lastModifiedDate":"2023-02-16"},{"lineNumber":42,"author":{"gitId":"ZiqiuZeng"},"content":"        System.out.println(dividingLine);","lastModifiedDate":"2023-02-09"},{"lineNumber":43,"author":{"gitId":"ZiqiuZeng"},"content":"        System.out.println(\"Got it. I\u0027ve added this task:\");","lastModifiedDate":"2023-02-09"},{"lineNumber":44,"author":{"gitId":"ZiqiuZeng"},"content":"        System.out.println(task);","lastModifiedDate":"2023-02-16"},{"lineNumber":45,"author":{"gitId":"ZiqiuZeng"},"content":"        System.out.println(\"Now you have \" + tasks.size() + \" tasks in the list.\");","lastModifiedDate":"2023-02-16"},{"lineNumber":46,"author":{"gitId":"ZiqiuZeng"},"content":"        System.out.println(dividingLine);","lastModifiedDate":"2023-02-09"},{"lineNumber":47,"author":{"gitId":"ZiqiuZeng"},"content":"    }","lastModifiedDate":"2023-01-27"},{"lineNumber":48,"author":{"gitId":"ZiqiuZeng"},"content":"","lastModifiedDate":"2023-02-02"},{"lineNumber":49,"author":{"gitId":"ZiqiuZeng"},"content":"","lastModifiedDate":"2023-03-01"},{"lineNumber":50,"author":{"gitId":"ZiqiuZeng"},"content":"    public static void processTask(String line) throws DukeException, TaskInfoException, MarkIndexException, NoTaskException {","lastModifiedDate":"2023-02-10"},{"lineNumber":51,"author":{"gitId":"ZiqiuZeng"},"content":"        if (line.equals(\"list\")) {","lastModifiedDate":"2023-01-27"},{"lineNumber":52,"author":{"gitId":"ZiqiuZeng"},"content":"            printList();","lastModifiedDate":"2023-02-02"},{"lineNumber":53,"author":{"gitId":"ZiqiuZeng"},"content":"        } else if (line.contains(\"mark\") \u0026\u0026 !line.contains(\"unmark\")) {","lastModifiedDate":"2023-02-09"},{"lineNumber":54,"author":{"gitId":"ZiqiuZeng"},"content":"            if (tasks.size() \u003d\u003d 0) {","lastModifiedDate":"2023-02-16"},{"lineNumber":55,"author":{"gitId":"ZiqiuZeng"},"content":"                throw new NoTaskException();","lastModifiedDate":"2023-02-10"},{"lineNumber":56,"author":{"gitId":"ZiqiuZeng"},"content":"            }","lastModifiedDate":"2023-02-10"},{"lineNumber":57,"author":{"gitId":"ZiqiuZeng"},"content":"            if (line.length() \u003d\u003d 4) {","lastModifiedDate":"2023-02-10"},{"lineNumber":58,"author":{"gitId":"ZiqiuZeng"},"content":"                throw new MarkIndexException();","lastModifiedDate":"2023-02-10"},{"lineNumber":59,"author":{"gitId":"ZiqiuZeng"},"content":"            }","lastModifiedDate":"2023-02-10"},{"lineNumber":60,"author":{"gitId":"ZiqiuZeng"},"content":"            int taskNum \u003d Integer.parseInt(line.substring(5)) - 1;","lastModifiedDate":"2023-01-27"},{"lineNumber":61,"author":{"gitId":"ZiqiuZeng"},"content":"            tasks.get(taskNum).markAsDone();","lastModifiedDate":"2023-02-16"},{"lineNumber":62,"author":{"gitId":"ZiqiuZeng"},"content":"            System.out.println(dividingLine + \"Nice! I\u0027ve marked this task as done:\");","lastModifiedDate":"2023-02-02"},{"lineNumber":63,"author":{"gitId":"ZiqiuZeng"},"content":"            System.out.println(\"[\" + tasks.get(taskNum).getStatusIcon() + \"] \" + tasks.get(taskNum).description","lastModifiedDate":"2023-02-16"},{"lineNumber":64,"author":{"gitId":"ZiqiuZeng"},"content":"                    + dividingLine);","lastModifiedDate":"2023-02-02"},{"lineNumber":65,"author":{"gitId":"ZiqiuZeng"},"content":"        } else if (line.contains(\"delete\")) {","lastModifiedDate":"2023-02-16"},{"lineNumber":66,"author":{"gitId":"ZiqiuZeng"},"content":"            if (line.length() \u003d\u003d 6) {","lastModifiedDate":"2023-02-16"},{"lineNumber":67,"author":{"gitId":"ZiqiuZeng"},"content":"                throw new MarkIndexException();","lastModifiedDate":"2023-02-16"},{"lineNumber":68,"author":{"gitId":"ZiqiuZeng"},"content":"            }","lastModifiedDate":"2023-02-16"},{"lineNumber":69,"author":{"gitId":"ZiqiuZeng"},"content":"            int taskNum \u003d Integer.parseInt(line.substring((7))) - 1;","lastModifiedDate":"2023-02-16"},{"lineNumber":70,"author":{"gitId":"ZiqiuZeng"},"content":"            System.out.println(dividingLine + \"Noted. I\u0027ve removed this task:\");","lastModifiedDate":"2023-02-16"},{"lineNumber":71,"author":{"gitId":"ZiqiuZeng"},"content":"            System.out.println(tasks.get(taskNum));","lastModifiedDate":"2023-02-16"},{"lineNumber":72,"author":{"gitId":"ZiqiuZeng"},"content":"            System.out.println(\"Now you have \" + (tasks.size() - 1) + \" tasks in the list.\");","lastModifiedDate":"2023-02-17"},{"lineNumber":73,"author":{"gitId":"ZiqiuZeng"},"content":"            System.out.println(dividingLine);","lastModifiedDate":"2023-02-16"},{"lineNumber":74,"author":{"gitId":"ZiqiuZeng"},"content":"            tasks.remove(taskNum);","lastModifiedDate":"2023-02-16"},{"lineNumber":75,"author":{"gitId":"ZiqiuZeng"},"content":"        } else if (line.contains(\"unmark\")) {","lastModifiedDate":"2023-02-09"},{"lineNumber":76,"author":{"gitId":"ZiqiuZeng"},"content":"            if (tasks.size() \u003d\u003d 0) {","lastModifiedDate":"2023-02-16"},{"lineNumber":77,"author":{"gitId":"ZiqiuZeng"},"content":"                throw new NoTaskException();","lastModifiedDate":"2023-02-10"},{"lineNumber":78,"author":{"gitId":"ZiqiuZeng"},"content":"            }","lastModifiedDate":"2023-02-10"},{"lineNumber":79,"author":{"gitId":"ZiqiuZeng"},"content":"            if (line.length() \u003d\u003d 6) {","lastModifiedDate":"2023-02-10"},{"lineNumber":80,"author":{"gitId":"ZiqiuZeng"},"content":"                throw new MarkIndexException();","lastModifiedDate":"2023-02-10"},{"lineNumber":81,"author":{"gitId":"ZiqiuZeng"},"content":"            }","lastModifiedDate":"2023-02-10"},{"lineNumber":82,"author":{"gitId":"ZiqiuZeng"},"content":"            int unmarkNum \u003d Integer.parseInt(line.substring(7)) - 1;","lastModifiedDate":"2023-01-27"},{"lineNumber":83,"author":{"gitId":"ZiqiuZeng"},"content":"            tasks.get(unmarkNum).unmarkAsDone();","lastModifiedDate":"2023-02-16"},{"lineNumber":84,"author":{"gitId":"ZiqiuZeng"},"content":"            System.out.println(dividingLine + \"OK, I\u0027ve marked this task as not done yet:\");","lastModifiedDate":"2023-02-02"},{"lineNumber":85,"author":{"gitId":"ZiqiuZeng"},"content":"            System.out.println(\"[\" + tasks.get(unmarkNum).getStatusIcon() + \"] \" + tasks.get(unmarkNum).description","lastModifiedDate":"2023-02-16"},{"lineNumber":86,"author":{"gitId":"ZiqiuZeng"},"content":"                    + dividingLine);","lastModifiedDate":"2023-02-02"},{"lineNumber":87,"author":{"gitId":"ZiqiuZeng"},"content":"        } else if (line.contains(\"todo\")) {","lastModifiedDate":"2023-02-09"},{"lineNumber":88,"author":{"gitId":"ZiqiuZeng"},"content":"            addTask(new Todo(line.substring(5)));","lastModifiedDate":"2023-02-09"},{"lineNumber":89,"author":{"gitId":"ZiqiuZeng"},"content":"        } else if (line.contains(\"deadline\")) {","lastModifiedDate":"2023-02-09"},{"lineNumber":90,"author":{"gitId":"ZiqiuZeng"},"content":"            line \u003d line.replace(\"deadline \", \"\");","lastModifiedDate":"2023-02-02"},{"lineNumber":91,"author":{"gitId":"ZiqiuZeng"},"content":"            if (line.substring(line.indexOf(\"/by \") + 4).length() \u003d\u003d 0) {","lastModifiedDate":"2023-02-10"},{"lineNumber":92,"author":{"gitId":"ZiqiuZeng"},"content":"                throw new TaskInfoException();","lastModifiedDate":"2023-02-10"},{"lineNumber":93,"author":{"gitId":"ZiqiuZeng"},"content":"            }","lastModifiedDate":"2023-02-10"},{"lineNumber":94,"author":{"gitId":"ZiqiuZeng"},"content":"            String deadlineTimeStr \u003d line.split(\"/by \")[1];","lastModifiedDate":"2023-03-01"},{"lineNumber":95,"author":{"gitId":"ZiqiuZeng"},"content":"            LocalDateTime deadlineTime \u003d LocalDateTime.parse(deadlineTimeStr, inputFormatter);","lastModifiedDate":"2023-03-01"},{"lineNumber":96,"author":{"gitId":"ZiqiuZeng"},"content":"            String deadlineFormatted \u003d deadlineTime.format(outputFormatter);","lastModifiedDate":"2023-03-01"},{"lineNumber":97,"author":{"gitId":"ZiqiuZeng"},"content":"            addTask(new Deadline(line.substring(0, line.indexOf(\" /\")),","lastModifiedDate":"2023-02-09"},{"lineNumber":98,"author":{"gitId":"ZiqiuZeng"},"content":"                    deadlineFormatted));","lastModifiedDate":"2023-03-01"},{"lineNumber":99,"author":{"gitId":"ZiqiuZeng"},"content":"        } else if (line.contains(\"event\")) {","lastModifiedDate":"2023-02-09"},{"lineNumber":100,"author":{"gitId":"ZiqiuZeng"},"content":"            line \u003d line.replace(\"event \", \"\");","lastModifiedDate":"2023-02-02"},{"lineNumber":101,"author":{"gitId":"ZiqiuZeng"},"content":"            if (line.substring(line.indexOf(\"/to \") + 4).length() \u003d\u003d 0) {","lastModifiedDate":"2023-02-10"},{"lineNumber":102,"author":{"gitId":"ZiqiuZeng"},"content":"                throw new TaskInfoException();","lastModifiedDate":"2023-02-10"},{"lineNumber":103,"author":{"gitId":"ZiqiuZeng"},"content":"            }","lastModifiedDate":"2023-02-10"},{"lineNumber":104,"author":{"gitId":"ZiqiuZeng"},"content":"            String eventFromStr \u003d line.split(\"/from \")[1].split(\" /to \")[0];","lastModifiedDate":"2023-03-01"},{"lineNumber":105,"author":{"gitId":"ZiqiuZeng"},"content":"            LocalDateTime eventFrom \u003d LocalDateTime.parse(eventFromStr, inputFormatter);","lastModifiedDate":"2023-03-01"},{"lineNumber":106,"author":{"gitId":"ZiqiuZeng"},"content":"            String eventFromFormatted \u003d eventFrom.format(outputFormatter);","lastModifiedDate":"2023-03-01"},{"lineNumber":107,"author":{"gitId":"ZiqiuZeng"},"content":"            String eventToStr \u003d line.split(\"/from \")[1].split(\" /to \")[1];","lastModifiedDate":"2023-03-01"},{"lineNumber":108,"author":{"gitId":"ZiqiuZeng"},"content":"            LocalDateTime eventToTime \u003d LocalDateTime.parse(eventToStr, inputFormatter);","lastModifiedDate":"2023-03-01"},{"lineNumber":109,"author":{"gitId":"ZiqiuZeng"},"content":"            String eventToFormatted \u003d eventToTime.format(outputFormatter);","lastModifiedDate":"2023-03-01"},{"lineNumber":110,"author":{"gitId":"ZiqiuZeng"},"content":"","lastModifiedDate":"2023-03-01"},{"lineNumber":111,"author":{"gitId":"ZiqiuZeng"},"content":"            addTask(new Event(line.substring(0, line.indexOf(\" /\")), eventFromFormatted, eventToFormatted));","lastModifiedDate":"2023-03-01"},{"lineNumber":112,"author":{"gitId":"ZiqiuZeng"},"content":"        } else {","lastModifiedDate":"2023-02-09"},{"lineNumber":113,"author":{"gitId":"ZiqiuZeng"},"content":"//            tasks[taskCount] \u003d new Task(line);","lastModifiedDate":"2023-02-09"},{"lineNumber":114,"author":{"gitId":"ZiqiuZeng"},"content":"            throw new DukeException();","lastModifiedDate":"2023-02-09"},{"lineNumber":115,"author":{"gitId":"ZiqiuZeng"},"content":"        }","lastModifiedDate":"2023-02-09"},{"lineNumber":116,"author":{"gitId":"ZiqiuZeng"},"content":"    }","lastModifiedDate":"2023-02-09"},{"lineNumber":117,"author":{"gitId":"ZiqiuZeng"},"content":"","lastModifiedDate":"2023-02-09"},{"lineNumber":118,"author":{"gitId":"ZiqiuZeng"},"content":"    public static void keywordSearch(String keyword) {","lastModifiedDate":"2023-03-01"},{"lineNumber":119,"author":{"gitId":"ZiqiuZeng"},"content":"        String path \u003d \"data/tasks.txt\";","lastModifiedDate":"2023-03-01"},{"lineNumber":120,"author":{"gitId":"ZiqiuZeng"},"content":"        try (BufferedReader br \u003d new BufferedReader(new FileReader(path))) {","lastModifiedDate":"2023-03-01"},{"lineNumber":121,"author":{"gitId":"ZiqiuZeng"},"content":"            String line;","lastModifiedDate":"2023-03-01"},{"lineNumber":122,"author":{"gitId":"ZiqiuZeng"},"content":"            int count \u003d 0;","lastModifiedDate":"2023-03-01"},{"lineNumber":123,"author":{"gitId":"ZiqiuZeng"},"content":"            System.out.println(dividingLine);","lastModifiedDate":"2023-03-01"},{"lineNumber":124,"author":{"gitId":"ZiqiuZeng"},"content":"            System.out.println(\"Here are the matching tasks in your list:\");","lastModifiedDate":"2023-03-01"},{"lineNumber":125,"author":{"gitId":"ZiqiuZeng"},"content":"            while ((line \u003d br.readLine()) !\u003d null) {","lastModifiedDate":"2023-03-01"},{"lineNumber":126,"author":{"gitId":"ZiqiuZeng"},"content":"                if (line.contains(keyword)) {","lastModifiedDate":"2023-03-01"},{"lineNumber":127,"author":{"gitId":"ZiqiuZeng"},"content":"                    count++;","lastModifiedDate":"2023-03-01"},{"lineNumber":128,"author":{"gitId":"ZiqiuZeng"},"content":"                    System.out.println(count + \". \" + line);","lastModifiedDate":"2023-03-01"},{"lineNumber":129,"author":{"gitId":"ZiqiuZeng"},"content":"                }","lastModifiedDate":"2023-03-01"},{"lineNumber":130,"author":{"gitId":"ZiqiuZeng"},"content":"            }","lastModifiedDate":"2023-03-01"},{"lineNumber":131,"author":{"gitId":"ZiqiuZeng"},"content":"            if(count \u003d\u003d 0){","lastModifiedDate":"2023-03-01"},{"lineNumber":132,"author":{"gitId":"ZiqiuZeng"},"content":"                System.out.println(\"Sorry, there is no matching task in your list.\");","lastModifiedDate":"2023-03-01"},{"lineNumber":133,"author":{"gitId":"ZiqiuZeng"},"content":"            }","lastModifiedDate":"2023-03-01"},{"lineNumber":134,"author":{"gitId":"ZiqiuZeng"},"content":"            System.out.println(dividingLine);","lastModifiedDate":"2023-03-01"},{"lineNumber":135,"author":{"gitId":"ZiqiuZeng"},"content":"        } catch (IOException e) {","lastModifiedDate":"2023-03-01"},{"lineNumber":136,"author":{"gitId":"ZiqiuZeng"},"content":"            e.printStackTrace();","lastModifiedDate":"2023-03-01"},{"lineNumber":137,"author":{"gitId":"ZiqiuZeng"},"content":"        }","lastModifiedDate":"2023-03-01"},{"lineNumber":138,"author":{"gitId":"ZiqiuZeng"},"content":"    }","lastModifiedDate":"2023-03-01"},{"lineNumber":139,"author":{"gitId":"ZiqiuZeng"},"content":"","lastModifiedDate":"2023-03-01"},{"lineNumber":140,"author":{"gitId":"ZiqiuZeng"},"content":"    public static void printTask(String line, String path) {","lastModifiedDate":"2023-02-16"},{"lineNumber":141,"author":{"gitId":"ZiqiuZeng"},"content":"        try {","lastModifiedDate":"2023-02-09"},{"lineNumber":142,"author":{"gitId":"ZiqiuZeng"},"content":"            processTask(line);","lastModifiedDate":"2023-02-09"},{"lineNumber":143,"author":{"gitId":"ZiqiuZeng"},"content":"            writeToFile(tasks, path);","lastModifiedDate":"2023-02-28"},{"lineNumber":144,"author":{"gitId":"ZiqiuZeng"},"content":"        } catch (IndexOutOfBoundsException e2) {","lastModifiedDate":"2023-02-10"},{"lineNumber":145,"author":{"gitId":"ZiqiuZeng"},"content":"            System.out.println(dividingLine + \"☹ OOPS!!! The description of a \" + line + \" cannot be empty.\"","lastModifiedDate":"2023-02-09"},{"lineNumber":146,"author":{"gitId":"ZiqiuZeng"},"content":"                    + dividingLine);","lastModifiedDate":"2023-02-09"},{"lineNumber":147,"author":{"gitId":"ZiqiuZeng"},"content":"        } catch (TaskInfoException e) {","lastModifiedDate":"2023-02-10"},{"lineNumber":148,"author":{"gitId":"ZiqiuZeng"},"content":"            System.out.println(dividingLine + \"☹ OOPS!!! Missing information.\" + dividingLine);","lastModifiedDate":"2023-02-10"},{"lineNumber":149,"author":{"gitId":"ZiqiuZeng"},"content":"        } catch (DukeException e) {","lastModifiedDate":"2023-02-09"},{"lineNumber":150,"author":{"gitId":"ZiqiuZeng"},"content":"            System.out.println(dividingLine + \"☹ OOPS!!! I\u0027m sorry, but I don\u0027t know what that means :-(\"","lastModifiedDate":"2023-02-09"},{"lineNumber":151,"author":{"gitId":"ZiqiuZeng"},"content":"                    + dividingLine);","lastModifiedDate":"2023-02-09"},{"lineNumber":152,"author":{"gitId":"ZiqiuZeng"},"content":"        } catch (MarkIndexException e4) {","lastModifiedDate":"2023-02-10"},{"lineNumber":153,"author":{"gitId":"ZiqiuZeng"},"content":"            System.out.println(dividingLine + \"☹ OOPS!!! Task index is unspecified.\" + dividingLine);","lastModifiedDate":"2023-02-10"},{"lineNumber":154,"author":{"gitId":"ZiqiuZeng"},"content":"        } catch (NoTaskException e) {","lastModifiedDate":"2023-02-10"},{"lineNumber":155,"author":{"gitId":"ZiqiuZeng"},"content":"            System.out.println(dividingLine + \"☹ OOPS!!! No task in the list.\" + dividingLine);","lastModifiedDate":"2023-02-10"},{"lineNumber":156,"author":{"gitId":"ZiqiuZeng"},"content":"        } catch (IOException e) {","lastModifiedDate":"2023-02-16"},{"lineNumber":157,"author":{"gitId":"ZiqiuZeng"},"content":"            System.out.println(\"Something went wrong: \" + e.getMessage());","lastModifiedDate":"2023-02-16"},{"lineNumber":158,"author":{"gitId":"ZiqiuZeng"},"content":"        }","lastModifiedDate":"2023-02-16"},{"lineNumber":159,"author":{"gitId":"ZiqiuZeng"},"content":"    }","lastModifiedDate":"2023-02-16"},{"lineNumber":160,"author":{"gitId":"ZiqiuZeng"},"content":"","lastModifiedDate":"2023-02-16"},{"lineNumber":161,"author":{"gitId":"ZiqiuZeng"},"content":"//    private static void loadTasks() {","lastModifiedDate":"2023-02-28"},{"lineNumber":162,"author":{"gitId":"ZiqiuZeng"},"content":"//        try {","lastModifiedDate":"2023-02-28"},{"lineNumber":163,"author":{"gitId":"ZiqiuZeng"},"content":"//            FileInputStream fis \u003d new FileInputStream(\"tasks.txt\");","lastModifiedDate":"2023-02-28"},{"lineNumber":164,"author":{"gitId":"ZiqiuZeng"},"content":"//            ObjectInputStream ois \u003d new ObjectInputStream(fis);","lastModifiedDate":"2023-02-28"},{"lineNumber":165,"author":{"gitId":"ZiqiuZeng"},"content":"//            tasks \u003d (ArrayList\u003cTask\u003e) ois.readObject();","lastModifiedDate":"2023-02-28"},{"lineNumber":166,"author":{"gitId":"ZiqiuZeng"},"content":"//            ois.close();","lastModifiedDate":"2023-02-28"},{"lineNumber":167,"author":{"gitId":"ZiqiuZeng"},"content":"//            fis.close();","lastModifiedDate":"2023-02-28"},{"lineNumber":168,"author":{"gitId":"ZiqiuZeng"},"content":"//        } catch (IOException | ClassNotFoundException e) {","lastModifiedDate":"2023-02-28"},{"lineNumber":169,"author":{"gitId":"ZiqiuZeng"},"content":"//            e.printStackTrace();","lastModifiedDate":"2023-02-28"},{"lineNumber":170,"author":{"gitId":"ZiqiuZeng"},"content":"//        }","lastModifiedDate":"2023-02-28"},{"lineNumber":171,"author":{"gitId":"ZiqiuZeng"},"content":"//    }","lastModifiedDate":"2023-02-28"},{"lineNumber":172,"author":{"gitId":"ZiqiuZeng"},"content":"","lastModifiedDate":"2023-02-28"},{"lineNumber":173,"author":{"gitId":"ZiqiuZeng"},"content":"    private static void writeToFile(ArrayList\u003cTask\u003e tasks, String path) throws IOException {","lastModifiedDate":"2023-02-28"},{"lineNumber":174,"author":{"gitId":"ZiqiuZeng"},"content":"        FileWriter fl \u003d new FileWriter(path);","lastModifiedDate":"2023-02-16"},{"lineNumber":175,"author":{"gitId":"ZiqiuZeng"},"content":"        for (Task task : tasks) {","lastModifiedDate":"2023-02-16"},{"lineNumber":176,"author":{"gitId":"ZiqiuZeng"},"content":"            fl.write(task.toString());","lastModifiedDate":"2023-02-16"},{"lineNumber":177,"author":{"gitId":"ZiqiuZeng"},"content":"            fl.write(System.lineSeparator());","lastModifiedDate":"2023-02-16"},{"lineNumber":178,"author":{"gitId":"ZiqiuZeng"},"content":"        }","lastModifiedDate":"2023-02-16"},{"lineNumber":179,"author":{"gitId":"ZiqiuZeng"},"content":"        fl.close();","lastModifiedDate":"2023-02-16"},{"lineNumber":180,"author":{"gitId":"ZiqiuZeng"},"content":"    }","lastModifiedDate":"2023-02-16"},{"lineNumber":181,"author":{"gitId":"ZiqiuZeng"},"content":"","lastModifiedDate":"2023-02-16"},{"lineNumber":182,"author":{"gitId":"ZiqiuZeng"},"content":"","lastModifiedDate":"2023-02-28"},{"lineNumber":183,"author":{"gitId":"ZiqiuZeng"},"content":"    private static void createFile(File file) {","lastModifiedDate":"2023-02-16"},{"lineNumber":184,"author":{"gitId":"ZiqiuZeng"},"content":"        if (!file.exists()) {","lastModifiedDate":"2023-02-16"},{"lineNumber":185,"author":{"gitId":"ZiqiuZeng"},"content":"            System.out.println(\"File not exists, create it ...\");","lastModifiedDate":"2023-02-16"},{"lineNumber":186,"author":{"gitId":"ZiqiuZeng"},"content":"            //getParentFile() 获取上级目录（包含文件名时无法直接创建目录的）","lastModifiedDate":"2023-02-16"},{"lineNumber":187,"author":{"gitId":"ZiqiuZeng"},"content":"            if (!file.getParentFile().exists()) {","lastModifiedDate":"2023-02-16"},{"lineNumber":188,"author":{"gitId":"ZiqiuZeng"},"content":"                System.out.println(\"Directory not exists, create it ...\");","lastModifiedDate":"2023-02-16"},{"lineNumber":189,"author":{"gitId":"ZiqiuZeng"},"content":"                //创建上级目录","lastModifiedDate":"2023-02-16"},{"lineNumber":190,"author":{"gitId":"ZiqiuZeng"},"content":"                file.getParentFile().mkdirs();","lastModifiedDate":"2023-02-16"},{"lineNumber":191,"author":{"gitId":"ZiqiuZeng"},"content":"            }","lastModifiedDate":"2023-02-16"},{"lineNumber":192,"author":{"gitId":"ZiqiuZeng"},"content":"            try {","lastModifiedDate":"2023-02-16"},{"lineNumber":193,"author":{"gitId":"ZiqiuZeng"},"content":"                //在上级目录里创建文件","lastModifiedDate":"2023-02-16"},{"lineNumber":194,"author":{"gitId":"ZiqiuZeng"},"content":"                file.createNewFile();","lastModifiedDate":"2023-02-16"},{"lineNumber":195,"author":{"gitId":"ZiqiuZeng"},"content":"            } catch (IOException e) {","lastModifiedDate":"2023-02-16"},{"lineNumber":196,"author":{"gitId":"ZiqiuZeng"},"content":"                e.printStackTrace();","lastModifiedDate":"2023-02-16"},{"lineNumber":197,"author":{"gitId":"ZiqiuZeng"},"content":"            }","lastModifiedDate":"2023-02-16"},{"lineNumber":198,"author":{"gitId":"ZiqiuZeng"},"content":"        }","lastModifiedDate":"2023-01-27"},{"lineNumber":199,"author":{"gitId":"ZiqiuZeng"},"content":"    }","lastModifiedDate":"2023-01-27"},{"lineNumber":200,"author":{"gitId":"ZiqiuZeng"},"content":"","lastModifiedDate":"2023-02-09"},{"lineNumber":201,"author":{"gitId":"ZiqiuZeng"},"content":"    public static void main(String[] args) {","lastModifiedDate":"2023-02-09"},{"lineNumber":202,"author":{"gitId":"ZiqiuZeng"},"content":"        String path \u003d \"data/tasks.txt\";","lastModifiedDate":"2023-02-16"},{"lineNumber":203,"author":{"gitId":"ZiqiuZeng"},"content":"        createFile(new File(path));","lastModifiedDate":"2023-02-16"},{"lineNumber":204,"author":{"gitId":"ZiqiuZeng"},"content":"//        loadTasks();","lastModifiedDate":"2023-02-28"},{"lineNumber":205,"author":{"gitId":"ZiqiuZeng"},"content":"","lastModifiedDate":"2023-02-09"},{"lineNumber":206,"author":{"gitId":"ZiqiuZeng"},"content":"        String logo \u003d \" ____        _        \\n\"","lastModifiedDate":"2023-02-09"},{"lineNumber":207,"author":{"gitId":"ZiqiuZeng"},"content":"                + \"|  _ \\\\ _   _| | _____ \\n\"","lastModifiedDate":"2023-02-09"},{"lineNumber":208,"author":{"gitId":"ZiqiuZeng"},"content":"                + \"| | | | | | | |/ / _ \\\\\\n\"","lastModifiedDate":"2023-02-09"},{"lineNumber":209,"author":{"gitId":"ZiqiuZeng"},"content":"                + \"| |_| | |_| |   \u003c  __/\\n\"","lastModifiedDate":"2023-02-09"},{"lineNumber":210,"author":{"gitId":"ZiqiuZeng"},"content":"                + \"|____/ \\\\__,_|_|\\\\_\\\\___|\\n\";","lastModifiedDate":"2023-02-09"},{"lineNumber":211,"author":{"gitId":"ZiqiuZeng"},"content":"        System.out.println(\"Hello from\\n\" + logo);","lastModifiedDate":"2023-02-09"},{"lineNumber":212,"author":{"gitId":"ZiqiuZeng"},"content":"        System.out.println(\"Hello! I\u0027m Duke\" + System.lineSeparator() + \"What can I do for you?\" + dividingLine);","lastModifiedDate":"2023-02-09"},{"lineNumber":213,"author":{"gitId":"ZiqiuZeng"},"content":"","lastModifiedDate":"2023-02-09"},{"lineNumber":214,"author":{"gitId":"ZiqiuZeng"},"content":"        String line;","lastModifiedDate":"2023-02-09"},{"lineNumber":215,"author":{"gitId":"ZiqiuZeng"},"content":"        Scanner in \u003d new Scanner(System.in);","lastModifiedDate":"2023-02-09"},{"lineNumber":216,"author":{"gitId":"ZiqiuZeng"},"content":"        line \u003d in.nextLine();","lastModifiedDate":"2023-02-09"},{"lineNumber":217,"author":{"gitId":"ZiqiuZeng"},"content":"        while (!line.equals(\"bye\")) {","lastModifiedDate":"2023-02-09"},{"lineNumber":218,"author":{"gitId":"ZiqiuZeng"},"content":"            printTask(line, path);","lastModifiedDate":"2023-02-16"},{"lineNumber":219,"author":{"gitId":"ZiqiuZeng"},"content":"            line \u003d in.nextLine();","lastModifiedDate":"2023-01-27"},{"lineNumber":220,"author":{"gitId":"-"},"content":"        }","lastModifiedDate":"2019-07-29"},{"lineNumber":221,"author":{"gitId":"ZiqiuZeng"},"content":"        System.out.println(dividingLine + \"Bye. Hope to see you again soon!\" + dividingLine);","lastModifiedDate":"2023-02-02"},{"lineNumber":222,"author":{"gitId":"ZiqiuZeng"},"content":"    }","lastModifiedDate":"2023-01-27"},{"lineNumber":223,"author":{"gitId":"-"},"content":"}","lastModifiedDate":"2019-07-29"},{"lineNumber":224,"author":{"gitId":"ZiqiuZeng"},"content":"","lastModifiedDate":"2023-02-16"}],"authorContributionMap":{"ZiqiuZeng":221,"-":3}},{"path":"src/main/java/Duke/DukeException.java","fileType":"java","lines":[{"lineNumber":1,"author":{"gitId":"ZiqiuZeng"},"content":"package Duke;","lastModifiedDate":"2023-02-10"},{"lineNumber":2,"author":{"gitId":"ZiqiuZeng"},"content":"","lastModifiedDate":"2023-02-10"},{"lineNumber":3,"author":{"gitId":"ZiqiuZeng"},"content":"public class DukeException extends Exception{","lastModifiedDate":"2023-02-09"},{"lineNumber":4,"author":{"gitId":"ZiqiuZeng"},"content":"}","lastModifiedDate":"2023-02-09"}],"authorContributionMap":{"ZiqiuZeng":4}},{"path":"src/main/java/Duke/Event.java","fileType":"java","lines":[{"lineNumber":1,"author":{"gitId":"ZiqiuZeng"},"content":"package Duke;","lastModifiedDate":"2023-02-10"},{"lineNumber":2,"author":{"gitId":"ZiqiuZeng"},"content":"","lastModifiedDate":"2023-02-10"},{"lineNumber":3,"author":{"gitId":"ZiqiuZeng"},"content":"public class Event extends Task{","lastModifiedDate":"2023-02-02"},{"lineNumber":4,"author":{"gitId":"ZiqiuZeng"},"content":"    protected String start;","lastModifiedDate":"2023-02-02"},{"lineNumber":5,"author":{"gitId":"ZiqiuZeng"},"content":"    protected String end;","lastModifiedDate":"2023-02-02"},{"lineNumber":6,"author":{"gitId":"ZiqiuZeng"},"content":"","lastModifiedDate":"2023-02-02"},{"lineNumber":7,"author":{"gitId":"ZiqiuZeng"},"content":"    public Event(String description, String start, String end){","lastModifiedDate":"2023-02-02"},{"lineNumber":8,"author":{"gitId":"ZiqiuZeng"},"content":"        super(description);","lastModifiedDate":"2023-02-02"},{"lineNumber":9,"author":{"gitId":"ZiqiuZeng"},"content":"        this.start \u003d start;","lastModifiedDate":"2023-02-02"},{"lineNumber":10,"author":{"gitId":"ZiqiuZeng"},"content":"        this.end \u003d end;","lastModifiedDate":"2023-02-02"},{"lineNumber":11,"author":{"gitId":"ZiqiuZeng"},"content":"    }","lastModifiedDate":"2023-02-02"},{"lineNumber":12,"author":{"gitId":"ZiqiuZeng"},"content":"","lastModifiedDate":"2023-02-02"},{"lineNumber":13,"author":{"gitId":"ZiqiuZeng"},"content":"    @Override","lastModifiedDate":"2023-02-02"},{"lineNumber":14,"author":{"gitId":"ZiqiuZeng"},"content":"    public String toString() {","lastModifiedDate":"2023-02-02"},{"lineNumber":15,"author":{"gitId":"ZiqiuZeng"},"content":"        return \"[E]\" + super.toString() + \" (from: \" + start +\" to: \" + end + \")\";","lastModifiedDate":"2023-02-02"},{"lineNumber":16,"author":{"gitId":"ZiqiuZeng"},"content":"    }","lastModifiedDate":"2023-02-02"},{"lineNumber":17,"author":{"gitId":"ZiqiuZeng"},"content":"","lastModifiedDate":"2023-02-02"},{"lineNumber":18,"author":{"gitId":"ZiqiuZeng"},"content":"}","lastModifiedDate":"2023-02-02"}],"authorContributionMap":{"ZiqiuZeng":18}},{"path":"src/main/java/Duke/Exception/DukeException.java","fileType":"java","lines":[{"lineNumber":1,"author":{"gitId":"ZiqiuZeng"},"content":"package Duke.Exception;","lastModifiedDate":"2023-02-10"},{"lineNumber":2,"author":{"gitId":"ZiqiuZeng"},"content":"","lastModifiedDate":"2023-02-10"},{"lineNumber":3,"author":{"gitId":"ZiqiuZeng"},"content":"public class DukeException extends Exception{","lastModifiedDate":"2023-02-10"},{"lineNumber":4,"author":{"gitId":"ZiqiuZeng"},"content":"}","lastModifiedDate":"2023-02-10"}],"authorContributionMap":{"ZiqiuZeng":4}},{"path":"src/main/java/Duke/Exception/MarkIndexException.java","fileType":"java","lines":[{"lineNumber":1,"author":{"gitId":"ZiqiuZeng"},"content":"package Duke.Exception;","lastModifiedDate":"2023-02-10"},{"lineNumber":2,"author":{"gitId":"ZiqiuZeng"},"content":"","lastModifiedDate":"2023-02-10"},{"lineNumber":3,"author":{"gitId":"ZiqiuZeng"},"content":"public class MarkIndexException extends Exception{","lastModifiedDate":"2023-02-10"},{"lineNumber":4,"author":{"gitId":"ZiqiuZeng"},"content":"}","lastModifiedDate":"2023-02-10"}],"authorContributionMap":{"ZiqiuZeng":4}},{"path":"src/main/java/Duke/Exception/NoTaskException.java","fileType":"java","lines":[{"lineNumber":1,"author":{"gitId":"ZiqiuZeng"},"content":"package Duke.Exception;","lastModifiedDate":"2023-02-10"},{"lineNumber":2,"author":{"gitId":"ZiqiuZeng"},"content":"","lastModifiedDate":"2023-02-10"},{"lineNumber":3,"author":{"gitId":"ZiqiuZeng"},"content":"public class NoTaskException extends Exception{","lastModifiedDate":"2023-02-10"},{"lineNumber":4,"author":{"gitId":"ZiqiuZeng"},"content":"}","lastModifiedDate":"2023-02-10"}],"authorContributionMap":{"ZiqiuZeng":4}},{"path":"src/main/java/Duke/Exception/TaskInfoException.java","fileType":"java","lines":[{"lineNumber":1,"author":{"gitId":"ZiqiuZeng"},"content":"package Duke.Exception;","lastModifiedDate":"2023-02-10"},{"lineNumber":2,"author":{"gitId":"ZiqiuZeng"},"content":"","lastModifiedDate":"2023-02-10"},{"lineNumber":3,"author":{"gitId":"ZiqiuZeng"},"content":"public class TaskInfoException extends Exception{","lastModifiedDate":"2023-02-10"},{"lineNumber":4,"author":{"gitId":"ZiqiuZeng"},"content":"}","lastModifiedDate":"2023-02-10"}],"authorContributionMap":{"ZiqiuZeng":4}},{"path":"src/main/java/Duke/MarkIndexException.java","fileType":"java","lines":[{"lineNumber":1,"author":{"gitId":"ZiqiuZeng"},"content":"package Duke;","lastModifiedDate":"2023-02-10"},{"lineNumber":2,"author":{"gitId":"ZiqiuZeng"},"content":"","lastModifiedDate":"2023-02-10"},{"lineNumber":3,"author":{"gitId":"ZiqiuZeng"},"content":"public class MarkIndexException extends Exception{","lastModifiedDate":"2023-02-10"},{"lineNumber":4,"author":{"gitId":"ZiqiuZeng"},"content":"}","lastModifiedDate":"2023-02-10"}],"authorContributionMap":{"ZiqiuZeng":4}},{"path":"src/main/java/Duke/NoTaskException.java","fileType":"java","lines":[{"lineNumber":1,"author":{"gitId":"ZiqiuZeng"},"content":"package Duke;","lastModifiedDate":"2023-02-10"},{"lineNumber":2,"author":{"gitId":"ZiqiuZeng"},"content":"","lastModifiedDate":"2023-02-10"},{"lineNumber":3,"author":{"gitId":"ZiqiuZeng"},"content":"public class NoTaskException extends Exception{","lastModifiedDate":"2023-02-10"},{"lineNumber":4,"author":{"gitId":"ZiqiuZeng"},"content":"}","lastModifiedDate":"2023-02-10"}],"authorContributionMap":{"ZiqiuZeng":4}},{"path":"src/main/java/Duke/Task.java","fileType":"java","lines":[{"lineNumber":1,"author":{"gitId":"ZiqiuZeng"},"content":"package Duke;","lastModifiedDate":"2023-02-10"},{"lineNumber":2,"author":{"gitId":"ZiqiuZeng"},"content":"","lastModifiedDate":"2023-02-10"},{"lineNumber":3,"author":{"gitId":"ZiqiuZeng"},"content":"public class Task {","lastModifiedDate":"2023-01-27"},{"lineNumber":4,"author":{"gitId":"ZiqiuZeng"},"content":"    protected String description;","lastModifiedDate":"2023-01-27"},{"lineNumber":5,"author":{"gitId":"ZiqiuZeng"},"content":"    protected boolean isDone;","lastModifiedDate":"2023-01-27"},{"lineNumber":6,"author":{"gitId":"ZiqiuZeng"},"content":"","lastModifiedDate":"2023-01-27"},{"lineNumber":7,"author":{"gitId":"ZiqiuZeng"},"content":"    public Task(String description) {","lastModifiedDate":"2023-01-27"},{"lineNumber":8,"author":{"gitId":"ZiqiuZeng"},"content":"        this.description \u003d description;","lastModifiedDate":"2023-01-27"},{"lineNumber":9,"author":{"gitId":"ZiqiuZeng"},"content":"        this.isDone \u003d false;","lastModifiedDate":"2023-01-27"},{"lineNumber":10,"author":{"gitId":"ZiqiuZeng"},"content":"    }","lastModifiedDate":"2023-01-27"},{"lineNumber":11,"author":{"gitId":"ZiqiuZeng"},"content":"","lastModifiedDate":"2023-01-27"},{"lineNumber":12,"author":{"gitId":"ZiqiuZeng"},"content":"    public String getStatusIcon() {","lastModifiedDate":"2023-01-27"},{"lineNumber":13,"author":{"gitId":"ZiqiuZeng"},"content":"        return (isDone ? \"X\" : \" \"); // mark done task with X","lastModifiedDate":"2023-01-27"},{"lineNumber":14,"author":{"gitId":"ZiqiuZeng"},"content":"    }","lastModifiedDate":"2023-01-27"},{"lineNumber":15,"author":{"gitId":"ZiqiuZeng"},"content":"","lastModifiedDate":"2023-01-27"},{"lineNumber":16,"author":{"gitId":"ZiqiuZeng"},"content":"    public boolean markAsDone() {","lastModifiedDate":"2023-01-27"},{"lineNumber":17,"author":{"gitId":"ZiqiuZeng"},"content":"        return this.isDone \u003d true;","lastModifiedDate":"2023-01-27"},{"lineNumber":18,"author":{"gitId":"ZiqiuZeng"},"content":"    }","lastModifiedDate":"2023-01-27"},{"lineNumber":19,"author":{"gitId":"ZiqiuZeng"},"content":"","lastModifiedDate":"2023-01-27"},{"lineNumber":20,"author":{"gitId":"ZiqiuZeng"},"content":"    public boolean unmarkAsDone() {","lastModifiedDate":"2023-01-27"},{"lineNumber":21,"author":{"gitId":"ZiqiuZeng"},"content":"        return this.isDone \u003d false;","lastModifiedDate":"2023-01-27"},{"lineNumber":22,"author":{"gitId":"ZiqiuZeng"},"content":"    }","lastModifiedDate":"2023-01-27"},{"lineNumber":23,"author":{"gitId":"ZiqiuZeng"},"content":"","lastModifiedDate":"2023-01-27"},{"lineNumber":24,"author":{"gitId":"ZiqiuZeng"},"content":"    public String getDescription() {","lastModifiedDate":"2023-03-01"},{"lineNumber":25,"author":{"gitId":"ZiqiuZeng"},"content":"        return description;","lastModifiedDate":"2023-03-01"},{"lineNumber":26,"author":{"gitId":"ZiqiuZeng"},"content":"    }","lastModifiedDate":"2023-03-01"},{"lineNumber":27,"author":{"gitId":"ZiqiuZeng"},"content":"","lastModifiedDate":"2023-02-02"},{"lineNumber":28,"author":{"gitId":"ZiqiuZeng"},"content":"    @Override","lastModifiedDate":"2023-02-02"},{"lineNumber":29,"author":{"gitId":"ZiqiuZeng"},"content":"    public String toString() {","lastModifiedDate":"2023-02-02"},{"lineNumber":30,"author":{"gitId":"ZiqiuZeng"},"content":"        return \"[\" + getStatusIcon() + \"] \" + description;","lastModifiedDate":"2023-02-02"},{"lineNumber":31,"author":{"gitId":"ZiqiuZeng"},"content":"    }","lastModifiedDate":"2023-02-02"},{"lineNumber":32,"author":{"gitId":"ZiqiuZeng"},"content":"}","lastModifiedDate":"2023-01-27"}],"authorContributionMap":{"ZiqiuZeng":32}},{"path":"src/main/java/Duke/TaskInfoException.java","fileType":"java","lines":[{"lineNumber":1,"author":{"gitId":"ZiqiuZeng"},"content":"package Duke;","lastModifiedDate":"2023-02-10"},{"lineNumber":2,"author":{"gitId":"ZiqiuZeng"},"content":"","lastModifiedDate":"2023-02-10"},{"lineNumber":3,"author":{"gitId":"ZiqiuZeng"},"content":"public class TaskInfoException extends Exception{","lastModifiedDate":"2023-02-10"},{"lineNumber":4,"author":{"gitId":"ZiqiuZeng"},"content":"}","lastModifiedDate":"2023-02-10"}],"authorContributionMap":{"ZiqiuZeng":4}},{"path":"src/main/java/Duke/Todo.java","fileType":"java","lines":[{"lineNumber":1,"author":{"gitId":"ZiqiuZeng"},"content":"package Duke;","lastModifiedDate":"2023-02-10"},{"lineNumber":2,"author":{"gitId":"ZiqiuZeng"},"content":"","lastModifiedDate":"2023-02-10"},{"lineNumber":3,"author":{"gitId":"ZiqiuZeng"},"content":"public class Todo extends Task{","lastModifiedDate":"2023-02-02"},{"lineNumber":4,"author":{"gitId":"ZiqiuZeng"},"content":"","lastModifiedDate":"2023-02-02"},{"lineNumber":5,"author":{"gitId":"ZiqiuZeng"},"content":"    public Todo(String description){","lastModifiedDate":"2023-02-02"},{"lineNumber":6,"author":{"gitId":"ZiqiuZeng"},"content":"        super(description);","lastModifiedDate":"2023-02-02"},{"lineNumber":7,"author":{"gitId":"ZiqiuZeng"},"content":"    }","lastModifiedDate":"2023-02-02"},{"lineNumber":8,"author":{"gitId":"ZiqiuZeng"},"content":"","lastModifiedDate":"2023-02-02"},{"lineNumber":9,"author":{"gitId":"ZiqiuZeng"},"content":"    @Override","lastModifiedDate":"2023-02-02"},{"lineNumber":10,"author":{"gitId":"ZiqiuZeng"},"content":"    public String toString() {","lastModifiedDate":"2023-02-02"},{"lineNumber":11,"author":{"gitId":"ZiqiuZeng"},"content":"        return \"[T]\" + super.toString();","lastModifiedDate":"2023-02-02"},{"lineNumber":12,"author":{"gitId":"ZiqiuZeng"},"content":"    }","lastModifiedDate":"2023-02-02"},{"lineNumber":13,"author":{"gitId":"ZiqiuZeng"},"content":"}","lastModifiedDate":"2023-02-02"}],"authorContributionMap":{"ZiqiuZeng":13}}]
