{"authorDailyContributionsMap":{"RuiShengGit":[{"date":"2023-01-23","commitResults":[{"hash":"1ab5211a7b8383fa319e7ab8495100f993f51895","messageTitle":"Add Level-0: Greet","messageBody":"","tags":["Level-0"],"fileTypesAndContributionMap":{"java":{"insertions":6,"deletions":2}}},{"hash":"e1e023c691c12c6cdd3bfb09f72255763100b888","messageTitle":"Add Level-1: Greet, Echo, Exit","messageBody":"","tags":["Level-1"],"fileTypesAndContributionMap":{"java":{"insertions":20,"deletions":0}}},{"hash":"286e469c26cf5426f8654b5408cbf76c08dc222a","messageTitle":"Add Level-2: Add,List","messageBody":"","tags":["Level-2"],"fileTypesAndContributionMap":{"java":{"insertions":26,"deletions":8}}},{"hash":"2b6898a2605e0988b1a467ffe512dc3e25441460","messageTitle":"Add Level-3: Mark as Done","messageBody":"","tags":["Level-3"],"fileTypesAndContributionMap":{"java":{"insertions":67,"deletions":6}}}]},{"date":"2023-01-28","commitResults":[{"hash":"78ba3cd5647ee9c02737f4e62565d3952c28b636","messageTitle":"Add A-CodingStandard","messageBody":"","tags":["A-CodingStandard"],"fileTypesAndContributionMap":{"java":{"insertions":6,"deletions":10}}}]},{"date":"2023-02-01","commitResults":[{"hash":"8f8bf4945d97697c3f5bb802f0a204b62f825667","messageTitle":"Add Level-4: ToDo, Event, Deadline","messageBody":"","tags":["Level-4"],"fileTypesAndContributionMap":{"java":{"insertions":85,"deletions":20}}},{"hash":"8d7fd5db788f6bbfc172db3b271424a267383d98","messageTitle":"Refactor code to improve code quality","messageBody":"","tags":["A-CodeQuality"],"fileTypesAndContributionMap":{"java":{"insertions":105,"deletions":78}}},{"hash":"d67700bd30b85ed56d458d73248aae9042128bb5","messageTitle":"Refactor code to improve code quality","messageBody":"","fileTypesAndContributionMap":{"java":{"insertions":20,"deletions":18}}},{"hash":"b51ac11c7724d41bf4480984151e12397c6c542c","messageTitle":"Updated Automated Text UI Testing","messageBody":"","tags":["A-TestUiTesting"],"fileTypesAndContributionMap":{"txt":{"insertions":10,"deletions":0}}}]},{"date":"2023-02-05","commitResults":[{"hash":"c790b76cfd474dfddaeb0635a0e4f2ecfde09161","messageTitle":"Add Level-5: Handle Errors","messageBody":"","fileTypesAndContributionMap":{"java":{"insertions":92,"deletions":56}}}]},{"date":"2023-02-08","commitResults":[{"hash":"b86fc2bb5b3a0e58bc50aff9006b60a5278ede73","messageTitle":"Organise files into packages","messageBody":"","fileTypesAndContributionMap":{"java":{"insertions":27,"deletions":2}}}]},{"date":"2023-02-09","commitResults":[{"hash":"f3f5f531a7a9602bddf82361be5b3207301e3421","messageTitle":"Formatting of code","messageBody":"","fileTypesAndContributionMap":{"java":{"insertions":167,"deletions":0}}},{"hash":"2dd5c91ffa4d77540409ba88e54fefecde57b0fa","messageTitle":"Remove Unwanted Files","messageBody":"","fileTypesAndContributionMap":{"java":{"insertions":0,"deletions":167}}}]},{"date":"2023-02-11","commitResults":[{"hash":"8479868cd16fe8a3f9b91211528021fb277b0e4d","messageTitle":"Reverting files back to Level-5 to resolve merge conflict","messageBody":"","fileTypesAndContributionMap":{"java":{"insertions":2,"deletions":27}}},{"hash":"c54c40516dee2f14ce1e252dc50904d34e0cd155","messageTitle":"Add Level-5: Handle Errors","messageBody":"","tags":["Level-5","A-Exceptions"],"fileTypesAndContributionMap":{"java":{"insertions":2,"deletions":4}}},{"hash":"d11863aff2f922c6c63607c7df15d248c2eb7dff","messageTitle":"Organise files into package","messageBody":"","tags":["A-Packages"],"fileTypesAndContributionMap":{"java":{"insertions":29,"deletions":3}}}]},{"date":"2023-02-15","commitResults":[{"hash":"f94dfc29a457a7ea10cf40728e0913682990daca","messageTitle":"Add Level-6: Delete","messageBody":"","tags":["Level-6","A-Collections"],"fileTypesAndContributionMap":{"java":{"insertions":49,"deletions":35}}},{"hash":"f03732904b0851bfc3b53b01c48e0b3d73b4776e","messageTitle":"Add Level-7: Save","messageBody":"","tags":["Level-7"],"fileTypesAndContributionMap":{"java":{"insertions":134,"deletions":3}}},{"hash":"52e73bb1960c1f6ee74d07619ef290644fd9362c","messageTitle":"Fixed tasklist not updating to the saved file.","messageBody":"","fileTypesAndContributionMap":{"java":{"insertions":11,"deletions":4}}}]},{"date":"2023-02-21","commitResults":[{"hash":"5bbf4a754bb274e9cd0d9174c5f9a257da915557","messageTitle":"Make the code more OOP","messageBody":"","tags":["A-MoreOOP"],"fileTypesAndContributionMap":{"java":{"insertions":232,"deletions":191}}}]},{"date":"2023-02-22","commitResults":[{"hash":"7d666367cb109e4c0ccdf6b1e8cf60d109f22327","messageTitle":"Add Level-9: Find","messageBody":"","fileTypesAndContributionMap":{"java":{"insertions":38,"deletions":4}}}]},{"date":"2023-02-24","commitResults":[{"hash":"020af198cd924e1f06a638de8943d2492637a079","messageTitle":"Added documentation to the code","messageBody":"","fileTypesAndContributionMap":{"java":{"insertions":305,"deletions":0}}},{"hash":"0dc055d8b554829c4c100186174b7a2d54a5e13d","messageTitle":"Added User Guide for Duke","messageBody":"","tags":["A-UserGuide"],"fileTypesAndContributionMap":{"java":{"insertions":1,"deletions":1},"md":{"insertions":223,"deletions":9}}},{"hash":"41dc2cd31a1a8a515ded4f6d3136243355ab6a8a","messageTitle":"Fix minor typos in UserGuide","messageBody":"","fileTypesAndContributionMap":{"md":{"insertions":7,"deletions":7}}},{"hash":"1c2be084575a095bbdb2e80379c7f8db54986d5a","messageTitle":"Updated Automated Text UI Testing","messageBody":"","fileTypesAndContributionMap":{"txt":{"insertions":7,"deletions":0},"bat":{"insertions":1,"deletions":1}}}]},{"date":"2023-03-01","commitResults":[{"hash":"3b2f74bd9aba23b3b5d192bf68070ae105a9266b","messageTitle":"Added even more OOP","messageBody":"","fileTypesAndContributionMap":{"java":{"insertions":430,"deletions":161}}},{"hash":"86edcec06bcb518bede9c6c321e5ce83efd35043","messageTitle":"Fixed error of null pointer exception and added new exceptions to commands.","messageBody":"","fileTypesAndContributionMap":{"java":{"insertions":80,"deletions":14}}}]}]},"authorFileTypeContributionMap":{"RuiShengGit":{"java":1148,"md":214,"fxml":0,"sh":0,"bat":1,"gradle":0,"txt":17}},"authorContributionVariance":{"RuiShengGit":22968.678},"authorDisplayNameMap":{"RuiShengGit":"CS2113-T11-4 SEOW..HENG"}}
