[{"path":"data/duke.txt","fileType":"txt","lines":[{"lineNumber":1,"author":{"gitId":"Jeraldchen"},"content":"T | 0 | read book","lastModifiedDate":"2023-02-11"},{"lineNumber":2,"author":{"gitId":"Jeraldchen"},"content":"D | 1 | homework| tuesday 5pm","lastModifiedDate":"2023-02-11"},{"lineNumber":3,"author":{"gitId":"Jeraldchen"},"content":"E | 0 | basketball| tuesday 3pm-5pm","lastModifiedDate":"2023-02-11"},{"lineNumber":4,"author":{"gitId":"Jeraldchen"},"content":"T | 0 | sleep","lastModifiedDate":"2023-02-12"}],"authorContributionMap":{"Jeraldchen":4}},{"path":"src/main/java/Deadline.java","fileType":"java","lines":[{"lineNumber":1,"author":{"gitId":"Jeraldchen"},"content":"import duke.Task;","lastModifiedDate":"2023-02-02"},{"lineNumber":2,"author":{"gitId":"Jeraldchen"},"content":"public class Deadline extends Task{","lastModifiedDate":"2023-01-28"},{"lineNumber":3,"author":{"gitId":"Jeraldchen"},"content":"    public String by;","lastModifiedDate":"2023-02-11"},{"lineNumber":4,"author":{"gitId":"Jeraldchen"},"content":"    public Deadline (String description, String by) {","lastModifiedDate":"2023-01-28"},{"lineNumber":5,"author":{"gitId":"Jeraldchen"},"content":"        super(description);","lastModifiedDate":"2023-01-28"},{"lineNumber":6,"author":{"gitId":"Jeraldchen"},"content":"        this.by \u003d by;","lastModifiedDate":"2023-01-28"},{"lineNumber":7,"author":{"gitId":"Jeraldchen"},"content":"    }","lastModifiedDate":"2023-01-28"},{"lineNumber":8,"author":{"gitId":"Jeraldchen"},"content":"    @Override","lastModifiedDate":"2023-01-28"},{"lineNumber":9,"author":{"gitId":"Jeraldchen"},"content":"    public String toString() {","lastModifiedDate":"2023-01-28"},{"lineNumber":10,"author":{"gitId":"Jeraldchen"},"content":"        return \"[D]\" + super.toString() + \" (by: \" + by + \")\";","lastModifiedDate":"2023-01-28"},{"lineNumber":11,"author":{"gitId":"Jeraldchen"},"content":"    }","lastModifiedDate":"2023-01-28"},{"lineNumber":12,"author":{"gitId":"Jeraldchen"},"content":"}","lastModifiedDate":"2023-01-28"}],"authorContributionMap":{"Jeraldchen":12}},{"path":"src/main/java/Duke.java","fileType":"java","lines":[{"lineNumber":1,"author":{"gitId":"Jeraldchen"},"content":"import java.util.Scanner;","lastModifiedDate":"2023-01-21"},{"lineNumber":2,"author":{"gitId":"Jeraldchen"},"content":"import java.util.Arrays;","lastModifiedDate":"2023-01-21"},{"lineNumber":3,"author":{"gitId":"Jeraldchen"},"content":"import duke.Task;","lastModifiedDate":"2023-02-02"},{"lineNumber":4,"author":{"gitId":"Jeraldchen"},"content":"import java.util.ArrayList;","lastModifiedDate":"2023-02-11"},{"lineNumber":5,"author":{"gitId":"Jeraldchen"},"content":"import java.io.FileNotFoundException;","lastModifiedDate":"2023-02-11"},{"lineNumber":6,"author":{"gitId":"Jeraldchen"},"content":"import java.io.IOException;","lastModifiedDate":"2023-02-11"},{"lineNumber":7,"author":{"gitId":"Jeraldchen"},"content":"","lastModifiedDate":"2023-02-11"},{"lineNumber":8,"author":{"gitId":"Jeraldchen"},"content":"","lastModifiedDate":"2023-02-11"},{"lineNumber":9,"author":{"gitId":"-"},"content":"public class Duke {","lastModifiedDate":"2019-07-29"},{"lineNumber":10,"author":{"gitId":"Jeraldchen"},"content":"","lastModifiedDate":"2023-02-11"},{"lineNumber":11,"author":{"gitId":"Jeraldchen"},"content":"    private static String filePath \u003d \"data/duke.txt\";","lastModifiedDate":"2023-02-11"},{"lineNumber":12,"author":{"gitId":"Jeraldchen"},"content":"    private static ArrayList\u003cTask\u003e textList \u003d new ArrayList\u003cTask\u003e(); //store in array of Tasks to track both description and mark status","lastModifiedDate":"2023-02-11"},{"lineNumber":13,"author":{"gitId":"Jeraldchen"},"content":"    public static void printLine() { //print line","lastModifiedDate":"2023-02-03"},{"lineNumber":14,"author":{"gitId":"Jeraldchen"},"content":"        System.out.println(\"______________________________________________________________\");","lastModifiedDate":"2023-01-28"},{"lineNumber":15,"author":{"gitId":"Jeraldchen"},"content":"    }","lastModifiedDate":"2023-01-28"},{"lineNumber":16,"author":{"gitId":"Jeraldchen"},"content":"    private static void checkEmpty(String lowerCaseLine) throws DukeException { //check if description is empty","lastModifiedDate":"2023-02-03"},{"lineNumber":17,"author":{"gitId":"Jeraldchen"},"content":"        if (lowerCaseLine.equals(\"todo\") || lowerCaseLine.equals(\"deadline\") || lowerCaseLine.equals(\"event\")) {","lastModifiedDate":"2023-02-02"},{"lineNumber":18,"author":{"gitId":"Jeraldchen"},"content":"            throw new DukeException(\"☹ OOPS!!! The description of a \" + lowerCaseLine + \" cannot be empty.\");","lastModifiedDate":"2023-02-02"},{"lineNumber":19,"author":{"gitId":"Jeraldchen"},"content":"        }","lastModifiedDate":"2023-02-02"},{"lineNumber":20,"author":{"gitId":"Jeraldchen"},"content":"    }","lastModifiedDate":"2023-02-02"},{"lineNumber":21,"author":{"gitId":"Jeraldchen"},"content":"    private static void checkCommand(String lowerCaseLine) throws DukeException { //check if command is valid","lastModifiedDate":"2023-02-03"},{"lineNumber":22,"author":{"gitId":"Jeraldchen"},"content":"        if (!lowerCaseLine.equals(\"list\") \u0026\u0026 !lowerCaseLine.equals(\"bye\") \u0026\u0026 !lowerCaseLine.contains(\"mark\") \u0026\u0026 !lowerCaseLine.contains(\"unmark\") \u0026\u0026 !lowerCaseLine.contains(\"todo\") \u0026\u0026 !lowerCaseLine.contains(\"deadline\") \u0026\u0026 !lowerCaseLine.contains(\"event\")) {","lastModifiedDate":"2023-02-02"},{"lineNumber":23,"author":{"gitId":"Jeraldchen"},"content":"            throw new DukeException(\"☹ OOPS!!! I\u0027m sorry, but I don\u0027t know what that means :-(\");","lastModifiedDate":"2023-02-02"},{"lineNumber":24,"author":{"gitId":"Jeraldchen"},"content":"        }","lastModifiedDate":"2023-02-02"},{"lineNumber":25,"author":{"gitId":"Jeraldchen"},"content":"    }","lastModifiedDate":"2023-02-02"},{"lineNumber":26,"author":{"gitId":"Jeraldchen"},"content":"    public static void main(String[] args) throws DukeException, IOException, FileNotFoundException {","lastModifiedDate":"2023-02-11"},{"lineNumber":27,"author":{"gitId":"Jeraldchen"},"content":"        String line;","lastModifiedDate":"2023-01-21"},{"lineNumber":28,"author":{"gitId":"Jeraldchen"},"content":"        String lowerCaseLine;","lastModifiedDate":"2023-01-28"},{"lineNumber":29,"author":{"gitId":"Jeraldchen"},"content":"        Scanner in \u003d new Scanner(System.in);","lastModifiedDate":"2023-01-21"},{"lineNumber":30,"author":{"gitId":"Jeraldchen"},"content":"        Save save \u003d new Save(filePath);","lastModifiedDate":"2023-02-11"},{"lineNumber":31,"author":{"gitId":"Jeraldchen"},"content":"        save.readFile(textList);","lastModifiedDate":"2023-02-11"},{"lineNumber":32,"author":{"gitId":"Jeraldchen"},"content":"        int textListCount \u003d textList.size();","lastModifiedDate":"2023-02-11"},{"lineNumber":33,"author":{"gitId":"Jeraldchen"},"content":"","lastModifiedDate":"2023-01-21"},{"lineNumber":34,"author":{"gitId":"Jeraldchen"},"content":"        printLine();","lastModifiedDate":"2023-01-28"},{"lineNumber":35,"author":{"gitId":"Jeraldchen"},"content":"        System.out.println(\"Hello! I\u0027m Duke\");","lastModifiedDate":"2023-01-14"},{"lineNumber":36,"author":{"gitId":"Jeraldchen"},"content":"        System.out.println(\"What can I do for you?\");","lastModifiedDate":"2023-01-14"},{"lineNumber":37,"author":{"gitId":"Jeraldchen"},"content":"        printLine();","lastModifiedDate":"2023-01-28"},{"lineNumber":38,"author":{"gitId":"Jeraldchen"},"content":"","lastModifiedDate":"2023-01-21"},{"lineNumber":39,"author":{"gitId":"Jeraldchen"},"content":"        while(true) {","lastModifiedDate":"2023-01-21"},{"lineNumber":40,"author":{"gitId":"Jeraldchen"},"content":"            line \u003d in.nextLine();","lastModifiedDate":"2023-01-21"},{"lineNumber":41,"author":{"gitId":"Jeraldchen"},"content":"            lowerCaseLine \u003d line.toLowerCase();","lastModifiedDate":"2023-01-28"},{"lineNumber":42,"author":{"gitId":"Jeraldchen"},"content":"            Task task \u003d new Task(line);","lastModifiedDate":"2023-01-28"},{"lineNumber":43,"author":{"gitId":"Jeraldchen"},"content":"            printLine();","lastModifiedDate":"2023-01-28"},{"lineNumber":44,"author":{"gitId":"Jeraldchen"},"content":"            if (lowerCaseLine.equals(\"bye\")) {","lastModifiedDate":"2023-01-28"},{"lineNumber":45,"author":{"gitId":"Jeraldchen"},"content":"                save.saveFile(textList);","lastModifiedDate":"2023-02-11"},{"lineNumber":46,"author":{"gitId":"Jeraldchen"},"content":"                System.out.println(\"Bye. Hope to see you again soon!\");","lastModifiedDate":"2023-01-14"},{"lineNumber":47,"author":{"gitId":"Jeraldchen"},"content":"                printLine();","lastModifiedDate":"2023-01-28"},{"lineNumber":48,"author":{"gitId":"Jeraldchen"},"content":"                return;","lastModifiedDate":"2023-01-21"},{"lineNumber":49,"author":{"gitId":"Jeraldchen"},"content":"            } else if (lowerCaseLine.equals(\"list\")) { //if input is list","lastModifiedDate":"2023-01-28"},{"lineNumber":50,"author":{"gitId":"Jeraldchen"},"content":"                System.out.println(\"Here are the tasks in your list: \");","lastModifiedDate":"2023-01-21"},{"lineNumber":51,"author":{"gitId":"Jeraldchen"},"content":"                for (int i \u003d 0; i \u003c textListCount; ++i) {","lastModifiedDate":"2023-01-21"},{"lineNumber":52,"author":{"gitId":"Jeraldchen"},"content":"                    String listLine \u003d i+1 + \". \" + textList.get(i).toString();","lastModifiedDate":"2023-02-11"},{"lineNumber":53,"author":{"gitId":"Jeraldchen"},"content":"                    System.out.println(listLine);","lastModifiedDate":"2023-01-21"},{"lineNumber":54,"author":{"gitId":"Jeraldchen"},"content":"                }","lastModifiedDate":"2023-01-21"},{"lineNumber":55,"author":{"gitId":"Jeraldchen"},"content":"                printLine();","lastModifiedDate":"2023-01-28"},{"lineNumber":56,"author":{"gitId":"Jeraldchen"},"content":"            } else if (lowerCaseLine.contains(\"mark\") \u0026\u0026 !lowerCaseLine.contains(\"unmark\")) { //mark is in unmark so need to check like this to avoid unmark being detected as mark","lastModifiedDate":"2023-01-28"},{"lineNumber":57,"author":{"gitId":"Jeraldchen"},"content":"                int indexOfTask \u003d Integer.parseInt(lowerCaseLine.substring(5)) - 1; //find index of the task number starting from 0","lastModifiedDate":"2023-01-28"},{"lineNumber":58,"author":{"gitId":"Jeraldchen"},"content":"                textList.get(indexOfTask).markAsDone();","lastModifiedDate":"2023-02-11"},{"lineNumber":59,"author":{"gitId":"Jeraldchen"},"content":"                System.out.println(\"Nice! I\u0027ve marked this task as done: \");","lastModifiedDate":"2023-01-21"},{"lineNumber":60,"author":{"gitId":"Jeraldchen"},"content":"                System.out.println(\" \" + textList.get(indexOfTask).toString());","lastModifiedDate":"2023-02-11"},{"lineNumber":61,"author":{"gitId":"Jeraldchen"},"content":"                printLine();","lastModifiedDate":"2023-01-28"},{"lineNumber":62,"author":{"gitId":"Jeraldchen"},"content":"            } else if (lowerCaseLine.contains(\"unmark\")) {","lastModifiedDate":"2023-01-28"},{"lineNumber":63,"author":{"gitId":"Jeraldchen"},"content":"                int indexOfTask \u003d Integer.parseInt(lowerCaseLine.substring(7)) - 1;","lastModifiedDate":"2023-01-28"},{"lineNumber":64,"author":{"gitId":"Jeraldchen"},"content":"                textList.get(indexOfTask).unmarkAsDone();","lastModifiedDate":"2023-02-11"},{"lineNumber":65,"author":{"gitId":"Jeraldchen"},"content":"                System.out.println(\"OK, I\u0027ve marked this task as not done yet: \");","lastModifiedDate":"2023-01-21"},{"lineNumber":66,"author":{"gitId":"Jeraldchen"},"content":"                System.out.println(\" \" + textList.get(indexOfTask).toString());","lastModifiedDate":"2023-02-11"},{"lineNumber":67,"author":{"gitId":"Jeraldchen"},"content":"                printLine();","lastModifiedDate":"2023-02-11"},{"lineNumber":68,"author":{"gitId":"Jeraldchen"},"content":"            } else if (lowerCaseLine.contains(\"delete\")) {","lastModifiedDate":"2023-02-11"},{"lineNumber":69,"author":{"gitId":"Jeraldchen"},"content":"                int indexOfTask \u003d Integer.parseInt(lowerCaseLine.substring(7)) - 1;","lastModifiedDate":"2023-02-11"},{"lineNumber":70,"author":{"gitId":"Jeraldchen"},"content":"                System.out.println(\"Noted. I\u0027ve removed this task: \");","lastModifiedDate":"2023-02-11"},{"lineNumber":71,"author":{"gitId":"Jeraldchen"},"content":"                System.out.println(\" \" + textList.get(indexOfTask).toString());","lastModifiedDate":"2023-02-11"},{"lineNumber":72,"author":{"gitId":"Jeraldchen"},"content":"                textList.remove(indexOfTask);","lastModifiedDate":"2023-02-11"},{"lineNumber":73,"author":{"gitId":"Jeraldchen"},"content":"                textListCount--;","lastModifiedDate":"2023-02-11"},{"lineNumber":74,"author":{"gitId":"Jeraldchen"},"content":"                System.out.println(\"Now you have \" + textListCount + \" tasks in the list.\");","lastModifiedDate":"2023-02-11"},{"lineNumber":75,"author":{"gitId":"Jeraldchen"},"content":"                printLine();","lastModifiedDate":"2023-01-28"},{"lineNumber":76,"author":{"gitId":"Jeraldchen"},"content":"            }","lastModifiedDate":"2023-01-21"},{"lineNumber":77,"author":{"gitId":"Jeraldchen"},"content":"            else { //if input is any other text","lastModifiedDate":"2023-01-21"},{"lineNumber":78,"author":{"gitId":"Jeraldchen"},"content":"                if (lowerCaseLine.contains(\"todo\")) {","lastModifiedDate":"2023-01-28"},{"lineNumber":79,"author":{"gitId":"Jeraldchen"},"content":"                    try {","lastModifiedDate":"2023-02-02"},{"lineNumber":80,"author":{"gitId":"Jeraldchen"},"content":"                        checkEmpty(lowerCaseLine);","lastModifiedDate":"2023-02-02"},{"lineNumber":81,"author":{"gitId":"Jeraldchen"},"content":"                        task \u003d new Todo(line.substring(5));","lastModifiedDate":"2023-01-28"},{"lineNumber":82,"author":{"gitId":"Jeraldchen"},"content":"                    } catch (DukeException e) {","lastModifiedDate":"2023-02-02"},{"lineNumber":83,"author":{"gitId":"Jeraldchen"},"content":"                        System.out.println(e.getMessage());","lastModifiedDate":"2023-02-02"},{"lineNumber":84,"author":{"gitId":"Jeraldchen"},"content":"                        printLine();","lastModifiedDate":"2023-02-02"},{"lineNumber":85,"author":{"gitId":"Jeraldchen"},"content":"                        continue;","lastModifiedDate":"2023-02-02"},{"lineNumber":86,"author":{"gitId":"Jeraldchen"},"content":"                    }","lastModifiedDate":"2023-02-02"},{"lineNumber":87,"author":{"gitId":"Jeraldchen"},"content":"                } else if (lowerCaseLine.contains(\"deadline\")) {","lastModifiedDate":"2023-01-28"},{"lineNumber":88,"author":{"gitId":"Jeraldchen"},"content":"                    try {","lastModifiedDate":"2023-02-02"},{"lineNumber":89,"author":{"gitId":"Jeraldchen"},"content":"                        checkEmpty(lowerCaseLine);","lastModifiedDate":"2023-02-02"},{"lineNumber":90,"author":{"gitId":"Jeraldchen"},"content":"                        int indexOfBy \u003d line.indexOf(\"/by\");","lastModifiedDate":"2023-01-28"},{"lineNumber":91,"author":{"gitId":"Jeraldchen"},"content":"                        task \u003d new Deadline(line.substring(9, indexOfBy), line.substring(indexOfBy + 4));","lastModifiedDate":"2023-01-28"},{"lineNumber":92,"author":{"gitId":"Jeraldchen"},"content":"                    } catch (DukeException e) {","lastModifiedDate":"2023-02-02"},{"lineNumber":93,"author":{"gitId":"Jeraldchen"},"content":"                        System.out.println(e.getMessage());","lastModifiedDate":"2023-02-02"},{"lineNumber":94,"author":{"gitId":"Jeraldchen"},"content":"                        printLine();","lastModifiedDate":"2023-02-02"},{"lineNumber":95,"author":{"gitId":"Jeraldchen"},"content":"                        continue;","lastModifiedDate":"2023-02-02"},{"lineNumber":96,"author":{"gitId":"Jeraldchen"},"content":"                    }","lastModifiedDate":"2023-02-02"},{"lineNumber":97,"author":{"gitId":"Jeraldchen"},"content":"                } else if (lowerCaseLine.contains(\"event\")) {","lastModifiedDate":"2023-01-28"},{"lineNumber":98,"author":{"gitId":"Jeraldchen"},"content":"                    try {","lastModifiedDate":"2023-02-02"},{"lineNumber":99,"author":{"gitId":"Jeraldchen"},"content":"                        checkEmpty(lowerCaseLine);","lastModifiedDate":"2023-02-02"},{"lineNumber":100,"author":{"gitId":"Jeraldchen"},"content":"                        int indexOfFrom \u003d line.indexOf(\"/from\");","lastModifiedDate":"2023-01-28"},{"lineNumber":101,"author":{"gitId":"Jeraldchen"},"content":"                        int indexOfTo \u003d line.indexOf(\"/to\");","lastModifiedDate":"2023-01-28"},{"lineNumber":102,"author":{"gitId":"Jeraldchen"},"content":"                        task \u003d new Event(line.substring(6, indexOfFrom), line.substring(indexOfFrom + 6, indexOfTo), line.substring(indexOfTo + 4));","lastModifiedDate":"2023-01-28"},{"lineNumber":103,"author":{"gitId":"Jeraldchen"},"content":"                    } catch (DukeException e) {","lastModifiedDate":"2023-02-02"},{"lineNumber":104,"author":{"gitId":"Jeraldchen"},"content":"                        System.out.println(e.getMessage());","lastModifiedDate":"2023-02-02"},{"lineNumber":105,"author":{"gitId":"Jeraldchen"},"content":"                        printLine();","lastModifiedDate":"2023-02-02"},{"lineNumber":106,"author":{"gitId":"Jeraldchen"},"content":"                        continue;","lastModifiedDate":"2023-02-02"},{"lineNumber":107,"author":{"gitId":"Jeraldchen"},"content":"                    }","lastModifiedDate":"2023-01-28"},{"lineNumber":108,"author":{"gitId":"Jeraldchen"},"content":"                }","lastModifiedDate":"2023-02-02"},{"lineNumber":109,"author":{"gitId":"Jeraldchen"},"content":"                try {","lastModifiedDate":"2023-02-02"},{"lineNumber":110,"author":{"gitId":"Jeraldchen"},"content":"                    checkCommand(lowerCaseLine);","lastModifiedDate":"2023-02-02"},{"lineNumber":111,"author":{"gitId":"Jeraldchen"},"content":"                    textList.add(task); //add all input except for list, bye, mark and unmark to array of tasks","lastModifiedDate":"2023-02-11"},{"lineNumber":112,"author":{"gitId":"Jeraldchen"},"content":"                    textListCount++; //counter to help input tasks into correct index in tasks array","lastModifiedDate":"2023-01-21"},{"lineNumber":113,"author":{"gitId":"Jeraldchen"},"content":"                    save.saveFile(textList);","lastModifiedDate":"2023-02-11"},{"lineNumber":114,"author":{"gitId":"Jeraldchen"},"content":"                    System.out.println(\"Got it. I\u0027ve added this task: \");","lastModifiedDate":"2023-01-28"},{"lineNumber":115,"author":{"gitId":"Jeraldchen"},"content":"                    System.out.println(\" \" + task.toString());","lastModifiedDate":"2023-01-28"},{"lineNumber":116,"author":{"gitId":"Jeraldchen"},"content":"                    System.out.println(\"Now you have \" + textListCount + \" tasks in the list.\");","lastModifiedDate":"2023-01-28"},{"lineNumber":117,"author":{"gitId":"Jeraldchen"},"content":"                    printLine();","lastModifiedDate":"2023-01-28"},{"lineNumber":118,"author":{"gitId":"Jeraldchen"},"content":"                } catch (DukeException e) {","lastModifiedDate":"2023-02-02"},{"lineNumber":119,"author":{"gitId":"Jeraldchen"},"content":"                    System.out.println(e.getMessage());","lastModifiedDate":"2023-02-02"},{"lineNumber":120,"author":{"gitId":"Jeraldchen"},"content":"                    printLine();","lastModifiedDate":"2023-02-02"},{"lineNumber":121,"author":{"gitId":"Jeraldchen"},"content":"                    continue;","lastModifiedDate":"2023-02-02"},{"lineNumber":122,"author":{"gitId":"Jeraldchen"},"content":"                }","lastModifiedDate":"2023-02-02"},{"lineNumber":123,"author":{"gitId":"Jeraldchen"},"content":"            }","lastModifiedDate":"2023-01-21"},{"lineNumber":124,"author":{"gitId":"Jeraldchen"},"content":"        }","lastModifiedDate":"2023-01-21"},{"lineNumber":125,"author":{"gitId":"-"},"content":"    }","lastModifiedDate":"2019-07-29"},{"lineNumber":126,"author":{"gitId":"-"},"content":"}","lastModifiedDate":"2019-07-29"}],"authorContributionMap":{"Jeraldchen":123,"-":3}},{"path":"src/main/java/DukeException.java","fileType":"java","lines":[{"lineNumber":1,"author":{"gitId":"Jeraldchen"},"content":"public class DukeException extends Exception {","lastModifiedDate":"2023-02-02"},{"lineNumber":2,"author":{"gitId":"Jeraldchen"},"content":"    public DukeException(String errorMessage) {","lastModifiedDate":"2023-02-02"},{"lineNumber":3,"author":{"gitId":"Jeraldchen"},"content":"        super(errorMessage);","lastModifiedDate":"2023-02-02"},{"lineNumber":4,"author":{"gitId":"Jeraldchen"},"content":"    }","lastModifiedDate":"2023-02-02"},{"lineNumber":5,"author":{"gitId":"Jeraldchen"},"content":"}","lastModifiedDate":"2023-02-02"}],"authorContributionMap":{"Jeraldchen":5}},{"path":"src/main/java/Event.java","fileType":"java","lines":[{"lineNumber":1,"author":{"gitId":"Jeraldchen"},"content":"import duke.Task;","lastModifiedDate":"2023-02-02"},{"lineNumber":2,"author":{"gitId":"Jeraldchen"},"content":"public class Event extends Task{","lastModifiedDate":"2023-01-28"},{"lineNumber":3,"author":{"gitId":"Jeraldchen"},"content":"    protected String from;","lastModifiedDate":"2023-01-28"},{"lineNumber":4,"author":{"gitId":"Jeraldchen"},"content":"    protected String to;","lastModifiedDate":"2023-01-28"},{"lineNumber":5,"author":{"gitId":"Jeraldchen"},"content":"    public Event (String description, String from, String to) {","lastModifiedDate":"2023-01-28"},{"lineNumber":6,"author":{"gitId":"Jeraldchen"},"content":"        super(description);","lastModifiedDate":"2023-01-28"},{"lineNumber":7,"author":{"gitId":"Jeraldchen"},"content":"        this.from \u003d from;","lastModifiedDate":"2023-01-28"},{"lineNumber":8,"author":{"gitId":"Jeraldchen"},"content":"        this.to \u003d to;","lastModifiedDate":"2023-01-28"},{"lineNumber":9,"author":{"gitId":"Jeraldchen"},"content":"    }","lastModifiedDate":"2023-01-28"},{"lineNumber":10,"author":{"gitId":"Jeraldchen"},"content":"","lastModifiedDate":"2023-01-28"},{"lineNumber":11,"author":{"gitId":"Jeraldchen"},"content":"    @Override","lastModifiedDate":"2023-01-28"},{"lineNumber":12,"author":{"gitId":"Jeraldchen"},"content":"    public String toString() {","lastModifiedDate":"2023-01-28"},{"lineNumber":13,"author":{"gitId":"Jeraldchen"},"content":"        return \"[E]\" + super.toString() + \" (from: \" + from + \" to: \" + to + \")\";","lastModifiedDate":"2023-01-28"},{"lineNumber":14,"author":{"gitId":"Jeraldchen"},"content":"    }","lastModifiedDate":"2023-01-28"},{"lineNumber":15,"author":{"gitId":"Jeraldchen"},"content":"}","lastModifiedDate":"2023-01-28"}],"authorContributionMap":{"Jeraldchen":15}},{"path":"src/main/java/Save.java","fileType":"java","lines":[{"lineNumber":1,"author":{"gitId":"Jeraldchen"},"content":"import java.io.File;","lastModifiedDate":"2023-02-11"},{"lineNumber":2,"author":{"gitId":"Jeraldchen"},"content":"import java.io.FileInputStream;","lastModifiedDate":"2023-02-12"},{"lineNumber":3,"author":{"gitId":"Jeraldchen"},"content":"import java.io.FileWriter;","lastModifiedDate":"2023-02-11"},{"lineNumber":4,"author":{"gitId":"Jeraldchen"},"content":"import java.io.IOException;","lastModifiedDate":"2023-02-11"},{"lineNumber":5,"author":{"gitId":"Jeraldchen"},"content":"import java.util.ArrayList;","lastModifiedDate":"2023-02-11"},{"lineNumber":6,"author":{"gitId":"Jeraldchen"},"content":"import java.util.Scanner;","lastModifiedDate":"2023-02-11"},{"lineNumber":7,"author":{"gitId":"Jeraldchen"},"content":"import java.io.FileNotFoundException;","lastModifiedDate":"2023-02-11"},{"lineNumber":8,"author":{"gitId":"Jeraldchen"},"content":"import duke.Task;","lastModifiedDate":"2023-02-11"},{"lineNumber":9,"author":{"gitId":"Jeraldchen"},"content":"","lastModifiedDate":"2023-02-11"},{"lineNumber":10,"author":{"gitId":"Jeraldchen"},"content":"public class Save {","lastModifiedDate":"2023-02-11"},{"lineNumber":11,"author":{"gitId":"Jeraldchen"},"content":"    private static String filePath \u003d \"data/duke.txt\";","lastModifiedDate":"2023-02-11"},{"lineNumber":12,"author":{"gitId":"Jeraldchen"},"content":"","lastModifiedDate":"2023-02-11"},{"lineNumber":13,"author":{"gitId":"Jeraldchen"},"content":"    public Save(String filePath) {","lastModifiedDate":"2023-02-11"},{"lineNumber":14,"author":{"gitId":"Jeraldchen"},"content":"        Save.filePath \u003d filePath;","lastModifiedDate":"2023-02-11"},{"lineNumber":15,"author":{"gitId":"Jeraldchen"},"content":"    }","lastModifiedDate":"2023-02-11"},{"lineNumber":16,"author":{"gitId":"Jeraldchen"},"content":"","lastModifiedDate":"2023-02-11"},{"lineNumber":17,"author":{"gitId":"Jeraldchen"},"content":"    public static void saveFile(ArrayList\u003cTask\u003e textList) throws IOException {","lastModifiedDate":"2023-02-11"},{"lineNumber":18,"author":{"gitId":"Jeraldchen"},"content":"        FileWriter fw \u003d new FileWriter(\"data/duke.txt\");","lastModifiedDate":"2023-02-11"},{"lineNumber":19,"author":{"gitId":"Jeraldchen"},"content":"        for (Task task : textList) {","lastModifiedDate":"2023-02-11"},{"lineNumber":20,"author":{"gitId":"Jeraldchen"},"content":"            if (task instanceof Todo) {","lastModifiedDate":"2023-02-11"},{"lineNumber":21,"author":{"gitId":"Jeraldchen"},"content":"                fw.write(\"T | \" + (task.isDone ? \"1\" : \"0\") + \" | \" + task.description + System.lineSeparator());","lastModifiedDate":"2023-02-11"},{"lineNumber":22,"author":{"gitId":"Jeraldchen"},"content":"            } else if (task instanceof Deadline) {","lastModifiedDate":"2023-02-11"},{"lineNumber":23,"author":{"gitId":"Jeraldchen"},"content":"                Deadline deadline \u003d (Deadline) task;","lastModifiedDate":"2023-02-11"},{"lineNumber":24,"author":{"gitId":"Jeraldchen"},"content":"                fw.write(\"D | \" + (task.isDone ? \"1\" : \"0\") + \" | \" + task.description + \"| \" + deadline.by + System.lineSeparator());","lastModifiedDate":"2023-02-11"},{"lineNumber":25,"author":{"gitId":"Jeraldchen"},"content":"            } else if (task instanceof Event) {","lastModifiedDate":"2023-02-11"},{"lineNumber":26,"author":{"gitId":"Jeraldchen"},"content":"                Event event \u003d (Event) task;","lastModifiedDate":"2023-02-11"},{"lineNumber":27,"author":{"gitId":"Jeraldchen"},"content":"                fw.write(\"E | \" + (task.isDone ? \"1\" : \"0\") + \" | \" + task.description + \"| \" + event.from + \"-\" + event.to + System.lineSeparator());","lastModifiedDate":"2023-02-11"},{"lineNumber":28,"author":{"gitId":"Jeraldchen"},"content":"            }","lastModifiedDate":"2023-02-11"},{"lineNumber":29,"author":{"gitId":"Jeraldchen"},"content":"        }","lastModifiedDate":"2023-02-11"},{"lineNumber":30,"author":{"gitId":"Jeraldchen"},"content":"        fw.close();","lastModifiedDate":"2023-02-11"},{"lineNumber":31,"author":{"gitId":"Jeraldchen"},"content":"    }","lastModifiedDate":"2023-02-11"},{"lineNumber":32,"author":{"gitId":"Jeraldchen"},"content":"    public static void readFile(ArrayList\u003cTask\u003e textList) throws FileNotFoundException, ArrayIndexOutOfBoundsException {","lastModifiedDate":"2023-02-11"},{"lineNumber":33,"author":{"gitId":"Jeraldchen"},"content":"        File f \u003d new File(\"data/duke.txt\"); // create a File for the given file path","lastModifiedDate":"2023-02-11"},{"lineNumber":34,"author":{"gitId":"Jeraldchen"},"content":"        Scanner s \u003d new Scanner(new FileInputStream((\"data/duke.txt\"))); // create a Scanner using the File as the source","lastModifiedDate":"2023-02-12"},{"lineNumber":35,"author":{"gitId":"Jeraldchen"},"content":"        while (s.hasNext()) {","lastModifiedDate":"2023-02-11"},{"lineNumber":36,"author":{"gitId":"Jeraldchen"},"content":"            String line \u003d s.nextLine();","lastModifiedDate":"2023-02-11"},{"lineNumber":37,"author":{"gitId":"Jeraldchen"},"content":"            String[] lineArray \u003d line.split(\"\\\\|\");","lastModifiedDate":"2023-02-11"},{"lineNumber":38,"author":{"gitId":"Jeraldchen"},"content":"            String taskType \u003d lineArray[0].trim(); //use trim to remove whitespaces","lastModifiedDate":"2023-02-11"},{"lineNumber":39,"author":{"gitId":"Jeraldchen"},"content":"            boolean isDone \u003d lineArray[1].trim().equals(\"1\"); //check if is 1 (means [X]) or 0 (means [ ])","lastModifiedDate":"2023-02-11"},{"lineNumber":40,"author":{"gitId":"Jeraldchen"},"content":"            String description \u003d lineArray[2].trim();","lastModifiedDate":"2023-02-11"},{"lineNumber":41,"author":{"gitId":"Jeraldchen"},"content":"            if (taskType.equals(\"T\")) {","lastModifiedDate":"2023-02-11"},{"lineNumber":42,"author":{"gitId":"Jeraldchen"},"content":"                Todo todo \u003d new Todo(description);","lastModifiedDate":"2023-02-11"},{"lineNumber":43,"author":{"gitId":"Jeraldchen"},"content":"                if (isDone) {","lastModifiedDate":"2023-02-11"},{"lineNumber":44,"author":{"gitId":"Jeraldchen"},"content":"                    todo.markAsDone();","lastModifiedDate":"2023-02-11"},{"lineNumber":45,"author":{"gitId":"Jeraldchen"},"content":"                }","lastModifiedDate":"2023-02-11"},{"lineNumber":46,"author":{"gitId":"Jeraldchen"},"content":"                textList.add(todo);","lastModifiedDate":"2023-02-11"},{"lineNumber":47,"author":{"gitId":"Jeraldchen"},"content":"            } else if (taskType.equals(\"D\")) {","lastModifiedDate":"2023-02-11"},{"lineNumber":48,"author":{"gitId":"Jeraldchen"},"content":"                String by \u003d lineArray[3].trim();","lastModifiedDate":"2023-02-11"},{"lineNumber":49,"author":{"gitId":"Jeraldchen"},"content":"                Deadline deadline \u003d new Deadline(description, by);","lastModifiedDate":"2023-02-11"},{"lineNumber":50,"author":{"gitId":"Jeraldchen"},"content":"                if (isDone) {","lastModifiedDate":"2023-02-11"},{"lineNumber":51,"author":{"gitId":"Jeraldchen"},"content":"                    deadline.markAsDone();","lastModifiedDate":"2023-02-11"},{"lineNumber":52,"author":{"gitId":"Jeraldchen"},"content":"                }","lastModifiedDate":"2023-02-11"},{"lineNumber":53,"author":{"gitId":"Jeraldchen"},"content":"                textList.add(deadline);","lastModifiedDate":"2023-02-11"},{"lineNumber":54,"author":{"gitId":"Jeraldchen"},"content":"            } else if (taskType.equals(\"E\")) {","lastModifiedDate":"2023-02-11"},{"lineNumber":55,"author":{"gitId":"Jeraldchen"},"content":"                String[] timeArray \u003d lineArray[3].trim().split(\"-\");","lastModifiedDate":"2023-02-11"},{"lineNumber":56,"author":{"gitId":"Jeraldchen"},"content":"                String from \u003d timeArray[0].trim();","lastModifiedDate":"2023-02-11"},{"lineNumber":57,"author":{"gitId":"Jeraldchen"},"content":"                String to \u003d timeArray[1].trim();","lastModifiedDate":"2023-02-11"},{"lineNumber":58,"author":{"gitId":"Jeraldchen"},"content":"                Event event \u003d new Event(description, from, to);","lastModifiedDate":"2023-02-11"},{"lineNumber":59,"author":{"gitId":"Jeraldchen"},"content":"                if (isDone) {","lastModifiedDate":"2023-02-11"},{"lineNumber":60,"author":{"gitId":"Jeraldchen"},"content":"                    event.markAsDone();","lastModifiedDate":"2023-02-11"},{"lineNumber":61,"author":{"gitId":"Jeraldchen"},"content":"                }","lastModifiedDate":"2023-02-11"},{"lineNumber":62,"author":{"gitId":"Jeraldchen"},"content":"                textList.add(event);","lastModifiedDate":"2023-02-11"},{"lineNumber":63,"author":{"gitId":"Jeraldchen"},"content":"            }","lastModifiedDate":"2023-02-11"},{"lineNumber":64,"author":{"gitId":"Jeraldchen"},"content":"        }","lastModifiedDate":"2023-02-11"},{"lineNumber":65,"author":{"gitId":"Jeraldchen"},"content":"    }","lastModifiedDate":"2023-02-11"},{"lineNumber":66,"author":{"gitId":"Jeraldchen"},"content":"}","lastModifiedDate":"2023-02-11"}],"authorContributionMap":{"Jeraldchen":66}},{"path":"src/main/java/Todo.java","fileType":"java","lines":[{"lineNumber":1,"author":{"gitId":"Jeraldchen"},"content":"import duke.Task;","lastModifiedDate":"2023-02-02"},{"lineNumber":2,"author":{"gitId":"Jeraldchen"},"content":"public class Todo extends Task{","lastModifiedDate":"2023-01-28"},{"lineNumber":3,"author":{"gitId":"Jeraldchen"},"content":"    public Todo(String description) {","lastModifiedDate":"2023-01-28"},{"lineNumber":4,"author":{"gitId":"Jeraldchen"},"content":"        super(description);","lastModifiedDate":"2023-01-28"},{"lineNumber":5,"author":{"gitId":"Jeraldchen"},"content":"    }","lastModifiedDate":"2023-01-28"},{"lineNumber":6,"author":{"gitId":"Jeraldchen"},"content":"    @Override","lastModifiedDate":"2023-01-28"},{"lineNumber":7,"author":{"gitId":"Jeraldchen"},"content":"    public String toString() {","lastModifiedDate":"2023-01-28"},{"lineNumber":8,"author":{"gitId":"Jeraldchen"},"content":"        return \"[T]\" + super.toString();","lastModifiedDate":"2023-01-28"},{"lineNumber":9,"author":{"gitId":"Jeraldchen"},"content":"    }","lastModifiedDate":"2023-01-28"},{"lineNumber":10,"author":{"gitId":"Jeraldchen"},"content":"}","lastModifiedDate":"2023-01-28"}],"authorContributionMap":{"Jeraldchen":10}},{"path":"src/main/java/duke/Task.java","fileType":"java","lines":[{"lineNumber":1,"author":{"gitId":"Jeraldchen"},"content":"package duke;","lastModifiedDate":"2023-02-02"},{"lineNumber":2,"author":{"gitId":"Jeraldchen"},"content":"public class Task {","lastModifiedDate":"2023-01-21"},{"lineNumber":3,"author":{"gitId":"Jeraldchen"},"content":"    public String description;","lastModifiedDate":"2023-02-11"},{"lineNumber":4,"author":{"gitId":"Jeraldchen"},"content":"    public String by;","lastModifiedDate":"2023-02-11"},{"lineNumber":5,"author":{"gitId":"Jeraldchen"},"content":"    public String from;","lastModifiedDate":"2023-02-11"},{"lineNumber":6,"author":{"gitId":"Jeraldchen"},"content":"    public String to;","lastModifiedDate":"2023-02-11"},{"lineNumber":7,"author":{"gitId":"Jeraldchen"},"content":"    public boolean isDone;","lastModifiedDate":"2023-02-11"},{"lineNumber":8,"author":{"gitId":"Jeraldchen"},"content":"","lastModifiedDate":"2023-01-21"},{"lineNumber":9,"author":{"gitId":"Jeraldchen"},"content":"    public Task(String description) {","lastModifiedDate":"2023-01-21"},{"lineNumber":10,"author":{"gitId":"Jeraldchen"},"content":"        this.description \u003d description;","lastModifiedDate":"2023-01-21"},{"lineNumber":11,"author":{"gitId":"Jeraldchen"},"content":"        this.isDone \u003d false;","lastModifiedDate":"2023-01-21"},{"lineNumber":12,"author":{"gitId":"Jeraldchen"},"content":"    }","lastModifiedDate":"2023-01-21"},{"lineNumber":13,"author":{"gitId":"Jeraldchen"},"content":"","lastModifiedDate":"2023-01-21"},{"lineNumber":14,"author":{"gitId":"Jeraldchen"},"content":"    public String getStatusIcon() {","lastModifiedDate":"2023-01-21"},{"lineNumber":15,"author":{"gitId":"Jeraldchen"},"content":"        return (isDone ? \"X\" : \" \");","lastModifiedDate":"2023-01-21"},{"lineNumber":16,"author":{"gitId":"Jeraldchen"},"content":"    }","lastModifiedDate":"2023-01-21"},{"lineNumber":17,"author":{"gitId":"Jeraldchen"},"content":"","lastModifiedDate":"2023-01-21"},{"lineNumber":18,"author":{"gitId":"Jeraldchen"},"content":"    public void markAsDone() {","lastModifiedDate":"2023-01-21"},{"lineNumber":19,"author":{"gitId":"Jeraldchen"},"content":"        this.isDone \u003d true;","lastModifiedDate":"2023-01-21"},{"lineNumber":20,"author":{"gitId":"Jeraldchen"},"content":"    }","lastModifiedDate":"2023-01-21"},{"lineNumber":21,"author":{"gitId":"Jeraldchen"},"content":"","lastModifiedDate":"2023-01-21"},{"lineNumber":22,"author":{"gitId":"Jeraldchen"},"content":"    public void unmarkAsDone() {","lastModifiedDate":"2023-01-21"},{"lineNumber":23,"author":{"gitId":"Jeraldchen"},"content":"        this.isDone \u003d false;","lastModifiedDate":"2023-01-21"},{"lineNumber":24,"author":{"gitId":"Jeraldchen"},"content":"    }","lastModifiedDate":"2023-01-21"},{"lineNumber":25,"author":{"gitId":"Jeraldchen"},"content":"    public String toString() {","lastModifiedDate":"2023-01-28"},{"lineNumber":26,"author":{"gitId":"Jeraldchen"},"content":"        return \"[\" + getStatusIcon() + \"] \" + description;","lastModifiedDate":"2023-01-28"},{"lineNumber":27,"author":{"gitId":"Jeraldchen"},"content":"    }","lastModifiedDate":"2023-01-28"},{"lineNumber":28,"author":{"gitId":"Jeraldchen"},"content":"}","lastModifiedDate":"2023-01-21"}],"authorContributionMap":{"Jeraldchen":28}}]
