[{"path":"src/main/java/Deadline.java","fileType":"java","lines":[{"lineNumber":1,"author":{"gitId":"typingpanda"},"content":"public class Deadline extends Task {","lastModifiedDate":"2023-01-29"},{"lineNumber":2,"author":{"gitId":"typingpanda"},"content":"    protected String dueDate;","lastModifiedDate":"2023-01-29"},{"lineNumber":3,"author":{"gitId":"typingpanda"},"content":"","lastModifiedDate":"2023-01-29"},{"lineNumber":4,"author":{"gitId":"typingpanda"},"content":"    public Deadline(String description, String by) {","lastModifiedDate":"2023-01-29"},{"lineNumber":5,"author":{"gitId":"typingpanda"},"content":"        super(description);","lastModifiedDate":"2023-01-29"},{"lineNumber":6,"author":{"gitId":"typingpanda"},"content":"        this.dueDate \u003d by;","lastModifiedDate":"2023-01-29"},{"lineNumber":7,"author":{"gitId":"typingpanda"},"content":"    }","lastModifiedDate":"2023-01-29"},{"lineNumber":8,"author":{"gitId":"typingpanda"},"content":"","lastModifiedDate":"2023-01-29"},{"lineNumber":9,"author":{"gitId":"typingpanda"},"content":"    @Override","lastModifiedDate":"2023-01-29"},{"lineNumber":10,"author":{"gitId":"typingpanda"},"content":"    public String describeTask() {","lastModifiedDate":"2023-01-29"},{"lineNumber":11,"author":{"gitId":"typingpanda"},"content":"        return \"[D]\" + super.describeTask() + \" (by: \" + dueDate + \")\";","lastModifiedDate":"2023-01-29"},{"lineNumber":12,"author":{"gitId":"typingpanda"},"content":"    }","lastModifiedDate":"2023-01-29"},{"lineNumber":13,"author":{"gitId":"typingpanda"},"content":"}","lastModifiedDate":"2023-01-29"},{"lineNumber":14,"author":{"gitId":"typingpanda"},"content":"    ","lastModifiedDate":"2023-01-29"},{"lineNumber":15,"author":{"gitId":"typingpanda"},"content":"","lastModifiedDate":"2023-01-29"}],"authorContributionMap":{"typingpanda":15}},{"path":"src/main/java/Duke.java","fileType":"java","lines":[{"lineNumber":1,"author":{"gitId":"typingpanda"},"content":"","lastModifiedDate":"2023-01-26"},{"lineNumber":2,"author":{"gitId":"typingpanda"},"content":"// import java.util.Arrays;","lastModifiedDate":"2023-01-26"},{"lineNumber":3,"author":{"gitId":"typingpanda"},"content":"import java.util.Scanner;","lastModifiedDate":"2023-01-26"},{"lineNumber":4,"author":{"gitId":"typingpanda"},"content":"","lastModifiedDate":"2023-01-26"},{"lineNumber":5,"author":{"gitId":"-"},"content":"public class Duke {","lastModifiedDate":"2019-07-29"},{"lineNumber":6,"author":{"gitId":"typingpanda"},"content":"","lastModifiedDate":"2023-01-26"},{"lineNumber":7,"author":{"gitId":"typingpanda"},"content":"    public static void listTask(Task[] list) {","lastModifiedDate":"2023-01-27"},{"lineNumber":8,"author":{"gitId":"typingpanda"},"content":"        if (list[0] \u003d\u003d null) {","lastModifiedDate":"2023-01-27"},{"lineNumber":9,"author":{"gitId":"typingpanda"},"content":"            System.out.println(\"You have no tasks in your list yet!\");","lastModifiedDate":"2023-01-27"},{"lineNumber":10,"author":{"gitId":"typingpanda"},"content":"            return;","lastModifiedDate":"2023-01-27"},{"lineNumber":11,"author":{"gitId":"typingpanda"},"content":"        }","lastModifiedDate":"2023-01-27"},{"lineNumber":12,"author":{"gitId":"typingpanda"},"content":"","lastModifiedDate":"2023-01-27"},{"lineNumber":13,"author":{"gitId":"typingpanda"},"content":"        int existingTaskCount \u003d 1;","lastModifiedDate":"2023-02-03"},{"lineNumber":14,"author":{"gitId":"typingpanda"},"content":"        for (Task item : list) {","lastModifiedDate":"2023-01-27"},{"lineNumber":15,"author":{"gitId":"typingpanda"},"content":"            if (item !\u003d null) {","lastModifiedDate":"2023-01-26"},{"lineNumber":16,"author":{"gitId":"typingpanda"},"content":"                System.out.println(existingTaskCount + \". \" + item.describeTask());","lastModifiedDate":"2023-02-03"},{"lineNumber":17,"author":{"gitId":"typingpanda"},"content":"                existingTaskCount++;","lastModifiedDate":"2023-02-03"},{"lineNumber":18,"author":{"gitId":"typingpanda"},"content":"            } else {","lastModifiedDate":"2023-01-26"},{"lineNumber":19,"author":{"gitId":"typingpanda"},"content":"                continue;","lastModifiedDate":"2023-01-29"},{"lineNumber":20,"author":{"gitId":"typingpanda"},"content":"            }","lastModifiedDate":"2023-01-26"},{"lineNumber":21,"author":{"gitId":"typingpanda"},"content":"        }","lastModifiedDate":"2023-01-26"},{"lineNumber":22,"author":{"gitId":"typingpanda"},"content":"","lastModifiedDate":"2023-01-29"},{"lineNumber":23,"author":{"gitId":"typingpanda"},"content":"        System.out.println(\"\\nYou have \" + (existingTaskCount - 1) + \" tasks in the list.\\n\");","lastModifiedDate":"2023-02-03"},{"lineNumber":24,"author":{"gitId":"typingpanda"},"content":"    }","lastModifiedDate":"2023-01-26"},{"lineNumber":25,"author":{"gitId":"typingpanda"},"content":"","lastModifiedDate":"2023-01-26"},{"lineNumber":26,"author":{"gitId":"typingpanda"},"content":"    public static String getFirstWord(String s) {","lastModifiedDate":"2023-01-27"},{"lineNumber":27,"author":{"gitId":"typingpanda"},"content":"        String[] words \u003d s.split(\" \");","lastModifiedDate":"2023-01-27"},{"lineNumber":28,"author":{"gitId":"typingpanda"},"content":"        return words[0];","lastModifiedDate":"2023-01-27"},{"lineNumber":29,"author":{"gitId":"typingpanda"},"content":"    }","lastModifiedDate":"2023-01-27"},{"lineNumber":30,"author":{"gitId":"typingpanda"},"content":"","lastModifiedDate":"2023-01-27"},{"lineNumber":31,"author":{"gitId":"typingpanda"},"content":"    public static String getSecondWord(String s) {","lastModifiedDate":"2023-01-27"},{"lineNumber":32,"author":{"gitId":"typingpanda"},"content":"        int index \u003d s.indexOf(\" \");","lastModifiedDate":"2023-01-27"},{"lineNumber":33,"author":{"gitId":"typingpanda"},"content":"        String sub \u003d s.substring(index + 1);","lastModifiedDate":"2023-01-27"},{"lineNumber":34,"author":{"gitId":"typingpanda"},"content":"        return sub;","lastModifiedDate":"2023-01-27"},{"lineNumber":35,"author":{"gitId":"typingpanda"},"content":"    }","lastModifiedDate":"2023-01-27"},{"lineNumber":36,"author":{"gitId":"typingpanda"},"content":"","lastModifiedDate":"2023-01-27"},{"lineNumber":37,"author":{"gitId":"typingpanda"},"content":"    public static void markTask(Task[] list, int index) {","lastModifiedDate":"2023-01-27"},{"lineNumber":38,"author":{"gitId":"typingpanda"},"content":"        list[index - 1].markAsDone();","lastModifiedDate":"2023-01-27"},{"lineNumber":39,"author":{"gitId":"typingpanda"},"content":"        System.out.println(\"Nice! I\u0027ve marked this task as done:\\n\" + list[index - 1].describeTask() + \"\\n\");","lastModifiedDate":"2023-01-27"},{"lineNumber":40,"author":{"gitId":"typingpanda"},"content":"    }","lastModifiedDate":"2023-01-27"},{"lineNumber":41,"author":{"gitId":"typingpanda"},"content":"","lastModifiedDate":"2023-01-27"},{"lineNumber":42,"author":{"gitId":"typingpanda"},"content":"    public static void unmarkTask(Task[] list, int index) {","lastModifiedDate":"2023-01-27"},{"lineNumber":43,"author":{"gitId":"typingpanda"},"content":"        list[index - 1].unmarkAsDone();","lastModifiedDate":"2023-01-27"},{"lineNumber":44,"author":{"gitId":"typingpanda"},"content":"        System.out.println(\"OK, Ive marked this task as not done yet:\\n\" + list[index - 1].describeTask() + \"\\n\");","lastModifiedDate":"2023-01-27"},{"lineNumber":45,"author":{"gitId":"typingpanda"},"content":"    }","lastModifiedDate":"2023-01-27"},{"lineNumber":46,"author":{"gitId":"typingpanda"},"content":"","lastModifiedDate":"2023-01-27"},{"lineNumber":47,"author":{"gitId":"-"},"content":"    public static void main(String[] args) {","lastModifiedDate":"2019-07-29"},{"lineNumber":48,"author":{"gitId":"typingpanda"},"content":"        System.out.println(\"Hello! I\u0027m Duke\\nWhat can I do for you?\");","lastModifiedDate":"2023-01-26"},{"lineNumber":49,"author":{"gitId":"typingpanda"},"content":"        Scanner in \u003d new Scanner(System.in);","lastModifiedDate":"2023-01-26"},{"lineNumber":50,"author":{"gitId":"typingpanda"},"content":"        boolean isComplete \u003d false;","lastModifiedDate":"2023-01-27"},{"lineNumber":51,"author":{"gitId":"typingpanda"},"content":"","lastModifiedDate":"2023-01-27"},{"lineNumber":52,"author":{"gitId":"typingpanda"},"content":"        while (!isComplete) {","lastModifiedDate":"2023-01-27"},{"lineNumber":53,"author":{"gitId":"typingpanda"},"content":"","lastModifiedDate":"2023-01-27"},{"lineNumber":54,"author":{"gitId":"typingpanda"},"content":"            String line \u003d in.nextLine();","lastModifiedDate":"2023-01-27"},{"lineNumber":55,"author":{"gitId":"typingpanda"},"content":"            String firstWord \u003d getFirstWord(line);","lastModifiedDate":"2023-01-27"},{"lineNumber":56,"author":{"gitId":"typingpanda"},"content":"            Task[] taskList \u003d TaskManager.getTaskList();","lastModifiedDate":"2023-02-03"},{"lineNumber":57,"author":{"gitId":"typingpanda"},"content":"","lastModifiedDate":"2023-01-27"},{"lineNumber":58,"author":{"gitId":"typingpanda"},"content":"            switch (firstWord) {","lastModifiedDate":"2023-01-27"},{"lineNumber":59,"author":{"gitId":"typingpanda"},"content":"            case \"mark\":","lastModifiedDate":"2023-01-27"},{"lineNumber":60,"author":{"gitId":"typingpanda"},"content":"                markTask(taskList, Integer.parseInt(getSecondWord(line)));","lastModifiedDate":"2023-01-27"},{"lineNumber":61,"author":{"gitId":"typingpanda"},"content":"                break;","lastModifiedDate":"2023-01-27"},{"lineNumber":62,"author":{"gitId":"typingpanda"},"content":"            case \"unmark\":","lastModifiedDate":"2023-01-27"},{"lineNumber":63,"author":{"gitId":"typingpanda"},"content":"                unmarkTask(taskList, Integer.parseInt(getSecondWord(line)));","lastModifiedDate":"2023-01-27"},{"lineNumber":64,"author":{"gitId":"typingpanda"},"content":"                break;","lastModifiedDate":"2023-01-27"},{"lineNumber":65,"author":{"gitId":"typingpanda"},"content":"            case \"list\":","lastModifiedDate":"2023-01-27"},{"lineNumber":66,"author":{"gitId":"typingpanda"},"content":"                listTask(taskList);","lastModifiedDate":"2023-01-27"},{"lineNumber":67,"author":{"gitId":"typingpanda"},"content":"                break;","lastModifiedDate":"2023-01-27"},{"lineNumber":68,"author":{"gitId":"typingpanda"},"content":"            case \"todo\":","lastModifiedDate":"2023-01-29"},{"lineNumber":69,"author":{"gitId":"typingpanda"},"content":"                getTodoDetails(line);","lastModifiedDate":"2023-01-29"},{"lineNumber":70,"author":{"gitId":"typingpanda"},"content":"                break;","lastModifiedDate":"2023-01-29"},{"lineNumber":71,"author":{"gitId":"typingpanda"},"content":"            case \"deadline\":","lastModifiedDate":"2023-01-29"},{"lineNumber":72,"author":{"gitId":"typingpanda"},"content":"                getDeadlineDetails(line);","lastModifiedDate":"2023-02-03"},{"lineNumber":73,"author":{"gitId":"typingpanda"},"content":"                break;","lastModifiedDate":"2023-01-29"},{"lineNumber":74,"author":{"gitId":"typingpanda"},"content":"            case \"event\":","lastModifiedDate":"2023-01-29"},{"lineNumber":75,"author":{"gitId":"typingpanda"},"content":"                getEventDetails(line);","lastModifiedDate":"2023-01-29"},{"lineNumber":76,"author":{"gitId":"typingpanda"},"content":"                break;","lastModifiedDate":"2023-01-29"},{"lineNumber":77,"author":{"gitId":"typingpanda"},"content":"            case \"bye\":","lastModifiedDate":"2023-01-27"},{"lineNumber":78,"author":{"gitId":"typingpanda"},"content":"                isComplete \u003d true;","lastModifiedDate":"2023-01-27"},{"lineNumber":79,"author":{"gitId":"typingpanda"},"content":"                break;","lastModifiedDate":"2023-01-27"},{"lineNumber":80,"author":{"gitId":"typingpanda"},"content":"            default:","lastModifiedDate":"2023-01-27"},{"lineNumber":81,"author":{"gitId":"typingpanda"},"content":"                System.out.println(\"Unrecognized command. Please try again.\");","lastModifiedDate":"2023-01-29"},{"lineNumber":82,"author":{"gitId":"typingpanda"},"content":"                break;","lastModifiedDate":"2023-01-29"},{"lineNumber":83,"author":{"gitId":"typingpanda"},"content":"            }","lastModifiedDate":"2023-01-27"},{"lineNumber":84,"author":{"gitId":"typingpanda"},"content":"        }","lastModifiedDate":"2023-01-26"},{"lineNumber":85,"author":{"gitId":"typingpanda"},"content":"","lastModifiedDate":"2023-01-26"},{"lineNumber":86,"author":{"gitId":"typingpanda"},"content":"        in.close();","lastModifiedDate":"2023-01-26"},{"lineNumber":87,"author":{"gitId":"typingpanda"},"content":"        System.out.println(\"Bye. Hope to see you again soon!\");","lastModifiedDate":"2023-01-25"},{"lineNumber":88,"author":{"gitId":"-"},"content":"    }","lastModifiedDate":"2019-07-29"},{"lineNumber":89,"author":{"gitId":"typingpanda"},"content":"","lastModifiedDate":"2023-01-29"},{"lineNumber":90,"author":{"gitId":"typingpanda"},"content":"    private static void getTodoDetails(String line) {","lastModifiedDate":"2023-01-29"},{"lineNumber":91,"author":{"gitId":"typingpanda"},"content":"        String todoLine \u003d getSecondWord(line);","lastModifiedDate":"2023-01-29"},{"lineNumber":92,"author":{"gitId":"typingpanda"},"content":"        Todo todoTask \u003d new Todo(todoLine);","lastModifiedDate":"2023-01-29"},{"lineNumber":93,"author":{"gitId":"typingpanda"},"content":"        TaskManager.addTask(todoTask);","lastModifiedDate":"2023-02-03"},{"lineNumber":94,"author":{"gitId":"typingpanda"},"content":"        System.out.println(\"Got it. I\u0027ve added this task:\\n\" + todoTask.describeTask());","lastModifiedDate":"2023-01-29"},{"lineNumber":95,"author":{"gitId":"typingpanda"},"content":"        System.out.println(\"\\nNow you have \" + TaskManager.getTaskCount() + \" tasks in the list.\\n\");","lastModifiedDate":"2023-02-03"},{"lineNumber":96,"author":{"gitId":"typingpanda"},"content":"    }","lastModifiedDate":"2023-01-29"},{"lineNumber":97,"author":{"gitId":"typingpanda"},"content":"","lastModifiedDate":"2023-01-29"},{"lineNumber":98,"author":{"gitId":"typingpanda"},"content":"    private static void getDeadlineDetails(String line) {","lastModifiedDate":"2023-02-03"},{"lineNumber":99,"author":{"gitId":"typingpanda"},"content":"        String deadlineLine \u003d getSecondWord(line);","lastModifiedDate":"2023-01-29"},{"lineNumber":100,"author":{"gitId":"typingpanda"},"content":"        int index \u003d deadlineLine.indexOf(\"/\");","lastModifiedDate":"2023-01-29"},{"lineNumber":101,"author":{"gitId":"typingpanda"},"content":"        String deadlineDescription \u003d deadlineLine.substring(0, index - 1);","lastModifiedDate":"2023-01-29"},{"lineNumber":102,"author":{"gitId":"typingpanda"},"content":"        String deadlineDate \u003d deadlineLine.substring(index + 4);","lastModifiedDate":"2023-01-29"},{"lineNumber":103,"author":{"gitId":"typingpanda"},"content":"        Deadline deadlineTask \u003d new Deadline(deadlineDescription, deadlineDate);","lastModifiedDate":"2023-01-29"},{"lineNumber":104,"author":{"gitId":"typingpanda"},"content":"        TaskManager.addTask(deadlineTask);","lastModifiedDate":"2023-02-03"},{"lineNumber":105,"author":{"gitId":"typingpanda"},"content":"        System.out.println(\"Got it. I\u0027ve added this task:\\n\" + deadlineTask.describeTask());","lastModifiedDate":"2023-01-29"},{"lineNumber":106,"author":{"gitId":"typingpanda"},"content":"        System.out.println(\"\\nNow you have \" + TaskManager.getTaskCount() + \" tasks in the list.\\n\");","lastModifiedDate":"2023-02-03"},{"lineNumber":107,"author":{"gitId":"typingpanda"},"content":"    }","lastModifiedDate":"2023-01-29"},{"lineNumber":108,"author":{"gitId":"typingpanda"},"content":"","lastModifiedDate":"2023-01-29"},{"lineNumber":109,"author":{"gitId":"typingpanda"},"content":"    private static void getEventDetails(String line) {","lastModifiedDate":"2023-01-29"},{"lineNumber":110,"author":{"gitId":"typingpanda"},"content":"        String eventLine \u003d getSecondWord(line);","lastModifiedDate":"2023-01-29"},{"lineNumber":111,"author":{"gitId":"typingpanda"},"content":"        int index2 \u003d eventLine.indexOf(\"/\");","lastModifiedDate":"2023-01-29"},{"lineNumber":112,"author":{"gitId":"typingpanda"},"content":"        String eventDescription \u003d eventLine.substring(0, index2 - 1);","lastModifiedDate":"2023-01-29"},{"lineNumber":113,"author":{"gitId":"typingpanda"},"content":"        String eventDate \u003d eventLine.substring(index2 + 4);","lastModifiedDate":"2023-01-29"},{"lineNumber":114,"author":{"gitId":"typingpanda"},"content":"        int index3 \u003d eventDate.indexOf(\"/\");","lastModifiedDate":"2023-01-29"},{"lineNumber":115,"author":{"gitId":"typingpanda"},"content":"        String eventFrom \u003d eventDate.substring(2, index3 - 1);","lastModifiedDate":"2023-01-29"},{"lineNumber":116,"author":{"gitId":"typingpanda"},"content":"        String eventTo \u003d eventDate.substring(index3 + 4);","lastModifiedDate":"2023-01-29"},{"lineNumber":117,"author":{"gitId":"typingpanda"},"content":"        Event eventTask \u003d new Event(eventDescription, eventFrom, eventTo);","lastModifiedDate":"2023-01-29"},{"lineNumber":118,"author":{"gitId":"typingpanda"},"content":"        TaskManager.addTask(eventTask);","lastModifiedDate":"2023-02-03"},{"lineNumber":119,"author":{"gitId":"typingpanda"},"content":"        System.out.println(\"Got it. I\u0027ve added this task:\\n\" + eventTask.describeTask());","lastModifiedDate":"2023-01-29"},{"lineNumber":120,"author":{"gitId":"typingpanda"},"content":"        System.out.println(\"\\nNow you have \" + TaskManager.getTaskCount() + \" tasks in the list.\\n\");","lastModifiedDate":"2023-02-03"},{"lineNumber":121,"author":{"gitId":"-"},"content":"    }","lastModifiedDate":"2023-01-29"},{"lineNumber":122,"author":{"gitId":"-"},"content":"}","lastModifiedDate":"2019-07-29"}],"authorContributionMap":{"-":5,"typingpanda":117}},{"path":"src/main/java/Event.java","fileType":"java","lines":[{"lineNumber":1,"author":{"gitId":"typingpanda"},"content":"public class Event extends Task {","lastModifiedDate":"2023-01-29"},{"lineNumber":2,"author":{"gitId":"typingpanda"},"content":"    protected String eventFrom;","lastModifiedDate":"2023-01-29"},{"lineNumber":3,"author":{"gitId":"typingpanda"},"content":"    protected String eventTo;","lastModifiedDate":"2023-01-29"},{"lineNumber":4,"author":{"gitId":"typingpanda"},"content":"","lastModifiedDate":"2023-01-29"},{"lineNumber":5,"author":{"gitId":"typingpanda"},"content":"    public Event(String description, String from, String to) {","lastModifiedDate":"2023-01-29"},{"lineNumber":6,"author":{"gitId":"typingpanda"},"content":"        super(description);","lastModifiedDate":"2023-01-29"},{"lineNumber":7,"author":{"gitId":"typingpanda"},"content":"        this.eventFrom \u003d from;","lastModifiedDate":"2023-01-29"},{"lineNumber":8,"author":{"gitId":"typingpanda"},"content":"        this.eventTo \u003d to;","lastModifiedDate":"2023-01-29"},{"lineNumber":9,"author":{"gitId":"typingpanda"},"content":"    }","lastModifiedDate":"2023-01-29"},{"lineNumber":10,"author":{"gitId":"typingpanda"},"content":"","lastModifiedDate":"2023-01-29"},{"lineNumber":11,"author":{"gitId":"typingpanda"},"content":"    @Override","lastModifiedDate":"2023-01-29"},{"lineNumber":12,"author":{"gitId":"typingpanda"},"content":"    public String describeTask() {","lastModifiedDate":"2023-01-29"},{"lineNumber":13,"author":{"gitId":"typingpanda"},"content":"        return \"[E]\" + super.describeTask() + \" (from: \" + eventFrom + \" to: \" + eventTo + \")\";","lastModifiedDate":"2023-01-29"},{"lineNumber":14,"author":{"gitId":"typingpanda"},"content":"    }","lastModifiedDate":"2023-01-29"},{"lineNumber":15,"author":{"gitId":"typingpanda"},"content":"}","lastModifiedDate":"2023-01-29"},{"lineNumber":16,"author":{"gitId":"typingpanda"},"content":"    ","lastModifiedDate":"2023-01-29"}],"authorContributionMap":{"typingpanda":16}},{"path":"src/main/java/Task.java","fileType":"java","lines":[{"lineNumber":1,"author":{"gitId":"typingpanda"},"content":"public class Task {","lastModifiedDate":"2023-01-27"},{"lineNumber":2,"author":{"gitId":"typingpanda"},"content":"    protected String description;","lastModifiedDate":"2023-01-27"},{"lineNumber":3,"author":{"gitId":"typingpanda"},"content":"    protected boolean isDone;","lastModifiedDate":"2023-01-27"},{"lineNumber":4,"author":{"gitId":"typingpanda"},"content":"","lastModifiedDate":"2023-01-27"},{"lineNumber":5,"author":{"gitId":"typingpanda"},"content":"    public Task(String description) {","lastModifiedDate":"2023-01-27"},{"lineNumber":6,"author":{"gitId":"typingpanda"},"content":"        this.description \u003d description;","lastModifiedDate":"2023-01-27"},{"lineNumber":7,"author":{"gitId":"typingpanda"},"content":"        this.isDone \u003d false;","lastModifiedDate":"2023-01-27"},{"lineNumber":8,"author":{"gitId":"typingpanda"},"content":"    }","lastModifiedDate":"2023-01-27"},{"lineNumber":9,"author":{"gitId":"typingpanda"},"content":"","lastModifiedDate":"2023-01-27"},{"lineNumber":10,"author":{"gitId":"typingpanda"},"content":"    public String getStatusIcon() {","lastModifiedDate":"2023-01-27"},{"lineNumber":11,"author":{"gitId":"typingpanda"},"content":"        return (isDone ? \"X\" : \" \");","lastModifiedDate":"2023-01-27"},{"lineNumber":12,"author":{"gitId":"typingpanda"},"content":"    }","lastModifiedDate":"2023-01-27"},{"lineNumber":13,"author":{"gitId":"typingpanda"},"content":"","lastModifiedDate":"2023-01-27"},{"lineNumber":14,"author":{"gitId":"typingpanda"},"content":"    public void markAsDone() {","lastModifiedDate":"2023-01-27"},{"lineNumber":15,"author":{"gitId":"typingpanda"},"content":"        this.isDone \u003d true;","lastModifiedDate":"2023-01-27"},{"lineNumber":16,"author":{"gitId":"typingpanda"},"content":"    }","lastModifiedDate":"2023-01-27"},{"lineNumber":17,"author":{"gitId":"typingpanda"},"content":"","lastModifiedDate":"2023-01-27"},{"lineNumber":18,"author":{"gitId":"typingpanda"},"content":"    public void unmarkAsDone() {","lastModifiedDate":"2023-01-27"},{"lineNumber":19,"author":{"gitId":"typingpanda"},"content":"        this.isDone \u003d false;","lastModifiedDate":"2023-01-27"},{"lineNumber":20,"author":{"gitId":"typingpanda"},"content":"    }","lastModifiedDate":"2023-01-27"},{"lineNumber":21,"author":{"gitId":"typingpanda"},"content":"","lastModifiedDate":"2023-01-27"},{"lineNumber":22,"author":{"gitId":"typingpanda"},"content":"    public String describeTask() {","lastModifiedDate":"2023-01-27"},{"lineNumber":23,"author":{"gitId":"typingpanda"},"content":"        return \"[\" + getStatusIcon() + \"] \" + description;","lastModifiedDate":"2023-01-27"},{"lineNumber":24,"author":{"gitId":"typingpanda"},"content":"    }","lastModifiedDate":"2023-01-27"},{"lineNumber":25,"author":{"gitId":"typingpanda"},"content":"}","lastModifiedDate":"2023-01-27"}],"authorContributionMap":{"typingpanda":25}},{"path":"src/main/java/TaskManager.java","fileType":"java","lines":[{"lineNumber":1,"author":{"gitId":"typingpanda"},"content":"public class TaskManager {","lastModifiedDate":"2023-02-03"},{"lineNumber":2,"author":{"gitId":"typingpanda"},"content":"    private static Task[] taskList \u003d new Task[100];","lastModifiedDate":"2023-02-03"},{"lineNumber":3,"author":{"gitId":"typingpanda"},"content":"    private static int taskCount \u003d 0;","lastModifiedDate":"2023-02-03"},{"lineNumber":4,"author":{"gitId":"typingpanda"},"content":"","lastModifiedDate":"2023-02-03"},{"lineNumber":5,"author":{"gitId":"typingpanda"},"content":"    public static Task[] getTaskList() {","lastModifiedDate":"2023-02-03"},{"lineNumber":6,"author":{"gitId":"typingpanda"},"content":"        return taskList;","lastModifiedDate":"2023-02-03"},{"lineNumber":7,"author":{"gitId":"typingpanda"},"content":"    }","lastModifiedDate":"2023-02-03"},{"lineNumber":8,"author":{"gitId":"typingpanda"},"content":"","lastModifiedDate":"2023-02-03"},{"lineNumber":9,"author":{"gitId":"typingpanda"},"content":"    public static void addTask(Task t) {","lastModifiedDate":"2023-02-03"},{"lineNumber":10,"author":{"gitId":"typingpanda"},"content":"        taskList[taskCount] \u003d t;","lastModifiedDate":"2023-02-03"},{"lineNumber":11,"author":{"gitId":"typingpanda"},"content":"        upTaskCount();","lastModifiedDate":"2023-02-03"},{"lineNumber":12,"author":{"gitId":"typingpanda"},"content":"    }","lastModifiedDate":"2023-02-03"},{"lineNumber":13,"author":{"gitId":"typingpanda"},"content":"","lastModifiedDate":"2023-02-03"},{"lineNumber":14,"author":{"gitId":"typingpanda"},"content":"    public static void removeTask(int index) {","lastModifiedDate":"2023-02-03"},{"lineNumber":15,"author":{"gitId":"typingpanda"},"content":"        taskList[index] \u003d null;","lastModifiedDate":"2023-02-03"},{"lineNumber":16,"author":{"gitId":"typingpanda"},"content":"        downTaskCount();","lastModifiedDate":"2023-02-03"},{"lineNumber":17,"author":{"gitId":"typingpanda"},"content":"    }","lastModifiedDate":"2023-02-03"},{"lineNumber":18,"author":{"gitId":"typingpanda"},"content":"","lastModifiedDate":"2023-02-03"},{"lineNumber":19,"author":{"gitId":"typingpanda"},"content":"    public static void upTaskCount() {","lastModifiedDate":"2023-02-03"},{"lineNumber":20,"author":{"gitId":"typingpanda"},"content":"        taskCount++;","lastModifiedDate":"2023-02-03"},{"lineNumber":21,"author":{"gitId":"typingpanda"},"content":"    }","lastModifiedDate":"2023-02-03"},{"lineNumber":22,"author":{"gitId":"typingpanda"},"content":"","lastModifiedDate":"2023-02-03"},{"lineNumber":23,"author":{"gitId":"typingpanda"},"content":"    public static void downTaskCount() {","lastModifiedDate":"2023-02-03"},{"lineNumber":24,"author":{"gitId":"typingpanda"},"content":"        taskCount--;","lastModifiedDate":"2023-02-03"},{"lineNumber":25,"author":{"gitId":"typingpanda"},"content":"    }","lastModifiedDate":"2023-02-03"},{"lineNumber":26,"author":{"gitId":"typingpanda"},"content":"","lastModifiedDate":"2023-02-03"},{"lineNumber":27,"author":{"gitId":"typingpanda"},"content":"    public static int getTaskCount() {","lastModifiedDate":"2023-02-03"},{"lineNumber":28,"author":{"gitId":"typingpanda"},"content":"        return taskCount;","lastModifiedDate":"2023-02-03"},{"lineNumber":29,"author":{"gitId":"typingpanda"},"content":"    }","lastModifiedDate":"2023-02-03"},{"lineNumber":30,"author":{"gitId":"typingpanda"},"content":"","lastModifiedDate":"2023-02-03"},{"lineNumber":31,"author":{"gitId":"typingpanda"},"content":"}","lastModifiedDate":"2023-02-03"}],"authorContributionMap":{"typingpanda":31}},{"path":"src/main/java/Todo.java","fileType":"java","lines":[{"lineNumber":1,"author":{"gitId":"typingpanda"},"content":"public class Todo extends Task {","lastModifiedDate":"2023-01-29"},{"lineNumber":2,"author":{"gitId":"typingpanda"},"content":"    public Todo (String description) {","lastModifiedDate":"2023-01-29"},{"lineNumber":3,"author":{"gitId":"typingpanda"},"content":"        super(description);","lastModifiedDate":"2023-01-29"},{"lineNumber":4,"author":{"gitId":"typingpanda"},"content":"    }","lastModifiedDate":"2023-01-29"},{"lineNumber":5,"author":{"gitId":"typingpanda"},"content":"","lastModifiedDate":"2023-01-29"},{"lineNumber":6,"author":{"gitId":"typingpanda"},"content":"    @Override","lastModifiedDate":"2023-01-29"},{"lineNumber":7,"author":{"gitId":"typingpanda"},"content":"    public String describeTask() {","lastModifiedDate":"2023-01-29"},{"lineNumber":8,"author":{"gitId":"typingpanda"},"content":"        return \"[T]\" + super.describeTask();","lastModifiedDate":"2023-01-29"},{"lineNumber":9,"author":{"gitId":"typingpanda"},"content":"    }","lastModifiedDate":"2023-01-29"},{"lineNumber":10,"author":{"gitId":"typingpanda"},"content":"}","lastModifiedDate":"2023-01-29"}],"authorContributionMap":{"typingpanda":10}}]
