{"authorDailyContributionsMap":{"typingpanda":[{"date":"2023-01-25","commitResults":[{"hash":"7b1125cac9e957efd48c48b4ef6bccdd7a0be808","messageTitle":"add Greet","messageBody":"","tags":["Level-0"],"fileTypesAndContributionMap":{"java":{"insertions":3,"deletions":0}}}]},{"date":"2023-01-26","commitResults":[{"hash":"ecc9761324de7ace923fedcbde79d8cedb7a758c","messageTitle":"add echo and exit","messageBody":"","tags":["Level-1"],"fileTypesAndContributionMap":{"java":{"insertions":14,"deletions":8}}},{"hash":"35ea617e68afcdeb327d97f7b18dedb679b8f505","messageTitle":"add Add and List feature","messageBody":"","tags":["Level-2"],"fileTypesAndContributionMap":{"java":{"insertions":23,"deletions":1}}}]},{"date":"2023-01-27","commitResults":[{"hash":"10774b872ba21aeed329baf2f202dbd466be5694","messageTitle":"add Mark As Done feature","messageBody":"","tags":["Level-3"],"fileTypesAndContributionMap":{"java":{"insertions":82,"deletions":14}}}]},{"date":"2023-01-28","commitResults":[{"hash":"27e1669e5bccd3d3fa11a92bf996bed197c80d81","messageTitle":"comply to coding standards","messageBody":"","tags":["A-CodingStandard"],"fileTypesAndContributionMap":{"java":{"insertions":17,"deletions":17}}}]},{"date":"2023-01-29","commitResults":[{"hash":"bef8f3d2444aee9a8b29b3b3661c1f2a35263797","messageTitle":"add Todo, Event, Deadline","messageBody":"","tags":["Level-4"],"fileTypesAndContributionMap":{"java":{"insertions":126,"deletions":16}}}]},{"date":"2023-02-03","commitResults":[{"hash":"0e5dbe5a4cd79d9b24fcd26ad69f0136179ec14f","messageTitle":"improved on code quality","messageBody":"","tags":["A-CodeQuality"],"fileTypesAndContributionMap":{"java":{"insertions":44,"deletions":44}}}]},{"date":"2023-02-06","commitResults":[{"hash":"e33aade2721c5e324ceda068e2811d2e2b1495a7","messageTitle":"improved on code quality","messageBody":"","fileTypesAndContributionMap":{"java":{"insertions":32,"deletions":34}}},{"hash":"8fda5df9779c7a8c13f9895c6a0b9335a43cf770","messageTitle":"handled errors","messageBody":"","tags":["A-Exceptions"],"fileTypesAndContributionMap":{"java":{"insertions":95,"deletions":40}}}]},{"date":"2023-02-12","commitResults":[{"hash":"92d530e367b47d1b8f1e2d11bf304db6a03e3124","messageTitle":"organized into packages","messageBody":"","fileTypesAndContributionMap":{"java":{"insertions":16,"deletions":1}}}]},{"date":"2023-02-13","commitResults":[{"hash":"5967fa48c2eeec799b1b19abb8def86cdfcd7c4b","messageTitle":"added duke package","messageBody":"","fileTypesAndContributionMap":{"java":{"insertions":0,"deletions":0}}},{"hash":"4c2f323d9c33e2bdea245156e7f9b66c6645787f","messageTitle":"fixed exceptions packaged","messageBody":"","fileTypesAndContributionMap":{"java":{"insertions":1,"deletions":0}}},{"hash":"49e322e9422747deb4e44203f370ac89bd864e6f","messageTitle":"added handlers package","messageBody":"","fileTypesAndContributionMap":{"java":{"insertions":109,"deletions":98}}},{"hash":"7cc5bbb1615f019edf6f05e5a69cad20307be152","messageTitle":"added dividers","messageBody":"","fileTypesAndContributionMap":{"java":{"insertions":4,"deletions":1}}}]},{"date":"2023-02-14","commitResults":[{"hash":"43f2f94ac542f235c0324322926388fec552c6b1","messageTitle":"added delete function","messageBody":"","tags":["Level-6","A-Collections"],"fileTypesAndContributionMap":{"java":{"insertions":32,"deletions":36}}},{"hash":"f873694d18c74cafec07fc1c4a12cd61de7b3438","messageTitle":"added save function to local harddrive","messageBody":"","tags":["Level-7"],"fileTypesAndContributionMap":{"java":{"insertions":124,"deletions":0}}},{"hash":"eb0ef0f03812e469628c359db9e3757d65703bf4","messageTitle":"fixed merge conflicts","messageBody":"","fileTypesAndContributionMap":{"java":{"insertions":1,"deletions":3}}},{"hash":"e77e5df438dde5dfe25987f0fa8ae0b3f6447187","messageTitle":"improved on coding quality","messageBody":"","tags":["A-Jar"],"fileTypesAndContributionMap":{"java":{"insertions":10,"deletions":14}}}]},{"date":"2023-02-16","commitResults":[{"hash":"d820c3eb2858b8807a58a8b402c7ab27470a26ca","messageTitle":"fixed indexing error in delete task function","messageBody":"","fileTypesAndContributionMap":{"java":{"insertions":1,"deletions":1}}}]},{"date":"2023-02-26","commitResults":[{"hash":"1b63ec19c7fb6d0ee9d60acb31517375db77c78f","messageTitle":"improved code quality","messageBody":"","fileTypesAndContributionMap":{"java":{"insertions":23,"deletions":16}}},{"hash":"88da74d18221564cd6c6b41aadccd0524282e04b","messageTitle":"used more oop","messageBody":"","tags":["A-MoreOOP"],"fileTypesAndContributionMap":{"java":{"insertions":72,"deletions":67}}},{"hash":"40aa1edf67d682a4fcf470e94d4d84877fe14aee","messageTitle":"added find taks feature","messageBody":"","fileTypesAndContributionMap":{"java":{"insertions":28,"deletions":5}}}]}]},"authorFileTypeContributionMap":{"typingpanda":{"java":449,"md":0,"fxml":0,"sh":0,"bat":0,"gradle":0,"txt":0}},"authorContributionVariance":{"typingpanda":4075.0503},"authorDisplayNameMap":{"typingpanda":"CS2113-T12-2 KEAN..ZHAO"}}
