{"authorDailyContributionsMap":{"typingpanda":[{"date":"2023-01-25","commitResults":[{"hash":"7b1125cac9e957efd48c48b4ef6bccdd7a0be808","messageTitle":"add Greet","messageBody":"","tags":["Level-0"],"fileTypesAndContributionMap":{"java":{"insertions":3,"deletions":0}}}]},{"date":"2023-01-26","commitResults":[{"hash":"ecc9761324de7ace923fedcbde79d8cedb7a758c","messageTitle":"add echo and exit","messageBody":"","tags":["Level-1"],"fileTypesAndContributionMap":{"java":{"insertions":14,"deletions":8}}},{"hash":"35ea617e68afcdeb327d97f7b18dedb679b8f505","messageTitle":"add Add and List feature","messageBody":"","tags":["Level-2"],"fileTypesAndContributionMap":{"java":{"insertions":23,"deletions":1}}}]},{"date":"2023-01-27","commitResults":[{"hash":"10774b872ba21aeed329baf2f202dbd466be5694","messageTitle":"add Mark As Done feature","messageBody":"","tags":["Level-3"],"fileTypesAndContributionMap":{"java":{"insertions":82,"deletions":14}}}]},{"date":"2023-01-28","commitResults":[{"hash":"27e1669e5bccd3d3fa11a92bf996bed197c80d81","messageTitle":"comply to coding standards","messageBody":"","tags":["A-CodingStandard"],"fileTypesAndContributionMap":{"java":{"insertions":17,"deletions":17}}}]}]},"authorFileTypeContributionMap":{"typingpanda":{"java":105,"md":0,"fxml":0,"sh":0,"bat":0,"gradle":0,"txt":0}},"authorContributionVariance":{"typingpanda":655.90234},"authorDisplayNameMap":{"typingpanda":"KEAN..ZHAO"}}
