{"authorDailyContributionsMap":{"nichyjt":[{"date":"2023-01-16","commitResults":[{"hash":"ee8ce06c21d8e600876a8f7602b3e261a387fec7","messageTitle":"Add Greet, Exit and PrintBorder functions for skeletal control flow","messageBody":"","tags":["Level-0"],"fileTypesAndContributionMap":{"java":{"insertions":17,"deletions":0}}}]},{"date":"2023-01-26","commitResults":[{"hash":"a7a890ebab80f768f3ecca821d0ea7de48332bff","messageTitle":"Add input listener, Echo input and Exit features","messageBody":"","tags":["Level-1"],"fileTypesAndContributionMap":{"java":{"insertions":32,"deletions":1}}},{"hash":"2de2ff478a6df62ebdc0867d54f86dfca6386164","messageTitle":"Add ability to create tasks and list tasks. Additional keywords for termination: \"bye\", \"exit\" added for ease of use","messageBody":"","tags":["Level-2"],"fileTypesAndContributionMap":{"java":{"insertions":23,"deletions":2}}},{"hash":"38e3d60c3804d9c7c551e3b24f43219eb5a8dd75","messageTitle":"Add new command handlers - \u003cmark\u003e and \u003cunmark\u003e tasks. Refactor all commands to run under a switch case. Refactor tasklist to use a Task class instead of a String primitive.","messageBody":"","fileTypesAndContributionMap":{"java":{"insertions":59,"deletions":17}}},{"hash":"4b9cb7e31f9d380d1a3924fb3a46b7321af202ed","messageTitle":"Add Task class to abstract Task details","messageBody":"Signed-off-by: nichyjt \u003cnicholas.yek@gmail.com\u003e\n","tags":["Level-3","A-CodingStandard","A-Classes"],"fileTypesAndContributionMap":{"java":{"insertions":28,"deletions":0}}},{"hash":"f2749f38a212cf31ab86741f2820ff6f7995249e","messageTitle":"Format Duke and Task files to adhere to coding standards","messageBody":"Signed-off-by: nichyjt \u003cnicholas.yek@gmail.com\u003e\n","fileTypesAndContributionMap":{"java":{"insertions":34,"deletions":40}}},{"hash":"f254240c8a79405b0c8d71a0402585a05d936af8","messageTitle":"Format Duke and Task files to adhere to coding standards","messageBody":"Signed-off-by: nichyjt \u003cnicholas.yek@gmail.com\u003e\n","fileTypesAndContributionMap":{"java":{"insertions":3,"deletions":3}}}]},{"date":"2023-01-31","commitResults":[{"hash":"bc2fa218c1196692bb9714b69274c7ee7cb2d1b6","messageTitle":"Add TODO, EVENT and DEADLINE subclasses","messageBody":"Signed-off-by: nichyjt \u003cnicholas.yek@gmail.com\u003e\n","tags":["A-Inheritance"],"fileTypesAndContributionMap":{"java":{"insertions":43,"deletions":0}}},{"hash":"b7303321226d8439894b8f37432163a5a251d3be","messageTitle":"Refactor command parsing logic to follow a \u003cSUBCOMMAND, COMMAND_TEXT\u003e paradigm. Add event, deadline, todo features and various method handles to help unwrap CLI input into the subcommand framework. Add input guard clauses.","messageBody":"Signed-off-by: nichyjt \u003cnicholas.yek@gmail.com\u003e\n","tags":["Level-4"],"fileTypesAndContributionMap":{"java":{"insertions":136,"deletions":31}}}]},{"date":"2023-02-01","commitResults":[{"hash":"f14e3abe5e1fe0b2de4efc162163ae3c695093b5","messageTitle":"Add TextUiTesting Expected output and input commands","messageBody":"Signed-off-by: nichyjt \u003cnicholas.yek@gmail.com\u003e\n","tags":["A-TextUiTesting"],"fileTypesAndContributionMap":{"txt":{"insertions":23,"deletions":0}}},{"hash":"96bc6e0fb5f932b4b59184358ccd047427e4fee2","messageTitle":"Format code to coding standards. Add guard clauses for \u003cmark\u003e \u003cunmark\u003e commands, ensure that they properly return an expected value.","messageBody":"Signed-off-by: nichyjt \u003cnicholas.yek@gmail.com\u003e\n","tags":["A-CodeQuality"],"fileTypesAndContributionMap":{"java":{"insertions":25,"deletions":17}}}]},{"date":"2023-02-05","commitResults":[{"hash":"670b2ff30afc04396b3ae697d45adbabe29808d0","messageTitle":"Change code to adhere to camelCase standard (PR comment)","messageBody":"Signed-off-by: nichyjt \u003cnicholas.yek@gmail.com\u003e\n","fileTypesAndContributionMap":{"java":{"insertions":9,"deletions":9}}},{"hash":"c3933c6bda28efa88709b07f120252280230d041","messageTitle":"Adhere to boolean naming convention (PR comment)","messageBody":"Signed-off-by: nichyjt \u003cnicholas.yek@gmail.com\u003e\n","fileTypesAndContributionMap":{"java":{"insertions":1,"deletions":1}}},{"hash":"af852d47b9268f2c3f21ffc93823a75a9a3d29d7","messageTitle":"Add command parsing logic to reduce nest level in the event driver \"Duke.java\" file.","messageBody":"Defer \"long method logic\" by suggestion by @javienneyeo to Level-5 increment. Abstracting out error handling will reduce logic size.\n\nSigned-off-by: nichyjt \u003cnicholas.yek@gmail.com\u003e\n","fileTypesAndContributionMap":{"java":{"insertions":99,"deletions":67}}},{"hash":"fb3ab349fc256c6170e7f8457b9e07034c488a1b","messageTitle":"Add Command Enum to fix magic number issue.","messageBody":"Signed-off-by: nichyjt \u003cnicholas.yek@gmail.com\u003e\n","fileTypesAndContributionMap":{"java":{"insertions":43,"deletions":0}}},{"hash":"bb0af71e9c14946ad80b8739701ed435731be3bc","messageTitle":"Fix minor naming nit","messageBody":"Signed-off-by: nichyjt \u003cnicholas.yek@gmail.com\u003e\n","fileTypesAndContributionMap":{"java":{"insertions":3,"deletions":3}}},{"hash":"bbd990e6ec6282d9847e1e68baabcbf8960dbfe3","messageTitle":"Add a command validator to check user input correctness","messageBody":"Signed-off-by: nichyjt \u003cnicholas.yek@gmail.com\u003e\n","fileTypesAndContributionMap":{"java":{"insertions":26,"deletions":0}}},{"hash":"de42b29c3c01cd20238f18ddf9dfab3bb897e0e3","messageTitle":"Add a custom exception class to indicate bad user command input","messageBody":"Signed-off-by: nichyjt \u003cnicholas.yek@gmail.com\u003e\n","fileTypesAndContributionMap":{"java":{"insertions":5,"deletions":0}}},{"hash":"a0e8adb7f566b9a0f6d77a8fbc2d8fd4820af04b","messageTitle":"Fix minor argument length bugs to adhere to CommandParser logic of accounting main command + sub commands","messageBody":"Signed-off-by: nichyjt \u003cnicholas.yek@gmail.com\u003e\n","fileTypesAndContributionMap":{"java":{"insertions":10,"deletions":9}}},{"hash":"916e41d700fd4e1ebc2c658295e03d6c666a4b96","messageTitle":"Rename method names to more accurately describe that command parsing includes the main command","messageBody":"Signed-off-by: nichyjt \u003cnicholas.yek@gmail.com\u003e\n","fileTypesAndContributionMap":{"java":{"insertions":4,"deletions":4}}},{"hash":"62d443969ee01216a4acb2042880d28dc6b3aa06","messageTitle":"Refactor handleCommand: 1. Abstract out case specific logic into their own methods (Resolves PR suggestion) 2. Add try-catch checks for both command and case-specific logic","messageBody":"Signed-off-by: nichyjt \u003cnicholas.yek@gmail.com\u003e\n","fileTypesAndContributionMap":{"java":{"insertions":87,"deletions":74}}},{"hash":"21dd1cc15352b045f09cca3056dc73e2e51c9351","messageTitle":"Remove redundant error throws and add in comments stating assertions/invariants, if any","messageBody":"Signed-off-by: nichyjt \u003cnicholas.yek@gmail.com\u003e\n","fileTypesAndContributionMap":{"java":{"insertions":19,"deletions":18}}}]},{"date":"2023-02-06","commitResults":[{"hash":"daa274a9f915df085d78860c65f28df1adfbaeea","messageTitle":"Fix to follow code standards","messageBody":"Signed-off-by: nichyjt \u003cnicholas.yek@gmail.com\u003e\n","fileTypesAndContributionMap":{"java":{"insertions":25,"deletions":24}}},{"hash":"34aff77e52dce183fac24930338f2f17f4725890","messageTitle":"Update documentation for correctness","messageBody":"Signed-off-by: nichyjt \u003cnicholas.yek@gmail.com\u003e\n","fileTypesAndContributionMap":{"java":{"insertions":1,"deletions":1}}},{"hash":"7708512e90d924907cabf9f153d054fef237e5c2","messageTitle":"Remove redundant static keyword","messageBody":"Signed-off-by: nichyjt \u003cnicholas.yek@gmail.com\u003e\n","fileTypesAndContributionMap":{"java":{"insertions":1,"deletions":1}}},{"hash":"f20569da138c1863370fdc6eabe5799176c3544a","messageTitle":"Refactor source files into packages","messageBody":"Signed-off-by: nichyjt \u003cnicholas.yek@gmail.com\u003e\n","fileTypesAndContributionMap":{"java":{"insertions":28,"deletions":3}}},{"hash":"426a2932399b8bd6456aa8e504ee0642318322f1","messageTitle":"Update source path","messageBody":"Signed-off-by: nichyjt \u003cnicholas.yek@gmail.com\u003e\n","tags":["A-Packages"],"fileTypesAndContributionMap":{"bat":{"insertions":1,"deletions":1},"sh":{"insertions":1,"deletions":1}}}]}]},"authorFileTypeContributionMap":{"nichyjt":{"java":443,"md":0,"fxml":0,"sh":1,"bat":1,"gradle":0,"txt":23}},"authorContributionVariance":{"nichyjt":12258.09},"authorDisplayNameMap":{"nichyjt":"CS2113-T12-4 YEK ..OLAS"}}
