[{"path":"src/main/java/Deadline.java","fileType":"java","lines":[{"lineNumber":1,"author":{"gitId":"notbingsu"},"content":"public class Deadline extends Task {","lastModifiedDate":"2023-02-09"},{"lineNumber":2,"author":{"gitId":"notbingsu"},"content":"    public String due;","lastModifiedDate":"2023-02-09"},{"lineNumber":3,"author":{"gitId":"notbingsu"},"content":"    public String[] info;","lastModifiedDate":"2023-02-09"},{"lineNumber":4,"author":{"gitId":"notbingsu"},"content":"    public String deadlineName;","lastModifiedDate":"2023-02-09"},{"lineNumber":5,"author":{"gitId":"notbingsu"},"content":"","lastModifiedDate":"2023-02-09"},{"lineNumber":6,"author":{"gitId":"notbingsu"},"content":"    public Deadline(String description) {","lastModifiedDate":"2023-02-09"},{"lineNumber":7,"author":{"gitId":"notbingsu"},"content":"        super(description);","lastModifiedDate":"2023-02-09"},{"lineNumber":8,"author":{"gitId":"notbingsu"},"content":"        this.info \u003d this.description.split(\"/by\", 2);","lastModifiedDate":"2023-02-09"},{"lineNumber":9,"author":{"gitId":"notbingsu"},"content":"        this.deadlineName \u003d info[0];","lastModifiedDate":"2023-02-09"},{"lineNumber":10,"author":{"gitId":"notbingsu"},"content":"        this.due \u003d info[1];","lastModifiedDate":"2023-02-09"},{"lineNumber":11,"author":{"gitId":"notbingsu"},"content":"    }","lastModifiedDate":"2023-02-09"},{"lineNumber":12,"author":{"gitId":"notbingsu"},"content":"","lastModifiedDate":"2023-02-09"},{"lineNumber":13,"author":{"gitId":"notbingsu"},"content":"    @Override","lastModifiedDate":"2023-02-16"},{"lineNumber":14,"author":{"gitId":"notbingsu"},"content":"    public String fileFormat() {","lastModifiedDate":"2023-02-16"},{"lineNumber":15,"author":{"gitId":"notbingsu"},"content":"        return (String.format(\"D|%b|%s by %s\", super.isDone, this.deadlineName, this.due));","lastModifiedDate":"2023-02-16"},{"lineNumber":16,"author":{"gitId":"notbingsu"},"content":"    }","lastModifiedDate":"2023-02-16"},{"lineNumber":17,"author":{"gitId":"notbingsu"},"content":"","lastModifiedDate":"2023-02-16"},{"lineNumber":18,"author":{"gitId":"notbingsu"},"content":"    @Override","lastModifiedDate":"2023-02-09"},{"lineNumber":19,"author":{"gitId":"notbingsu"},"content":"    public String toString() {","lastModifiedDate":"2023-02-09"},{"lineNumber":20,"author":{"gitId":"notbingsu"},"content":"        return (\"[D][\" + super.getStatusIcon() + \"] \" + this.deadlineName) + \" (by:  \" + this.due + \")\";","lastModifiedDate":"2023-02-09"},{"lineNumber":21,"author":{"gitId":"notbingsu"},"content":"    }","lastModifiedDate":"2023-02-09"},{"lineNumber":22,"author":{"gitId":"notbingsu"},"content":"}","lastModifiedDate":"2023-02-09"}],"authorContributionMap":{"notbingsu":22}},{"path":"src/main/java/Duke.java","fileType":"java","lines":[{"lineNumber":1,"author":{"gitId":"notbingsu"},"content":"import java.util.ArrayList;","lastModifiedDate":"2023-02-02"},{"lineNumber":2,"author":{"gitId":"notbingsu"},"content":"import java.util.List;","lastModifiedDate":"2023-02-02"},{"lineNumber":3,"author":{"gitId":"notbingsu"},"content":"import java.io.File;","lastModifiedDate":"2023-02-16"},{"lineNumber":4,"author":{"gitId":"notbingsu"},"content":"import java.io.FileWriter;","lastModifiedDate":"2023-02-16"},{"lineNumber":5,"author":{"gitId":"notbingsu"},"content":"import java.io.IOException;","lastModifiedDate":"2023-02-16"},{"lineNumber":6,"author":{"gitId":"notbingsu"},"content":"import java.util.Scanner;","lastModifiedDate":"2023-02-16"},{"lineNumber":7,"author":{"gitId":"notbingsu"},"content":"","lastModifiedDate":"2023-02-01"},{"lineNumber":8,"author":{"gitId":"-"},"content":"public class Duke {","lastModifiedDate":"2023-02-03"},{"lineNumber":9,"author":{"gitId":"notbingsu"},"content":"","lastModifiedDate":"2023-02-09"},{"lineNumber":10,"author":{"gitId":"notbingsu"},"content":"    private List\u003cTask\u003e taskList \u003d new ArrayList\u003cTask\u003e();","lastModifiedDate":"2023-02-09"},{"lineNumber":11,"author":{"gitId":"notbingsu"},"content":"    private static String fileName \u003d \"duke.txt\";","lastModifiedDate":"2023-02-16"},{"lineNumber":12,"author":{"gitId":"notbingsu"},"content":"","lastModifiedDate":"2023-02-09"},{"lineNumber":13,"author":{"gitId":"notbingsu"},"content":"    public void greet() {","lastModifiedDate":"2023-02-09"},{"lineNumber":14,"author":{"gitId":"-"},"content":"        String logo \u003d \" ____        _        \\n\"","lastModifiedDate":"2023-02-09"},{"lineNumber":15,"author":{"gitId":"-"},"content":"                + \"|  _ \\\\ _   _| | _____ \\n\"","lastModifiedDate":"2023-02-09"},{"lineNumber":16,"author":{"gitId":"-"},"content":"                + \"| | | | | | | |/ / _ \\\\\\n\"","lastModifiedDate":"2023-02-09"},{"lineNumber":17,"author":{"gitId":"-"},"content":"                + \"| |_| | |_| |   \u003c  __/\\n\"","lastModifiedDate":"2023-02-09"},{"lineNumber":18,"author":{"gitId":"-"},"content":"                + \"|____/ \\\\__,_|_|\\\\_\\\\___|\\n\";","lastModifiedDate":"2023-02-09"},{"lineNumber":19,"author":{"gitId":"-"},"content":"        System.out.println(\"Hello from\\n\" + logo);","lastModifiedDate":"2023-02-09"},{"lineNumber":20,"author":{"gitId":"notbingsu"},"content":"","lastModifiedDate":"2023-02-09"},{"lineNumber":21,"author":{"gitId":"notbingsu"},"content":"        System.out.println(\"Hello! I\u0027m Duke\");","lastModifiedDate":"2023-02-09"},{"lineNumber":22,"author":{"gitId":"notbingsu"},"content":"        pullFileData();","lastModifiedDate":"2023-02-16"},{"lineNumber":23,"author":{"gitId":"notbingsu"},"content":"        System.out.println(\"What can I do for you?\");","lastModifiedDate":"2023-02-09"},{"lineNumber":24,"author":{"gitId":"notbingsu"},"content":"    }","lastModifiedDate":"2023-02-09"},{"lineNumber":25,"author":{"gitId":"notbingsu"},"content":"","lastModifiedDate":"2023-02-09"},{"lineNumber":26,"author":{"gitId":"notbingsu"},"content":"    // public void addTask(String taskName){","lastModifiedDate":"2023-02-09"},{"lineNumber":27,"author":{"gitId":"notbingsu"},"content":"    // Task t \u003d new Task(taskName);","lastModifiedDate":"2023-02-09"},{"lineNumber":28,"author":{"gitId":"notbingsu"},"content":"    // taskList.add(t);","lastModifiedDate":"2023-02-09"},{"lineNumber":29,"author":{"gitId":"notbingsu"},"content":"    // System.out.printf(","lastModifiedDate":"2023-02-09"},{"lineNumber":30,"author":{"gitId":"notbingsu"},"content":"    // \"Got it. I\u0027ve added this task:\\n\" +","lastModifiedDate":"2023-02-09"},{"lineNumber":31,"author":{"gitId":"notbingsu"},"content":"    // String.format(\"added: %s\\n\", taskName)","lastModifiedDate":"2023-02-09"},{"lineNumber":32,"author":{"gitId":"notbingsu"},"content":"","lastModifiedDate":"2023-02-09"},{"lineNumber":33,"author":{"gitId":"notbingsu"},"content":"    // );","lastModifiedDate":"2023-02-09"},{"lineNumber":34,"author":{"gitId":"notbingsu"},"content":"    // }","lastModifiedDate":"2023-02-09"},{"lineNumber":35,"author":{"gitId":"notbingsu"},"content":"","lastModifiedDate":"2023-02-09"},{"lineNumber":36,"author":{"gitId":"notbingsu"},"content":"    public void addEvent(String taskName) {","lastModifiedDate":"2023-02-09"},{"lineNumber":37,"author":{"gitId":"notbingsu"},"content":"        Event t \u003d new Event(taskName);","lastModifiedDate":"2023-02-09"},{"lineNumber":38,"author":{"gitId":"notbingsu"},"content":"        taskList.add(t);","lastModifiedDate":"2023-02-03"},{"lineNumber":39,"author":{"gitId":"notbingsu"},"content":"        System.out.printf(","lastModifiedDate":"2023-02-09"},{"lineNumber":40,"author":{"gitId":"notbingsu"},"content":"                \"Got it. I\u0027ve added this task:\\n\" +","lastModifiedDate":"2023-02-09"},{"lineNumber":41,"author":{"gitId":"notbingsu"},"content":"                        t.toString() +","lastModifiedDate":"2023-02-09"},{"lineNumber":42,"author":{"gitId":"notbingsu"},"content":"                        String.format(\"\\nNow you have %d tasks in the list.\\n\", taskList.size()));","lastModifiedDate":"2023-02-09"},{"lineNumber":43,"author":{"gitId":"notbingsu"},"content":"    }","lastModifiedDate":"2023-02-09"},{"lineNumber":44,"author":{"gitId":"notbingsu"},"content":"","lastModifiedDate":"2023-02-09"},{"lineNumber":45,"author":{"gitId":"notbingsu"},"content":"    public void addTodo(String taskName) {","lastModifiedDate":"2023-02-09"},{"lineNumber":46,"author":{"gitId":"notbingsu"},"content":"        Todo t \u003d new Todo(taskName);","lastModifiedDate":"2023-02-09"},{"lineNumber":47,"author":{"gitId":"notbingsu"},"content":"        taskList.add(t);","lastModifiedDate":"2023-02-09"},{"lineNumber":48,"author":{"gitId":"notbingsu"},"content":"        System.out.printf(","lastModifiedDate":"2023-02-09"},{"lineNumber":49,"author":{"gitId":"notbingsu"},"content":"                \"Got it. I\u0027ve added this task:\\n\" +","lastModifiedDate":"2023-02-09"},{"lineNumber":50,"author":{"gitId":"notbingsu"},"content":"                        t.toString() +","lastModifiedDate":"2023-02-09"},{"lineNumber":51,"author":{"gitId":"notbingsu"},"content":"                        String.format(\"\\nNow you have %d tasks in the list.\\n\", taskList.size()));","lastModifiedDate":"2023-02-09"},{"lineNumber":52,"author":{"gitId":"notbingsu"},"content":"    }","lastModifiedDate":"2023-02-09"},{"lineNumber":53,"author":{"gitId":"notbingsu"},"content":"","lastModifiedDate":"2023-02-09"},{"lineNumber":54,"author":{"gitId":"notbingsu"},"content":"    public void addDeadline(String taskName) {","lastModifiedDate":"2023-02-09"},{"lineNumber":55,"author":{"gitId":"notbingsu"},"content":"        Deadline t \u003d new Deadline(taskName);","lastModifiedDate":"2023-02-09"},{"lineNumber":56,"author":{"gitId":"notbingsu"},"content":"        taskList.add(t);","lastModifiedDate":"2023-02-09"},{"lineNumber":57,"author":{"gitId":"notbingsu"},"content":"        System.out.printf(","lastModifiedDate":"2023-02-09"},{"lineNumber":58,"author":{"gitId":"notbingsu"},"content":"                \"Got it. I\u0027ve added this task:\\n\" +","lastModifiedDate":"2023-02-09"},{"lineNumber":59,"author":{"gitId":"notbingsu"},"content":"                        t.toString() +","lastModifiedDate":"2023-02-09"},{"lineNumber":60,"author":{"gitId":"notbingsu"},"content":"                        String.format(\"\\nNow you have %d tasks in the list.\\n\", taskList.size()));","lastModifiedDate":"2023-02-09"},{"lineNumber":61,"author":{"gitId":"notbingsu"},"content":"    }","lastModifiedDate":"2023-02-02"},{"lineNumber":62,"author":{"gitId":"notbingsu"},"content":"","lastModifiedDate":"2023-02-03"},{"lineNumber":63,"author":{"gitId":"notbingsu"},"content":"    public void changeTaskState(boolean doneState, Integer index) {","lastModifiedDate":"2023-02-03"},{"lineNumber":64,"author":{"gitId":"notbingsu"},"content":"        if (index \u003e taskList.size()) {","lastModifiedDate":"2023-02-09"},{"lineNumber":65,"author":{"gitId":"notbingsu"},"content":"            System.out.println(\"Please input valid task number!\");","lastModifiedDate":"2023-02-09"},{"lineNumber":66,"author":{"gitId":"notbingsu"},"content":"        } else {","lastModifiedDate":"2023-02-09"},{"lineNumber":67,"author":{"gitId":"notbingsu"},"content":"            index--;","lastModifiedDate":"2023-02-03"},{"lineNumber":68,"author":{"gitId":"notbingsu"},"content":"            if (doneState) {","lastModifiedDate":"2023-02-03"},{"lineNumber":69,"author":{"gitId":"notbingsu"},"content":"                taskList.get(index).markAsDone();","lastModifiedDate":"2023-02-03"},{"lineNumber":70,"author":{"gitId":"notbingsu"},"content":"            } else {","lastModifiedDate":"2023-02-09"},{"lineNumber":71,"author":{"gitId":"notbingsu"},"content":"                taskList.get(index).markAsUndone();","lastModifiedDate":"2023-02-03"},{"lineNumber":72,"author":{"gitId":"notbingsu"},"content":"            }","lastModifiedDate":"2023-02-03"},{"lineNumber":73,"author":{"gitId":"notbingsu"},"content":"        }","lastModifiedDate":"2023-02-02"},{"lineNumber":74,"author":{"gitId":"notbingsu"},"content":"    }","lastModifiedDate":"2023-02-09"},{"lineNumber":75,"author":{"gitId":"notbingsu"},"content":"","lastModifiedDate":"2023-02-02"},{"lineNumber":76,"author":{"gitId":"notbingsu"},"content":"    public void delete(int index) {","lastModifiedDate":"2023-02-16"},{"lineNumber":77,"author":{"gitId":"notbingsu"},"content":"        if (index \u003e taskList.size()) {","lastModifiedDate":"2023-02-16"},{"lineNumber":78,"author":{"gitId":"notbingsu"},"content":"            System.out.println(\"Please input valid task number!\");","lastModifiedDate":"2023-02-16"},{"lineNumber":79,"author":{"gitId":"notbingsu"},"content":"        } else {","lastModifiedDate":"2023-02-16"},{"lineNumber":80,"author":{"gitId":"notbingsu"},"content":"            index--;","lastModifiedDate":"2023-02-16"},{"lineNumber":81,"author":{"gitId":"notbingsu"},"content":"            System.out.printf(\"Noted. I\u0027ve removed this task:\" +","lastModifiedDate":"2023-02-16"},{"lineNumber":82,"author":{"gitId":"notbingsu"},"content":"                    taskList.get(index).toString());","lastModifiedDate":"2023-02-16"},{"lineNumber":83,"author":{"gitId":"notbingsu"},"content":"            taskList.remove(index);","lastModifiedDate":"2023-02-16"},{"lineNumber":84,"author":{"gitId":"notbingsu"},"content":"            System.out.println(String.format(\"\\nNow you have %d tasks in the list.\\n\", taskList.size()));","lastModifiedDate":"2023-02-16"},{"lineNumber":85,"author":{"gitId":"notbingsu"},"content":"        }","lastModifiedDate":"2023-02-16"},{"lineNumber":86,"author":{"gitId":"notbingsu"},"content":"    }","lastModifiedDate":"2023-02-16"},{"lineNumber":87,"author":{"gitId":"notbingsu"},"content":"","lastModifiedDate":"2023-02-16"},{"lineNumber":88,"author":{"gitId":"notbingsu"},"content":"    public void list() {","lastModifiedDate":"2023-02-03"},{"lineNumber":89,"author":{"gitId":"notbingsu"},"content":"        if (taskList.size() \u003d\u003d 0) {","lastModifiedDate":"2023-02-09"},{"lineNumber":90,"author":{"gitId":"notbingsu"},"content":"            System.out.println(\"Task list is empty.\");","lastModifiedDate":"2023-02-09"},{"lineNumber":91,"author":{"gitId":"notbingsu"},"content":"        } else {","lastModifiedDate":"2023-02-09"},{"lineNumber":92,"author":{"gitId":"notbingsu"},"content":"            System.out.println(\"Here are the tasks in your list:\");","lastModifiedDate":"2023-02-09"},{"lineNumber":93,"author":{"gitId":"notbingsu"},"content":"            Integer i \u003d 0;","lastModifiedDate":"2023-02-09"},{"lineNumber":94,"author":{"gitId":"notbingsu"},"content":"            for (Task task : taskList) {","lastModifiedDate":"2023-02-09"},{"lineNumber":95,"author":{"gitId":"notbingsu"},"content":"                System.out.printf(String.format(\"%d.%s\\n\", i + 1, task.toString()));","lastModifiedDate":"2023-02-09"},{"lineNumber":96,"author":{"gitId":"notbingsu"},"content":"                i++;","lastModifiedDate":"2023-02-09"},{"lineNumber":97,"author":{"gitId":"notbingsu"},"content":"            }","lastModifiedDate":"2023-02-01"},{"lineNumber":98,"author":{"gitId":"-"},"content":"        }","lastModifiedDate":"2019-07-29"},{"lineNumber":99,"author":{"gitId":"-"},"content":"    }","lastModifiedDate":"2019-07-29"},{"lineNumber":100,"author":{"gitId":"notbingsu"},"content":"","lastModifiedDate":"2023-02-16"},{"lineNumber":101,"author":{"gitId":"notbingsu"},"content":"    private void pullFileData() {","lastModifiedDate":"2023-02-16"},{"lineNumber":102,"author":{"gitId":"notbingsu"},"content":"        File file \u003d new File(fileName);","lastModifiedDate":"2023-02-16"},{"lineNumber":103,"author":{"gitId":"notbingsu"},"content":"        String data;","lastModifiedDate":"2023-02-16"},{"lineNumber":104,"author":{"gitId":"notbingsu"},"content":"        try {","lastModifiedDate":"2023-02-16"},{"lineNumber":105,"author":{"gitId":"notbingsu"},"content":"            if (!file.createNewFile()) {","lastModifiedDate":"2023-02-16"},{"lineNumber":106,"author":{"gitId":"notbingsu"},"content":"                Scanner fileData \u003d new Scanner(file);","lastModifiedDate":"2023-02-16"},{"lineNumber":107,"author":{"gitId":"notbingsu"},"content":"                while (fileData.hasNext()) {","lastModifiedDate":"2023-02-16"},{"lineNumber":108,"author":{"gitId":"notbingsu"},"content":"                    data \u003d fileData.nextLine();","lastModifiedDate":"2023-02-16"},{"lineNumber":109,"author":{"gitId":"notbingsu"},"content":"                    String[] inputArgs \u003d data.split(\"|\");","lastModifiedDate":"2023-02-16"},{"lineNumber":110,"author":{"gitId":"notbingsu"},"content":"                    addFileData(inputArgs);","lastModifiedDate":"2023-02-16"},{"lineNumber":111,"author":{"gitId":"notbingsu"},"content":"                }","lastModifiedDate":"2023-02-16"},{"lineNumber":112,"author":{"gitId":"notbingsu"},"content":"                fileData.close();","lastModifiedDate":"2023-02-16"},{"lineNumber":113,"author":{"gitId":"notbingsu"},"content":"            }","lastModifiedDate":"2023-02-16"},{"lineNumber":114,"author":{"gitId":"notbingsu"},"content":"        } catch (IOException e) {","lastModifiedDate":"2023-02-16"},{"lineNumber":115,"author":{"gitId":"notbingsu"},"content":"            System.out.print(\"\\nError getting file data\");","lastModifiedDate":"2023-02-16"},{"lineNumber":116,"author":{"gitId":"notbingsu"},"content":"        }","lastModifiedDate":"2023-02-16"},{"lineNumber":117,"author":{"gitId":"notbingsu"},"content":"        System.out.println(\"These are the tasks from your file:\\n\");","lastModifiedDate":"2023-02-16"},{"lineNumber":118,"author":{"gitId":"notbingsu"},"content":"        list();","lastModifiedDate":"2023-02-16"},{"lineNumber":119,"author":{"gitId":"notbingsu"},"content":"    }","lastModifiedDate":"2023-02-16"},{"lineNumber":120,"author":{"gitId":"notbingsu"},"content":"","lastModifiedDate":"2023-02-16"},{"lineNumber":121,"author":{"gitId":"notbingsu"},"content":"    private void addFileData(String[] inputArgs) {","lastModifiedDate":"2023-02-16"},{"lineNumber":122,"author":{"gitId":"notbingsu"},"content":"        Task newTask;","lastModifiedDate":"2023-02-16"},{"lineNumber":123,"author":{"gitId":"notbingsu"},"content":"        String command \u003d inputArgs[0];","lastModifiedDate":"2023-02-16"},{"lineNumber":124,"author":{"gitId":"notbingsu"},"content":"        boolean taskStatus \u003d Boolean.parseBoolean(inputArgs[1]);","lastModifiedDate":"2023-02-16"},{"lineNumber":125,"author":{"gitId":"notbingsu"},"content":"        switch (command) {","lastModifiedDate":"2023-02-16"},{"lineNumber":126,"author":{"gitId":"notbingsu"},"content":"            case \"T\":","lastModifiedDate":"2023-02-16"},{"lineNumber":127,"author":{"gitId":"notbingsu"},"content":"                newTask \u003d new Todo(inputArgs[2]);","lastModifiedDate":"2023-02-16"},{"lineNumber":128,"author":{"gitId":"notbingsu"},"content":"                break;","lastModifiedDate":"2023-02-16"},{"lineNumber":129,"author":{"gitId":"notbingsu"},"content":"            case \"D\":","lastModifiedDate":"2023-02-16"},{"lineNumber":130,"author":{"gitId":"notbingsu"},"content":"                newTask \u003d new Deadline(inputArgs[2]);","lastModifiedDate":"2023-02-16"},{"lineNumber":131,"author":{"gitId":"notbingsu"},"content":"                break;","lastModifiedDate":"2023-02-16"},{"lineNumber":132,"author":{"gitId":"notbingsu"},"content":"            case \"E\":","lastModifiedDate":"2023-02-16"},{"lineNumber":133,"author":{"gitId":"notbingsu"},"content":"                newTask \u003d new Event(inputArgs[2]);","lastModifiedDate":"2023-02-16"},{"lineNumber":134,"author":{"gitId":"notbingsu"},"content":"                break;","lastModifiedDate":"2023-02-16"},{"lineNumber":135,"author":{"gitId":"notbingsu"},"content":"            default:","lastModifiedDate":"2023-02-16"},{"lineNumber":136,"author":{"gitId":"notbingsu"},"content":"                throw new IllegalStateException(\"File contents are invalid\");","lastModifiedDate":"2023-02-16"},{"lineNumber":137,"author":{"gitId":"notbingsu"},"content":"        }","lastModifiedDate":"2023-02-16"},{"lineNumber":138,"author":{"gitId":"notbingsu"},"content":"        if (taskStatus) {","lastModifiedDate":"2023-02-16"},{"lineNumber":139,"author":{"gitId":"notbingsu"},"content":"            newTask.markAsDone();","lastModifiedDate":"2023-02-16"},{"lineNumber":140,"author":{"gitId":"notbingsu"},"content":"        }","lastModifiedDate":"2023-02-16"},{"lineNumber":141,"author":{"gitId":"notbingsu"},"content":"        taskList.add(newTask);","lastModifiedDate":"2023-02-16"},{"lineNumber":142,"author":{"gitId":"notbingsu"},"content":"    }","lastModifiedDate":"2023-02-16"},{"lineNumber":143,"author":{"gitId":"notbingsu"},"content":"","lastModifiedDate":"2023-02-16"},{"lineNumber":144,"author":{"gitId":"notbingsu"},"content":"    public void saveToFile() {","lastModifiedDate":"2023-02-16"},{"lineNumber":145,"author":{"gitId":"notbingsu"},"content":"        try {","lastModifiedDate":"2023-02-16"},{"lineNumber":146,"author":{"gitId":"notbingsu"},"content":"            FileWriter fWriter \u003d new FileWriter(fileName);","lastModifiedDate":"2023-02-16"},{"lineNumber":147,"author":{"gitId":"notbingsu"},"content":"            for (Task task : taskList) {","lastModifiedDate":"2023-02-16"},{"lineNumber":148,"author":{"gitId":"notbingsu"},"content":"                fWriter.write(task.fileFormat());","lastModifiedDate":"2023-02-16"},{"lineNumber":149,"author":{"gitId":"notbingsu"},"content":"            }","lastModifiedDate":"2023-02-16"},{"lineNumber":150,"author":{"gitId":"notbingsu"},"content":"            fWriter.close();","lastModifiedDate":"2023-02-16"},{"lineNumber":151,"author":{"gitId":"notbingsu"},"content":"        } catch (IOException e) {","lastModifiedDate":"2023-02-16"},{"lineNumber":152,"author":{"gitId":"notbingsu"},"content":"            System.out.print(\"IOException Error: data not saved to file\\n\");","lastModifiedDate":"2023-02-16"},{"lineNumber":153,"author":{"gitId":"notbingsu"},"content":"        }","lastModifiedDate":"2023-02-16"},{"lineNumber":154,"author":{"gitId":"-"},"content":"    }","lastModifiedDate":"2023-02-16"},{"lineNumber":155,"author":{"gitId":"-"},"content":"}","lastModifiedDate":"2023-02-09"}],"authorContributionMap":{"notbingsu":144,"-":11}},{"path":"src/main/java/Event.java","fileType":"java","lines":[{"lineNumber":1,"author":{"gitId":"notbingsu"},"content":"public class Event extends Task {","lastModifiedDate":"2023-02-09"},{"lineNumber":2,"author":{"gitId":"notbingsu"},"content":"    public String startTime, endTime, eventName;","lastModifiedDate":"2023-02-09"},{"lineNumber":3,"author":{"gitId":"notbingsu"},"content":"    public String[] info;","lastModifiedDate":"2023-02-09"},{"lineNumber":4,"author":{"gitId":"notbingsu"},"content":"","lastModifiedDate":"2023-02-09"},{"lineNumber":5,"author":{"gitId":"notbingsu"},"content":"    public Event(String description) {","lastModifiedDate":"2023-02-09"},{"lineNumber":6,"author":{"gitId":"notbingsu"},"content":"        super(description);","lastModifiedDate":"2023-02-09"},{"lineNumber":7,"author":{"gitId":"notbingsu"},"content":"        this.info \u003d this.description.split(\"/from\", 2);","lastModifiedDate":"2023-02-09"},{"lineNumber":8,"author":{"gitId":"notbingsu"},"content":"        this.eventName \u003d info[0];","lastModifiedDate":"2023-02-09"},{"lineNumber":9,"author":{"gitId":"notbingsu"},"content":"        this.startTime \u003d info[1].split(\"/to\", 2)[0];","lastModifiedDate":"2023-02-09"},{"lineNumber":10,"author":{"gitId":"notbingsu"},"content":"        this.endTime \u003d info[1].split(\"/to\", 2)[1];","lastModifiedDate":"2023-02-09"},{"lineNumber":11,"author":{"gitId":"notbingsu"},"content":"    }","lastModifiedDate":"2023-02-09"},{"lineNumber":12,"author":{"gitId":"notbingsu"},"content":"","lastModifiedDate":"2023-02-09"},{"lineNumber":13,"author":{"gitId":"notbingsu"},"content":"    @Override","lastModifiedDate":"2023-02-16"},{"lineNumber":14,"author":{"gitId":"notbingsu"},"content":"    public String fileFormat() {","lastModifiedDate":"2023-02-16"},{"lineNumber":15,"author":{"gitId":"notbingsu"},"content":"        return (String.format(\"E|%b|%s /from %s /to %s\", super.isDone, this.eventName, this.startTime, this.endTime));","lastModifiedDate":"2023-02-16"},{"lineNumber":16,"author":{"gitId":"notbingsu"},"content":"    }","lastModifiedDate":"2023-02-16"},{"lineNumber":17,"author":{"gitId":"notbingsu"},"content":"","lastModifiedDate":"2023-02-16"},{"lineNumber":18,"author":{"gitId":"notbingsu"},"content":"    @Override","lastModifiedDate":"2023-02-09"},{"lineNumber":19,"author":{"gitId":"notbingsu"},"content":"    public String toString() {","lastModifiedDate":"2023-02-09"},{"lineNumber":20,"author":{"gitId":"notbingsu"},"content":"        return (\"[E][\" + super.getStatusIcon() + \"] \" + this.eventName) +","lastModifiedDate":"2023-02-09"},{"lineNumber":21,"author":{"gitId":"notbingsu"},"content":"                \" (from: \" + this.startTime + \" to: \" + this.endTime + \")\";","lastModifiedDate":"2023-02-09"},{"lineNumber":22,"author":{"gitId":"notbingsu"},"content":"    }","lastModifiedDate":"2023-02-09"},{"lineNumber":23,"author":{"gitId":"notbingsu"},"content":"}","lastModifiedDate":"2023-02-09"}],"authorContributionMap":{"notbingsu":23}},{"path":"src/main/java/Main.java","fileType":"java","lines":[{"lineNumber":1,"author":{"gitId":"notbingsu"},"content":"import java.util.Scanner;","lastModifiedDate":"2023-02-03"},{"lineNumber":2,"author":{"gitId":"notbingsu"},"content":"","lastModifiedDate":"2023-02-09"},{"lineNumber":3,"author":{"gitId":"notbingsu"},"content":"public class Main {","lastModifiedDate":"2023-02-03"},{"lineNumber":4,"author":{"gitId":"notbingsu"},"content":"    public static void main(String[] args) {","lastModifiedDate":"2023-02-03"},{"lineNumber":5,"author":{"gitId":"notbingsu"},"content":"        Duke Duke \u003d new Duke();","lastModifiedDate":"2023-02-03"},{"lineNumber":6,"author":{"gitId":"notbingsu"},"content":"        Duke.greet();","lastModifiedDate":"2023-02-09"},{"lineNumber":7,"author":{"gitId":"notbingsu"},"content":"        Scanner userInput \u003d new Scanner(System.in); // create Scanner object","lastModifiedDate":"2023-02-03"},{"lineNumber":8,"author":{"gitId":"notbingsu"},"content":"        String inputCommand; // read user input","lastModifiedDate":"2023-02-09"},{"lineNumber":9,"author":{"gitId":"notbingsu"},"content":"        String[] commandPhrase;","lastModifiedDate":"2023-02-09"},{"lineNumber":10,"author":{"gitId":"notbingsu"},"content":"        String command, phrase;","lastModifiedDate":"2023-02-09"},{"lineNumber":11,"author":{"gitId":"notbingsu"},"content":"        while (true) {","lastModifiedDate":"2023-02-09"},{"lineNumber":12,"author":{"gitId":"notbingsu"},"content":"            inputCommand \u003d userInput.nextLine();","lastModifiedDate":"2023-02-09"},{"lineNumber":13,"author":{"gitId":"notbingsu"},"content":"            commandPhrase \u003d inputCommand.split(\" \", 2);","lastModifiedDate":"2023-02-09"},{"lineNumber":14,"author":{"gitId":"notbingsu"},"content":"            command \u003d commandPhrase[0];","lastModifiedDate":"2023-02-09"},{"lineNumber":15,"author":{"gitId":"notbingsu"},"content":"            if (commandPhrase.length \u003c 2) {","lastModifiedDate":"2023-02-09"},{"lineNumber":16,"author":{"gitId":"notbingsu"},"content":"                if (command.equals(\"bye\")) {","lastModifiedDate":"2023-02-09"},{"lineNumber":17,"author":{"gitId":"notbingsu"},"content":"                    break;","lastModifiedDate":"2023-02-09"},{"lineNumber":18,"author":{"gitId":"notbingsu"},"content":"                } else if (command.equals(\"list\")) {","lastModifiedDate":"2023-02-09"},{"lineNumber":19,"author":{"gitId":"notbingsu"},"content":"                    Duke.list();","lastModifiedDate":"2023-02-03"},{"lineNumber":20,"author":{"gitId":"notbingsu"},"content":"                } else {","lastModifiedDate":"2023-02-09"},{"lineNumber":21,"author":{"gitId":"notbingsu"},"content":"                    System.out.println(\"Invalid command\");","lastModifiedDate":"2023-02-09"},{"lineNumber":22,"author":{"gitId":"notbingsu"},"content":"                }","lastModifiedDate":"2023-02-09"},{"lineNumber":23,"author":{"gitId":"notbingsu"},"content":"            } else {","lastModifiedDate":"2023-02-03"},{"lineNumber":24,"author":{"gitId":"notbingsu"},"content":"                phrase \u003d commandPhrase[1];","lastModifiedDate":"2023-02-09"},{"lineNumber":25,"author":{"gitId":"notbingsu"},"content":"                if (command.equals(\"mark\")) {","lastModifiedDate":"2023-02-09"},{"lineNumber":26,"author":{"gitId":"notbingsu"},"content":"                    Duke.changeTaskState(true, Integer.parseInt(phrase));","lastModifiedDate":"2023-02-09"},{"lineNumber":27,"author":{"gitId":"notbingsu"},"content":"                } else if (command.equals(\"unmark\")) {","lastModifiedDate":"2023-02-09"},{"lineNumber":28,"author":{"gitId":"notbingsu"},"content":"                    Duke.changeTaskState(false, Integer.parseInt(phrase));","lastModifiedDate":"2023-02-09"},{"lineNumber":29,"author":{"gitId":"notbingsu"},"content":"                } else if (command.equals(\"event\")) {","lastModifiedDate":"2023-02-09"},{"lineNumber":30,"author":{"gitId":"notbingsu"},"content":"                    Duke.addEvent(phrase);","lastModifiedDate":"2023-02-09"},{"lineNumber":31,"author":{"gitId":"notbingsu"},"content":"                } else if (command.equals(\"todo\")) {","lastModifiedDate":"2023-02-09"},{"lineNumber":32,"author":{"gitId":"notbingsu"},"content":"                    Duke.addTodo(phrase);","lastModifiedDate":"2023-02-09"},{"lineNumber":33,"author":{"gitId":"notbingsu"},"content":"                } else if (command.equals(\"deadline\")) {","lastModifiedDate":"2023-02-09"},{"lineNumber":34,"author":{"gitId":"notbingsu"},"content":"                    Duke.addDeadline(phrase);","lastModifiedDate":"2023-02-09"},{"lineNumber":35,"author":{"gitId":"notbingsu"},"content":"                } else if (command.equals(\"delete\")) {","lastModifiedDate":"2023-02-16"},{"lineNumber":36,"author":{"gitId":"notbingsu"},"content":"                    Duke.delete(Integer.parseInt(phrase));","lastModifiedDate":"2023-02-16"},{"lineNumber":37,"author":{"gitId":"notbingsu"},"content":"                } else {","lastModifiedDate":"2023-02-09"},{"lineNumber":38,"author":{"gitId":"notbingsu"},"content":"                    System.out.println(\"Invalid command\");","lastModifiedDate":"2023-02-09"},{"lineNumber":39,"author":{"gitId":"notbingsu"},"content":"                }","lastModifiedDate":"2023-02-09"},{"lineNumber":40,"author":{"gitId":"notbingsu"},"content":"            }","lastModifiedDate":"2023-02-03"},{"lineNumber":41,"author":{"gitId":"notbingsu"},"content":"            Duke.saveToFile();","lastModifiedDate":"2023-02-16"},{"lineNumber":42,"author":{"gitId":"notbingsu"},"content":"            System.out.println(\"------------------------------------\");","lastModifiedDate":"2023-02-09"},{"lineNumber":43,"author":{"gitId":"notbingsu"},"content":"        }","lastModifiedDate":"2023-02-03"},{"lineNumber":44,"author":{"gitId":"notbingsu"},"content":"        userInput.close();","lastModifiedDate":"2023-02-09"},{"lineNumber":45,"author":{"gitId":"notbingsu"},"content":"        System.out.println(\"Bye. Hope to see you again soon!\");","lastModifiedDate":"2023-02-03"},{"lineNumber":46,"author":{"gitId":"notbingsu"},"content":"    }","lastModifiedDate":"2023-02-03"},{"lineNumber":47,"author":{"gitId":"notbingsu"},"content":"}","lastModifiedDate":"2023-02-03"}],"authorContributionMap":{"notbingsu":47}},{"path":"src/main/java/Task.java","fileType":"java","lines":[{"lineNumber":1,"author":{"gitId":"notbingsu"},"content":"public class Task {","lastModifiedDate":"2023-02-03"},{"lineNumber":2,"author":{"gitId":"notbingsu"},"content":"    protected String description;","lastModifiedDate":"2023-02-03"},{"lineNumber":3,"author":{"gitId":"notbingsu"},"content":"    protected boolean isDone;","lastModifiedDate":"2023-02-03"},{"lineNumber":4,"author":{"gitId":"notbingsu"},"content":"","lastModifiedDate":"2023-02-03"},{"lineNumber":5,"author":{"gitId":"notbingsu"},"content":"    public Task(String description) {","lastModifiedDate":"2023-02-03"},{"lineNumber":6,"author":{"gitId":"notbingsu"},"content":"        this.description \u003d description;","lastModifiedDate":"2023-02-03"},{"lineNumber":7,"author":{"gitId":"notbingsu"},"content":"        this.isDone \u003d false;","lastModifiedDate":"2023-02-03"},{"lineNumber":8,"author":{"gitId":"notbingsu"},"content":"    }","lastModifiedDate":"2023-02-03"},{"lineNumber":9,"author":{"gitId":"notbingsu"},"content":"","lastModifiedDate":"2023-02-03"},{"lineNumber":10,"author":{"gitId":"notbingsu"},"content":"    public String getStatusIcon() {","lastModifiedDate":"2023-02-03"},{"lineNumber":11,"author":{"gitId":"notbingsu"},"content":"        return (isDone ? \"X\" : \" \"); // mark done task with X","lastModifiedDate":"2023-02-03"},{"lineNumber":12,"author":{"gitId":"notbingsu"},"content":"    }","lastModifiedDate":"2023-02-03"},{"lineNumber":13,"author":{"gitId":"notbingsu"},"content":"","lastModifiedDate":"2023-02-03"},{"lineNumber":14,"author":{"gitId":"notbingsu"},"content":"    public void markAsDone() {","lastModifiedDate":"2023-02-03"},{"lineNumber":15,"author":{"gitId":"notbingsu"},"content":"        this.isDone \u003d true;","lastModifiedDate":"2023-02-03"},{"lineNumber":16,"author":{"gitId":"notbingsu"},"content":"        System.out.println(\"Nice! I\u0027ve marked this task as done:\");","lastModifiedDate":"2023-02-03"},{"lineNumber":17,"author":{"gitId":"notbingsu"},"content":"        System.out.println(this.toString());","lastModifiedDate":"2023-02-03"},{"lineNumber":18,"author":{"gitId":"notbingsu"},"content":"    }","lastModifiedDate":"2023-02-03"},{"lineNumber":19,"author":{"gitId":"notbingsu"},"content":"","lastModifiedDate":"2023-02-03"},{"lineNumber":20,"author":{"gitId":"notbingsu"},"content":"    public void markAsUndone() {","lastModifiedDate":"2023-02-03"},{"lineNumber":21,"author":{"gitId":"notbingsu"},"content":"        this.isDone \u003d false;","lastModifiedDate":"2023-02-03"},{"lineNumber":22,"author":{"gitId":"notbingsu"},"content":"        System.out.println(\"OK, I\u0027ve marked this task as not done yet:\");","lastModifiedDate":"2023-02-03"},{"lineNumber":23,"author":{"gitId":"notbingsu"},"content":"        System.out.println(this.toString());","lastModifiedDate":"2023-02-03"},{"lineNumber":24,"author":{"gitId":"notbingsu"},"content":"    }","lastModifiedDate":"2023-02-03"},{"lineNumber":25,"author":{"gitId":"notbingsu"},"content":"","lastModifiedDate":"2023-02-09"},{"lineNumber":26,"author":{"gitId":"notbingsu"},"content":"    public String fileFormat() {","lastModifiedDate":"2023-02-16"},{"lineNumber":27,"author":{"gitId":"notbingsu"},"content":"        return (String.format(\" |%b|%s\", this.isDone, this.description));","lastModifiedDate":"2023-02-16"},{"lineNumber":28,"author":{"gitId":"notbingsu"},"content":"    }","lastModifiedDate":"2023-02-16"},{"lineNumber":29,"author":{"gitId":"notbingsu"},"content":"","lastModifiedDate":"2023-02-16"},{"lineNumber":30,"author":{"gitId":"notbingsu"},"content":"    @Override","lastModifiedDate":"2023-02-09"},{"lineNumber":31,"author":{"gitId":"notbingsu"},"content":"    public String toString() {","lastModifiedDate":"2023-02-09"},{"lineNumber":32,"author":{"gitId":"notbingsu"},"content":"        return String.format(\"[%s] %s\", this.getStatusIcon(), this.description);","lastModifiedDate":"2023-02-09"},{"lineNumber":33,"author":{"gitId":"notbingsu"},"content":"    }","lastModifiedDate":"2023-02-09"},{"lineNumber":34,"author":{"gitId":"notbingsu"},"content":"","lastModifiedDate":"2023-02-09"},{"lineNumber":35,"author":{"gitId":"notbingsu"},"content":"    // ...","lastModifiedDate":"2023-02-03"},{"lineNumber":36,"author":{"gitId":"notbingsu"},"content":"}","lastModifiedDate":"2023-02-03"}],"authorContributionMap":{"notbingsu":36}},{"path":"src/main/java/Todo.java","fileType":"java","lines":[{"lineNumber":1,"author":{"gitId":"notbingsu"},"content":"public class Todo extends Task {","lastModifiedDate":"2023-02-09"},{"lineNumber":2,"author":{"gitId":"notbingsu"},"content":"    public Todo(String description) {","lastModifiedDate":"2023-02-09"},{"lineNumber":3,"author":{"gitId":"notbingsu"},"content":"        super(description);","lastModifiedDate":"2023-02-09"},{"lineNumber":4,"author":{"gitId":"notbingsu"},"content":"    }","lastModifiedDate":"2023-02-09"},{"lineNumber":5,"author":{"gitId":"notbingsu"},"content":"","lastModifiedDate":"2023-02-09"},{"lineNumber":6,"author":{"gitId":"notbingsu"},"content":"    @Override","lastModifiedDate":"2023-02-09"},{"lineNumber":7,"author":{"gitId":"notbingsu"},"content":"    public String toString() {","lastModifiedDate":"2023-02-09"},{"lineNumber":8,"author":{"gitId":"notbingsu"},"content":"        return (\"[T][\" + super.getStatusIcon() + \"] \" + super.description);","lastModifiedDate":"2023-02-09"},{"lineNumber":9,"author":{"gitId":"notbingsu"},"content":"    }","lastModifiedDate":"2023-02-09"},{"lineNumber":10,"author":{"gitId":"notbingsu"},"content":"","lastModifiedDate":"2023-02-16"},{"lineNumber":11,"author":{"gitId":"notbingsu"},"content":"    @Override","lastModifiedDate":"2023-02-16"},{"lineNumber":12,"author":{"gitId":"notbingsu"},"content":"    public String fileFormat() {","lastModifiedDate":"2023-02-16"},{"lineNumber":13,"author":{"gitId":"notbingsu"},"content":"        return (String.format(\"T|%b|%s\", super.isDone, this.description));","lastModifiedDate":"2023-02-16"},{"lineNumber":14,"author":{"gitId":"notbingsu"},"content":"    }","lastModifiedDate":"2023-02-16"},{"lineNumber":15,"author":{"gitId":"notbingsu"},"content":"}","lastModifiedDate":"2023-02-09"}],"authorContributionMap":{"notbingsu":15}}]
