{"authorDailyContributionsMap":{"NivethaUdayakumar":[{"date":"2023-01-15","commitResults":[{"hash":"b90bcf561581e75dac819fbc05c23bd385dae57c","messageTitle":"Add increment level-0","messageBody":"","fileTypesAndContributionMap":{"java":{"insertions":9,"deletions":0}}}]},{"date":"2023-01-22","commitResults":[{"hash":"e4ef6b83f9d6e497272e471cb9f29ca5e8a6f520","messageTitle":"Increment level-1","messageBody":"","tags":["Level-1"],"fileTypesAndContributionMap":{"java":{"insertions":17,"deletions":4}}},{"hash":"51752d49e2cfd08004a3843e111f7b719bdc6510","messageTitle":"Increment level-2","messageBody":"","tags":["Level-2"],"fileTypesAndContributionMap":{"java":{"insertions":18,"deletions":4}}},{"hash":"8efba8c9866a22b4c154445cd909765079b5b826","messageTitle":"Increment level-3","messageBody":"","tags":["Level-3"],"fileTypesAndContributionMap":{"java":{"insertions":50,"deletions":6}}},{"hash":"199576ad39c0603d38a089e380b5332da49f71ef","messageTitle":"Update code to follow coding standards","messageBody":"","tags":["A-CodingStandard"],"fileTypesAndContributionMap":{"java":{"insertions":4,"deletions":4}}}]},{"date":"2023-01-29","commitResults":[{"hash":"6158ccc3e3af7f06f610c00cb04985e313e2ac27","messageTitle":"Add todo class","messageBody":"","fileTypesAndContributionMap":{"java":{"insertions":11,"deletions":0}}},{"hash":"443175a8478a0c2a97888e471ea4064f6a51a32f","messageTitle":"Add deadline class","messageBody":"","fileTypesAndContributionMap":{"java":{"insertions":14,"deletions":0}}},{"hash":"47d1b2ba038c31047d8c6859720bd08822292a7a","messageTitle":"Add event class","messageBody":"","fileTypesAndContributionMap":{"java":{"insertions":16,"deletions":0}}},{"hash":"4332732a70829d985bb0334630f067ece758dd05","messageTitle":"Update Task class","messageBody":"","fileTypesAndContributionMap":{"java":{"insertions":1,"deletions":2}}},{"hash":"3e02793ce568d272de5e7a1bcfa80099ce68827a","messageTitle":"Update Duke to support todo, deadline, and event tasks","messageBody":"","fileTypesAndContributionMap":{"java":{"insertions":43,"deletions":19}}},{"hash":"fa45d5964db3a480308ec934d099e9300b2b0eff","messageTitle":"Refactor code","messageBody":"","fileTypesAndContributionMap":{"java":{"insertions":35,"deletions":30}}},{"hash":"f25c49dd5b5c00dc3cf1aa9db37b3065b8f1dd7a","messageTitle":"Increment Level-4","messageBody":"","tags":["Level-4","A-CodeQuality"],"fileTypesAndContributionMap":{"java":{"insertions":35,"deletions":24}}},{"hash":"9ef30722e7dcefe4f8393b1830ec45dc2b3d5ff5","messageTitle":"Update code comments","messageBody":"","fileTypesAndContributionMap":{"java":{"insertions":7,"deletions":6}}}]}]},"authorFileTypeContributionMap":{"NivethaUdayakumar":{"java":161,"md":0,"fxml":0,"sh":0,"bat":0,"gradle":0,"txt":0}},"authorContributionVariance":{"NivethaUdayakumar":3705.751},"authorDisplayNameMap":{"NivethaUdayakumar":"CS2113-W12-1 UDAY..ETHA"}}
