[{"path":"src/main/java/Duke.java","fileType":"java","lines":[{"lineNumber":1,"author":{"gitId":"choongzhanhong"},"content":"import java.util.Scanner;","lastModifiedDate":"2023-01-21"},{"lineNumber":2,"author":{"gitId":"choongzhanhong"},"content":"","lastModifiedDate":"2023-01-21"},{"lineNumber":3,"author":{"gitId":"-"},"content":"public class Duke {","lastModifiedDate":"2019-07-29"},{"lineNumber":4,"author":{"gitId":"choongzhanhong"},"content":"    private static final TaskList tasks \u003d new TaskList();","lastModifiedDate":"2023-01-21"},{"lineNumber":5,"author":{"gitId":"choongzhanhong"},"content":"","lastModifiedDate":"2023-01-21"},{"lineNumber":6,"author":{"gitId":"choongzhanhong"},"content":"    // handle commands by the user.","lastModifiedDate":"2023-01-25"},{"lineNumber":7,"author":{"gitId":"choongzhanhong"},"content":"    private static void handleInput(String input) {","lastModifiedDate":"2023-01-25"},{"lineNumber":8,"author":{"gitId":"choongzhanhong"},"content":"        // If string contains mark, could be mark or unmark","lastModifiedDate":"2023-01-25"},{"lineNumber":9,"author":{"gitId":"choongzhanhong"},"content":"        // if not, it will fallthrough to the next conditional block","lastModifiedDate":"2023-01-25"},{"lineNumber":10,"author":{"gitId":"choongzhanhong"},"content":"        if (input.contains(\"mark\")) {","lastModifiedDate":"2023-01-25"},{"lineNumber":11,"author":{"gitId":"choongzhanhong"},"content":"            String[] command \u003d input.split(\" \");","lastModifiedDate":"2023-01-25"},{"lineNumber":12,"author":{"gitId":"choongzhanhong"},"content":"            int number \u003d Integer.parseInt(command[1]);","lastModifiedDate":"2023-01-25"},{"lineNumber":13,"author":{"gitId":"choongzhanhong"},"content":"            // Check if user inputs task number not out of range","lastModifiedDate":"2023-01-25"},{"lineNumber":14,"author":{"gitId":"choongzhanhong"},"content":"            if (number \u003e TaskList.getNumberOfTasks()) {","lastModifiedDate":"2023-01-25"},{"lineNumber":15,"author":{"gitId":"choongzhanhong"},"content":"                System.out.println(\"This task doesn\u0027t exist.\");","lastModifiedDate":"2023-01-25"},{"lineNumber":16,"author":{"gitId":"choongzhanhong"},"content":"                return;","lastModifiedDate":"2023-01-25"},{"lineNumber":17,"author":{"gitId":"choongzhanhong"},"content":"            }","lastModifiedDate":"2023-01-25"},{"lineNumber":18,"author":{"gitId":"choongzhanhong"},"content":"","lastModifiedDate":"2023-01-25"},{"lineNumber":19,"author":{"gitId":"choongzhanhong"},"content":"            // Check if the command is \"mark\" or \"unmark\"","lastModifiedDate":"2023-01-25"},{"lineNumber":20,"author":{"gitId":"choongzhanhong"},"content":"            if (command[0].equals(\"mark\")) {","lastModifiedDate":"2023-01-25"},{"lineNumber":21,"author":{"gitId":"choongzhanhong"},"content":"                tasks.markAsDone(number);","lastModifiedDate":"2023-01-25"},{"lineNumber":22,"author":{"gitId":"choongzhanhong"},"content":"                return;","lastModifiedDate":"2023-01-25"},{"lineNumber":23,"author":{"gitId":"choongzhanhong"},"content":"            }","lastModifiedDate":"2023-01-25"},{"lineNumber":24,"author":{"gitId":"choongzhanhong"},"content":"            else if (command[0].equals(\"unmark\")) {","lastModifiedDate":"2023-01-25"},{"lineNumber":25,"author":{"gitId":"choongzhanhong"},"content":"                tasks.markAsUndone(number);","lastModifiedDate":"2023-01-25"},{"lineNumber":26,"author":{"gitId":"choongzhanhong"},"content":"                return;","lastModifiedDate":"2023-01-25"},{"lineNumber":27,"author":{"gitId":"choongzhanhong"},"content":"            }","lastModifiedDate":"2023-01-25"},{"lineNumber":28,"author":{"gitId":"choongzhanhong"},"content":"        }","lastModifiedDate":"2023-01-25"},{"lineNumber":29,"author":{"gitId":"choongzhanhong"},"content":"","lastModifiedDate":"2023-01-25"},{"lineNumber":30,"author":{"gitId":"choongzhanhong"},"content":"        // Check user input against commands.","lastModifiedDate":"2023-01-25"},{"lineNumber":31,"author":{"gitId":"choongzhanhong"},"content":"        if (input.equals(\"bye\")) {","lastModifiedDate":"2023-01-25"},{"lineNumber":32,"author":{"gitId":"choongzhanhong"},"content":"            return;","lastModifiedDate":"2023-01-25"},{"lineNumber":33,"author":{"gitId":"choongzhanhong"},"content":"        } else if (input.equals(\"list\")) {","lastModifiedDate":"2023-01-25"},{"lineNumber":34,"author":{"gitId":"choongzhanhong"},"content":"            tasks.printContents();","lastModifiedDate":"2023-01-25"},{"lineNumber":35,"author":{"gitId":"choongzhanhong"},"content":"        } else if (input.equals(\"help\")) {","lastModifiedDate":"2023-01-27"},{"lineNumber":36,"author":{"gitId":"choongzhanhong"},"content":"            System.out.println(Message.HELP_MESSAGE);","lastModifiedDate":"2023-01-28"},{"lineNumber":37,"author":{"gitId":"choongzhanhong"},"content":"        } else {","lastModifiedDate":"2023-01-25"},{"lineNumber":38,"author":{"gitId":"choongzhanhong"},"content":"            tasks.addTask(input);","lastModifiedDate":"2023-01-25"},{"lineNumber":39,"author":{"gitId":"choongzhanhong"},"content":"            System.out.println(\"added: \" + input);","lastModifiedDate":"2023-01-25"},{"lineNumber":40,"author":{"gitId":"choongzhanhong"},"content":"        }","lastModifiedDate":"2023-01-25"},{"lineNumber":41,"author":{"gitId":"choongzhanhong"},"content":"    }","lastModifiedDate":"2023-01-25"},{"lineNumber":42,"author":{"gitId":"choongzhanhong"},"content":"","lastModifiedDate":"2023-01-25"},{"lineNumber":43,"author":{"gitId":"-"},"content":"    public static void main(String[] args) {","lastModifiedDate":"2019-07-29"},{"lineNumber":44,"author":{"gitId":"choongzhanhong"},"content":"","lastModifiedDate":"2023-01-15"},{"lineNumber":45,"author":{"gitId":"choongzhanhong"},"content":"        Message.greet();","lastModifiedDate":"2023-01-21"},{"lineNumber":46,"author":{"gitId":"choongzhanhong"},"content":"","lastModifiedDate":"2023-01-15"},{"lineNumber":47,"author":{"gitId":"choongzhanhong"},"content":"        // Input variables initialised.","lastModifiedDate":"2023-01-21"},{"lineNumber":48,"author":{"gitId":"choongzhanhong"},"content":"        Scanner myScanner \u003d new Scanner(System.in);","lastModifiedDate":"2023-01-21"},{"lineNumber":49,"author":{"gitId":"choongzhanhong"},"content":"        String userInput \u003d \"\";","lastModifiedDate":"2023-01-21"},{"lineNumber":50,"author":{"gitId":"choongzhanhong"},"content":"","lastModifiedDate":"2023-01-15"},{"lineNumber":51,"author":{"gitId":"choongzhanhong"},"content":"        // The main loop, which ends when user says Bye","lastModifiedDate":"2023-01-21"},{"lineNumber":52,"author":{"gitId":"choongzhanhong"},"content":"        while (!userInput.equalsIgnoreCase(\"bye\")) {","lastModifiedDate":"2023-01-21"},{"lineNumber":53,"author":{"gitId":"choongzhanhong"},"content":"            System.out.print(\"\u003e \");","lastModifiedDate":"2023-01-25"},{"lineNumber":54,"author":{"gitId":"choongzhanhong"},"content":"            userInput \u003d myScanner.nextLine();","lastModifiedDate":"2023-01-21"},{"lineNumber":55,"author":{"gitId":"choongzhanhong"},"content":"            handleInput(userInput.toLowerCase());","lastModifiedDate":"2023-01-25"},{"lineNumber":56,"author":{"gitId":"choongzhanhong"},"content":"            Message.printHLine();","lastModifiedDate":"2023-01-21"},{"lineNumber":57,"author":{"gitId":"choongzhanhong"},"content":"        }","lastModifiedDate":"2023-01-15"},{"lineNumber":58,"author":{"gitId":"choongzhanhong"},"content":"","lastModifiedDate":"2023-01-15"},{"lineNumber":59,"author":{"gitId":"choongzhanhong"},"content":"        // Exit message","lastModifiedDate":"2023-01-21"},{"lineNumber":60,"author":{"gitId":"choongzhanhong"},"content":"        Message.exit();","lastModifiedDate":"2023-01-21"},{"lineNumber":61,"author":{"gitId":"-"},"content":"    }","lastModifiedDate":"2019-07-29"},{"lineNumber":62,"author":{"gitId":"-"},"content":"}","lastModifiedDate":"2019-07-29"}],"authorContributionMap":{"choongzhanhong":58,"-":4}},{"path":"src/main/java/Message.java","fileType":"java","lines":[{"lineNumber":1,"author":{"gitId":"choongzhanhong"},"content":"/*","lastModifiedDate":"2023-01-21"},{"lineNumber":2,"author":{"gitId":"choongzhanhong"},"content":"* Use this class to store all text output for PAPA.","lastModifiedDate":"2023-01-21"},{"lineNumber":3,"author":{"gitId":"choongzhanhong"},"content":"* I\u0027m wondering if it\u0027s a good idea to use this to store pre-made strings.","lastModifiedDate":"2023-01-21"},{"lineNumber":4,"author":{"gitId":"choongzhanhong"},"content":"* Logo, Greet, Exit, etc","lastModifiedDate":"2023-01-21"},{"lineNumber":5,"author":{"gitId":"choongzhanhong"},"content":"*/","lastModifiedDate":"2023-01-21"},{"lineNumber":6,"author":{"gitId":"choongzhanhong"},"content":"public class Message {","lastModifiedDate":"2023-01-21"},{"lineNumber":7,"author":{"gitId":"choongzhanhong"},"content":"    public static final String LOGO \u003d \"██████╗  █████╗ ██████╗  █████╗ \\n\" +","lastModifiedDate":"2023-01-28"},{"lineNumber":8,"author":{"gitId":"choongzhanhong"},"content":"            \"██╔══██╗██╔══██╗██╔══██╗██╔══██╗\\n\" +","lastModifiedDate":"2023-01-21"},{"lineNumber":9,"author":{"gitId":"choongzhanhong"},"content":"            \"██████╔╝███████║██████╔╝███████║\\n\" +","lastModifiedDate":"2023-01-21"},{"lineNumber":10,"author":{"gitId":"choongzhanhong"},"content":"            \"██╔═══╝ ██╔══██║██╔═══╝ ██╔══██║\\n\" +","lastModifiedDate":"2023-01-21"},{"lineNumber":11,"author":{"gitId":"choongzhanhong"},"content":"            \"██║     ██║  ██║██║     ██║  ██║\\n\" +","lastModifiedDate":"2023-01-21"},{"lineNumber":12,"author":{"gitId":"choongzhanhong"},"content":"            \"╚═╝     ╚═╝  ╚═╝╚═╝     ╚═╝  ╚═╝\";","lastModifiedDate":"2023-01-21"},{"lineNumber":13,"author":{"gitId":"choongzhanhong"},"content":"    public static final String INTRO \u003d \"Hello! I\u0027m PAPA, your Personal Assistant, Personal Angel.\\n\"","lastModifiedDate":"2023-01-28"},{"lineNumber":14,"author":{"gitId":"choongzhanhong"},"content":"            + \"What can I do for you? Type \u0027help\u0027 for a list of commands.\";","lastModifiedDate":"2023-01-28"},{"lineNumber":15,"author":{"gitId":"choongzhanhong"},"content":"    public static final String OUTRO \u003d \"Bye. Hope to see you again soon!\";","lastModifiedDate":"2023-01-28"},{"lineNumber":16,"author":{"gitId":"choongzhanhong"},"content":"","lastModifiedDate":"2023-01-21"},{"lineNumber":17,"author":{"gitId":"choongzhanhong"},"content":"    /**","lastModifiedDate":"2023-01-21"},{"lineNumber":18,"author":{"gitId":"choongzhanhong"},"content":"     * Prints a horizontal line of 32 \u0027\u003d\u0027 characters.","lastModifiedDate":"2023-01-28"},{"lineNumber":19,"author":{"gitId":"choongzhanhong"},"content":"     */","lastModifiedDate":"2023-01-21"},{"lineNumber":20,"author":{"gitId":"choongzhanhong"},"content":"    public static void printHLine() {","lastModifiedDate":"2023-01-21"},{"lineNumber":21,"author":{"gitId":"choongzhanhong"},"content":"        System.out.println(\"\u003d\u003d\u003d\u003d\u003d\u003d\u003d\u003d\u003d\u003d\u003d\u003d\u003d\u003d\u003d\u003d\u003d\u003d\u003d\u003d\u003d\u003d\u003d\u003d\u003d\u003d\u003d\u003d\u003d\u003d\u003d\u003d\");","lastModifiedDate":"2023-01-21"},{"lineNumber":22,"author":{"gitId":"choongzhanhong"},"content":"    }","lastModifiedDate":"2023-01-21"},{"lineNumber":23,"author":{"gitId":"choongzhanhong"},"content":"","lastModifiedDate":"2023-01-21"},{"lineNumber":24,"author":{"gitId":"choongzhanhong"},"content":"    /**","lastModifiedDate":"2023-01-21"},{"lineNumber":25,"author":{"gitId":"choongzhanhong"},"content":"     * Greets the user.","lastModifiedDate":"2023-01-21"},{"lineNumber":26,"author":{"gitId":"choongzhanhong"},"content":"     */","lastModifiedDate":"2023-01-21"},{"lineNumber":27,"author":{"gitId":"choongzhanhong"},"content":"    public static void greet() {","lastModifiedDate":"2023-01-21"},{"lineNumber":28,"author":{"gitId":"choongzhanhong"},"content":"        System.out.println(LOGO);","lastModifiedDate":"2023-01-28"},{"lineNumber":29,"author":{"gitId":"choongzhanhong"},"content":"        // Greet message","lastModifiedDate":"2023-01-21"},{"lineNumber":30,"author":{"gitId":"choongzhanhong"},"content":"        printHLine();","lastModifiedDate":"2023-01-21"},{"lineNumber":31,"author":{"gitId":"choongzhanhong"},"content":"        System.out.println(INTRO);","lastModifiedDate":"2023-01-28"},{"lineNumber":32,"author":{"gitId":"choongzhanhong"},"content":"        printHLine();","lastModifiedDate":"2023-01-21"},{"lineNumber":33,"author":{"gitId":"choongzhanhong"},"content":"    }","lastModifiedDate":"2023-01-21"},{"lineNumber":34,"author":{"gitId":"choongzhanhong"},"content":"","lastModifiedDate":"2023-01-21"},{"lineNumber":35,"author":{"gitId":"choongzhanhong"},"content":"    /**","lastModifiedDate":"2023-01-21"},{"lineNumber":36,"author":{"gitId":"choongzhanhong"},"content":"     * Exit, goodbye message.","lastModifiedDate":"2023-01-21"},{"lineNumber":37,"author":{"gitId":"choongzhanhong"},"content":"     */","lastModifiedDate":"2023-01-21"},{"lineNumber":38,"author":{"gitId":"choongzhanhong"},"content":"    public static void exit() {","lastModifiedDate":"2023-01-21"},{"lineNumber":39,"author":{"gitId":"choongzhanhong"},"content":"        System.out.println(OUTRO);","lastModifiedDate":"2023-01-28"},{"lineNumber":40,"author":{"gitId":"choongzhanhong"},"content":"        printHLine();","lastModifiedDate":"2023-01-21"},{"lineNumber":41,"author":{"gitId":"choongzhanhong"},"content":"    }","lastModifiedDate":"2023-01-21"},{"lineNumber":42,"author":{"gitId":"choongzhanhong"},"content":"","lastModifiedDate":"2023-01-25"},{"lineNumber":43,"author":{"gitId":"choongzhanhong"},"content":"    public static final String TASK_DONE \u003d \"Nice! I\u0027ve marked this task as done: \";","lastModifiedDate":"2023-01-28"},{"lineNumber":44,"author":{"gitId":"choongzhanhong"},"content":"    public static final String TASK_UNDONE \u003d \"Okay, I\u0027ve marked this task as not done yet: \";","lastModifiedDate":"2023-01-28"},{"lineNumber":45,"author":{"gitId":"choongzhanhong"},"content":"","lastModifiedDate":"2023-01-27"},{"lineNumber":46,"author":{"gitId":"choongzhanhong"},"content":"    public static final String HELP_MESSAGE \u003d \"Options:\\n\" +","lastModifiedDate":"2023-01-28"},{"lineNumber":47,"author":{"gitId":"choongzhanhong"},"content":"            \"  help        Show these tips.\\n\" +","lastModifiedDate":"2023-01-27"},{"lineNumber":48,"author":{"gitId":"choongzhanhong"},"content":"            \"  list        List out existing tasks.\\n\" +","lastModifiedDate":"2023-01-27"},{"lineNumber":49,"author":{"gitId":"choongzhanhong"},"content":"            \"  bye         Exit PAPA.\\n\" +","lastModifiedDate":"2023-01-27"},{"lineNumber":50,"author":{"gitId":"choongzhanhong"},"content":"            \"  mark \u003cn\u003e    Mark the n-th task as done.\\n\" +","lastModifiedDate":"2023-01-27"},{"lineNumber":51,"author":{"gitId":"choongzhanhong"},"content":"            \"  unmark \u003cn\u003e  Mark the n-th task as undone.\";","lastModifiedDate":"2023-01-27"},{"lineNumber":52,"author":{"gitId":"choongzhanhong"},"content":"}","lastModifiedDate":"2023-01-21"}],"authorContributionMap":{"choongzhanhong":52}},{"path":"src/main/java/Task.java","fileType":"java","lines":[{"lineNumber":1,"author":{"gitId":"choongzhanhong"},"content":"/**","lastModifiedDate":"2023-01-25"},{"lineNumber":2,"author":{"gitId":"choongzhanhong"},"content":" * Individual tasks.","lastModifiedDate":"2023-01-25"},{"lineNumber":3,"author":{"gitId":"choongzhanhong"},"content":" */","lastModifiedDate":"2023-01-25"},{"lineNumber":4,"author":{"gitId":"choongzhanhong"},"content":"","lastModifiedDate":"2023-01-25"},{"lineNumber":5,"author":{"gitId":"choongzhanhong"},"content":"public class Task {","lastModifiedDate":"2023-01-25"},{"lineNumber":6,"author":{"gitId":"choongzhanhong"},"content":"    protected String description;","lastModifiedDate":"2023-01-25"},{"lineNumber":7,"author":{"gitId":"choongzhanhong"},"content":"    protected boolean isDone;","lastModifiedDate":"2023-01-25"},{"lineNumber":8,"author":{"gitId":"choongzhanhong"},"content":"","lastModifiedDate":"2023-01-25"},{"lineNumber":9,"author":{"gitId":"choongzhanhong"},"content":"    // Constructor","lastModifiedDate":"2023-01-25"},{"lineNumber":10,"author":{"gitId":"choongzhanhong"},"content":"    public Task(String description) {","lastModifiedDate":"2023-01-25"},{"lineNumber":11,"author":{"gitId":"choongzhanhong"},"content":"        this.description \u003d description;","lastModifiedDate":"2023-01-25"},{"lineNumber":12,"author":{"gitId":"choongzhanhong"},"content":"        this.isDone \u003d false;","lastModifiedDate":"2023-01-25"},{"lineNumber":13,"author":{"gitId":"choongzhanhong"},"content":"    }","lastModifiedDate":"2023-01-25"},{"lineNumber":14,"author":{"gitId":"choongzhanhong"},"content":"","lastModifiedDate":"2023-01-25"},{"lineNumber":15,"author":{"gitId":"choongzhanhong"},"content":"    // To be used to list out the task.","lastModifiedDate":"2023-01-25"},{"lineNumber":16,"author":{"gitId":"choongzhanhong"},"content":"    public String getTaskListing() {","lastModifiedDate":"2023-01-25"},{"lineNumber":17,"author":{"gitId":"choongzhanhong"},"content":"        return (this.getStatusIcon() + \" \" + this.description);","lastModifiedDate":"2023-01-25"},{"lineNumber":18,"author":{"gitId":"choongzhanhong"},"content":"    }","lastModifiedDate":"2023-01-25"},{"lineNumber":19,"author":{"gitId":"choongzhanhong"},"content":"","lastModifiedDate":"2023-01-25"},{"lineNumber":20,"author":{"gitId":"choongzhanhong"},"content":"    // return a string to indicate done or not done.","lastModifiedDate":"2023-01-25"},{"lineNumber":21,"author":{"gitId":"choongzhanhong"},"content":"    private String getStatusIcon() {","lastModifiedDate":"2023-01-25"},{"lineNumber":22,"author":{"gitId":"choongzhanhong"},"content":"        return (this.isDone ? \"[X]\" : \"[ ]\"); // mark done task with X","lastModifiedDate":"2023-01-25"},{"lineNumber":23,"author":{"gitId":"choongzhanhong"},"content":"    }","lastModifiedDate":"2023-01-25"},{"lineNumber":24,"author":{"gitId":"choongzhanhong"},"content":"","lastModifiedDate":"2023-01-25"},{"lineNumber":25,"author":{"gitId":"choongzhanhong"},"content":"    // use \"mark\" to mark done","lastModifiedDate":"2023-01-25"},{"lineNumber":26,"author":{"gitId":"choongzhanhong"},"content":"    public void markAsDone() {","lastModifiedDate":"2023-01-25"},{"lineNumber":27,"author":{"gitId":"choongzhanhong"},"content":"        this.isDone \u003d true;","lastModifiedDate":"2023-01-25"},{"lineNumber":28,"author":{"gitId":"choongzhanhong"},"content":"    }","lastModifiedDate":"2023-01-25"},{"lineNumber":29,"author":{"gitId":"choongzhanhong"},"content":"    // use \"unmark\" to mark a task not done","lastModifiedDate":"2023-01-25"},{"lineNumber":30,"author":{"gitId":"choongzhanhong"},"content":"    public void markAsUndone() {","lastModifiedDate":"2023-01-25"},{"lineNumber":31,"author":{"gitId":"choongzhanhong"},"content":"        this.isDone \u003d false;","lastModifiedDate":"2023-01-25"},{"lineNumber":32,"author":{"gitId":"choongzhanhong"},"content":"    }","lastModifiedDate":"2023-01-25"},{"lineNumber":33,"author":{"gitId":"choongzhanhong"},"content":"}","lastModifiedDate":"2023-01-25"}],"authorContributionMap":{"choongzhanhong":33}},{"path":"src/main/java/TaskList.java","fileType":"java","lines":[{"lineNumber":1,"author":{"gitId":"choongzhanhong"},"content":"import java.util.Arrays;","lastModifiedDate":"2023-01-21"},{"lineNumber":2,"author":{"gitId":"choongzhanhong"},"content":"","lastModifiedDate":"2023-01-21"},{"lineNumber":3,"author":{"gitId":"choongzhanhong"},"content":"public class TaskList {","lastModifiedDate":"2023-01-21"},{"lineNumber":4,"author":{"gitId":"choongzhanhong"},"content":"    private final Task[] tasks \u003d new Task[100];","lastModifiedDate":"2023-01-25"},{"lineNumber":5,"author":{"gitId":"choongzhanhong"},"content":"    private static int numberOfTasks \u003d 0;","lastModifiedDate":"2023-01-25"},{"lineNumber":6,"author":{"gitId":"choongzhanhong"},"content":"","lastModifiedDate":"2023-01-21"},{"lineNumber":7,"author":{"gitId":"choongzhanhong"},"content":"    /**","lastModifiedDate":"2023-01-21"},{"lineNumber":8,"author":{"gitId":"choongzhanhong"},"content":"     * Print the contents of tasks","lastModifiedDate":"2023-01-21"},{"lineNumber":9,"author":{"gitId":"choongzhanhong"},"content":"     */","lastModifiedDate":"2023-01-21"},{"lineNumber":10,"author":{"gitId":"choongzhanhong"},"content":"    public void printContents() {","lastModifiedDate":"2023-01-21"},{"lineNumber":11,"author":{"gitId":"choongzhanhong"},"content":"        System.out.println(\"Your tasks:\");","lastModifiedDate":"2023-01-21"},{"lineNumber":12,"author":{"gitId":"choongzhanhong"},"content":"","lastModifiedDate":"2023-01-21"},{"lineNumber":13,"author":{"gitId":"choongzhanhong"},"content":"        int number \u003d 1;","lastModifiedDate":"2023-01-21"},{"lineNumber":14,"author":{"gitId":"choongzhanhong"},"content":"        for (Task task : Arrays.copyOf(tasks, numberOfTasks)) {","lastModifiedDate":"2023-01-25"},{"lineNumber":15,"author":{"gitId":"choongzhanhong"},"content":"            System.out.printf(\"%d. %s\\n\", number, task.getTaskListing());","lastModifiedDate":"2023-01-25"},{"lineNumber":16,"author":{"gitId":"choongzhanhong"},"content":"            number++;","lastModifiedDate":"2023-01-21"},{"lineNumber":17,"author":{"gitId":"choongzhanhong"},"content":"        }","lastModifiedDate":"2023-01-21"},{"lineNumber":18,"author":{"gitId":"choongzhanhong"},"content":"    }","lastModifiedDate":"2023-01-21"},{"lineNumber":19,"author":{"gitId":"choongzhanhong"},"content":"","lastModifiedDate":"2023-01-21"},{"lineNumber":20,"author":{"gitId":"choongzhanhong"},"content":"    /**","lastModifiedDate":"2023-01-21"},{"lineNumber":21,"author":{"gitId":"choongzhanhong"},"content":"     * Adds a String task to the list of strings.","lastModifiedDate":"2023-01-21"},{"lineNumber":22,"author":{"gitId":"choongzhanhong"},"content":"     * @param taskName: Name of task, String to be added","lastModifiedDate":"2023-01-25"},{"lineNumber":23,"author":{"gitId":"choongzhanhong"},"content":"     */","lastModifiedDate":"2023-01-21"},{"lineNumber":24,"author":{"gitId":"choongzhanhong"},"content":"    public void addTask(String taskName) {","lastModifiedDate":"2023-01-25"},{"lineNumber":25,"author":{"gitId":"choongzhanhong"},"content":"        tasks[numberOfTasks] \u003d new Task(taskName);","lastModifiedDate":"2023-01-25"},{"lineNumber":26,"author":{"gitId":"choongzhanhong"},"content":"        numberOfTasks++;","lastModifiedDate":"2023-01-21"},{"lineNumber":27,"author":{"gitId":"choongzhanhong"},"content":"    }","lastModifiedDate":"2023-01-21"},{"lineNumber":28,"author":{"gitId":"choongzhanhong"},"content":"","lastModifiedDate":"2023-01-25"},{"lineNumber":29,"author":{"gitId":"choongzhanhong"},"content":"    // TODO: think about if you should combine both methods into one or not.","lastModifiedDate":"2023-01-25"},{"lineNumber":30,"author":{"gitId":"choongzhanhong"},"content":"    // -1 to account for zero-indexing.","lastModifiedDate":"2023-01-25"},{"lineNumber":31,"author":{"gitId":"choongzhanhong"},"content":"    public void markAsDone(int taskNumber) {","lastModifiedDate":"2023-01-25"},{"lineNumber":32,"author":{"gitId":"choongzhanhong"},"content":"        tasks[taskNumber - 1].markAsDone();","lastModifiedDate":"2023-01-25"},{"lineNumber":33,"author":{"gitId":"choongzhanhong"},"content":"        System.out.print(Message.TASK_DONE);","lastModifiedDate":"2023-01-28"},{"lineNumber":34,"author":{"gitId":"choongzhanhong"},"content":"        System.out.println(tasks[taskNumber-1].getTaskListing());","lastModifiedDate":"2023-01-25"},{"lineNumber":35,"author":{"gitId":"choongzhanhong"},"content":"    }","lastModifiedDate":"2023-01-25"},{"lineNumber":36,"author":{"gitId":"choongzhanhong"},"content":"","lastModifiedDate":"2023-01-27"},{"lineNumber":37,"author":{"gitId":"choongzhanhong"},"content":"    public void markAsUndone(int taskNumber) {","lastModifiedDate":"2023-01-25"},{"lineNumber":38,"author":{"gitId":"choongzhanhong"},"content":"        tasks[taskNumber - 1].markAsUndone();","lastModifiedDate":"2023-01-25"},{"lineNumber":39,"author":{"gitId":"choongzhanhong"},"content":"        System.out.print(Message.TASK_UNDONE);","lastModifiedDate":"2023-01-28"},{"lineNumber":40,"author":{"gitId":"choongzhanhong"},"content":"        System.out.println(tasks[taskNumber-1].getTaskListing());","lastModifiedDate":"2023-01-25"},{"lineNumber":41,"author":{"gitId":"choongzhanhong"},"content":"    }","lastModifiedDate":"2023-01-25"},{"lineNumber":42,"author":{"gitId":"choongzhanhong"},"content":"","lastModifiedDate":"2023-01-25"},{"lineNumber":43,"author":{"gitId":"choongzhanhong"},"content":"    // Getter for number of task","lastModifiedDate":"2023-01-25"},{"lineNumber":44,"author":{"gitId":"choongzhanhong"},"content":"    public static int getNumberOfTasks() {","lastModifiedDate":"2023-01-25"},{"lineNumber":45,"author":{"gitId":"choongzhanhong"},"content":"        return numberOfTasks;","lastModifiedDate":"2023-01-25"},{"lineNumber":46,"author":{"gitId":"choongzhanhong"},"content":"    }","lastModifiedDate":"2023-01-25"},{"lineNumber":47,"author":{"gitId":"choongzhanhong"},"content":"}","lastModifiedDate":"2023-01-21"}],"authorContributionMap":{"choongzhanhong":47}}]
