[{"path":"src/main/java/DeadLine.java","fileType":"java","lines":[{"lineNumber":1,"author":{"gitId":"dsicol"},"content":"public class DeadLine extends Task {","lastModifiedDate":"2023-01-30"},{"lineNumber":2,"author":{"gitId":"dsicol"},"content":"","lastModifiedDate":"2023-01-30"},{"lineNumber":3,"author":{"gitId":"dsicol"},"content":"    private String by;","lastModifiedDate":"2023-01-30"},{"lineNumber":4,"author":{"gitId":"dsicol"},"content":"","lastModifiedDate":"2023-01-30"},{"lineNumber":5,"author":{"gitId":"dsicol"},"content":"    public DeadLine(String description, String by) {","lastModifiedDate":"2023-01-30"},{"lineNumber":6,"author":{"gitId":"dsicol"},"content":"","lastModifiedDate":"2023-02-05"},{"lineNumber":7,"author":{"gitId":"dsicol"},"content":"        super(description);","lastModifiedDate":"2023-01-30"},{"lineNumber":8,"author":{"gitId":"dsicol"},"content":"        setBy(by);","lastModifiedDate":"2023-01-30"},{"lineNumber":9,"author":{"gitId":"dsicol"},"content":"","lastModifiedDate":"2023-02-05"},{"lineNumber":10,"author":{"gitId":"dsicol"},"content":"    }","lastModifiedDate":"2023-01-30"},{"lineNumber":11,"author":{"gitId":"dsicol"},"content":"","lastModifiedDate":"2023-01-30"},{"lineNumber":12,"author":{"gitId":"dsicol"},"content":"    public String getBy() {","lastModifiedDate":"2023-01-30"},{"lineNumber":13,"author":{"gitId":"dsicol"},"content":"","lastModifiedDate":"2023-02-05"},{"lineNumber":14,"author":{"gitId":"dsicol"},"content":"        return by;","lastModifiedDate":"2023-01-30"},{"lineNumber":15,"author":{"gitId":"dsicol"},"content":"","lastModifiedDate":"2023-02-05"},{"lineNumber":16,"author":{"gitId":"dsicol"},"content":"    }","lastModifiedDate":"2023-01-30"},{"lineNumber":17,"author":{"gitId":"dsicol"},"content":"    public void setBy(String by) {","lastModifiedDate":"2023-01-30"},{"lineNumber":18,"author":{"gitId":"dsicol"},"content":"","lastModifiedDate":"2023-02-05"},{"lineNumber":19,"author":{"gitId":"dsicol"},"content":"        this.by \u003d by;","lastModifiedDate":"2023-01-30"},{"lineNumber":20,"author":{"gitId":"dsicol"},"content":"","lastModifiedDate":"2023-02-05"},{"lineNumber":21,"author":{"gitId":"dsicol"},"content":"    }","lastModifiedDate":"2023-01-30"},{"lineNumber":22,"author":{"gitId":"dsicol"},"content":"","lastModifiedDate":"2023-01-30"},{"lineNumber":23,"author":{"gitId":"dsicol"},"content":"    @Override","lastModifiedDate":"2023-01-30"},{"lineNumber":24,"author":{"gitId":"dsicol"},"content":"    public String toString() {","lastModifiedDate":"2023-01-30"},{"lineNumber":25,"author":{"gitId":"dsicol"},"content":"","lastModifiedDate":"2023-02-05"},{"lineNumber":26,"author":{"gitId":"dsicol"},"content":"        return \"[D]\" + super.toString() + \"(by: \" + getBy() + \")\";","lastModifiedDate":"2023-01-30"},{"lineNumber":27,"author":{"gitId":"dsicol"},"content":"","lastModifiedDate":"2023-02-05"},{"lineNumber":28,"author":{"gitId":"dsicol"},"content":"    }","lastModifiedDate":"2023-01-30"},{"lineNumber":29,"author":{"gitId":"dsicol"},"content":"","lastModifiedDate":"2023-01-30"},{"lineNumber":30,"author":{"gitId":"dsicol"},"content":"}","lastModifiedDate":"2023-01-30"}],"authorContributionMap":{"dsicol":30}},{"path":"src/main/java/EmptyTaskListException.java","fileType":"java","lines":[{"lineNumber":1,"author":{"gitId":"dsicol"},"content":"public class EmptyTaskListException extends Exception {","lastModifiedDate":"2023-02-04"},{"lineNumber":2,"author":{"gitId":"dsicol"},"content":"}","lastModifiedDate":"2023-02-04"}],"authorContributionMap":{"dsicol":2}},{"path":"src/main/java/EmptyUserInputException.java","fileType":"java","lines":[{"lineNumber":1,"author":{"gitId":"dsicol"},"content":"public class EmptyUserInputException extends Exception {","lastModifiedDate":"2023-02-04"},{"lineNumber":2,"author":{"gitId":"dsicol"},"content":"}","lastModifiedDate":"2023-02-04"}],"authorContributionMap":{"dsicol":2}},{"path":"src/main/java/Event.java","fileType":"java","lines":[{"lineNumber":1,"author":{"gitId":"dsicol"},"content":"public class Event extends Task {","lastModifiedDate":"2023-01-30"},{"lineNumber":2,"author":{"gitId":"dsicol"},"content":"","lastModifiedDate":"2023-02-05"},{"lineNumber":3,"author":{"gitId":"dsicol"},"content":"    private String from;","lastModifiedDate":"2023-01-30"},{"lineNumber":4,"author":{"gitId":"dsicol"},"content":"","lastModifiedDate":"2023-02-05"},{"lineNumber":5,"author":{"gitId":"dsicol"},"content":"    private String to;","lastModifiedDate":"2023-01-30"},{"lineNumber":6,"author":{"gitId":"dsicol"},"content":"","lastModifiedDate":"2023-01-30"},{"lineNumber":7,"author":{"gitId":"dsicol"},"content":"    public Event(String description, String from, String to) {","lastModifiedDate":"2023-01-30"},{"lineNumber":8,"author":{"gitId":"dsicol"},"content":"","lastModifiedDate":"2023-02-05"},{"lineNumber":9,"author":{"gitId":"dsicol"},"content":"        super(description);","lastModifiedDate":"2023-01-30"},{"lineNumber":10,"author":{"gitId":"dsicol"},"content":"        setFrom(from);","lastModifiedDate":"2023-01-30"},{"lineNumber":11,"author":{"gitId":"dsicol"},"content":"        setTo(to);","lastModifiedDate":"2023-01-30"},{"lineNumber":12,"author":{"gitId":"dsicol"},"content":"","lastModifiedDate":"2023-02-05"},{"lineNumber":13,"author":{"gitId":"dsicol"},"content":"    }","lastModifiedDate":"2023-01-30"},{"lineNumber":14,"author":{"gitId":"dsicol"},"content":"","lastModifiedDate":"2023-01-30"},{"lineNumber":15,"author":{"gitId":"dsicol"},"content":"    public String getFrom() {","lastModifiedDate":"2023-01-30"},{"lineNumber":16,"author":{"gitId":"dsicol"},"content":"","lastModifiedDate":"2023-02-05"},{"lineNumber":17,"author":{"gitId":"dsicol"},"content":"        return from;","lastModifiedDate":"2023-01-30"},{"lineNumber":18,"author":{"gitId":"dsicol"},"content":"","lastModifiedDate":"2023-02-05"},{"lineNumber":19,"author":{"gitId":"dsicol"},"content":"    }","lastModifiedDate":"2023-01-30"},{"lineNumber":20,"author":{"gitId":"dsicol"},"content":"","lastModifiedDate":"2023-01-30"},{"lineNumber":21,"author":{"gitId":"dsicol"},"content":"    public String getTo() {","lastModifiedDate":"2023-01-30"},{"lineNumber":22,"author":{"gitId":"dsicol"},"content":"","lastModifiedDate":"2023-02-05"},{"lineNumber":23,"author":{"gitId":"dsicol"},"content":"        return to;","lastModifiedDate":"2023-01-30"},{"lineNumber":24,"author":{"gitId":"dsicol"},"content":"","lastModifiedDate":"2023-02-05"},{"lineNumber":25,"author":{"gitId":"dsicol"},"content":"    }","lastModifiedDate":"2023-01-30"},{"lineNumber":26,"author":{"gitId":"dsicol"},"content":"","lastModifiedDate":"2023-01-30"},{"lineNumber":27,"author":{"gitId":"dsicol"},"content":"    public void setFrom(String from) {","lastModifiedDate":"2023-01-30"},{"lineNumber":28,"author":{"gitId":"dsicol"},"content":"","lastModifiedDate":"2023-02-05"},{"lineNumber":29,"author":{"gitId":"dsicol"},"content":"        this.from \u003d from;","lastModifiedDate":"2023-01-30"},{"lineNumber":30,"author":{"gitId":"dsicol"},"content":"","lastModifiedDate":"2023-02-05"},{"lineNumber":31,"author":{"gitId":"dsicol"},"content":"    }","lastModifiedDate":"2023-01-30"},{"lineNumber":32,"author":{"gitId":"dsicol"},"content":"","lastModifiedDate":"2023-01-30"},{"lineNumber":33,"author":{"gitId":"dsicol"},"content":"    public void setTo(String to) {","lastModifiedDate":"2023-01-30"},{"lineNumber":34,"author":{"gitId":"dsicol"},"content":"","lastModifiedDate":"2023-02-05"},{"lineNumber":35,"author":{"gitId":"dsicol"},"content":"        this.to \u003d to;","lastModifiedDate":"2023-01-30"},{"lineNumber":36,"author":{"gitId":"dsicol"},"content":"","lastModifiedDate":"2023-02-05"},{"lineNumber":37,"author":{"gitId":"dsicol"},"content":"    }","lastModifiedDate":"2023-01-30"},{"lineNumber":38,"author":{"gitId":"dsicol"},"content":"","lastModifiedDate":"2023-01-30"},{"lineNumber":39,"author":{"gitId":"dsicol"},"content":"    @Override","lastModifiedDate":"2023-01-30"},{"lineNumber":40,"author":{"gitId":"dsicol"},"content":"    public String toString() {","lastModifiedDate":"2023-01-30"},{"lineNumber":41,"author":{"gitId":"dsicol"},"content":"","lastModifiedDate":"2023-02-05"},{"lineNumber":42,"author":{"gitId":"dsicol"},"content":"        return \"[E]\" + super.toString() + \"(from: \" + getFrom() + \"to: \" + getTo() + \")\";","lastModifiedDate":"2023-01-30"},{"lineNumber":43,"author":{"gitId":"dsicol"},"content":"","lastModifiedDate":"2023-02-05"},{"lineNumber":44,"author":{"gitId":"dsicol"},"content":"    }","lastModifiedDate":"2023-01-30"},{"lineNumber":45,"author":{"gitId":"dsicol"},"content":"","lastModifiedDate":"2023-01-30"},{"lineNumber":46,"author":{"gitId":"dsicol"},"content":"}","lastModifiedDate":"2023-01-30"}],"authorContributionMap":{"dsicol":46}},{"path":"src/main/java/ExceptionManager.java","fileType":"java","lines":[{"lineNumber":1,"author":{"gitId":"dsicol"},"content":"public class ExceptionManager {","lastModifiedDate":"2023-02-04"},{"lineNumber":2,"author":{"gitId":"dsicol"},"content":"","lastModifiedDate":"2023-02-05"},{"lineNumber":3,"author":{"gitId":"dsicol"},"content":"    public static void checkEmptyUserInput(String... strings) throws EmptyUserInputException {","lastModifiedDate":"2023-02-04"},{"lineNumber":4,"author":{"gitId":"dsicol"},"content":"","lastModifiedDate":"2023-02-05"},{"lineNumber":5,"author":{"gitId":"dsicol"},"content":"        for (String s : strings) {","lastModifiedDate":"2023-02-04"},{"lineNumber":6,"author":{"gitId":"dsicol"},"content":"            if (s.isEmpty()) {","lastModifiedDate":"2023-02-04"},{"lineNumber":7,"author":{"gitId":"dsicol"},"content":"                throw new EmptyUserInputException();","lastModifiedDate":"2023-02-04"},{"lineNumber":8,"author":{"gitId":"dsicol"},"content":"            }","lastModifiedDate":"2023-02-04"},{"lineNumber":9,"author":{"gitId":"dsicol"},"content":"        }","lastModifiedDate":"2023-02-04"},{"lineNumber":10,"author":{"gitId":"dsicol"},"content":"","lastModifiedDate":"2023-02-05"},{"lineNumber":11,"author":{"gitId":"dsicol"},"content":"    }","lastModifiedDate":"2023-02-04"},{"lineNumber":12,"author":{"gitId":"dsicol"},"content":"","lastModifiedDate":"2023-02-04"},{"lineNumber":13,"author":{"gitId":"dsicol"},"content":"    public static void checkEmptyTaskList(TaskList taskList) throws EmptyTaskListException {","lastModifiedDate":"2023-02-04"},{"lineNumber":14,"author":{"gitId":"dsicol"},"content":"","lastModifiedDate":"2023-02-05"},{"lineNumber":15,"author":{"gitId":"dsicol"},"content":"        if (taskList.getListIndex() \u003d\u003d 0) {","lastModifiedDate":"2023-02-04"},{"lineNumber":16,"author":{"gitId":"dsicol"},"content":"                throw new EmptyTaskListException();","lastModifiedDate":"2023-02-04"},{"lineNumber":17,"author":{"gitId":"dsicol"},"content":"            }","lastModifiedDate":"2023-02-04"},{"lineNumber":18,"author":{"gitId":"dsicol"},"content":"","lastModifiedDate":"2023-02-05"},{"lineNumber":19,"author":{"gitId":"dsicol"},"content":"    }","lastModifiedDate":"2023-02-04"},{"lineNumber":20,"author":{"gitId":"dsicol"},"content":"","lastModifiedDate":"2023-02-05"},{"lineNumber":21,"author":{"gitId":"dsicol"},"content":"}","lastModifiedDate":"2023-02-04"}],"authorContributionMap":{"dsicol":21}},{"path":"src/main/java/Inu.java","fileType":"java","lines":[{"lineNumber":1,"author":{"gitId":"dsicol"},"content":"import java.util.Scanner;","lastModifiedDate":"2023-01-23"},{"lineNumber":2,"author":{"gitId":"dsicol"},"content":"","lastModifiedDate":"2023-01-23"},{"lineNumber":3,"author":{"gitId":"dsicol"},"content":"public class Inu {","lastModifiedDate":"2023-01-23"},{"lineNumber":4,"author":{"gitId":"dsicol"},"content":"","lastModifiedDate":"2023-01-30"},{"lineNumber":5,"author":{"gitId":"dsicol"},"content":"    public TaskList taskList;","lastModifiedDate":"2023-02-04"},{"lineNumber":6,"author":{"gitId":"dsicol"},"content":"","lastModifiedDate":"2023-01-23"},{"lineNumber":7,"author":{"gitId":"dsicol"},"content":"    public Inu() {","lastModifiedDate":"2023-01-23"},{"lineNumber":8,"author":{"gitId":"dsicol"},"content":"","lastModifiedDate":"2023-01-23"},{"lineNumber":9,"author":{"gitId":"dsicol"},"content":"        TaskList taskList \u003d new TaskList();","lastModifiedDate":"2023-02-04"},{"lineNumber":10,"author":{"gitId":"dsicol"},"content":"","lastModifiedDate":"2023-02-05"},{"lineNumber":11,"author":{"gitId":"dsicol"},"content":"        Ui.printGreeting();","lastModifiedDate":"2023-02-01"},{"lineNumber":12,"author":{"gitId":"dsicol"},"content":"        UserCommands.parseCommand(taskList);","lastModifiedDate":"2023-02-04"},{"lineNumber":13,"author":{"gitId":"dsicol"},"content":"        Ui.printFarewell();","lastModifiedDate":"2023-02-01"},{"lineNumber":14,"author":{"gitId":"dsicol"},"content":"","lastModifiedDate":"2023-01-23"},{"lineNumber":15,"author":{"gitId":"dsicol"},"content":"    }","lastModifiedDate":"2023-01-23"},{"lineNumber":16,"author":{"gitId":"dsicol"},"content":"","lastModifiedDate":"2023-01-24"},{"lineNumber":17,"author":{"gitId":"dsicol"},"content":"    public static void main(String[] args) {","lastModifiedDate":"2023-01-23"},{"lineNumber":18,"author":{"gitId":"dsicol"},"content":"","lastModifiedDate":"2023-02-05"},{"lineNumber":19,"author":{"gitId":"dsicol"},"content":"        new Inu();","lastModifiedDate":"2023-01-23"},{"lineNumber":20,"author":{"gitId":"dsicol"},"content":"","lastModifiedDate":"2023-02-05"},{"lineNumber":21,"author":{"gitId":"dsicol"},"content":"    }","lastModifiedDate":"2023-01-23"},{"lineNumber":22,"author":{"gitId":"dsicol"},"content":"}","lastModifiedDate":"2023-01-23"}],"authorContributionMap":{"dsicol":22}},{"path":"src/main/java/Messages.java","fileType":"java","lines":[{"lineNumber":1,"author":{"gitId":"dsicol"},"content":"public class Messages {","lastModifiedDate":"2023-02-01"},{"lineNumber":2,"author":{"gitId":"dsicol"},"content":"","lastModifiedDate":"2023-02-01"},{"lineNumber":3,"author":{"gitId":"dsicol"},"content":"    public static final String MESSAGE_GREETING \u003d \" Woof Woof! I\u0027m Inu! Your personal Shib-Assistant ^.^\";","lastModifiedDate":"2023-02-01"},{"lineNumber":4,"author":{"gitId":"dsicol"},"content":"","lastModifiedDate":"2023-02-05"},{"lineNumber":5,"author":{"gitId":"dsicol"},"content":"    public static final String MESSAGE_PROMPT \u003d \" What can I do for you today?\";","lastModifiedDate":"2023-02-01"},{"lineNumber":6,"author":{"gitId":"dsicol"},"content":"","lastModifiedDate":"2023-02-05"},{"lineNumber":7,"author":{"gitId":"dsicol"},"content":"    public static final String MESSAGE_FAREWELL \u003d \" Bye. Hope to see you again soon ^.^!\";","lastModifiedDate":"2023-02-01"},{"lineNumber":8,"author":{"gitId":"dsicol"},"content":"","lastModifiedDate":"2023-02-05"},{"lineNumber":9,"author":{"gitId":"dsicol"},"content":"    public static final String MESSAGE_LIST_HEADER \u003d \" Woof! Here are your current tasks ^.^:\";","lastModifiedDate":"2023-02-01"},{"lineNumber":10,"author":{"gitId":"dsicol"},"content":"","lastModifiedDate":"2023-02-05"},{"lineNumber":11,"author":{"gitId":"dsicol"},"content":"    public static final String MESSAGE_MARK_TASK \u003d \" Woof! I\u0027ve marked this task as completed for you:\";","lastModifiedDate":"2023-02-01"},{"lineNumber":12,"author":{"gitId":"dsicol"},"content":"","lastModifiedDate":"2023-02-05"},{"lineNumber":13,"author":{"gitId":"dsicol"},"content":"    public static final String MESSAGE_UNMARK_TASK \u003d \" Woof! I\u0027ve marked this task as incompleted for you:\";","lastModifiedDate":"2023-02-01"},{"lineNumber":14,"author":{"gitId":"dsicol"},"content":"","lastModifiedDate":"2023-02-05"},{"lineNumber":15,"author":{"gitId":"dsicol"},"content":"    public static final String MESSAGE_DIVIDER \u003d \"___________________________________________________________________\";","lastModifiedDate":"2023-02-04"},{"lineNumber":16,"author":{"gitId":"dsicol"},"content":"","lastModifiedDate":"2023-02-05"},{"lineNumber":17,"author":{"gitId":"dsicol"},"content":"    public static final String MESSAGE_INVALID \u003d \" Sorry! Please type a valid command! ^.^\";","lastModifiedDate":"2023-02-01"},{"lineNumber":18,"author":{"gitId":"dsicol"},"content":"","lastModifiedDate":"2023-02-05"},{"lineNumber":19,"author":{"gitId":"dsicol"},"content":"    public static final String MESSAGE_PROMPT_VALID_INPUT \u003d \" Sorry! \"","lastModifiedDate":"2023-02-05"},{"lineNumber":20,"author":{"gitId":"dsicol"},"content":"            + \"You need a space between your command and task input!\" + \"\\n\"","lastModifiedDate":"2023-02-04"},{"lineNumber":21,"author":{"gitId":"dsicol"},"content":"            + \"Please enter your task as such: \u003ctodo/deadline/event\u003e \u003cyour task\u003e ^.^\";","lastModifiedDate":"2023-02-04"},{"lineNumber":22,"author":{"gitId":"dsicol"},"content":"","lastModifiedDate":"2023-02-05"},{"lineNumber":23,"author":{"gitId":"dsicol"},"content":"    public static final String MESSAGE_PROMPT_VALID_DEADLINE \u003d \" Sorry! Please indicate the deadline first\"","lastModifiedDate":"2023-02-05"},{"lineNumber":24,"author":{"gitId":"dsicol"},"content":"            + \"\\n\" + \"And its corresponding due date with \u003c/\u003e! \"","lastModifiedDate":"2023-02-05"},{"lineNumber":25,"author":{"gitId":"dsicol"},"content":"            + \"\\n\" + \"Format: deadline \u003cyour deadline\u003e /\u003cdue date\u003e\";","lastModifiedDate":"2023-02-05"},{"lineNumber":26,"author":{"gitId":"dsicol"},"content":"","lastModifiedDate":"2023-02-05"},{"lineNumber":27,"author":{"gitId":"dsicol"},"content":"    public static final String MESSAGE_PROMPT_VALID_EVENT \u003d \" Sorry! \"","lastModifiedDate":"2023-02-04"},{"lineNumber":28,"author":{"gitId":"dsicol"},"content":"            + \"Please indicate your event first, following with when it starts and ends with \u003c/\u003e!\"","lastModifiedDate":"2023-02-05"},{"lineNumber":29,"author":{"gitId":"dsicol"},"content":"            + \"\\n\" + \"Format: event \u003cMy Task\u003e /\u003cfrom when\u003e /\u003cto when\u003e\";","lastModifiedDate":"2023-02-05"},{"lineNumber":30,"author":{"gitId":"dsicol"},"content":"","lastModifiedDate":"2023-02-01"},{"lineNumber":31,"author":{"gitId":"dsicol"},"content":"    public static final String MESSAGE_PROMPT_VALID_TASK_ENTRY \u003d \" Sorry! \"","lastModifiedDate":"2023-02-04"},{"lineNumber":32,"author":{"gitId":"dsicol"},"content":"            + \"Please provide some information about your task! ^.^\";","lastModifiedDate":"2023-02-04"},{"lineNumber":33,"author":{"gitId":"dsicol"},"content":"","lastModifiedDate":"2023-02-04"},{"lineNumber":34,"author":{"gitId":"dsicol"},"content":"    public static final String MESSAGE_PROMPT_VALID_DEAD_LINE_ENTRY_AFTER_SLASH \u003d \" Sorry! \"","lastModifiedDate":"2023-02-05"},{"lineNumber":35,"author":{"gitId":"dsicol"},"content":"            + \"Please provide some information on your deadline\" + \"\\n\"","lastModifiedDate":"2023-02-04"},{"lineNumber":36,"author":{"gitId":"dsicol"},"content":"            + \"Namely, when it is due following the \u003c/\u003e symbol! ^.^\";","lastModifiedDate":"2023-02-05"},{"lineNumber":37,"author":{"gitId":"dsicol"},"content":"","lastModifiedDate":"2023-02-04"},{"lineNumber":38,"author":{"gitId":"dsicol"},"content":"    public static final String MESSAGE_PROMPT_VALID_EVENT_ENTRY_AFTER_SLASH \u003d \" Sorry! \"","lastModifiedDate":"2023-02-05"},{"lineNumber":39,"author":{"gitId":"dsicol"},"content":"            + \"Please provide some information on your event\" + \"\\n\"","lastModifiedDate":"2023-02-04"},{"lineNumber":40,"author":{"gitId":"dsicol"},"content":"            + \"Namely, when it starts and ends after following the \u003c/\u003e symbol respectively! ^.^\" + \"\\n\"","lastModifiedDate":"2023-02-05"},{"lineNumber":41,"author":{"gitId":"dsicol"},"content":"            + \"For example: /\u003cfrom when\u003e /\u003cto when\u003e\";","lastModifiedDate":"2023-02-05"},{"lineNumber":42,"author":{"gitId":"dsicol"},"content":"","lastModifiedDate":"2023-02-05"},{"lineNumber":43,"author":{"gitId":"dsicol"},"content":"    public static final String MESSAGE_PROMPT_VALID_MARK_AND_UN_MARK_INDEX \u003d \" Sorry! \"","lastModifiedDate":"2023-02-04"},{"lineNumber":44,"author":{"gitId":"dsicol"},"content":"            + \"This task does not exist in your list! ^.^\";","lastModifiedDate":"2023-02-04"},{"lineNumber":45,"author":{"gitId":"dsicol"},"content":"","lastModifiedDate":"2023-02-05"},{"lineNumber":46,"author":{"gitId":"dsicol"},"content":"    public static final String MESSAGE_PROMPT_VALID_MARK_AND_UN_MARK \u003d \" Sorry! \"","lastModifiedDate":"2023-02-04"},{"lineNumber":47,"author":{"gitId":"dsicol"},"content":"            + \"You need a space between your command and mark or unmark input!\" + \"\\n\"","lastModifiedDate":"2023-02-04"},{"lineNumber":48,"author":{"gitId":"dsicol"},"content":"            + \"Please enter your task to mark or unmark as such: \u003cmark/unmark\u003e \u003ctask number\u003e ^.^\";","lastModifiedDate":"2023-02-04"},{"lineNumber":49,"author":{"gitId":"dsicol"},"content":"","lastModifiedDate":"2023-02-05"},{"lineNumber":50,"author":{"gitId":"dsicol"},"content":"    public static final String MESSAGE_PROMPT_VALID_MARK_ENTRY \u003d \" Sorry! \"","lastModifiedDate":"2023-02-04"},{"lineNumber":51,"author":{"gitId":"dsicol"},"content":"            + \"Please provide some information on which task you would like to mark as complete! ^.^\";","lastModifiedDate":"2023-02-04"},{"lineNumber":52,"author":{"gitId":"dsicol"},"content":"","lastModifiedDate":"2023-02-05"},{"lineNumber":53,"author":{"gitId":"dsicol"},"content":"    public static final String MESSAGE_PROMPT_VALID_UN_MARK_ENTRY \u003d \" Sorry! \"","lastModifiedDate":"2023-02-04"},{"lineNumber":54,"author":{"gitId":"dsicol"},"content":"            + \"Please provide some information on which task you would like to mark as incomplete! ^.^\";","lastModifiedDate":"2023-02-04"},{"lineNumber":55,"author":{"gitId":"dsicol"},"content":"","lastModifiedDate":"2023-02-04"},{"lineNumber":56,"author":{"gitId":"dsicol"},"content":"","lastModifiedDate":"2023-02-05"},{"lineNumber":57,"author":{"gitId":"dsicol"},"content":"    public static final String MESSAGE_PROMPT_EMPTY_TASK_LIST\u003d \" Woof Woof! Your task list is empty! ^.^\";","lastModifiedDate":"2023-02-04"},{"lineNumber":58,"author":{"gitId":"dsicol"},"content":"","lastModifiedDate":"2023-02-05"},{"lineNumber":59,"author":{"gitId":"dsicol"},"content":"}","lastModifiedDate":"2023-02-01"}],"authorContributionMap":{"dsicol":59}},{"path":"src/main/java/Task.java","fileType":"java","lines":[{"lineNumber":1,"author":{"gitId":"dsicol"},"content":"public class Task {","lastModifiedDate":"2023-01-24"},{"lineNumber":2,"author":{"gitId":"dsicol"},"content":"","lastModifiedDate":"2023-02-04"},{"lineNumber":3,"author":{"gitId":"dsicol"},"content":"    private String description;","lastModifiedDate":"2023-01-30"},{"lineNumber":4,"author":{"gitId":"dsicol"},"content":"","lastModifiedDate":"2023-02-04"},{"lineNumber":5,"author":{"gitId":"dsicol"},"content":"    private boolean isDone;","lastModifiedDate":"2023-01-30"},{"lineNumber":6,"author":{"gitId":"dsicol"},"content":"","lastModifiedDate":"2023-01-24"},{"lineNumber":7,"author":{"gitId":"dsicol"},"content":"    public Task(String description) {","lastModifiedDate":"2023-01-24"},{"lineNumber":8,"author":{"gitId":"dsicol"},"content":"","lastModifiedDate":"2023-02-04"},{"lineNumber":9,"author":{"gitId":"dsicol"},"content":"        setDescription(description);","lastModifiedDate":"2023-01-24"},{"lineNumber":10,"author":{"gitId":"dsicol"},"content":"        resetDone();","lastModifiedDate":"2023-01-30"},{"lineNumber":11,"author":{"gitId":"dsicol"},"content":"","lastModifiedDate":"2023-02-04"},{"lineNumber":12,"author":{"gitId":"dsicol"},"content":"    }","lastModifiedDate":"2023-01-24"},{"lineNumber":13,"author":{"gitId":"dsicol"},"content":"","lastModifiedDate":"2023-01-24"},{"lineNumber":14,"author":{"gitId":"dsicol"},"content":"    public String getDescription() {","lastModifiedDate":"2023-01-24"},{"lineNumber":15,"author":{"gitId":"dsicol"},"content":"","lastModifiedDate":"2023-02-04"},{"lineNumber":16,"author":{"gitId":"dsicol"},"content":"        return description;","lastModifiedDate":"2023-01-24"},{"lineNumber":17,"author":{"gitId":"dsicol"},"content":"","lastModifiedDate":"2023-02-04"},{"lineNumber":18,"author":{"gitId":"dsicol"},"content":"    }","lastModifiedDate":"2023-01-24"},{"lineNumber":19,"author":{"gitId":"dsicol"},"content":"","lastModifiedDate":"2023-01-24"},{"lineNumber":20,"author":{"gitId":"dsicol"},"content":"    public void setDescription(String description) {","lastModifiedDate":"2023-01-24"},{"lineNumber":21,"author":{"gitId":"dsicol"},"content":"","lastModifiedDate":"2023-02-04"},{"lineNumber":22,"author":{"gitId":"dsicol"},"content":"        this.description \u003d description;","lastModifiedDate":"2023-01-24"},{"lineNumber":23,"author":{"gitId":"dsicol"},"content":"","lastModifiedDate":"2023-02-04"},{"lineNumber":24,"author":{"gitId":"dsicol"},"content":"    }","lastModifiedDate":"2023-01-24"},{"lineNumber":25,"author":{"gitId":"dsicol"},"content":"","lastModifiedDate":"2023-01-24"},{"lineNumber":26,"author":{"gitId":"dsicol"},"content":"    public void setDone() {","lastModifiedDate":"2023-01-24"},{"lineNumber":27,"author":{"gitId":"dsicol"},"content":"","lastModifiedDate":"2023-02-04"},{"lineNumber":28,"author":{"gitId":"dsicol"},"content":"        isDone \u003d true;","lastModifiedDate":"2023-01-24"},{"lineNumber":29,"author":{"gitId":"dsicol"},"content":"","lastModifiedDate":"2023-02-04"},{"lineNumber":30,"author":{"gitId":"dsicol"},"content":"    }","lastModifiedDate":"2023-01-24"},{"lineNumber":31,"author":{"gitId":"dsicol"},"content":"","lastModifiedDate":"2023-01-24"},{"lineNumber":32,"author":{"gitId":"dsicol"},"content":"    public void resetDone() {","lastModifiedDate":"2023-01-24"},{"lineNumber":33,"author":{"gitId":"dsicol"},"content":"","lastModifiedDate":"2023-02-04"},{"lineNumber":34,"author":{"gitId":"dsicol"},"content":"        isDone \u003d false;","lastModifiedDate":"2023-01-24"},{"lineNumber":35,"author":{"gitId":"dsicol"},"content":"","lastModifiedDate":"2023-02-04"},{"lineNumber":36,"author":{"gitId":"dsicol"},"content":"    }","lastModifiedDate":"2023-01-24"},{"lineNumber":37,"author":{"gitId":"dsicol"},"content":"","lastModifiedDate":"2023-02-01"},{"lineNumber":38,"author":{"gitId":"dsicol"},"content":"    public String getStatusIcon() {","lastModifiedDate":"2023-01-24"},{"lineNumber":39,"author":{"gitId":"dsicol"},"content":"","lastModifiedDate":"2023-02-04"},{"lineNumber":40,"author":{"gitId":"dsicol"},"content":"        return (isDone ? \"X\" : \" \");","lastModifiedDate":"2023-02-04"},{"lineNumber":41,"author":{"gitId":"dsicol"},"content":"","lastModifiedDate":"2023-02-04"},{"lineNumber":42,"author":{"gitId":"dsicol"},"content":"    }","lastModifiedDate":"2023-01-24"},{"lineNumber":43,"author":{"gitId":"dsicol"},"content":"","lastModifiedDate":"2023-01-30"},{"lineNumber":44,"author":{"gitId":"dsicol"},"content":"    @Override","lastModifiedDate":"2023-01-30"},{"lineNumber":45,"author":{"gitId":"dsicol"},"content":"    public String toString() {","lastModifiedDate":"2023-01-30"},{"lineNumber":46,"author":{"gitId":"dsicol"},"content":"","lastModifiedDate":"2023-02-04"},{"lineNumber":47,"author":{"gitId":"dsicol"},"content":"        return \"[\" + getStatusIcon() + \"] \" + getDescription();","lastModifiedDate":"2023-01-30"},{"lineNumber":48,"author":{"gitId":"dsicol"},"content":"","lastModifiedDate":"2023-02-04"},{"lineNumber":49,"author":{"gitId":"dsicol"},"content":"    }","lastModifiedDate":"2023-01-30"},{"lineNumber":50,"author":{"gitId":"dsicol"},"content":"","lastModifiedDate":"2023-01-30"},{"lineNumber":51,"author":{"gitId":"dsicol"},"content":"}","lastModifiedDate":"2023-01-24"}],"authorContributionMap":{"dsicol":51}},{"path":"src/main/java/TaskList.java","fileType":"java","lines":[{"lineNumber":1,"author":{"gitId":"dsicol"},"content":"public class TaskList {","lastModifiedDate":"2023-01-30"},{"lineNumber":2,"author":{"gitId":"dsicol"},"content":"","lastModifiedDate":"2023-02-05"},{"lineNumber":3,"author":{"gitId":"dsicol"},"content":"    private Task[] taskList;","lastModifiedDate":"2023-01-30"},{"lineNumber":4,"author":{"gitId":"dsicol"},"content":"","lastModifiedDate":"2023-02-05"},{"lineNumber":5,"author":{"gitId":"dsicol"},"content":"    private int listIndex \u003d 0;","lastModifiedDate":"2023-01-30"},{"lineNumber":6,"author":{"gitId":"dsicol"},"content":"","lastModifiedDate":"2023-01-30"},{"lineNumber":7,"author":{"gitId":"dsicol"},"content":"    public TaskList() {","lastModifiedDate":"2023-01-30"},{"lineNumber":8,"author":{"gitId":"dsicol"},"content":"","lastModifiedDate":"2023-02-05"},{"lineNumber":9,"author":{"gitId":"dsicol"},"content":"        this.taskList \u003d new Task[100];","lastModifiedDate":"2023-01-30"},{"lineNumber":10,"author":{"gitId":"dsicol"},"content":"","lastModifiedDate":"2023-02-05"},{"lineNumber":11,"author":{"gitId":"dsicol"},"content":"    }","lastModifiedDate":"2023-01-30"},{"lineNumber":12,"author":{"gitId":"dsicol"},"content":"","lastModifiedDate":"2023-01-30"},{"lineNumber":13,"author":{"gitId":"dsicol"},"content":"    public void printList() {","lastModifiedDate":"2023-01-30"},{"lineNumber":14,"author":{"gitId":"dsicol"},"content":"","lastModifiedDate":"2023-02-05"},{"lineNumber":15,"author":{"gitId":"dsicol"},"content":"        for (int i \u003d 0; i \u003c listIndex; i++) {","lastModifiedDate":"2023-01-30"},{"lineNumber":16,"author":{"gitId":"dsicol"},"content":"            System.out.println((i + 1) + \". \" + taskList[i].toString());","lastModifiedDate":"2023-01-30"},{"lineNumber":17,"author":{"gitId":"dsicol"},"content":"        }","lastModifiedDate":"2023-01-30"},{"lineNumber":18,"author":{"gitId":"dsicol"},"content":"","lastModifiedDate":"2023-02-05"},{"lineNumber":19,"author":{"gitId":"dsicol"},"content":"    }","lastModifiedDate":"2023-01-30"},{"lineNumber":20,"author":{"gitId":"dsicol"},"content":"","lastModifiedDate":"2023-01-30"},{"lineNumber":21,"author":{"gitId":"dsicol"},"content":"    public void addTask(Task t) {","lastModifiedDate":"2023-01-30"},{"lineNumber":22,"author":{"gitId":"dsicol"},"content":"","lastModifiedDate":"2023-02-05"},{"lineNumber":23,"author":{"gitId":"dsicol"},"content":"        taskList[listIndex] \u003d t;","lastModifiedDate":"2023-01-30"},{"lineNumber":24,"author":{"gitId":"dsicol"},"content":"        listIndex++;","lastModifiedDate":"2023-01-30"},{"lineNumber":25,"author":{"gitId":"dsicol"},"content":"","lastModifiedDate":"2023-02-05"},{"lineNumber":26,"author":{"gitId":"dsicol"},"content":"    }","lastModifiedDate":"2023-01-30"},{"lineNumber":27,"author":{"gitId":"dsicol"},"content":"","lastModifiedDate":"2023-01-30"},{"lineNumber":28,"author":{"gitId":"dsicol"},"content":"    public int getListIndex() {","lastModifiedDate":"2023-01-30"},{"lineNumber":29,"author":{"gitId":"dsicol"},"content":"","lastModifiedDate":"2023-02-05"},{"lineNumber":30,"author":{"gitId":"dsicol"},"content":"        return listIndex;","lastModifiedDate":"2023-01-30"},{"lineNumber":31,"author":{"gitId":"dsicol"},"content":"","lastModifiedDate":"2023-02-05"},{"lineNumber":32,"author":{"gitId":"dsicol"},"content":"    }","lastModifiedDate":"2023-01-30"},{"lineNumber":33,"author":{"gitId":"dsicol"},"content":"","lastModifiedDate":"2023-01-30"},{"lineNumber":34,"author":{"gitId":"dsicol"},"content":"    public Task getTask(int index) {","lastModifiedDate":"2023-01-30"},{"lineNumber":35,"author":{"gitId":"dsicol"},"content":"","lastModifiedDate":"2023-02-05"},{"lineNumber":36,"author":{"gitId":"dsicol"},"content":"        return taskList[index];","lastModifiedDate":"2023-01-30"},{"lineNumber":37,"author":{"gitId":"dsicol"},"content":"","lastModifiedDate":"2023-02-05"},{"lineNumber":38,"author":{"gitId":"dsicol"},"content":"    }","lastModifiedDate":"2023-01-30"},{"lineNumber":39,"author":{"gitId":"dsicol"},"content":"","lastModifiedDate":"2023-01-30"},{"lineNumber":40,"author":{"gitId":"dsicol"},"content":"    public Task getLastTask() {","lastModifiedDate":"2023-01-30"},{"lineNumber":41,"author":{"gitId":"dsicol"},"content":"","lastModifiedDate":"2023-02-05"},{"lineNumber":42,"author":{"gitId":"dsicol"},"content":"        return taskList[listIndex - 1];","lastModifiedDate":"2023-01-30"},{"lineNumber":43,"author":{"gitId":"dsicol"},"content":"","lastModifiedDate":"2023-02-05"},{"lineNumber":44,"author":{"gitId":"dsicol"},"content":"    }","lastModifiedDate":"2023-01-30"},{"lineNumber":45,"author":{"gitId":"dsicol"},"content":"}","lastModifiedDate":"2023-01-30"}],"authorContributionMap":{"dsicol":45}},{"path":"src/main/java/Todo.java","fileType":"java","lines":[{"lineNumber":1,"author":{"gitId":"dsicol"},"content":"public class Todo extends Task {","lastModifiedDate":"2023-01-30"},{"lineNumber":2,"author":{"gitId":"dsicol"},"content":"","lastModifiedDate":"2023-01-30"},{"lineNumber":3,"author":{"gitId":"dsicol"},"content":"    public Todo(String description) {","lastModifiedDate":"2023-01-30"},{"lineNumber":4,"author":{"gitId":"dsicol"},"content":"","lastModifiedDate":"2023-02-05"},{"lineNumber":5,"author":{"gitId":"dsicol"},"content":"        super(description);","lastModifiedDate":"2023-01-30"},{"lineNumber":6,"author":{"gitId":"dsicol"},"content":"","lastModifiedDate":"2023-02-05"},{"lineNumber":7,"author":{"gitId":"dsicol"},"content":"    }","lastModifiedDate":"2023-01-30"},{"lineNumber":8,"author":{"gitId":"dsicol"},"content":"","lastModifiedDate":"2023-02-01"},{"lineNumber":9,"author":{"gitId":"dsicol"},"content":"    @Override","lastModifiedDate":"2023-01-30"},{"lineNumber":10,"author":{"gitId":"dsicol"},"content":"    public String toString() {","lastModifiedDate":"2023-01-30"},{"lineNumber":11,"author":{"gitId":"dsicol"},"content":"","lastModifiedDate":"2023-02-05"},{"lineNumber":12,"author":{"gitId":"dsicol"},"content":"        return \"[T]\" + super.toString();","lastModifiedDate":"2023-01-30"},{"lineNumber":13,"author":{"gitId":"dsicol"},"content":"","lastModifiedDate":"2023-02-05"},{"lineNumber":14,"author":{"gitId":"dsicol"},"content":"    }","lastModifiedDate":"2023-01-30"},{"lineNumber":15,"author":{"gitId":"dsicol"},"content":"","lastModifiedDate":"2023-01-30"},{"lineNumber":16,"author":{"gitId":"dsicol"},"content":"}","lastModifiedDate":"2023-01-30"}],"authorContributionMap":{"dsicol":16}},{"path":"src/main/java/Ui.java","fileType":"java","lines":[{"lineNumber":1,"author":{"gitId":"dsicol"},"content":"public class Ui {","lastModifiedDate":"2023-02-01"},{"lineNumber":2,"author":{"gitId":"dsicol"},"content":"","lastModifiedDate":"2023-02-01"},{"lineNumber":3,"author":{"gitId":"dsicol"},"content":"    public static void printGreeting() {","lastModifiedDate":"2023-02-01"},{"lineNumber":4,"author":{"gitId":"dsicol"},"content":"","lastModifiedDate":"2023-02-05"},{"lineNumber":5,"author":{"gitId":"dsicol"},"content":"        System.out.println(Messages.MESSAGE_DIVIDER);","lastModifiedDate":"2023-02-01"},{"lineNumber":6,"author":{"gitId":"dsicol"},"content":"        System.out.println(Messages.MESSAGE_GREETING);","lastModifiedDate":"2023-02-01"},{"lineNumber":7,"author":{"gitId":"dsicol"},"content":"        System.out.println(Messages.MESSAGE_PROMPT);","lastModifiedDate":"2023-02-01"},{"lineNumber":8,"author":{"gitId":"dsicol"},"content":"        System.out.println(Messages.MESSAGE_DIVIDER);","lastModifiedDate":"2023-02-01"},{"lineNumber":9,"author":{"gitId":"dsicol"},"content":"","lastModifiedDate":"2023-02-05"},{"lineNumber":10,"author":{"gitId":"dsicol"},"content":"    }","lastModifiedDate":"2023-02-01"},{"lineNumber":11,"author":{"gitId":"dsicol"},"content":"","lastModifiedDate":"2023-02-01"},{"lineNumber":12,"author":{"gitId":"dsicol"},"content":"    public static void printFarewell() {","lastModifiedDate":"2023-02-01"},{"lineNumber":13,"author":{"gitId":"dsicol"},"content":"","lastModifiedDate":"2023-02-05"},{"lineNumber":14,"author":{"gitId":"dsicol"},"content":"        System.out.println(Messages.MESSAGE_DIVIDER);","lastModifiedDate":"2023-02-01"},{"lineNumber":15,"author":{"gitId":"dsicol"},"content":"        System.out.println(Messages.MESSAGE_FAREWELL);","lastModifiedDate":"2023-02-01"},{"lineNumber":16,"author":{"gitId":"dsicol"},"content":"        System.out.println(Messages.MESSAGE_DIVIDER);","lastModifiedDate":"2023-02-01"},{"lineNumber":17,"author":{"gitId":"dsicol"},"content":"","lastModifiedDate":"2023-02-05"},{"lineNumber":18,"author":{"gitId":"dsicol"},"content":"    }","lastModifiedDate":"2023-02-01"},{"lineNumber":19,"author":{"gitId":"dsicol"},"content":"","lastModifiedDate":"2023-02-01"},{"lineNumber":20,"author":{"gitId":"dsicol"},"content":"    public static void printTaskList(TaskList taskList) {","lastModifiedDate":"2023-02-01"},{"lineNumber":21,"author":{"gitId":"dsicol"},"content":"","lastModifiedDate":"2023-02-05"},{"lineNumber":22,"author":{"gitId":"dsicol"},"content":"        System.out.println(Messages.MESSAGE_DIVIDER);","lastModifiedDate":"2023-02-01"},{"lineNumber":23,"author":{"gitId":"dsicol"},"content":"        System.out.println(Messages.MESSAGE_LIST_HEADER);","lastModifiedDate":"2023-02-01"},{"lineNumber":24,"author":{"gitId":"dsicol"},"content":"        taskList.printList();","lastModifiedDate":"2023-02-01"},{"lineNumber":25,"author":{"gitId":"dsicol"},"content":"        System.out.println(Messages.MESSAGE_DIVIDER);","lastModifiedDate":"2023-02-01"},{"lineNumber":26,"author":{"gitId":"dsicol"},"content":"","lastModifiedDate":"2023-02-05"},{"lineNumber":27,"author":{"gitId":"dsicol"},"content":"    }","lastModifiedDate":"2023-02-01"},{"lineNumber":28,"author":{"gitId":"dsicol"},"content":"","lastModifiedDate":"2023-02-05"},{"lineNumber":29,"author":{"gitId":"dsicol"},"content":"    public static void printMark(TaskList taskList, int markIndex) {","lastModifiedDate":"2023-02-04"},{"lineNumber":30,"author":{"gitId":"dsicol"},"content":"","lastModifiedDate":"2023-02-05"},{"lineNumber":31,"author":{"gitId":"dsicol"},"content":"        System.out.println(Messages.MESSAGE_DIVIDER);","lastModifiedDate":"2023-02-04"},{"lineNumber":32,"author":{"gitId":"dsicol"},"content":"        System.out.println(Messages.MESSAGE_MARK_TASK + \"\\n\" + taskList.getTask(markIndex).toString());","lastModifiedDate":"2023-02-04"},{"lineNumber":33,"author":{"gitId":"dsicol"},"content":"        System.out.println(Messages.MESSAGE_DIVIDER);","lastModifiedDate":"2023-02-04"},{"lineNumber":34,"author":{"gitId":"dsicol"},"content":"","lastModifiedDate":"2023-02-05"},{"lineNumber":35,"author":{"gitId":"dsicol"},"content":"    }","lastModifiedDate":"2023-02-04"},{"lineNumber":36,"author":{"gitId":"dsicol"},"content":"","lastModifiedDate":"2023-02-05"},{"lineNumber":37,"author":{"gitId":"dsicol"},"content":"    public static void printUnMark(TaskList taskList, int unMarkIndex) {","lastModifiedDate":"2023-02-04"},{"lineNumber":38,"author":{"gitId":"dsicol"},"content":"","lastModifiedDate":"2023-02-05"},{"lineNumber":39,"author":{"gitId":"dsicol"},"content":"        System.out.println(Messages.MESSAGE_DIVIDER);","lastModifiedDate":"2023-02-04"},{"lineNumber":40,"author":{"gitId":"dsicol"},"content":"        System.out.println(Messages.MESSAGE_UNMARK_TASK + \"\\n\" + taskList.getTask(unMarkIndex).toString());","lastModifiedDate":"2023-02-04"},{"lineNumber":41,"author":{"gitId":"dsicol"},"content":"        System.out.println(Messages.MESSAGE_DIVIDER);","lastModifiedDate":"2023-02-04"},{"lineNumber":42,"author":{"gitId":"dsicol"},"content":"","lastModifiedDate":"2023-02-05"},{"lineNumber":43,"author":{"gitId":"dsicol"},"content":"    }","lastModifiedDate":"2023-02-04"},{"lineNumber":44,"author":{"gitId":"dsicol"},"content":"","lastModifiedDate":"2023-02-04"},{"lineNumber":45,"author":{"gitId":"dsicol"},"content":"    public static void printAcknowledgment(TaskList taskList) {","lastModifiedDate":"2023-02-04"},{"lineNumber":46,"author":{"gitId":"dsicol"},"content":"","lastModifiedDate":"2023-02-05"},{"lineNumber":47,"author":{"gitId":"dsicol"},"content":"        System.out.println(Messages.MESSAGE_DIVIDER);","lastModifiedDate":"2023-02-04"},{"lineNumber":48,"author":{"gitId":"dsicol"},"content":"        System.out.println(\"added: \" + taskList.getLastTask().toString() + \"\\n\"","lastModifiedDate":"2023-02-04"},{"lineNumber":49,"author":{"gitId":"dsicol"},"content":"                + \"Now you have \" + taskList.getListIndex() + \" tasks in your list.\");","lastModifiedDate":"2023-02-04"},{"lineNumber":50,"author":{"gitId":"dsicol"},"content":"        System.out.println(Messages.MESSAGE_DIVIDER);","lastModifiedDate":"2023-02-04"},{"lineNumber":51,"author":{"gitId":"dsicol"},"content":"","lastModifiedDate":"2023-02-05"},{"lineNumber":52,"author":{"gitId":"dsicol"},"content":"    }","lastModifiedDate":"2023-02-04"},{"lineNumber":53,"author":{"gitId":"dsicol"},"content":"","lastModifiedDate":"2023-02-01"},{"lineNumber":54,"author":{"gitId":"dsicol"},"content":"    public static void printInvalid() {","lastModifiedDate":"2023-02-04"},{"lineNumber":55,"author":{"gitId":"dsicol"},"content":"","lastModifiedDate":"2023-02-05"},{"lineNumber":56,"author":{"gitId":"dsicol"},"content":"        System.out.println(Messages.MESSAGE_DIVIDER);","lastModifiedDate":"2023-02-01"},{"lineNumber":57,"author":{"gitId":"dsicol"},"content":"        System.out.println(Messages.MESSAGE_INVALID);","lastModifiedDate":"2023-02-04"},{"lineNumber":58,"author":{"gitId":"dsicol"},"content":"        System.out.println(Messages.MESSAGE_DIVIDER);","lastModifiedDate":"2023-02-01"},{"lineNumber":59,"author":{"gitId":"dsicol"},"content":"","lastModifiedDate":"2023-02-05"},{"lineNumber":60,"author":{"gitId":"dsicol"},"content":"    }","lastModifiedDate":"2023-02-01"},{"lineNumber":61,"author":{"gitId":"dsicol"},"content":"","lastModifiedDate":"2023-02-01"},{"lineNumber":62,"author":{"gitId":"dsicol"},"content":"    public static void printPromptValidTask() {","lastModifiedDate":"2023-02-04"},{"lineNumber":63,"author":{"gitId":"dsicol"},"content":"","lastModifiedDate":"2023-02-05"},{"lineNumber":64,"author":{"gitId":"dsicol"},"content":"        System.out.println(Messages.MESSAGE_DIVIDER);","lastModifiedDate":"2023-02-04"},{"lineNumber":65,"author":{"gitId":"dsicol"},"content":"        System.out.println(Messages.MESSAGE_PROMPT_VALID_INPUT);","lastModifiedDate":"2023-02-05"},{"lineNumber":66,"author":{"gitId":"dsicol"},"content":"        System.out.println(Messages.MESSAGE_DIVIDER);","lastModifiedDate":"2023-02-04"},{"lineNumber":67,"author":{"gitId":"dsicol"},"content":"","lastModifiedDate":"2023-02-05"},{"lineNumber":68,"author":{"gitId":"dsicol"},"content":"    }","lastModifiedDate":"2023-02-04"},{"lineNumber":69,"author":{"gitId":"dsicol"},"content":"","lastModifiedDate":"2023-02-05"},{"lineNumber":70,"author":{"gitId":"dsicol"},"content":"    public static void printPromptValidDeadLine() {","lastModifiedDate":"2023-02-04"},{"lineNumber":71,"author":{"gitId":"dsicol"},"content":"","lastModifiedDate":"2023-02-05"},{"lineNumber":72,"author":{"gitId":"dsicol"},"content":"        System.out.println(Messages.MESSAGE_DIVIDER);","lastModifiedDate":"2023-02-04"},{"lineNumber":73,"author":{"gitId":"dsicol"},"content":"        System.out.println(Messages.MESSAGE_PROMPT_VALID_DEADLINE);","lastModifiedDate":"2023-02-04"},{"lineNumber":74,"author":{"gitId":"dsicol"},"content":"        System.out.println(Messages.MESSAGE_DIVIDER);","lastModifiedDate":"2023-02-04"},{"lineNumber":75,"author":{"gitId":"dsicol"},"content":"","lastModifiedDate":"2023-02-05"},{"lineNumber":76,"author":{"gitId":"dsicol"},"content":"    }","lastModifiedDate":"2023-02-04"},{"lineNumber":77,"author":{"gitId":"dsicol"},"content":"","lastModifiedDate":"2023-02-04"},{"lineNumber":78,"author":{"gitId":"dsicol"},"content":"    public static void printPromptValidEvent() {","lastModifiedDate":"2023-02-04"},{"lineNumber":79,"author":{"gitId":"dsicol"},"content":"","lastModifiedDate":"2023-02-05"},{"lineNumber":80,"author":{"gitId":"dsicol"},"content":"        System.out.println(Messages.MESSAGE_DIVIDER);","lastModifiedDate":"2023-02-04"},{"lineNumber":81,"author":{"gitId":"dsicol"},"content":"        System.out.println(Messages.MESSAGE_PROMPT_VALID_EVENT);","lastModifiedDate":"2023-02-04"},{"lineNumber":82,"author":{"gitId":"dsicol"},"content":"        System.out.println(Messages.MESSAGE_DIVIDER);","lastModifiedDate":"2023-02-04"},{"lineNumber":83,"author":{"gitId":"dsicol"},"content":"","lastModifiedDate":"2023-02-05"},{"lineNumber":84,"author":{"gitId":"dsicol"},"content":"    }","lastModifiedDate":"2023-02-04"},{"lineNumber":85,"author":{"gitId":"dsicol"},"content":"","lastModifiedDate":"2023-02-05"},{"lineNumber":86,"author":{"gitId":"dsicol"},"content":"    public static void printPromptValidTaskEntry() {","lastModifiedDate":"2023-02-04"},{"lineNumber":87,"author":{"gitId":"dsicol"},"content":"","lastModifiedDate":"2023-02-05"},{"lineNumber":88,"author":{"gitId":"dsicol"},"content":"        System.out.println(Messages.MESSAGE_DIVIDER);","lastModifiedDate":"2023-02-04"},{"lineNumber":89,"author":{"gitId":"dsicol"},"content":"        System.out.println(Messages.MESSAGE_PROMPT_VALID_TASK_ENTRY);","lastModifiedDate":"2023-02-04"},{"lineNumber":90,"author":{"gitId":"dsicol"},"content":"        System.out.println(Messages.MESSAGE_DIVIDER);","lastModifiedDate":"2023-02-04"},{"lineNumber":91,"author":{"gitId":"dsicol"},"content":"","lastModifiedDate":"2023-02-05"},{"lineNumber":92,"author":{"gitId":"dsicol"},"content":"    }","lastModifiedDate":"2023-02-04"},{"lineNumber":93,"author":{"gitId":"dsicol"},"content":"","lastModifiedDate":"2023-02-04"},{"lineNumber":94,"author":{"gitId":"dsicol"},"content":"    public static void printPromptValidDeadLineEntry() {","lastModifiedDate":"2023-02-04"},{"lineNumber":95,"author":{"gitId":"dsicol"},"content":"","lastModifiedDate":"2023-02-05"},{"lineNumber":96,"author":{"gitId":"dsicol"},"content":"        System.out.println(Messages.MESSAGE_DIVIDER);","lastModifiedDate":"2023-02-04"},{"lineNumber":97,"author":{"gitId":"dsicol"},"content":"        System.out.println(Messages.MESSAGE_PROMPT_VALID_DEAD_LINE_ENTRY_AFTER_SLASH);","lastModifiedDate":"2023-02-05"},{"lineNumber":98,"author":{"gitId":"dsicol"},"content":"        System.out.println(Messages.MESSAGE_DIVIDER);","lastModifiedDate":"2023-02-04"},{"lineNumber":99,"author":{"gitId":"dsicol"},"content":"","lastModifiedDate":"2023-02-05"},{"lineNumber":100,"author":{"gitId":"dsicol"},"content":"    }","lastModifiedDate":"2023-02-04"},{"lineNumber":101,"author":{"gitId":"dsicol"},"content":"","lastModifiedDate":"2023-02-05"},{"lineNumber":102,"author":{"gitId":"dsicol"},"content":"    public static void printPromptValidEventEntry() {","lastModifiedDate":"2023-02-04"},{"lineNumber":103,"author":{"gitId":"dsicol"},"content":"","lastModifiedDate":"2023-02-05"},{"lineNumber":104,"author":{"gitId":"dsicol"},"content":"        System.out.println(Messages.MESSAGE_DIVIDER);","lastModifiedDate":"2023-02-04"},{"lineNumber":105,"author":{"gitId":"dsicol"},"content":"        System.out.println(Messages.MESSAGE_PROMPT_VALID_EVENT_ENTRY_AFTER_SLASH);","lastModifiedDate":"2023-02-05"},{"lineNumber":106,"author":{"gitId":"dsicol"},"content":"        System.out.println(Messages.MESSAGE_DIVIDER);","lastModifiedDate":"2023-02-04"},{"lineNumber":107,"author":{"gitId":"dsicol"},"content":"","lastModifiedDate":"2023-02-05"},{"lineNumber":108,"author":{"gitId":"dsicol"},"content":"    }","lastModifiedDate":"2023-02-04"},{"lineNumber":109,"author":{"gitId":"dsicol"},"content":"","lastModifiedDate":"2023-02-04"},{"lineNumber":110,"author":{"gitId":"dsicol"},"content":"    public static void printPromptValidMarkAndUnMark() {","lastModifiedDate":"2023-02-04"},{"lineNumber":111,"author":{"gitId":"dsicol"},"content":"","lastModifiedDate":"2023-02-05"},{"lineNumber":112,"author":{"gitId":"dsicol"},"content":"        System.out.println(Messages.MESSAGE_DIVIDER);","lastModifiedDate":"2023-02-04"},{"lineNumber":113,"author":{"gitId":"dsicol"},"content":"        System.out.println(Messages.MESSAGE_PROMPT_VALID_MARK_AND_UN_MARK);","lastModifiedDate":"2023-02-04"},{"lineNumber":114,"author":{"gitId":"dsicol"},"content":"        System.out.println(Messages.MESSAGE_DIVIDER);","lastModifiedDate":"2023-02-04"},{"lineNumber":115,"author":{"gitId":"dsicol"},"content":"","lastModifiedDate":"2023-02-05"},{"lineNumber":116,"author":{"gitId":"dsicol"},"content":"    }","lastModifiedDate":"2023-02-04"},{"lineNumber":117,"author":{"gitId":"dsicol"},"content":"","lastModifiedDate":"2023-02-05"},{"lineNumber":118,"author":{"gitId":"dsicol"},"content":"    public static void printPromptValidMarkEntry() {","lastModifiedDate":"2023-02-04"},{"lineNumber":119,"author":{"gitId":"dsicol"},"content":"","lastModifiedDate":"2023-02-05"},{"lineNumber":120,"author":{"gitId":"dsicol"},"content":"        System.out.println(Messages.MESSAGE_DIVIDER);","lastModifiedDate":"2023-02-04"},{"lineNumber":121,"author":{"gitId":"dsicol"},"content":"        System.out.println(Messages.MESSAGE_PROMPT_VALID_MARK_ENTRY);","lastModifiedDate":"2023-02-04"},{"lineNumber":122,"author":{"gitId":"dsicol"},"content":"        System.out.println(Messages.MESSAGE_DIVIDER);","lastModifiedDate":"2023-02-04"},{"lineNumber":123,"author":{"gitId":"dsicol"},"content":"","lastModifiedDate":"2023-02-05"},{"lineNumber":124,"author":{"gitId":"dsicol"},"content":"    }","lastModifiedDate":"2023-02-04"},{"lineNumber":125,"author":{"gitId":"dsicol"},"content":"","lastModifiedDate":"2023-02-04"},{"lineNumber":126,"author":{"gitId":"dsicol"},"content":"    public static void printPromptValidUnMarkEntry() {","lastModifiedDate":"2023-02-04"},{"lineNumber":127,"author":{"gitId":"dsicol"},"content":"","lastModifiedDate":"2023-02-05"},{"lineNumber":128,"author":{"gitId":"dsicol"},"content":"        System.out.println(Messages.MESSAGE_DIVIDER);","lastModifiedDate":"2023-02-04"},{"lineNumber":129,"author":{"gitId":"dsicol"},"content":"        System.out.println(Messages.MESSAGE_PROMPT_VALID_UN_MARK_ENTRY);","lastModifiedDate":"2023-02-04"},{"lineNumber":130,"author":{"gitId":"dsicol"},"content":"        System.out.println(Messages.MESSAGE_DIVIDER);","lastModifiedDate":"2023-02-04"},{"lineNumber":131,"author":{"gitId":"dsicol"},"content":"","lastModifiedDate":"2023-02-05"},{"lineNumber":132,"author":{"gitId":"dsicol"},"content":"    }","lastModifiedDate":"2023-02-04"},{"lineNumber":133,"author":{"gitId":"dsicol"},"content":"","lastModifiedDate":"2023-02-04"},{"lineNumber":134,"author":{"gitId":"dsicol"},"content":"    public static void printPromptValidMarkAndUnMarkIndex() {","lastModifiedDate":"2023-02-04"},{"lineNumber":135,"author":{"gitId":"dsicol"},"content":"","lastModifiedDate":"2023-02-05"},{"lineNumber":136,"author":{"gitId":"dsicol"},"content":"        System.out.println(Messages.MESSAGE_DIVIDER);","lastModifiedDate":"2023-02-04"},{"lineNumber":137,"author":{"gitId":"dsicol"},"content":"        System.out.println(Messages.MESSAGE_PROMPT_VALID_MARK_AND_UN_MARK_INDEX);","lastModifiedDate":"2023-02-04"},{"lineNumber":138,"author":{"gitId":"dsicol"},"content":"        System.out.println(Messages.MESSAGE_DIVIDER);","lastModifiedDate":"2023-02-04"},{"lineNumber":139,"author":{"gitId":"dsicol"},"content":"","lastModifiedDate":"2023-02-05"},{"lineNumber":140,"author":{"gitId":"dsicol"},"content":"    }","lastModifiedDate":"2023-02-04"},{"lineNumber":141,"author":{"gitId":"dsicol"},"content":"","lastModifiedDate":"2023-02-04"},{"lineNumber":142,"author":{"gitId":"dsicol"},"content":"    public static void printPromptEmptyTaskList() {","lastModifiedDate":"2023-02-04"},{"lineNumber":143,"author":{"gitId":"dsicol"},"content":"","lastModifiedDate":"2023-02-05"},{"lineNumber":144,"author":{"gitId":"dsicol"},"content":"        System.out.println(Messages.MESSAGE_DIVIDER);","lastModifiedDate":"2023-02-04"},{"lineNumber":145,"author":{"gitId":"dsicol"},"content":"        System.out.println(Messages.MESSAGE_PROMPT_EMPTY_TASK_LIST);","lastModifiedDate":"2023-02-04"},{"lineNumber":146,"author":{"gitId":"dsicol"},"content":"        System.out.println(Messages.MESSAGE_DIVIDER);","lastModifiedDate":"2023-02-04"},{"lineNumber":147,"author":{"gitId":"dsicol"},"content":"","lastModifiedDate":"2023-02-05"},{"lineNumber":148,"author":{"gitId":"dsicol"},"content":"    }","lastModifiedDate":"2023-02-04"},{"lineNumber":149,"author":{"gitId":"dsicol"},"content":"","lastModifiedDate":"2023-02-04"},{"lineNumber":150,"author":{"gitId":"dsicol"},"content":"}","lastModifiedDate":"2023-02-01"}],"authorContributionMap":{"dsicol":150}},{"path":"src/main/java/UserCommands.java","fileType":"java","lines":[{"lineNumber":1,"author":{"gitId":"dsicol"},"content":"import java.util.Scanner;","lastModifiedDate":"2023-02-04"},{"lineNumber":2,"author":{"gitId":"dsicol"},"content":"","lastModifiedDate":"2023-02-04"},{"lineNumber":3,"author":{"gitId":"dsicol"},"content":"public class UserCommands {","lastModifiedDate":"2023-02-04"},{"lineNumber":4,"author":{"gitId":"dsicol"},"content":"","lastModifiedDate":"2023-02-05"},{"lineNumber":5,"author":{"gitId":"dsicol"},"content":"    public static Scanner input \u003d new Scanner(System.in);","lastModifiedDate":"2023-02-04"},{"lineNumber":6,"author":{"gitId":"dsicol"},"content":"","lastModifiedDate":"2023-02-05"},{"lineNumber":7,"author":{"gitId":"dsicol"},"content":"    public static String[] userString;","lastModifiedDate":"2023-02-04"},{"lineNumber":8,"author":{"gitId":"dsicol"},"content":"","lastModifiedDate":"2023-02-05"},{"lineNumber":9,"author":{"gitId":"dsicol"},"content":"    public static String command;","lastModifiedDate":"2023-02-04"},{"lineNumber":10,"author":{"gitId":"dsicol"},"content":"","lastModifiedDate":"2023-02-05"},{"lineNumber":11,"author":{"gitId":"dsicol"},"content":"    public static String entry;","lastModifiedDate":"2023-02-04"},{"lineNumber":12,"author":{"gitId":"dsicol"},"content":"","lastModifiedDate":"2023-02-05"},{"lineNumber":13,"author":{"gitId":"dsicol"},"content":"    public static String task;","lastModifiedDate":"2023-02-04"},{"lineNumber":14,"author":{"gitId":"dsicol"},"content":"","lastModifiedDate":"2023-02-05"},{"lineNumber":15,"author":{"gitId":"dsicol"},"content":"    public static String deadLine;","lastModifiedDate":"2023-02-04"},{"lineNumber":16,"author":{"gitId":"dsicol"},"content":"","lastModifiedDate":"2023-02-05"},{"lineNumber":17,"author":{"gitId":"dsicol"},"content":"    public static String from;","lastModifiedDate":"2023-02-04"},{"lineNumber":18,"author":{"gitId":"dsicol"},"content":"","lastModifiedDate":"2023-02-05"},{"lineNumber":19,"author":{"gitId":"dsicol"},"content":"    public static String to;","lastModifiedDate":"2023-02-04"},{"lineNumber":20,"author":{"gitId":"dsicol"},"content":"","lastModifiedDate":"2023-02-05"},{"lineNumber":21,"author":{"gitId":"dsicol"},"content":"    public static final String TODO \u003d \"todo\";","lastModifiedDate":"2023-02-04"},{"lineNumber":22,"author":{"gitId":"dsicol"},"content":"","lastModifiedDate":"2023-02-05"},{"lineNumber":23,"author":{"gitId":"dsicol"},"content":"    public static final String DEADLINE \u003d \"deadline\";","lastModifiedDate":"2023-02-04"},{"lineNumber":24,"author":{"gitId":"dsicol"},"content":"","lastModifiedDate":"2023-02-05"},{"lineNumber":25,"author":{"gitId":"dsicol"},"content":"    public static final String EVENT \u003d \"event\";","lastModifiedDate":"2023-02-04"},{"lineNumber":26,"author":{"gitId":"dsicol"},"content":"","lastModifiedDate":"2023-02-05"},{"lineNumber":27,"author":{"gitId":"dsicol"},"content":"    public static final String MARK \u003d \"mark\";","lastModifiedDate":"2023-02-04"},{"lineNumber":28,"author":{"gitId":"dsicol"},"content":"","lastModifiedDate":"2023-02-05"},{"lineNumber":29,"author":{"gitId":"dsicol"},"content":"    public static final String UNMARK \u003d \"unmark\";","lastModifiedDate":"2023-02-04"},{"lineNumber":30,"author":{"gitId":"dsicol"},"content":"","lastModifiedDate":"2023-02-05"},{"lineNumber":31,"author":{"gitId":"dsicol"},"content":"    public static final String LIST \u003d \"list\";","lastModifiedDate":"2023-02-04"},{"lineNumber":32,"author":{"gitId":"dsicol"},"content":"","lastModifiedDate":"2023-02-05"},{"lineNumber":33,"author":{"gitId":"dsicol"},"content":"    public static final String BYE \u003d \"bye\";","lastModifiedDate":"2023-02-04"},{"lineNumber":34,"author":{"gitId":"dsicol"},"content":"","lastModifiedDate":"2023-02-05"},{"lineNumber":35,"author":{"gitId":"dsicol"},"content":"    public static final int INDEX_COMMAND \u003d 0;","lastModifiedDate":"2023-02-05"},{"lineNumber":36,"author":{"gitId":"dsicol"},"content":"","lastModifiedDate":"2023-02-05"},{"lineNumber":37,"author":{"gitId":"dsicol"},"content":"    public static final int INDEX_ENTRY \u003d 1;","lastModifiedDate":"2023-02-05"},{"lineNumber":38,"author":{"gitId":"dsicol"},"content":"","lastModifiedDate":"2023-02-05"},{"lineNumber":39,"author":{"gitId":"dsicol"},"content":"    public static final int USER_STRING_SPLIT_LIMIT \u003d 2;","lastModifiedDate":"2023-02-04"},{"lineNumber":40,"author":{"gitId":"dsicol"},"content":"","lastModifiedDate":"2023-02-04"},{"lineNumber":41,"author":{"gitId":"dsicol"},"content":"    public static String[] readCommand() {","lastModifiedDate":"2023-02-04"},{"lineNumber":42,"author":{"gitId":"dsicol"},"content":"","lastModifiedDate":"2023-02-04"},{"lineNumber":43,"author":{"gitId":"dsicol"},"content":"        String userString;","lastModifiedDate":"2023-02-04"},{"lineNumber":44,"author":{"gitId":"dsicol"},"content":"        String[] userCommand;","lastModifiedDate":"2023-02-04"},{"lineNumber":45,"author":{"gitId":"dsicol"},"content":"","lastModifiedDate":"2023-02-04"},{"lineNumber":46,"author":{"gitId":"dsicol"},"content":"        userString \u003d input.nextLine();","lastModifiedDate":"2023-02-04"},{"lineNumber":47,"author":{"gitId":"dsicol"},"content":"        userCommand \u003d userString.split(\" \", USER_STRING_SPLIT_LIMIT);","lastModifiedDate":"2023-02-04"},{"lineNumber":48,"author":{"gitId":"dsicol"},"content":"","lastModifiedDate":"2023-02-04"},{"lineNumber":49,"author":{"gitId":"dsicol"},"content":"        return userCommand;","lastModifiedDate":"2023-02-04"},{"lineNumber":50,"author":{"gitId":"dsicol"},"content":"","lastModifiedDate":"2023-02-04"},{"lineNumber":51,"author":{"gitId":"dsicol"},"content":"    }","lastModifiedDate":"2023-02-04"},{"lineNumber":52,"author":{"gitId":"dsicol"},"content":"","lastModifiedDate":"2023-02-04"},{"lineNumber":53,"author":{"gitId":"dsicol"},"content":"    public static void parseCommand(TaskList taskList) {","lastModifiedDate":"2023-02-04"},{"lineNumber":54,"author":{"gitId":"dsicol"},"content":"","lastModifiedDate":"2023-02-04"},{"lineNumber":55,"author":{"gitId":"dsicol"},"content":"        do {","lastModifiedDate":"2023-02-04"},{"lineNumber":56,"author":{"gitId":"dsicol"},"content":"","lastModifiedDate":"2023-02-04"},{"lineNumber":57,"author":{"gitId":"dsicol"},"content":"            userString \u003d readCommand();","lastModifiedDate":"2023-02-04"},{"lineNumber":58,"author":{"gitId":"dsicol"},"content":"            command \u003d userString[INDEX_COMMAND];","lastModifiedDate":"2023-02-05"},{"lineNumber":59,"author":{"gitId":"dsicol"},"content":"","lastModifiedDate":"2023-02-04"},{"lineNumber":60,"author":{"gitId":"dsicol"},"content":"            switch (command) {","lastModifiedDate":"2023-02-04"},{"lineNumber":61,"author":{"gitId":"dsicol"},"content":"","lastModifiedDate":"2023-02-04"},{"lineNumber":62,"author":{"gitId":"dsicol"},"content":"            case TODO:","lastModifiedDate":"2023-02-04"},{"lineNumber":63,"author":{"gitId":"dsicol"},"content":"","lastModifiedDate":"2023-02-04"},{"lineNumber":64,"author":{"gitId":"dsicol"},"content":"                try {","lastModifiedDate":"2023-02-04"},{"lineNumber":65,"author":{"gitId":"dsicol"},"content":"","lastModifiedDate":"2023-02-04"},{"lineNumber":66,"author":{"gitId":"dsicol"},"content":"                    entry \u003d userString[INDEX_ENTRY];","lastModifiedDate":"2023-02-05"},{"lineNumber":67,"author":{"gitId":"dsicol"},"content":"","lastModifiedDate":"2023-02-04"},{"lineNumber":68,"author":{"gitId":"dsicol"},"content":"                    ExceptionManager.checkEmptyUserInput(entry);","lastModifiedDate":"2023-02-04"},{"lineNumber":69,"author":{"gitId":"dsicol"},"content":"","lastModifiedDate":"2023-02-04"},{"lineNumber":70,"author":{"gitId":"dsicol"},"content":"                    Todo todoTask \u003d new Todo(entry);","lastModifiedDate":"2023-02-04"},{"lineNumber":71,"author":{"gitId":"dsicol"},"content":"                    taskList.addTask(todoTask);","lastModifiedDate":"2023-02-04"},{"lineNumber":72,"author":{"gitId":"dsicol"},"content":"                    Ui.printAcknowledgment(taskList);","lastModifiedDate":"2023-02-04"},{"lineNumber":73,"author":{"gitId":"dsicol"},"content":"","lastModifiedDate":"2023-02-04"},{"lineNumber":74,"author":{"gitId":"dsicol"},"content":"                } catch (ArrayIndexOutOfBoundsException e) {","lastModifiedDate":"2023-02-04"},{"lineNumber":75,"author":{"gitId":"dsicol"},"content":"","lastModifiedDate":"2023-02-05"},{"lineNumber":76,"author":{"gitId":"dsicol"},"content":"                    Ui.printPromptValidTask();","lastModifiedDate":"2023-02-04"},{"lineNumber":77,"author":{"gitId":"dsicol"},"content":"","lastModifiedDate":"2023-02-05"},{"lineNumber":78,"author":{"gitId":"dsicol"},"content":"                } catch (EmptyUserInputException e) {","lastModifiedDate":"2023-02-04"},{"lineNumber":79,"author":{"gitId":"dsicol"},"content":"","lastModifiedDate":"2023-02-05"},{"lineNumber":80,"author":{"gitId":"dsicol"},"content":"                    Ui.printPromptValidTaskEntry();","lastModifiedDate":"2023-02-04"},{"lineNumber":81,"author":{"gitId":"dsicol"},"content":"","lastModifiedDate":"2023-02-05"},{"lineNumber":82,"author":{"gitId":"dsicol"},"content":"                }","lastModifiedDate":"2023-02-04"},{"lineNumber":83,"author":{"gitId":"dsicol"},"content":"","lastModifiedDate":"2023-02-05"},{"lineNumber":84,"author":{"gitId":"dsicol"},"content":"                break;","lastModifiedDate":"2023-02-04"},{"lineNumber":85,"author":{"gitId":"dsicol"},"content":"","lastModifiedDate":"2023-02-04"},{"lineNumber":86,"author":{"gitId":"dsicol"},"content":"            case DEADLINE:","lastModifiedDate":"2023-02-04"},{"lineNumber":87,"author":{"gitId":"dsicol"},"content":"","lastModifiedDate":"2023-02-04"},{"lineNumber":88,"author":{"gitId":"dsicol"},"content":"                try {","lastModifiedDate":"2023-02-04"},{"lineNumber":89,"author":{"gitId":"dsicol"},"content":"","lastModifiedDate":"2023-02-04"},{"lineNumber":90,"author":{"gitId":"dsicol"},"content":"                    entry \u003d userString[INDEX_ENTRY];","lastModifiedDate":"2023-02-05"},{"lineNumber":91,"author":{"gitId":"dsicol"},"content":"                    task \u003d Util.fetchTask(entry);","lastModifiedDate":"2023-02-04"},{"lineNumber":92,"author":{"gitId":"dsicol"},"content":"                    deadLine \u003d Util.fetchDeadLine(entry);","lastModifiedDate":"2023-02-04"},{"lineNumber":93,"author":{"gitId":"dsicol"},"content":"","lastModifiedDate":"2023-02-04"},{"lineNumber":94,"author":{"gitId":"dsicol"},"content":"                    ExceptionManager.checkEmptyUserInput(task, deadLine);","lastModifiedDate":"2023-02-04"},{"lineNumber":95,"author":{"gitId":"dsicol"},"content":"","lastModifiedDate":"2023-02-04"},{"lineNumber":96,"author":{"gitId":"dsicol"},"content":"                    DeadLine deadLineTask \u003d new DeadLine(task, deadLine);","lastModifiedDate":"2023-02-04"},{"lineNumber":97,"author":{"gitId":"dsicol"},"content":"                    taskList.addTask(deadLineTask);","lastModifiedDate":"2023-02-04"},{"lineNumber":98,"author":{"gitId":"dsicol"},"content":"                    Ui.printAcknowledgment(taskList);","lastModifiedDate":"2023-02-04"},{"lineNumber":99,"author":{"gitId":"dsicol"},"content":"","lastModifiedDate":"2023-02-04"},{"lineNumber":100,"author":{"gitId":"dsicol"},"content":"                } catch (ArrayIndexOutOfBoundsException e) {","lastModifiedDate":"2023-02-04"},{"lineNumber":101,"author":{"gitId":"dsicol"},"content":"","lastModifiedDate":"2023-02-05"},{"lineNumber":102,"author":{"gitId":"dsicol"},"content":"                    Ui.printPromptValidTask();","lastModifiedDate":"2023-02-04"},{"lineNumber":103,"author":{"gitId":"dsicol"},"content":"","lastModifiedDate":"2023-02-05"},{"lineNumber":104,"author":{"gitId":"dsicol"},"content":"                } catch (EmptyUserInputException e) {","lastModifiedDate":"2023-02-04"},{"lineNumber":105,"author":{"gitId":"dsicol"},"content":"","lastModifiedDate":"2023-02-05"},{"lineNumber":106,"author":{"gitId":"dsicol"},"content":"                    Ui.printPromptValidDeadLineEntry();","lastModifiedDate":"2023-02-04"},{"lineNumber":107,"author":{"gitId":"dsicol"},"content":"","lastModifiedDate":"2023-02-05"},{"lineNumber":108,"author":{"gitId":"dsicol"},"content":"                } catch (StringIndexOutOfBoundsException e) {","lastModifiedDate":"2023-02-05"},{"lineNumber":109,"author":{"gitId":"dsicol"},"content":"","lastModifiedDate":"2023-02-05"},{"lineNumber":110,"author":{"gitId":"dsicol"},"content":"                    Ui.printPromptValidDeadLine();","lastModifiedDate":"2023-02-05"},{"lineNumber":111,"author":{"gitId":"dsicol"},"content":"","lastModifiedDate":"2023-02-05"},{"lineNumber":112,"author":{"gitId":"dsicol"},"content":"                }","lastModifiedDate":"2023-02-04"},{"lineNumber":113,"author":{"gitId":"dsicol"},"content":"                break;","lastModifiedDate":"2023-02-04"},{"lineNumber":114,"author":{"gitId":"dsicol"},"content":"","lastModifiedDate":"2023-02-04"},{"lineNumber":115,"author":{"gitId":"dsicol"},"content":"            case EVENT:","lastModifiedDate":"2023-02-04"},{"lineNumber":116,"author":{"gitId":"dsicol"},"content":"","lastModifiedDate":"2023-02-04"},{"lineNumber":117,"author":{"gitId":"dsicol"},"content":"                try {","lastModifiedDate":"2023-02-04"},{"lineNumber":118,"author":{"gitId":"dsicol"},"content":"","lastModifiedDate":"2023-02-04"},{"lineNumber":119,"author":{"gitId":"dsicol"},"content":"                    entry \u003d userString[INDEX_ENTRY];","lastModifiedDate":"2023-02-05"},{"lineNumber":120,"author":{"gitId":"dsicol"},"content":"                    task \u003d Util.fetchTask(entry);","lastModifiedDate":"2023-02-04"},{"lineNumber":121,"author":{"gitId":"dsicol"},"content":"                    from \u003d Util.fetchFrom(entry);","lastModifiedDate":"2023-02-04"},{"lineNumber":122,"author":{"gitId":"dsicol"},"content":"                    to \u003d Util.fetchTo(entry);","lastModifiedDate":"2023-02-04"},{"lineNumber":123,"author":{"gitId":"dsicol"},"content":"","lastModifiedDate":"2023-02-04"},{"lineNumber":124,"author":{"gitId":"dsicol"},"content":"                    ExceptionManager.checkEmptyUserInput(task, from, to);","lastModifiedDate":"2023-02-04"},{"lineNumber":125,"author":{"gitId":"dsicol"},"content":"","lastModifiedDate":"2023-02-04"},{"lineNumber":126,"author":{"gitId":"dsicol"},"content":"                    Event eventTask \u003d new Event(task, from, to);","lastModifiedDate":"2023-02-04"},{"lineNumber":127,"author":{"gitId":"dsicol"},"content":"                    taskList.addTask(eventTask);","lastModifiedDate":"2023-02-04"},{"lineNumber":128,"author":{"gitId":"dsicol"},"content":"                    Ui.printAcknowledgment(taskList);","lastModifiedDate":"2023-02-04"},{"lineNumber":129,"author":{"gitId":"dsicol"},"content":"","lastModifiedDate":"2023-02-04"},{"lineNumber":130,"author":{"gitId":"dsicol"},"content":"                } catch (ArrayIndexOutOfBoundsException e) {","lastModifiedDate":"2023-02-04"},{"lineNumber":131,"author":{"gitId":"dsicol"},"content":"","lastModifiedDate":"2023-02-05"},{"lineNumber":132,"author":{"gitId":"dsicol"},"content":"                    Ui.printPromptValidTask();","lastModifiedDate":"2023-02-04"},{"lineNumber":133,"author":{"gitId":"dsicol"},"content":"","lastModifiedDate":"2023-02-05"},{"lineNumber":134,"author":{"gitId":"dsicol"},"content":"                } catch (EmptyUserInputException e) {","lastModifiedDate":"2023-02-04"},{"lineNumber":135,"author":{"gitId":"dsicol"},"content":"","lastModifiedDate":"2023-02-05"},{"lineNumber":136,"author":{"gitId":"dsicol"},"content":"                    Ui.printPromptValidEventEntry();","lastModifiedDate":"2023-02-04"},{"lineNumber":137,"author":{"gitId":"dsicol"},"content":"","lastModifiedDate":"2023-02-05"},{"lineNumber":138,"author":{"gitId":"dsicol"},"content":"                } catch (StringIndexOutOfBoundsException e) {","lastModifiedDate":"2023-02-05"},{"lineNumber":139,"author":{"gitId":"dsicol"},"content":"","lastModifiedDate":"2023-02-05"},{"lineNumber":140,"author":{"gitId":"dsicol"},"content":"                    Ui.printPromptValidEvent();","lastModifiedDate":"2023-02-05"},{"lineNumber":141,"author":{"gitId":"dsicol"},"content":"","lastModifiedDate":"2023-02-05"},{"lineNumber":142,"author":{"gitId":"dsicol"},"content":"                }","lastModifiedDate":"2023-02-04"},{"lineNumber":143,"author":{"gitId":"dsicol"},"content":"                break;","lastModifiedDate":"2023-02-04"},{"lineNumber":144,"author":{"gitId":"dsicol"},"content":"","lastModifiedDate":"2023-02-04"},{"lineNumber":145,"author":{"gitId":"dsicol"},"content":"            case LIST:","lastModifiedDate":"2023-02-04"},{"lineNumber":146,"author":{"gitId":"dsicol"},"content":"","lastModifiedDate":"2023-02-04"},{"lineNumber":147,"author":{"gitId":"dsicol"},"content":"                try {","lastModifiedDate":"2023-02-04"},{"lineNumber":148,"author":{"gitId":"dsicol"},"content":"","lastModifiedDate":"2023-02-05"},{"lineNumber":149,"author":{"gitId":"dsicol"},"content":"                    ExceptionManager.checkEmptyTaskList(taskList);","lastModifiedDate":"2023-02-04"},{"lineNumber":150,"author":{"gitId":"dsicol"},"content":"                    Ui.printTaskList(taskList);","lastModifiedDate":"2023-02-04"},{"lineNumber":151,"author":{"gitId":"dsicol"},"content":"","lastModifiedDate":"2023-02-05"},{"lineNumber":152,"author":{"gitId":"dsicol"},"content":"                } catch (EmptyTaskListException e) {","lastModifiedDate":"2023-02-04"},{"lineNumber":153,"author":{"gitId":"dsicol"},"content":"","lastModifiedDate":"2023-02-05"},{"lineNumber":154,"author":{"gitId":"dsicol"},"content":"                    Ui.printPromptEmptyTaskList();","lastModifiedDate":"2023-02-04"},{"lineNumber":155,"author":{"gitId":"dsicol"},"content":"","lastModifiedDate":"2023-02-04"},{"lineNumber":156,"author":{"gitId":"dsicol"},"content":"                }","lastModifiedDate":"2023-02-05"},{"lineNumber":157,"author":{"gitId":"dsicol"},"content":"                break;","lastModifiedDate":"2023-02-04"},{"lineNumber":158,"author":{"gitId":"dsicol"},"content":"","lastModifiedDate":"2023-02-04"},{"lineNumber":159,"author":{"gitId":"dsicol"},"content":"            case MARK:","lastModifiedDate":"2023-02-04"},{"lineNumber":160,"author":{"gitId":"dsicol"},"content":"","lastModifiedDate":"2023-02-04"},{"lineNumber":161,"author":{"gitId":"dsicol"},"content":"                try {","lastModifiedDate":"2023-02-04"},{"lineNumber":162,"author":{"gitId":"dsicol"},"content":"","lastModifiedDate":"2023-02-05"},{"lineNumber":163,"author":{"gitId":"dsicol"},"content":"                    entry \u003d userString[INDEX_ENTRY];","lastModifiedDate":"2023-02-05"},{"lineNumber":164,"author":{"gitId":"dsicol"},"content":"","lastModifiedDate":"2023-02-04"},{"lineNumber":165,"author":{"gitId":"dsicol"},"content":"                    ExceptionManager.checkEmptyUserInput(entry);","lastModifiedDate":"2023-02-04"},{"lineNumber":166,"author":{"gitId":"dsicol"},"content":"","lastModifiedDate":"2023-02-04"},{"lineNumber":167,"author":{"gitId":"dsicol"},"content":"                    int markIndex \u003d Util.fetchMarkIndex(entry);","lastModifiedDate":"2023-02-04"},{"lineNumber":168,"author":{"gitId":"dsicol"},"content":"                    Util.markTask(taskList, markIndex);","lastModifiedDate":"2023-02-04"},{"lineNumber":169,"author":{"gitId":"dsicol"},"content":"                    Ui.printMark(taskList, markIndex);","lastModifiedDate":"2023-02-04"},{"lineNumber":170,"author":{"gitId":"dsicol"},"content":"","lastModifiedDate":"2023-02-05"},{"lineNumber":171,"author":{"gitId":"dsicol"},"content":"                } catch (ArrayIndexOutOfBoundsException e) {","lastModifiedDate":"2023-02-04"},{"lineNumber":172,"author":{"gitId":"dsicol"},"content":"","lastModifiedDate":"2023-02-05"},{"lineNumber":173,"author":{"gitId":"dsicol"},"content":"                    Ui.printPromptValidMarkAndUnMark();","lastModifiedDate":"2023-02-04"},{"lineNumber":174,"author":{"gitId":"dsicol"},"content":"","lastModifiedDate":"2023-02-05"},{"lineNumber":175,"author":{"gitId":"dsicol"},"content":"                } catch (NullPointerException e) {","lastModifiedDate":"2023-02-04"},{"lineNumber":176,"author":{"gitId":"dsicol"},"content":"","lastModifiedDate":"2023-02-05"},{"lineNumber":177,"author":{"gitId":"dsicol"},"content":"                    Ui.printPromptValidMarkAndUnMarkIndex();","lastModifiedDate":"2023-02-04"},{"lineNumber":178,"author":{"gitId":"dsicol"},"content":"","lastModifiedDate":"2023-02-05"},{"lineNumber":179,"author":{"gitId":"dsicol"},"content":"                } catch (EmptyUserInputException e) {","lastModifiedDate":"2023-02-04"},{"lineNumber":180,"author":{"gitId":"dsicol"},"content":"","lastModifiedDate":"2023-02-05"},{"lineNumber":181,"author":{"gitId":"dsicol"},"content":"                    Ui.printPromptValidMarkEntry();","lastModifiedDate":"2023-02-04"},{"lineNumber":182,"author":{"gitId":"dsicol"},"content":"","lastModifiedDate":"2023-02-05"},{"lineNumber":183,"author":{"gitId":"dsicol"},"content":"                }","lastModifiedDate":"2023-02-04"},{"lineNumber":184,"author":{"gitId":"dsicol"},"content":"                break;","lastModifiedDate":"2023-02-04"},{"lineNumber":185,"author":{"gitId":"dsicol"},"content":"","lastModifiedDate":"2023-02-04"},{"lineNumber":186,"author":{"gitId":"dsicol"},"content":"            case UNMARK:","lastModifiedDate":"2023-02-04"},{"lineNumber":187,"author":{"gitId":"dsicol"},"content":"","lastModifiedDate":"2023-02-04"},{"lineNumber":188,"author":{"gitId":"dsicol"},"content":"                try {","lastModifiedDate":"2023-02-04"},{"lineNumber":189,"author":{"gitId":"dsicol"},"content":"","lastModifiedDate":"2023-02-05"},{"lineNumber":190,"author":{"gitId":"dsicol"},"content":"                    entry \u003d userString[INDEX_ENTRY];","lastModifiedDate":"2023-02-05"},{"lineNumber":191,"author":{"gitId":"dsicol"},"content":"","lastModifiedDate":"2023-02-04"},{"lineNumber":192,"author":{"gitId":"dsicol"},"content":"                    ExceptionManager.checkEmptyUserInput(entry);","lastModifiedDate":"2023-02-04"},{"lineNumber":193,"author":{"gitId":"dsicol"},"content":"","lastModifiedDate":"2023-02-04"},{"lineNumber":194,"author":{"gitId":"dsicol"},"content":"                    int unMarkIndex \u003d Util.fetchUnMarkIndex(entry);","lastModifiedDate":"2023-02-04"},{"lineNumber":195,"author":{"gitId":"dsicol"},"content":"                    Util.unMarkTask(taskList, unMarkIndex);","lastModifiedDate":"2023-02-04"},{"lineNumber":196,"author":{"gitId":"dsicol"},"content":"                    Ui.printUnMark(taskList, unMarkIndex);","lastModifiedDate":"2023-02-04"},{"lineNumber":197,"author":{"gitId":"dsicol"},"content":"","lastModifiedDate":"2023-02-05"},{"lineNumber":198,"author":{"gitId":"dsicol"},"content":"                } catch (ArrayIndexOutOfBoundsException e) {","lastModifiedDate":"2023-02-04"},{"lineNumber":199,"author":{"gitId":"dsicol"},"content":"","lastModifiedDate":"2023-02-05"},{"lineNumber":200,"author":{"gitId":"dsicol"},"content":"                    Ui.printPromptValidMarkAndUnMark();","lastModifiedDate":"2023-02-04"},{"lineNumber":201,"author":{"gitId":"dsicol"},"content":"","lastModifiedDate":"2023-02-05"},{"lineNumber":202,"author":{"gitId":"dsicol"},"content":"                } catch (NullPointerException e) {","lastModifiedDate":"2023-02-04"},{"lineNumber":203,"author":{"gitId":"dsicol"},"content":"","lastModifiedDate":"2023-02-05"},{"lineNumber":204,"author":{"gitId":"dsicol"},"content":"                    Ui.printPromptValidMarkAndUnMarkIndex();","lastModifiedDate":"2023-02-04"},{"lineNumber":205,"author":{"gitId":"dsicol"},"content":"","lastModifiedDate":"2023-02-05"},{"lineNumber":206,"author":{"gitId":"dsicol"},"content":"                } catch (EmptyUserInputException e) {","lastModifiedDate":"2023-02-04"},{"lineNumber":207,"author":{"gitId":"dsicol"},"content":"","lastModifiedDate":"2023-02-05"},{"lineNumber":208,"author":{"gitId":"dsicol"},"content":"                    Ui.printPromptValidUnMarkEntry();","lastModifiedDate":"2023-02-04"},{"lineNumber":209,"author":{"gitId":"dsicol"},"content":"","lastModifiedDate":"2023-02-05"},{"lineNumber":210,"author":{"gitId":"dsicol"},"content":"                }","lastModifiedDate":"2023-02-04"},{"lineNumber":211,"author":{"gitId":"dsicol"},"content":"                break;","lastModifiedDate":"2023-02-04"},{"lineNumber":212,"author":{"gitId":"dsicol"},"content":"","lastModifiedDate":"2023-02-04"},{"lineNumber":213,"author":{"gitId":"dsicol"},"content":"            case BYE:","lastModifiedDate":"2023-02-05"},{"lineNumber":214,"author":{"gitId":"dsicol"},"content":"","lastModifiedDate":"2023-02-05"},{"lineNumber":215,"author":{"gitId":"dsicol"},"content":"                break;","lastModifiedDate":"2023-02-05"},{"lineNumber":216,"author":{"gitId":"dsicol"},"content":"","lastModifiedDate":"2023-02-05"},{"lineNumber":217,"author":{"gitId":"dsicol"},"content":"            default:","lastModifiedDate":"2023-02-04"},{"lineNumber":218,"author":{"gitId":"dsicol"},"content":"","lastModifiedDate":"2023-02-04"},{"lineNumber":219,"author":{"gitId":"dsicol"},"content":"                Ui.printInvalid();","lastModifiedDate":"2023-02-04"},{"lineNumber":220,"author":{"gitId":"dsicol"},"content":"                break;","lastModifiedDate":"2023-02-04"},{"lineNumber":221,"author":{"gitId":"dsicol"},"content":"","lastModifiedDate":"2023-02-04"},{"lineNumber":222,"author":{"gitId":"dsicol"},"content":"            }","lastModifiedDate":"2023-02-04"},{"lineNumber":223,"author":{"gitId":"dsicol"},"content":"","lastModifiedDate":"2023-02-05"},{"lineNumber":224,"author":{"gitId":"dsicol"},"content":"        } while (!command.equals(BYE));","lastModifiedDate":"2023-02-04"},{"lineNumber":225,"author":{"gitId":"dsicol"},"content":"","lastModifiedDate":"2023-02-04"},{"lineNumber":226,"author":{"gitId":"dsicol"},"content":"    }","lastModifiedDate":"2023-02-04"},{"lineNumber":227,"author":{"gitId":"dsicol"},"content":"","lastModifiedDate":"2023-02-04"},{"lineNumber":228,"author":{"gitId":"dsicol"},"content":"}","lastModifiedDate":"2023-02-04"}],"authorContributionMap":{"dsicol":228}},{"path":"src/main/java/Util.java","fileType":"java","lines":[{"lineNumber":1,"author":{"gitId":"dsicol"},"content":"public class Util {","lastModifiedDate":"2023-02-03"},{"lineNumber":2,"author":{"gitId":"dsicol"},"content":"","lastModifiedDate":"2023-02-05"},{"lineNumber":3,"author":{"gitId":"dsicol"},"content":"    protected static final int INDEX_BEGIN \u003d 0;","lastModifiedDate":"2023-02-03"},{"lineNumber":4,"author":{"gitId":"dsicol"},"content":"","lastModifiedDate":"2023-02-05"},{"lineNumber":5,"author":{"gitId":"dsicol"},"content":"    protected static final int INDEX_OFFSET_IN_COMMAND \u003d 1;","lastModifiedDate":"2023-02-03"},{"lineNumber":6,"author":{"gitId":"dsicol"},"content":"","lastModifiedDate":"2023-02-05"},{"lineNumber":7,"author":{"gitId":"dsicol"},"content":"    public static int fetchMarkIndex(String userString) {","lastModifiedDate":"2023-02-03"},{"lineNumber":8,"author":{"gitId":"dsicol"},"content":"","lastModifiedDate":"2023-02-05"},{"lineNumber":9,"author":{"gitId":"dsicol"},"content":"        return Integer.parseInt(userString) - INDEX_OFFSET_IN_COMMAND;","lastModifiedDate":"2023-02-03"},{"lineNumber":10,"author":{"gitId":"dsicol"},"content":"","lastModifiedDate":"2023-02-05"},{"lineNumber":11,"author":{"gitId":"dsicol"},"content":"    }","lastModifiedDate":"2023-02-03"},{"lineNumber":12,"author":{"gitId":"dsicol"},"content":"","lastModifiedDate":"2023-02-03"},{"lineNumber":13,"author":{"gitId":"dsicol"},"content":"    public static int fetchUnMarkIndex(String userString) {","lastModifiedDate":"2023-02-03"},{"lineNumber":14,"author":{"gitId":"dsicol"},"content":"","lastModifiedDate":"2023-02-05"},{"lineNumber":15,"author":{"gitId":"dsicol"},"content":"        return Integer.parseInt(userString) - INDEX_OFFSET_IN_COMMAND;","lastModifiedDate":"2023-02-03"},{"lineNumber":16,"author":{"gitId":"dsicol"},"content":"","lastModifiedDate":"2023-02-05"},{"lineNumber":17,"author":{"gitId":"dsicol"},"content":"    }","lastModifiedDate":"2023-02-03"},{"lineNumber":18,"author":{"gitId":"dsicol"},"content":"","lastModifiedDate":"2023-02-03"},{"lineNumber":19,"author":{"gitId":"dsicol"},"content":"    public static void markTask(TaskList taskList, int taskIndex) {","lastModifiedDate":"2023-02-03"},{"lineNumber":20,"author":{"gitId":"dsicol"},"content":"","lastModifiedDate":"2023-02-05"},{"lineNumber":21,"author":{"gitId":"dsicol"},"content":"        taskList.getTask(taskIndex).setDone();","lastModifiedDate":"2023-02-03"},{"lineNumber":22,"author":{"gitId":"dsicol"},"content":"","lastModifiedDate":"2023-02-05"},{"lineNumber":23,"author":{"gitId":"dsicol"},"content":"    }","lastModifiedDate":"2023-02-03"},{"lineNumber":24,"author":{"gitId":"dsicol"},"content":"","lastModifiedDate":"2023-02-03"},{"lineNumber":25,"author":{"gitId":"dsicol"},"content":"    public static void unMarkTask(TaskList taskList, int taskIndex) {","lastModifiedDate":"2023-02-03"},{"lineNumber":26,"author":{"gitId":"dsicol"},"content":"","lastModifiedDate":"2023-02-05"},{"lineNumber":27,"author":{"gitId":"dsicol"},"content":"        taskList.getTask(taskIndex).resetDone();","lastModifiedDate":"2023-02-03"},{"lineNumber":28,"author":{"gitId":"dsicol"},"content":"","lastModifiedDate":"2023-02-05"},{"lineNumber":29,"author":{"gitId":"dsicol"},"content":"    }","lastModifiedDate":"2023-02-03"},{"lineNumber":30,"author":{"gitId":"dsicol"},"content":"","lastModifiedDate":"2023-02-03"},{"lineNumber":31,"author":{"gitId":"dsicol"},"content":"    public static String fetchTask(String userString) {","lastModifiedDate":"2023-02-03"},{"lineNumber":32,"author":{"gitId":"dsicol"},"content":"","lastModifiedDate":"2023-02-05"},{"lineNumber":33,"author":{"gitId":"dsicol"},"content":"        int indexOfFirstSlash \u003d userString.indexOf(\"/\");","lastModifiedDate":"2023-02-03"},{"lineNumber":34,"author":{"gitId":"dsicol"},"content":"        return userString.substring(INDEX_BEGIN, indexOfFirstSlash);","lastModifiedDate":"2023-02-03"},{"lineNumber":35,"author":{"gitId":"dsicol"},"content":"","lastModifiedDate":"2023-02-05"},{"lineNumber":36,"author":{"gitId":"dsicol"},"content":"    }","lastModifiedDate":"2023-02-03"},{"lineNumber":37,"author":{"gitId":"dsicol"},"content":"","lastModifiedDate":"2023-02-03"},{"lineNumber":38,"author":{"gitId":"dsicol"},"content":"    public static String fetchDeadLine(String userString) {","lastModifiedDate":"2023-02-03"},{"lineNumber":39,"author":{"gitId":"dsicol"},"content":"","lastModifiedDate":"2023-02-05"},{"lineNumber":40,"author":{"gitId":"dsicol"},"content":"        int firstSlashEntry \u003d userString.indexOf(\"/\");","lastModifiedDate":"2023-02-03"},{"lineNumber":41,"author":{"gitId":"dsicol"},"content":"        return userString.substring(firstSlashEntry + INDEX_OFFSET_IN_COMMAND);","lastModifiedDate":"2023-02-03"},{"lineNumber":42,"author":{"gitId":"dsicol"},"content":"","lastModifiedDate":"2023-02-05"},{"lineNumber":43,"author":{"gitId":"dsicol"},"content":"    }","lastModifiedDate":"2023-02-03"},{"lineNumber":44,"author":{"gitId":"dsicol"},"content":"","lastModifiedDate":"2023-02-03"},{"lineNumber":45,"author":{"gitId":"dsicol"},"content":"    public static String fetchFrom(String userString) throws EmptyUserInputException {","lastModifiedDate":"2023-02-05"},{"lineNumber":46,"author":{"gitId":"dsicol"},"content":"","lastModifiedDate":"2023-02-05"},{"lineNumber":47,"author":{"gitId":"dsicol"},"content":"        int firstSlashEntry \u003d userString.indexOf(\"/\");","lastModifiedDate":"2023-02-03"},{"lineNumber":48,"author":{"gitId":"dsicol"},"content":"        int secondSlashEntry \u003d userString.lastIndexOf(\"/\");","lastModifiedDate":"2023-02-03"},{"lineNumber":49,"author":{"gitId":"dsicol"},"content":"        if (firstSlashEntry !\u003d secondSlashEntry) {","lastModifiedDate":"2023-02-05"},{"lineNumber":50,"author":{"gitId":"dsicol"},"content":"            return userString.substring(firstSlashEntry + INDEX_OFFSET_IN_COMMAND, secondSlashEntry);","lastModifiedDate":"2023-02-03"},{"lineNumber":51,"author":{"gitId":"dsicol"},"content":"        }","lastModifiedDate":"2023-02-03"},{"lineNumber":52,"author":{"gitId":"dsicol"},"content":"        throw new EmptyUserInputException();","lastModifiedDate":"2023-02-05"},{"lineNumber":53,"author":{"gitId":"dsicol"},"content":"","lastModifiedDate":"2023-02-05"},{"lineNumber":54,"author":{"gitId":"dsicol"},"content":"    }","lastModifiedDate":"2023-02-05"},{"lineNumber":55,"author":{"gitId":"dsicol"},"content":"","lastModifiedDate":"2023-02-03"},{"lineNumber":56,"author":{"gitId":"dsicol"},"content":"    public static String fetchTo(String userString) {","lastModifiedDate":"2023-02-03"},{"lineNumber":57,"author":{"gitId":"dsicol"},"content":"","lastModifiedDate":"2023-02-05"},{"lineNumber":58,"author":{"gitId":"dsicol"},"content":"        int secondSlashEntry \u003d userString.lastIndexOf(\"/\");","lastModifiedDate":"2023-02-03"},{"lineNumber":59,"author":{"gitId":"dsicol"},"content":"        return userString.substring(secondSlashEntry + INDEX_OFFSET_IN_COMMAND);","lastModifiedDate":"2023-02-03"},{"lineNumber":60,"author":{"gitId":"dsicol"},"content":"","lastModifiedDate":"2023-02-03"},{"lineNumber":61,"author":{"gitId":"dsicol"},"content":"    }","lastModifiedDate":"2023-02-03"},{"lineNumber":62,"author":{"gitId":"dsicol"},"content":"}","lastModifiedDate":"2023-02-05"}],"authorContributionMap":{"dsicol":62}},{"path":"text-ui-test/input.txt","fileType":"txt","lines":[{"lineNumber":1,"author":{"gitId":"dsicol"},"content":"list","lastModifiedDate":"2023-02-05"},{"lineNumber":2,"author":{"gitId":"dsicol"},"content":"todo Tutorials","lastModifiedDate":"2023-02-01"},{"lineNumber":3,"author":{"gitId":"dsicol"},"content":"deadline","lastModifiedDate":"2023-02-05"},{"lineNumber":4,"author":{"gitId":"dsicol"},"content":"deadline Lab","lastModifiedDate":"2023-02-05"},{"lineNumber":5,"author":{"gitId":"dsicol"},"content":"deadline Lab /","lastModifiedDate":"2023-02-05"},{"lineNumber":6,"author":{"gitId":"dsicol"},"content":"deadline Lab /Tuesday morning","lastModifiedDate":"2023-02-04"},{"lineNumber":7,"author":{"gitId":"dsicol"},"content":"event Career Fair","lastModifiedDate":"2023-02-05"},{"lineNumber":8,"author":{"gitId":"dsicol"},"content":"event Career Fair /","lastModifiedDate":"2023-02-05"},{"lineNumber":9,"author":{"gitId":"dsicol"},"content":"event Career Fair /18 Jan 11am /18 Jan 5pm","lastModifiedDate":"2023-02-04"},{"lineNumber":10,"author":{"gitId":"dsicol"},"content":"list","lastModifiedDate":"2023-02-01"},{"lineNumber":11,"author":{"gitId":"dsicol"},"content":"mark 99","lastModifiedDate":"2023-02-05"},{"lineNumber":12,"author":{"gitId":"dsicol"},"content":"mark 3","lastModifiedDate":"2023-02-04"},{"lineNumber":13,"author":{"gitId":"dsicol"},"content":"list","lastModifiedDate":"2023-02-04"},{"lineNumber":14,"author":{"gitId":"dsicol"},"content":"unmark 99","lastModifiedDate":"2023-02-05"},{"lineNumber":15,"author":{"gitId":"dsicol"},"content":"unmark 3","lastModifiedDate":"2023-02-04"},{"lineNumber":16,"author":{"gitId":"dsicol"},"content":"list","lastModifiedDate":"2023-02-01"}],"authorContributionMap":{"dsicol":16}},{"path":"text-ui-test/runtest.bat","fileType":"bat","lines":[{"lineNumber":1,"author":{"gitId":"-"},"content":"@ECHO OFF","lastModifiedDate":"2020-05-25"},{"lineNumber":2,"author":{"gitId":"-"},"content":"","lastModifiedDate":"2020-05-25"},{"lineNumber":3,"author":{"gitId":"-"},"content":"REM create bin directory if it doesn\u0027t exist","lastModifiedDate":"2020-05-25"},{"lineNumber":4,"author":{"gitId":"-"},"content":"if not exist ..\\bin mkdir ..\\bin","lastModifiedDate":"2020-05-25"},{"lineNumber":5,"author":{"gitId":"-"},"content":"","lastModifiedDate":"2020-05-25"},{"lineNumber":6,"author":{"gitId":"-"},"content":"REM delete output from previous run","lastModifiedDate":"2020-05-25"},{"lineNumber":7,"author":{"gitId":"-"},"content":"if exist ACTUAL.TXT del ACTUAL.TXT","lastModifiedDate":"2020-08-25"},{"lineNumber":8,"author":{"gitId":"-"},"content":"","lastModifiedDate":"2020-05-25"},{"lineNumber":9,"author":{"gitId":"-"},"content":"REM compile the code into the bin folder","lastModifiedDate":"2020-05-25"},{"lineNumber":10,"author":{"gitId":"-"},"content":"javac -cp ..\\src\\main\\java -Xlint:none -d ..\\bin ..\\src\\main\\java\\*.java","lastModifiedDate":"2020-08-25"},{"lineNumber":11,"author":{"gitId":"-"},"content":"IF ERRORLEVEL 1 (","lastModifiedDate":"2020-05-25"},{"lineNumber":12,"author":{"gitId":"-"},"content":"    echo ********** BUILD FAILURE **********","lastModifiedDate":"2020-05-25"},{"lineNumber":13,"author":{"gitId":"-"},"content":"    exit /b 1","lastModifiedDate":"2020-05-25"},{"lineNumber":14,"author":{"gitId":"-"},"content":")","lastModifiedDate":"2020-05-25"},{"lineNumber":15,"author":{"gitId":"-"},"content":"REM no error here, errorlevel \u003d\u003d 0","lastModifiedDate":"2020-05-25"},{"lineNumber":16,"author":{"gitId":"-"},"content":"","lastModifiedDate":"2020-05-25"},{"lineNumber":17,"author":{"gitId":"-"},"content":"REM run the program, feed commands from input.txt file and redirect the output to the ACTUAL.TXT","lastModifiedDate":"2020-05-25"},{"lineNumber":18,"author":{"gitId":"dsicol"},"content":"java -classpath ..\\bin Inu \u003c input.txt \u003e ACTUAL.TXT","lastModifiedDate":"2023-02-01"},{"lineNumber":19,"author":{"gitId":"-"},"content":"","lastModifiedDate":"2020-05-25"},{"lineNumber":20,"author":{"gitId":"-"},"content":"REM compare the output to the expected output","lastModifiedDate":"2020-05-25"},{"lineNumber":21,"author":{"gitId":"-"},"content":"FC ACTUAL.TXT EXPECTED.TXT","lastModifiedDate":"2020-05-25"}],"authorContributionMap":{"dsicol":1,"-":20}}]
