{"authorDailyContributionsMap":{"dsicol":[{"date":"2023-01-19","commitResults":[{"hash":"faad7c5c12bebba9c354c0dfc47527b5a75cba79","messageTitle":"Add greet and exit messages","messageBody":"","fileTypesAndContributionMap":{"java":{"insertions":5,"deletions":6}}},{"hash":"62aadef236a57176a39397a4898574274cebc97f","messageTitle":"Update variable names","messageBody":"","fileTypesAndContributionMap":{"java":{"insertions":3,"deletions":3}}},{"hash":"cb75763fa90bda1d0c8974bbd42059d680bcacb6","messageTitle":"Fix bugs","messageBody":"","tags":["Level-0"],"fileTypesAndContributionMap":{"java":{"insertions":1,"deletions":1}}}]},{"date":"2023-01-23","commitResults":[{"hash":"1a3ccccb5de19b9ccbb1310166d2e6abbc5c44fe","messageTitle":"Inu class: refactor code for shiba personality","messageBody":"Change from Duke to Inu bot.\n\nAdd new greet, echo and exit messages.\n\n- Exit program with case-insensitive input \"bye\" to allow easier exit\n","tags":["Level-1"],"fileTypesAndContributionMap":{"java":{"insertions":40,"deletions":9}}},{"hash":"4fe495077b38a1de56d3e274ccd5e2bf87201d3b","messageTitle":"Add todo list","messageBody":"","tags":["Level-2"],"fileTypesAndContributionMap":{"java":{"insertions":40,"deletions":3}}}]},{"date":"2023-01-24","commitResults":[{"hash":"7a6cbca8403d06b73944fdbd5b7cedcbda88504e","messageTitle":"Feat task marking and unmarking","messageBody":"Add task class\n\n- Help with keeping track of completed tasks\n","tags":["A-Classes"],"fileTypesAndContributionMap":{"java":{"insertions":61,"deletions":8}}},{"hash":"55fc60ddc8bde5ed538a25982a02554462c1f64d","messageTitle":"Remove listInfo variable","messageBody":"","tags":["Level-3"],"fileTypesAndContributionMap":{"java":{"insertions":0,"deletions":1}}},{"hash":"fc8b0848f34e6218052ae0c4512b819e9d408e8a","messageTitle":"Style coding standard","messageBody":"","tags":["A-CodingStandard"],"fileTypesAndContributionMap":{"java":{"insertions":21,"deletions":17}}}]},{"date":"2023-01-30","commitResults":[{"hash":"fcd62a9d47e48fc6ebc1b1972c4627a65da4acf9","messageTitle":"Add todo, deadline and event task types","messageBody":"","fileTypesAndContributionMap":{"java":{"insertions":158,"deletions":43}}},{"hash":"faaf34e5f30a8a214993c22a3597471987855f16","messageTitle":"Edit Event class toString() method","messageBody":"","tags":["Level-4","A-Inheritance"],"fileTypesAndContributionMap":{"java":{"insertions":1,"deletions":1}}}]},{"date":"2023-02-01","commitResults":[{"hash":"54ccf2513157a67ac110a16be4487a13bb39b82e","messageTitle":"Add Ui and Messages classes and update text-ui-tests","messageBody":"","tags":["A-TextUiTesting"],"fileTypesAndContributionMap":{"txt":{"insertions":7,"deletions":0},"java":{"insertions":55,"deletions":33},"bat":{"insertions":2,"deletions":2}}},{"hash":"c40e499af5bc52624d83a14956082fa447f82d3e","messageTitle":"Refactor code to adhere to coding standards","messageBody":"","tags":["A-CodeQuality"],"fileTypesAndContributionMap":{"java":{"insertions":69,"deletions":25}}}]},{"date":"2023-02-03","commitResults":[{"hash":"ebb64496da81a2eb329dce690735e1b562514f4b","messageTitle":"Add Util class to parse command","messageBody":"","fileTypesAndContributionMap":{"java":{"insertions":69,"deletions":55}}},{"hash":"aa1007f379a8f32e516570877342a52f3b72f69b","messageTitle":"Refactor Inu and Util classes to utilise switch statements","messageBody":"","fileTypesAndContributionMap":{"java":{"insertions":87,"deletions":80}}}]},{"date":"2023-02-04","commitResults":[{"hash":"b1d94b94da1ab78b82bd20a511651c57934d996e","messageTitle":"Add UserCommands class to handle inputs and refactor code","messageBody":"","fileTypesAndContributionMap":{"java":{"insertions":139,"deletions":105}}},{"hash":"6a2f416738ff2a149e8441e3c3044e795e6000d1","messageTitle":"Fix bugs in UserCommands and update text-ui-tests","messageBody":"","fileTypesAndContributionMap":{"txt":{"insertions":5,"deletions":4},"java":{"insertions":7,"deletions":7}}},{"hash":"49bcd0bb7e9c8f2047dc78633a378805855ba6a6","messageTitle":"Add exceptions and ExceptionManager class","messageBody":"This is to handle exceptions with user inputs\n","fileTypesAndContributionMap":{"java":{"insertions":214,"deletions":30}}}]},{"date":"2023-02-05","commitResults":[{"hash":"f440c1203ecf9c50c06dadb063890979e2750167","messageTitle":"Improve exception handling and fix bugs","messageBody":"","fileTypesAndContributionMap":{"java":{"insertions":41,"deletions":36}}},{"hash":"30aa8faccbf6f4af821b89230a1ec24e5cdc0e5e","messageTitle":"Update text-ui-test files to work with exceptions","messageBody":"","fileTypesAndContributionMap":{"txt":{"insertions":9,"deletions":1}}},{"hash":"028696823f6a38eab61c3e61b04ce7dbb3b41214","messageTitle":"Improve code style","messageBody":"","fileTypesAndContributionMap":{"java":{"insertions":180,"deletions":4}}}]}]},"authorFileTypeContributionMap":{"dsicol":{"java":734,"md":0,"fxml":0,"sh":0,"bat":1,"gradle":0,"txt":16}},"authorContributionVariance":{"dsicol":16644.47},"authorDisplayNameMap":{"dsicol":"CS2113-T14-3 LEO ..RREN"}}
