[{"path":"src/main/java/Deadline.java","fileType":"java","lines":[{"lineNumber":1,"author":{"gitId":"Ju-Can"},"content":"public class Deadline extends Task{","lastModifiedDate":"2023-01-31"},{"lineNumber":2,"author":{"gitId":"Ju-Can"},"content":"    public Deadline(String description) {","lastModifiedDate":"2023-01-31"},{"lineNumber":3,"author":{"gitId":"Ju-Can"},"content":"        super(description);","lastModifiedDate":"2023-01-31"},{"lineNumber":4,"author":{"gitId":"Ju-Can"},"content":"    }","lastModifiedDate":"2023-01-31"},{"lineNumber":5,"author":{"gitId":"Ju-Can"},"content":"","lastModifiedDate":"2023-01-31"},{"lineNumber":6,"author":{"gitId":"Ju-Can"},"content":"    public String getDdl() {","lastModifiedDate":"2023-01-31"},{"lineNumber":7,"author":{"gitId":"Ju-Can"},"content":"        return description.substring(description.indexOf(\u0027/\u0027) + 4);","lastModifiedDate":"2023-01-31"},{"lineNumber":8,"author":{"gitId":"Ju-Can"},"content":"    }","lastModifiedDate":"2023-01-31"},{"lineNumber":9,"author":{"gitId":"Ju-Can"},"content":"","lastModifiedDate":"2023-01-31"},{"lineNumber":10,"author":{"gitId":"Ju-Can"},"content":"    @Override","lastModifiedDate":"2023-01-31"},{"lineNumber":11,"author":{"gitId":"Ju-Can"},"content":"    public String printTask() {","lastModifiedDate":"2023-01-31"},{"lineNumber":12,"author":{"gitId":"Ju-Can"},"content":"        return \"[D]\" + super.printTask().substring(0, super.printTask().indexOf(\u0027/\u0027)) + \"(by: \" + getDdl() + \") \\n\";","lastModifiedDate":"2023-01-31"},{"lineNumber":13,"author":{"gitId":"Ju-Can"},"content":"    }","lastModifiedDate":"2023-01-31"},{"lineNumber":14,"author":{"gitId":"Ju-Can"},"content":"","lastModifiedDate":"2023-01-31"},{"lineNumber":15,"author":{"gitId":"Ju-Can"},"content":"}","lastModifiedDate":"2023-01-31"}],"authorContributionMap":{"Ju-Can":15}},{"path":"src/main/java/Duke.java","fileType":"java","lines":[{"lineNumber":1,"author":{"gitId":"Ju-Can"},"content":"import jdk.jfr.Event;","lastModifiedDate":"2023-01-31"},{"lineNumber":2,"author":{"gitId":"Ju-Can"},"content":"","lastModifiedDate":"2023-01-31"},{"lineNumber":3,"author":{"gitId":"Ju-Can"},"content":"import java.util.Scanner;","lastModifiedDate":"2023-01-25"},{"lineNumber":4,"author":{"gitId":"Ju-Can"},"content":"","lastModifiedDate":"2023-01-26"},{"lineNumber":5,"author":{"gitId":"-"},"content":"public class Duke {","lastModifiedDate":"2019-07-29"},{"lineNumber":6,"author":{"gitId":"-"},"content":"    public static void main(String[] args) {","lastModifiedDate":"2019-07-29"},{"lineNumber":7,"author":{"gitId":"Ju-Can"},"content":"//        String logo \u003d \" ____        _        \\n\"","lastModifiedDate":"2023-01-17"},{"lineNumber":8,"author":{"gitId":"Ju-Can"},"content":"//                + \"|  _ \\\\ _   _| | _____ \\n\"","lastModifiedDate":"2023-01-17"},{"lineNumber":9,"author":{"gitId":"Ju-Can"},"content":"//                + \"| | | | | | | |/ / _ \\\\\\n\"","lastModifiedDate":"2023-01-17"},{"lineNumber":10,"author":{"gitId":"Ju-Can"},"content":"//                + \"| |_| | |_| |   \u003c  __/\\n\"","lastModifiedDate":"2023-01-17"},{"lineNumber":11,"author":{"gitId":"Ju-Can"},"content":"//                + \"|____/ \\\\__,_|_|\\\\_\\\\___|\\n\";","lastModifiedDate":"2023-01-17"},{"lineNumber":12,"author":{"gitId":"Ju-Can"},"content":"//        System.out.println(\"Hello from\\n\" + logo);","lastModifiedDate":"2023-01-17"},{"lineNumber":13,"author":{"gitId":"Ju-Can"},"content":"        String line \u003d \"____________________________________________________________\\n\";","lastModifiedDate":"2023-01-17"},{"lineNumber":14,"author":{"gitId":"Ju-Can"},"content":"        String greet \u003d line +","lastModifiedDate":"2023-01-26"},{"lineNumber":15,"author":{"gitId":"Ju-Can"},"content":"                \"Hello! I\u0027m Duke.\\n\" +","lastModifiedDate":"2023-01-26"},{"lineNumber":16,"author":{"gitId":"Ju-Can"},"content":"                \"Add tasks to the todo list by simply typing in the task and press enter.\\n\" +","lastModifiedDate":"2023-01-31"},{"lineNumber":17,"author":{"gitId":"Ju-Can"},"content":"                \"Type \u0027list\u0027 to view the current todo list.\\n\" +","lastModifiedDate":"2023-01-31"},{"lineNumber":18,"author":{"gitId":"Ju-Can"},"content":"                \"Type \u0027mark\u0027 and task event index to mark the task as done \\nand type \u0027unmark\u0027and index to undo the task.\\n\" +","lastModifiedDate":"2023-01-31"},{"lineNumber":19,"author":{"gitId":"Ju-Can"},"content":"                line;","lastModifiedDate":"2023-01-26"},{"lineNumber":20,"author":{"gitId":"Ju-Can"},"content":"        System.out.println(greet);","lastModifiedDate":"2023-01-17"},{"lineNumber":21,"author":{"gitId":"Ju-Can"},"content":"","lastModifiedDate":"2023-01-25"},{"lineNumber":22,"author":{"gitId":"Ju-Can"},"content":"        //TODO: ignore leading white for user input","lastModifiedDate":"2023-01-31"},{"lineNumber":23,"author":{"gitId":"Ju-Can"},"content":"        //TODO: Event class","lastModifiedDate":"2023-01-31"},{"lineNumber":24,"author":{"gitId":"Ju-Can"},"content":"","lastModifiedDate":"2023-01-31"},{"lineNumber":25,"author":{"gitId":"Ju-Can"},"content":"        // Level 3 Mark as Done","lastModifiedDate":"2023-01-26"},{"lineNumber":26,"author":{"gitId":"Ju-Can"},"content":"        Scanner in \u003d new Scanner(System.in);","lastModifiedDate":"2023-01-25"},{"lineNumber":27,"author":{"gitId":"Ju-Can"},"content":"        int countTask \u003d 0;","lastModifiedDate":"2023-01-26"},{"lineNumber":28,"author":{"gitId":"Ju-Can"},"content":"        Task[] tasks \u003d new Task[100];","lastModifiedDate":"2023-01-26"},{"lineNumber":29,"author":{"gitId":"Ju-Can"},"content":"        while (true) {","lastModifiedDate":"2023-01-26"},{"lineNumber":30,"author":{"gitId":"Ju-Can"},"content":"            String userInput \u003d in.nextLine();","lastModifiedDate":"2023-01-25"},{"lineNumber":31,"author":{"gitId":"Ju-Can"},"content":"            if (userInput.equals(\"bye\")) {","lastModifiedDate":"2023-01-26"},{"lineNumber":32,"author":{"gitId":"Ju-Can"},"content":"                System.out.println(\"Thank you for using Duke. Hope to see you soon!\");","lastModifiedDate":"2023-01-26"},{"lineNumber":33,"author":{"gitId":"Ju-Can"},"content":"                break;","lastModifiedDate":"2023-01-26"},{"lineNumber":34,"author":{"gitId":"Ju-Can"},"content":"            } else if (userInput.equals(\"list\")) {","lastModifiedDate":"2023-01-26"},{"lineNumber":35,"author":{"gitId":"Ju-Can"},"content":"                System.out.println(line + \"Here are the tasks in your list:\");","lastModifiedDate":"2023-01-26"},{"lineNumber":36,"author":{"gitId":"Ju-Can"},"content":"                for (int i \u003d 0; i \u003c countTask; i++) {","lastModifiedDate":"2023-01-26"},{"lineNumber":37,"author":{"gitId":"Ju-Can"},"content":"                    int taskIndex \u003d i + 1;","lastModifiedDate":"2023-01-26"},{"lineNumber":38,"author":{"gitId":"Ju-Can"},"content":"                    System.out.print(taskIndex + \". \" + tasks[i].printTask());","lastModifiedDate":"2023-01-31"},{"lineNumber":39,"author":{"gitId":"Ju-Can"},"content":"                }","lastModifiedDate":"2023-01-26"},{"lineNumber":40,"author":{"gitId":"Ju-Can"},"content":"                System.out.println(line);","lastModifiedDate":"2023-01-26"},{"lineNumber":41,"author":{"gitId":"Ju-Can"},"content":"            } else if (userInput.startsWith(\"mark\")) {","lastModifiedDate":"2023-01-26"},{"lineNumber":42,"author":{"gitId":"Ju-Can"},"content":"                int taskIndex \u003d Integer.parseInt(userInput.substring(4).trim());","lastModifiedDate":"2023-01-26"},{"lineNumber":43,"author":{"gitId":"Ju-Can"},"content":"                tasks[taskIndex - 1].markAsDone();","lastModifiedDate":"2023-01-26"},{"lineNumber":44,"author":{"gitId":"Ju-Can"},"content":"                System.out.println(line + \"Task \" + taskIndex + \" marked as done: \\n\" +","lastModifiedDate":"2023-01-31"},{"lineNumber":45,"author":{"gitId":"Ju-Can"},"content":"                        tasks[taskIndex - 1].printTask() + line);","lastModifiedDate":"2023-01-31"},{"lineNumber":46,"author":{"gitId":"Ju-Can"},"content":"            } else if (userInput.startsWith(\"unmark\")) {","lastModifiedDate":"2023-01-26"},{"lineNumber":47,"author":{"gitId":"Ju-Can"},"content":"                int taskIndex \u003d Integer.parseInt(userInput.substring(6).trim());","lastModifiedDate":"2023-01-26"},{"lineNumber":48,"author":{"gitId":"Ju-Can"},"content":"                tasks[taskIndex - 1].markAsUndone();","lastModifiedDate":"2023-01-26"},{"lineNumber":49,"author":{"gitId":"Ju-Can"},"content":"                System.out.println(line + \"Task \" + taskIndex + \" marked as not done yet: \\n\" +","lastModifiedDate":"2023-01-31"},{"lineNumber":50,"author":{"gitId":"Ju-Can"},"content":"                        tasks[taskIndex - 1].printTask() + line);","lastModifiedDate":"2023-01-31"},{"lineNumber":51,"author":{"gitId":"Ju-Can"},"content":"            } else if (userInput.startsWith(\"todo\")) {","lastModifiedDate":"2023-01-31"},{"lineNumber":52,"author":{"gitId":"Ju-Can"},"content":"                ToDo ToDoTask \u003d new ToDo(userInput.substring(5));","lastModifiedDate":"2023-01-31"},{"lineNumber":53,"author":{"gitId":"Ju-Can"},"content":"                tasks[countTask] \u003d ToDoTask;","lastModifiedDate":"2023-01-31"},{"lineNumber":54,"author":{"gitId":"Ju-Can"},"content":"                countTask++;","lastModifiedDate":"2023-01-31"},{"lineNumber":55,"author":{"gitId":"Ju-Can"},"content":"                System.out.println(line + \"Great! I\u0027ve added this task:\\n\" + \"   \" + ToDoTask.printTask());","lastModifiedDate":"2023-01-31"},{"lineNumber":56,"author":{"gitId":"Ju-Can"},"content":"                System.out.println(\"Now you have \" + countTask + \" task(s) in the list.\\n\" + line);","lastModifiedDate":"2023-01-31"},{"lineNumber":57,"author":{"gitId":"Ju-Can"},"content":"            } else if (userInput.startsWith(\"deadline\")) {","lastModifiedDate":"2023-01-31"},{"lineNumber":58,"author":{"gitId":"Ju-Can"},"content":"                Deadline DeadlineTask \u003d new Deadline(userInput.substring(9));","lastModifiedDate":"2023-01-31"},{"lineNumber":59,"author":{"gitId":"Ju-Can"},"content":"                tasks[countTask] \u003d DeadlineTask;","lastModifiedDate":"2023-01-31"},{"lineNumber":60,"author":{"gitId":"Ju-Can"},"content":"                countTask++;","lastModifiedDate":"2023-01-31"},{"lineNumber":61,"author":{"gitId":"Ju-Can"},"content":"                System.out.println(line + \"Great! I\u0027ve added this task:\\n\" + \"   \" + DeadlineTask.printTask());","lastModifiedDate":"2023-01-31"},{"lineNumber":62,"author":{"gitId":"Ju-Can"},"content":"                System.out.println(\"Now you have \" + countTask + \" task(s) in the list.\\n\" + line);","lastModifiedDate":"2023-01-31"},{"lineNumber":63,"author":{"gitId":"Ju-Can"},"content":"            } else if (userInput.startsWith(\"event\")) {","lastModifiedDate":"2023-01-31"},{"lineNumber":64,"author":{"gitId":"Ju-Can"},"content":"                Event EventTask \u003d new Event(userInput.substring(9));","lastModifiedDate":"2023-01-31"},{"lineNumber":65,"author":{"gitId":"Ju-Can"},"content":"                tasks[countTask] \u003d EventTask;","lastModifiedDate":"2023-01-31"},{"lineNumber":66,"author":{"gitId":"Ju-Can"},"content":"                countTask++;","lastModifiedDate":"2023-01-31"},{"lineNumber":67,"author":{"gitId":"Ju-Can"},"content":"                System.out.println(line + \"Great! I\u0027ve added this task:\\n\" + \"   \" + EventTask.printTask());","lastModifiedDate":"2023-01-31"},{"lineNumber":68,"author":{"gitId":"Ju-Can"},"content":"                System.out.println(\"Now you have \" + countTask + \" task(s) in the list.\\n\" + line);","lastModifiedDate":"2023-01-31"},{"lineNumber":69,"author":{"gitId":"Ju-Can"},"content":"            } else {","lastModifiedDate":"2023-01-26"},{"lineNumber":70,"author":{"gitId":"Ju-Can"},"content":"                Task t \u003d new Task(userInput);","lastModifiedDate":"2023-01-26"},{"lineNumber":71,"author":{"gitId":"Ju-Can"},"content":"                tasks[countTask] \u003d t;","lastModifiedDate":"2023-01-26"},{"lineNumber":72,"author":{"gitId":"Ju-Can"},"content":"                countTask++;","lastModifiedDate":"2023-01-26"},{"lineNumber":73,"author":{"gitId":"Ju-Can"},"content":"                System.out.println(line + \"added: \" + t.getDescription() + \u0027\\n\u0027 + line);","lastModifiedDate":"2023-01-31"},{"lineNumber":74,"author":{"gitId":"Ju-Can"},"content":"            }","lastModifiedDate":"2023-01-26"},{"lineNumber":75,"author":{"gitId":"Ju-Can"},"content":"        }","lastModifiedDate":"2023-01-26"},{"lineNumber":76,"author":{"gitId":"-"},"content":"    }","lastModifiedDate":"2019-07-29"},{"lineNumber":77,"author":{"gitId":"-"},"content":"}","lastModifiedDate":"2019-07-29"}],"authorContributionMap":{"Ju-Can":73,"-":4}},{"path":"src/main/java/Event.java","fileType":"java","lines":[{"lineNumber":1,"author":{"gitId":"Ju-Can"},"content":"public class Event extends Task {","lastModifiedDate":"2023-01-31"},{"lineNumber":2,"author":{"gitId":"Ju-Can"},"content":"    public Event(String description) {","lastModifiedDate":"2023-01-31"},{"lineNumber":3,"author":{"gitId":"Ju-Can"},"content":"        super(description);","lastModifiedDate":"2023-01-31"},{"lineNumber":4,"author":{"gitId":"Ju-Can"},"content":"    }","lastModifiedDate":"2023-01-31"},{"lineNumber":5,"author":{"gitId":"Ju-Can"},"content":"","lastModifiedDate":"2023-01-31"},{"lineNumber":6,"author":{"gitId":"Ju-Can"},"content":"    public String getStartTime() {","lastModifiedDate":"2023-01-31"},{"lineNumber":7,"author":{"gitId":"Ju-Can"},"content":"        return description.substring(description.indexOf(\u0027/\u0027) + 6, description.indexOf(\"/to\")).trim();","lastModifiedDate":"2023-01-31"},{"lineNumber":8,"author":{"gitId":"Ju-Can"},"content":"    }","lastModifiedDate":"2023-01-31"},{"lineNumber":9,"author":{"gitId":"Ju-Can"},"content":"","lastModifiedDate":"2023-01-31"},{"lineNumber":10,"author":{"gitId":"Ju-Can"},"content":"    public String getEndTime(){","lastModifiedDate":"2023-01-31"},{"lineNumber":11,"author":{"gitId":"Ju-Can"},"content":"        return description.substring(description.indexOf(\"/to\") + 4);","lastModifiedDate":"2023-01-31"},{"lineNumber":12,"author":{"gitId":"Ju-Can"},"content":"    }","lastModifiedDate":"2023-01-31"},{"lineNumber":13,"author":{"gitId":"Ju-Can"},"content":"","lastModifiedDate":"2023-01-31"},{"lineNumber":14,"author":{"gitId":"Ju-Can"},"content":"    @Override","lastModifiedDate":"2023-01-31"},{"lineNumber":15,"author":{"gitId":"Ju-Can"},"content":"    public String printTask() {","lastModifiedDate":"2023-01-31"},{"lineNumber":16,"author":{"gitId":"Ju-Can"},"content":"        return \"[E]\" + super.printTask().substring(0, super.printTask().indexOf(\u0027/\u0027)) +","lastModifiedDate":"2023-01-31"},{"lineNumber":17,"author":{"gitId":"Ju-Can"},"content":"                \"(from: \" + getStartTime() + \" to: \" + getEndTime() + \")\\n\";","lastModifiedDate":"2023-01-31"},{"lineNumber":18,"author":{"gitId":"Ju-Can"},"content":"    }","lastModifiedDate":"2023-01-31"},{"lineNumber":19,"author":{"gitId":"Ju-Can"},"content":"}","lastModifiedDate":"2023-01-31"}],"authorContributionMap":{"Ju-Can":19}},{"path":"src/main/java/Task.java","fileType":"java","lines":[{"lineNumber":1,"author":{"gitId":"Ju-Can"},"content":"public class Task {","lastModifiedDate":"2023-01-26"},{"lineNumber":2,"author":{"gitId":"Ju-Can"},"content":"    protected String description;","lastModifiedDate":"2023-01-26"},{"lineNumber":3,"author":{"gitId":"Ju-Can"},"content":"    protected boolean isDone;","lastModifiedDate":"2023-01-26"},{"lineNumber":4,"author":{"gitId":"Ju-Can"},"content":"","lastModifiedDate":"2023-01-26"},{"lineNumber":5,"author":{"gitId":"Ju-Can"},"content":"","lastModifiedDate":"2023-01-26"},{"lineNumber":6,"author":{"gitId":"Ju-Can"},"content":"    public Task(String description) {","lastModifiedDate":"2023-01-26"},{"lineNumber":7,"author":{"gitId":"Ju-Can"},"content":"        this.description \u003d description;","lastModifiedDate":"2023-01-26"},{"lineNumber":8,"author":{"gitId":"Ju-Can"},"content":"        this.isDone \u003d false;","lastModifiedDate":"2023-01-26"},{"lineNumber":9,"author":{"gitId":"Ju-Can"},"content":"    }","lastModifiedDate":"2023-01-26"},{"lineNumber":10,"author":{"gitId":"Ju-Can"},"content":"","lastModifiedDate":"2023-01-26"},{"lineNumber":11,"author":{"gitId":"Ju-Can"},"content":"    public void markAsDone() {","lastModifiedDate":"2023-01-26"},{"lineNumber":12,"author":{"gitId":"Ju-Can"},"content":"        isDone \u003d true;","lastModifiedDate":"2023-01-26"},{"lineNumber":13,"author":{"gitId":"Ju-Can"},"content":"    }","lastModifiedDate":"2023-01-26"},{"lineNumber":14,"author":{"gitId":"Ju-Can"},"content":"","lastModifiedDate":"2023-01-26"},{"lineNumber":15,"author":{"gitId":"Ju-Can"},"content":"    public void markAsUndone() {","lastModifiedDate":"2023-01-26"},{"lineNumber":16,"author":{"gitId":"Ju-Can"},"content":"        isDone \u003d false;","lastModifiedDate":"2023-01-26"},{"lineNumber":17,"author":{"gitId":"Ju-Can"},"content":"    }","lastModifiedDate":"2023-01-26"},{"lineNumber":18,"author":{"gitId":"Ju-Can"},"content":"","lastModifiedDate":"2023-01-26"},{"lineNumber":19,"author":{"gitId":"Ju-Can"},"content":"    public String getStatusIcon() {","lastModifiedDate":"2023-01-26"},{"lineNumber":20,"author":{"gitId":"Ju-Can"},"content":"        return (isDone ? \"X\" : \" \"); // mark done task with X","lastModifiedDate":"2023-01-26"},{"lineNumber":21,"author":{"gitId":"Ju-Can"},"content":"    }","lastModifiedDate":"2023-01-26"},{"lineNumber":22,"author":{"gitId":"Ju-Can"},"content":"","lastModifiedDate":"2023-01-26"},{"lineNumber":23,"author":{"gitId":"Ju-Can"},"content":"    public String getDescription() {","lastModifiedDate":"2023-01-26"},{"lineNumber":24,"author":{"gitId":"Ju-Can"},"content":"        return description;","lastModifiedDate":"2023-01-26"},{"lineNumber":25,"author":{"gitId":"Ju-Can"},"content":"    }","lastModifiedDate":"2023-01-26"},{"lineNumber":26,"author":{"gitId":"Ju-Can"},"content":"","lastModifiedDate":"2023-01-31"},{"lineNumber":27,"author":{"gitId":"Ju-Can"},"content":"    public String printTask(){","lastModifiedDate":"2023-01-31"},{"lineNumber":28,"author":{"gitId":"Ju-Can"},"content":"        return \"[\" + getStatusIcon() + \"] \" + getDescription() + \u0027\\n\u0027;","lastModifiedDate":"2023-01-31"},{"lineNumber":29,"author":{"gitId":"Ju-Can"},"content":"    }","lastModifiedDate":"2023-01-31"},{"lineNumber":30,"author":{"gitId":"Ju-Can"},"content":"}","lastModifiedDate":"2023-01-26"}],"authorContributionMap":{"Ju-Can":30}},{"path":"src/main/java/ToDo.java","fileType":"java","lines":[{"lineNumber":1,"author":{"gitId":"Ju-Can"},"content":"public class ToDo extends Task{","lastModifiedDate":"2023-01-31"},{"lineNumber":2,"author":{"gitId":"Ju-Can"},"content":"    public ToDo(String description){","lastModifiedDate":"2023-01-31"},{"lineNumber":3,"author":{"gitId":"Ju-Can"},"content":"        super(description);","lastModifiedDate":"2023-01-31"},{"lineNumber":4,"author":{"gitId":"Ju-Can"},"content":"    }","lastModifiedDate":"2023-01-31"},{"lineNumber":5,"author":{"gitId":"Ju-Can"},"content":"","lastModifiedDate":"2023-01-31"},{"lineNumber":6,"author":{"gitId":"Ju-Can"},"content":"    @Override","lastModifiedDate":"2023-01-31"},{"lineNumber":7,"author":{"gitId":"Ju-Can"},"content":"    public String printTask(){","lastModifiedDate":"2023-01-31"},{"lineNumber":8,"author":{"gitId":"Ju-Can"},"content":"        return \"[T]\" + super.printTask();","lastModifiedDate":"2023-01-31"},{"lineNumber":9,"author":{"gitId":"Ju-Can"},"content":"    }","lastModifiedDate":"2023-01-31"},{"lineNumber":10,"author":{"gitId":"Ju-Can"},"content":"}","lastModifiedDate":"2023-01-31"}],"authorContributionMap":{"Ju-Can":10}}]
