[{"path":"src/main/java/Deadline.java","fileType":"java","lines":[{"lineNumber":1,"author":{"gitId":"raydent30"},"content":"public class Deadline extends Task {","lastModifiedDate":"2023-02-02"},{"lineNumber":2,"author":{"gitId":"raydent30"},"content":"    protected String by;","lastModifiedDate":"2023-02-02"},{"lineNumber":3,"author":{"gitId":"raydent30"},"content":"","lastModifiedDate":"2023-02-02"},{"lineNumber":4,"author":{"gitId":"raydent30"},"content":"    public Deadline(String description, String by) {","lastModifiedDate":"2023-02-02"},{"lineNumber":5,"author":{"gitId":"raydent30"},"content":"        super(description);","lastModifiedDate":"2023-02-02"},{"lineNumber":6,"author":{"gitId":"raydent30"},"content":"        this.by \u003d by;","lastModifiedDate":"2023-02-02"},{"lineNumber":7,"author":{"gitId":"raydent30"},"content":"    }","lastModifiedDate":"2023-02-02"},{"lineNumber":8,"author":{"gitId":"raydent30"},"content":"","lastModifiedDate":"2023-02-02"},{"lineNumber":9,"author":{"gitId":"raydent30"},"content":"    @Override","lastModifiedDate":"2023-02-02"},{"lineNumber":10,"author":{"gitId":"raydent30"},"content":"    public String toString() {","lastModifiedDate":"2023-02-02"},{"lineNumber":11,"author":{"gitId":"raydent30"},"content":"        return \"[D]\" + super.toString() + \" (by: \" + by + \")\";","lastModifiedDate":"2023-02-02"},{"lineNumber":12,"author":{"gitId":"raydent30"},"content":"    }","lastModifiedDate":"2023-02-02"},{"lineNumber":13,"author":{"gitId":"raydent30"},"content":"}","lastModifiedDate":"2023-02-02"}],"authorContributionMap":{"raydent30":13}},{"path":"src/main/java/Duke.java","fileType":"java","lines":[{"lineNumber":1,"author":{"gitId":"raydent30"},"content":"import java.util.Scanner;","lastModifiedDate":"2023-01-25"},{"lineNumber":2,"author":{"gitId":"raydent30"},"content":"","lastModifiedDate":"2023-01-25"},{"lineNumber":3,"author":{"gitId":"-"},"content":"public class Duke {","lastModifiedDate":"2019-07-29"},{"lineNumber":4,"author":{"gitId":"raydent30"},"content":"","lastModifiedDate":"2023-02-03"},{"lineNumber":5,"author":{"gitId":"raydent30"},"content":"    public static int userTextCount \u003d 0;","lastModifiedDate":"2023-02-03"},{"lineNumber":6,"author":{"gitId":"raydent30"},"content":"","lastModifiedDate":"2023-02-03"},{"lineNumber":7,"author":{"gitId":"-"},"content":"    public static void main(String[] args) {","lastModifiedDate":"2019-07-29"},{"lineNumber":8,"author":{"gitId":"raydent30"},"content":"        Scanner scanner \u003d new Scanner(System.in);","lastModifiedDate":"2023-01-25"},{"lineNumber":9,"author":{"gitId":"raydent30"},"content":"","lastModifiedDate":"2023-01-25"},{"lineNumber":10,"author":{"gitId":"raydent30"},"content":"        MainFunctions.printWelcome();","lastModifiedDate":"2023-02-03"},{"lineNumber":11,"author":{"gitId":"raydent30"},"content":"","lastModifiedDate":"2023-01-19"},{"lineNumber":12,"author":{"gitId":"raydent30"},"content":"        String userCommand \u003d scanner.nextLine();","lastModifiedDate":"2023-01-25"},{"lineNumber":13,"author":{"gitId":"raydent30"},"content":"","lastModifiedDate":"2023-01-25"},{"lineNumber":14,"author":{"gitId":"raydent30"},"content":"        Task[] storedUserTasks \u003d new Task[100];","lastModifiedDate":"2023-01-25"},{"lineNumber":15,"author":{"gitId":"raydent30"},"content":"        boolean isExit \u003d false;","lastModifiedDate":"2023-02-03"},{"lineNumber":16,"author":{"gitId":"raydent30"},"content":"        int taskIndex;","lastModifiedDate":"2023-02-02"},{"lineNumber":17,"author":{"gitId":"raydent30"},"content":"        String description, by, from, to;","lastModifiedDate":"2023-02-02"},{"lineNumber":18,"author":{"gitId":"raydent30"},"content":"","lastModifiedDate":"2023-02-03"},{"lineNumber":19,"author":{"gitId":"raydent30"},"content":"        while(!isExit){","lastModifiedDate":"2023-01-25"},{"lineNumber":20,"author":{"gitId":"raydent30"},"content":"            switch (userCommand.split(\" \")[0]){","lastModifiedDate":"2023-02-02"},{"lineNumber":21,"author":{"gitId":"raydent30"},"content":"            case \"list\":","lastModifiedDate":"2023-01-25"},{"lineNumber":22,"author":{"gitId":"raydent30"},"content":"                MainFunctions.listTasks(userTextCount, storedUserTasks);","lastModifiedDate":"2023-02-03"},{"lineNumber":23,"author":{"gitId":"raydent30"},"content":"                break;","lastModifiedDate":"2023-01-25"},{"lineNumber":24,"author":{"gitId":"raydent30"},"content":"            case \"bye\":","lastModifiedDate":"2023-01-25"},{"lineNumber":25,"author":{"gitId":"raydent30"},"content":"                isExit \u003d true;","lastModifiedDate":"2023-01-25"},{"lineNumber":26,"author":{"gitId":"raydent30"},"content":"                break;","lastModifiedDate":"2023-01-25"},{"lineNumber":27,"author":{"gitId":"raydent30"},"content":"            case \"mark\":","lastModifiedDate":"2023-01-25"},{"lineNumber":28,"author":{"gitId":"raydent30"},"content":"                MainFunctions.markTask(userCommand, storedUserTasks);","lastModifiedDate":"2023-02-08"},{"lineNumber":29,"author":{"gitId":"raydent30"},"content":"                break;","lastModifiedDate":"2023-01-25"},{"lineNumber":30,"author":{"gitId":"raydent30"},"content":"            case \"unmark\":","lastModifiedDate":"2023-01-25"},{"lineNumber":31,"author":{"gitId":"raydent30"},"content":"                MainFunctions.unmarkTask(userCommand, storedUserTasks);","lastModifiedDate":"2023-02-08"},{"lineNumber":32,"author":{"gitId":"raydent30"},"content":"                break;","lastModifiedDate":"2023-01-25"},{"lineNumber":33,"author":{"gitId":"raydent30"},"content":"            case \"todo\":","lastModifiedDate":"2023-02-02"},{"lineNumber":34,"author":{"gitId":"raydent30"},"content":"                MainFunctions.createTodo(userCommand, storedUserTasks);","lastModifiedDate":"2023-02-08"},{"lineNumber":35,"author":{"gitId":"raydent30"},"content":"                break;","lastModifiedDate":"2023-02-02"},{"lineNumber":36,"author":{"gitId":"raydent30"},"content":"            case \"deadline\":","lastModifiedDate":"2023-02-02"},{"lineNumber":37,"author":{"gitId":"raydent30"},"content":"                MainFunctions.createDeadline(userCommand, storedUserTasks);","lastModifiedDate":"2023-02-08"},{"lineNumber":38,"author":{"gitId":"raydent30"},"content":"                break;","lastModifiedDate":"2023-02-02"},{"lineNumber":39,"author":{"gitId":"raydent30"},"content":"            case \"event\":","lastModifiedDate":"2023-02-02"},{"lineNumber":40,"author":{"gitId":"raydent30"},"content":"","lastModifiedDate":"2023-02-08"},{"lineNumber":41,"author":{"gitId":"raydent30"},"content":"                MainFunctions.createEvent(userCommand, storedUserTasks);","lastModifiedDate":"2023-02-08"},{"lineNumber":42,"author":{"gitId":"raydent30"},"content":"                break;","lastModifiedDate":"2023-02-02"},{"lineNumber":43,"author":{"gitId":"raydent30"},"content":"            default:","lastModifiedDate":"2023-02-02"},{"lineNumber":44,"author":{"gitId":"raydent30"},"content":"                MainFunctions.invalidInput();","lastModifiedDate":"2023-02-03"},{"lineNumber":45,"author":{"gitId":"raydent30"},"content":"                break;","lastModifiedDate":"2023-01-25"},{"lineNumber":46,"author":{"gitId":"raydent30"},"content":"            }","lastModifiedDate":"2023-01-25"},{"lineNumber":47,"author":{"gitId":"raydent30"},"content":"            if(!isExit) {","lastModifiedDate":"2023-02-03"},{"lineNumber":48,"author":{"gitId":"raydent30"},"content":"                userCommand \u003d scanner.nextLine();","lastModifiedDate":"2023-02-03"},{"lineNumber":49,"author":{"gitId":"raydent30"},"content":"            }","lastModifiedDate":"2023-02-03"},{"lineNumber":50,"author":{"gitId":"raydent30"},"content":"        }","lastModifiedDate":"2023-01-25"},{"lineNumber":51,"author":{"gitId":"raydent30"},"content":"","lastModifiedDate":"2023-01-19"},{"lineNumber":52,"author":{"gitId":"raydent30"},"content":"        MainFunctions.printGoodbye();","lastModifiedDate":"2023-02-03"},{"lineNumber":53,"author":{"gitId":"raydent30"},"content":"","lastModifiedDate":"2023-02-03"},{"lineNumber":54,"author":{"gitId":"-"},"content":"    }","lastModifiedDate":"2019-07-29"},{"lineNumber":55,"author":{"gitId":"-"},"content":"}","lastModifiedDate":"2019-07-29"}],"authorContributionMap":{"raydent30":51,"-":4}},{"path":"src/main/java/Event.java","fileType":"java","lines":[{"lineNumber":1,"author":{"gitId":"raydent30"},"content":"public class Event extends Task {","lastModifiedDate":"2023-02-02"},{"lineNumber":2,"author":{"gitId":"raydent30"},"content":"","lastModifiedDate":"2023-02-02"},{"lineNumber":3,"author":{"gitId":"raydent30"},"content":"    protected String from;","lastModifiedDate":"2023-02-02"},{"lineNumber":4,"author":{"gitId":"raydent30"},"content":"    protected String to;","lastModifiedDate":"2023-02-02"},{"lineNumber":5,"author":{"gitId":"raydent30"},"content":"","lastModifiedDate":"2023-02-02"},{"lineNumber":6,"author":{"gitId":"raydent30"},"content":"    public Event(String description, String from, String to) {","lastModifiedDate":"2023-02-02"},{"lineNumber":7,"author":{"gitId":"raydent30"},"content":"        super(description);","lastModifiedDate":"2023-02-02"},{"lineNumber":8,"author":{"gitId":"raydent30"},"content":"        this.from \u003d from;","lastModifiedDate":"2023-02-02"},{"lineNumber":9,"author":{"gitId":"raydent30"},"content":"        this.to \u003d to;","lastModifiedDate":"2023-02-02"},{"lineNumber":10,"author":{"gitId":"raydent30"},"content":"    }","lastModifiedDate":"2023-02-02"},{"lineNumber":11,"author":{"gitId":"raydent30"},"content":"","lastModifiedDate":"2023-02-02"},{"lineNumber":12,"author":{"gitId":"raydent30"},"content":"    @Override","lastModifiedDate":"2023-02-02"},{"lineNumber":13,"author":{"gitId":"raydent30"},"content":"    public String toString() {","lastModifiedDate":"2023-02-02"},{"lineNumber":14,"author":{"gitId":"raydent30"},"content":"        return \"[E]\" + super.toString() + \" (from: \" + from + \" to: \" + to + \")\";","lastModifiedDate":"2023-02-02"},{"lineNumber":15,"author":{"gitId":"raydent30"},"content":"    }","lastModifiedDate":"2023-02-02"},{"lineNumber":16,"author":{"gitId":"raydent30"},"content":"}","lastModifiedDate":"2023-02-02"}],"authorContributionMap":{"raydent30":16}},{"path":"src/main/java/MainFunctions.java","fileType":"java","lines":[{"lineNumber":1,"author":{"gitId":"raydent30"},"content":"public class MainFunctions {","lastModifiedDate":"2023-02-03"},{"lineNumber":2,"author":{"gitId":"raydent30"},"content":"    public static final String LOGO \u003d","lastModifiedDate":"2023-02-03"},{"lineNumber":3,"author":{"gitId":"raydent30"},"content":"            \"\\t __   __\\n\"","lastModifiedDate":"2023-02-03"},{"lineNumber":4,"author":{"gitId":"raydent30"},"content":"                    + \"\\t|  | |  |   ____     _  _   _    _\\n\"","lastModifiedDate":"2023-02-03"},{"lineNumber":5,"author":{"gitId":"raydent30"},"content":"                    + \"\\t|  |_|  |  / _  \\\\   | |/_\\\\ | |  | |\\n\"","lastModifiedDate":"2023-02-03"},{"lineNumber":6,"author":{"gitId":"raydent30"},"content":"                    + \"\\t|   _   | | |_|  \\\\  |  /   | \\\\_/  |\\n\"","lastModifiedDate":"2023-02-03"},{"lineNumber":7,"author":{"gitId":"raydent30"},"content":"                    + \"\\t|__| |__|  \\\\___/\\\\_\\\\ |_|     \\\\__/|_|\\n\";","lastModifiedDate":"2023-02-03"},{"lineNumber":8,"author":{"gitId":"raydent30"},"content":"    public static final String DIVIDER \u003d \"\\t____________________________________________________________\";","lastModifiedDate":"2023-02-03"},{"lineNumber":9,"author":{"gitId":"raydent30"},"content":"    public static final String SPACER \u003d \"\\t\";","lastModifiedDate":"2023-02-03"},{"lineNumber":10,"author":{"gitId":"raydent30"},"content":"","lastModifiedDate":"2023-02-03"},{"lineNumber":11,"author":{"gitId":"raydent30"},"content":"    public static void printWelcome() {","lastModifiedDate":"2023-02-03"},{"lineNumber":12,"author":{"gitId":"raydent30"},"content":"        System.out.println(DIVIDER);","lastModifiedDate":"2023-02-03"},{"lineNumber":13,"author":{"gitId":"raydent30"},"content":"        System.out.println(LOGO);","lastModifiedDate":"2023-02-03"},{"lineNumber":14,"author":{"gitId":"raydent30"},"content":"        System.out.println(SPACER + \"Hello! I\u0027m Haru\");","lastModifiedDate":"2023-02-03"},{"lineNumber":15,"author":{"gitId":"raydent30"},"content":"        System.out.println(SPACER + \"What can I do for you?\");","lastModifiedDate":"2023-02-03"},{"lineNumber":16,"author":{"gitId":"raydent30"},"content":"        System.out.println(DIVIDER);","lastModifiedDate":"2023-02-03"},{"lineNumber":17,"author":{"gitId":"raydent30"},"content":"    }","lastModifiedDate":"2023-02-03"},{"lineNumber":18,"author":{"gitId":"raydent30"},"content":"","lastModifiedDate":"2023-02-03"},{"lineNumber":19,"author":{"gitId":"raydent30"},"content":"    public static void printGoodbye() {","lastModifiedDate":"2023-02-03"},{"lineNumber":20,"author":{"gitId":"raydent30"},"content":"        System.out.println(DIVIDER);","lastModifiedDate":"2023-02-03"},{"lineNumber":21,"author":{"gitId":"raydent30"},"content":"        System.out.println(SPACER+\"Bye. Hope to see you again soon!\");","lastModifiedDate":"2023-02-03"},{"lineNumber":22,"author":{"gitId":"raydent30"},"content":"        System.out.println(DIVIDER);","lastModifiedDate":"2023-02-03"},{"lineNumber":23,"author":{"gitId":"raydent30"},"content":"    }","lastModifiedDate":"2023-02-03"},{"lineNumber":24,"author":{"gitId":"raydent30"},"content":"","lastModifiedDate":"2023-02-03"},{"lineNumber":25,"author":{"gitId":"raydent30"},"content":"    public static void invalidInput() {","lastModifiedDate":"2023-02-03"},{"lineNumber":26,"author":{"gitId":"raydent30"},"content":"        System.out.println(DIVIDER);","lastModifiedDate":"2023-02-03"},{"lineNumber":27,"author":{"gitId":"raydent30"},"content":"        System.out.println(SPACER+\"Please enter a valid input.\");","lastModifiedDate":"2023-02-03"},{"lineNumber":28,"author":{"gitId":"raydent30"},"content":"        System.out.println(DIVIDER);","lastModifiedDate":"2023-02-03"},{"lineNumber":29,"author":{"gitId":"raydent30"},"content":"    }","lastModifiedDate":"2023-02-03"},{"lineNumber":30,"author":{"gitId":"raydent30"},"content":"","lastModifiedDate":"2023-02-03"},{"lineNumber":31,"author":{"gitId":"raydent30"},"content":"    public static void listTasks(int userTextCount, Task[] storedUserTasks) {","lastModifiedDate":"2023-02-03"},{"lineNumber":32,"author":{"gitId":"raydent30"},"content":"        System.out.println(DIVIDER);","lastModifiedDate":"2023-02-03"},{"lineNumber":33,"author":{"gitId":"raydent30"},"content":"        System.out.println(SPACER+\"Here are the tasks in your lists:\");","lastModifiedDate":"2023-02-03"},{"lineNumber":34,"author":{"gitId":"raydent30"},"content":"        for(int i\u003d0;i\u003cuserTextCount;i++){","lastModifiedDate":"2023-02-03"},{"lineNumber":35,"author":{"gitId":"raydent30"},"content":"            System.out.println(SPACER+(i+1)+\".\"+storedUserTasks[i].toString());","lastModifiedDate":"2023-02-03"},{"lineNumber":36,"author":{"gitId":"raydent30"},"content":"        }","lastModifiedDate":"2023-02-03"},{"lineNumber":37,"author":{"gitId":"raydent30"},"content":"        System.out.println(DIVIDER);","lastModifiedDate":"2023-02-03"},{"lineNumber":38,"author":{"gitId":"raydent30"},"content":"    }","lastModifiedDate":"2023-02-03"},{"lineNumber":39,"author":{"gitId":"raydent30"},"content":"","lastModifiedDate":"2023-02-03"},{"lineNumber":40,"author":{"gitId":"raydent30"},"content":"    public static void markTask(String userCommand, Task[] storedUserTasks) {","lastModifiedDate":"2023-02-08"},{"lineNumber":41,"author":{"gitId":"raydent30"},"content":"        int taskIndex \u003d Integer.parseInt(userCommand.split(\" \")[1])-1;","lastModifiedDate":"2023-02-08"},{"lineNumber":42,"author":{"gitId":"raydent30"},"content":"        System.out.println(DIVIDER);","lastModifiedDate":"2023-02-03"},{"lineNumber":43,"author":{"gitId":"raydent30"},"content":"        System.out.println(SPACER+\"Nice! I\u0027ve marked this task as done:\");","lastModifiedDate":"2023-02-03"},{"lineNumber":44,"author":{"gitId":"raydent30"},"content":"        storedUserTasks[taskIndex].isDone \u003d true;","lastModifiedDate":"2023-02-03"},{"lineNumber":45,"author":{"gitId":"raydent30"},"content":"        System.out.println(SPACER+storedUserTasks[taskIndex].toString());","lastModifiedDate":"2023-02-03"},{"lineNumber":46,"author":{"gitId":"raydent30"},"content":"        System.out.println(DIVIDER);","lastModifiedDate":"2023-02-03"},{"lineNumber":47,"author":{"gitId":"raydent30"},"content":"    }","lastModifiedDate":"2023-02-03"},{"lineNumber":48,"author":{"gitId":"raydent30"},"content":"","lastModifiedDate":"2023-02-03"},{"lineNumber":49,"author":{"gitId":"raydent30"},"content":"    public static void unmarkTask(String userCommand, Task[] storedUserTasks) {","lastModifiedDate":"2023-02-08"},{"lineNumber":50,"author":{"gitId":"raydent30"},"content":"        int taskIndex \u003d Integer.parseInt(userCommand.split(\" \")[1])-1;","lastModifiedDate":"2023-02-08"},{"lineNumber":51,"author":{"gitId":"raydent30"},"content":"        System.out.println(DIVIDER);","lastModifiedDate":"2023-02-03"},{"lineNumber":52,"author":{"gitId":"raydent30"},"content":"        System.out.println(SPACER+\"OK, I\u0027ve marked this task as not done yet:\");","lastModifiedDate":"2023-02-03"},{"lineNumber":53,"author":{"gitId":"raydent30"},"content":"        storedUserTasks[taskIndex].isDone \u003d false;","lastModifiedDate":"2023-02-03"},{"lineNumber":54,"author":{"gitId":"raydent30"},"content":"        System.out.println(SPACER+storedUserTasks[taskIndex].toString());","lastModifiedDate":"2023-02-03"},{"lineNumber":55,"author":{"gitId":"raydent30"},"content":"        System.out.println(DIVIDER);","lastModifiedDate":"2023-02-03"},{"lineNumber":56,"author":{"gitId":"raydent30"},"content":"    }","lastModifiedDate":"2023-02-03"},{"lineNumber":57,"author":{"gitId":"raydent30"},"content":"","lastModifiedDate":"2023-02-03"},{"lineNumber":58,"author":{"gitId":"raydent30"},"content":"    public static void createTodo(String userCommand, Task[] storedUserTasks) {","lastModifiedDate":"2023-02-08"},{"lineNumber":59,"author":{"gitId":"raydent30"},"content":"        String description \u003d userCommand.substring(5);","lastModifiedDate":"2023-02-08"},{"lineNumber":60,"author":{"gitId":"raydent30"},"content":"        storedUserTasks[Duke.userTextCount] \u003d new Todo(description);","lastModifiedDate":"2023-02-03"},{"lineNumber":61,"author":{"gitId":"raydent30"},"content":"        System.out.println(DIVIDER);","lastModifiedDate":"2023-02-03"},{"lineNumber":62,"author":{"gitId":"raydent30"},"content":"        System.out.println(SPACER+\"Got it. I\u0027ve added this task:\");","lastModifiedDate":"2023-02-03"},{"lineNumber":63,"author":{"gitId":"raydent30"},"content":"        System.out.println(SPACER+SPACER+storedUserTasks[Duke.userTextCount].toString());","lastModifiedDate":"2023-02-03"},{"lineNumber":64,"author":{"gitId":"raydent30"},"content":"        Duke.userTextCount++;","lastModifiedDate":"2023-02-03"},{"lineNumber":65,"author":{"gitId":"raydent30"},"content":"        System.out.println(SPACER+\"Now you have \" + Duke.userTextCount + \" tasks in the list.\");","lastModifiedDate":"2023-02-03"},{"lineNumber":66,"author":{"gitId":"raydent30"},"content":"        System.out.println(DIVIDER);","lastModifiedDate":"2023-02-03"},{"lineNumber":67,"author":{"gitId":"raydent30"},"content":"    }","lastModifiedDate":"2023-02-03"},{"lineNumber":68,"author":{"gitId":"raydent30"},"content":"","lastModifiedDate":"2023-02-03"},{"lineNumber":69,"author":{"gitId":"raydent30"},"content":"    public static void createDeadline(String userCommand, Task[] storedUserTasks) {","lastModifiedDate":"2023-02-08"},{"lineNumber":70,"author":{"gitId":"raydent30"},"content":"        int indexOfBy \u003d userCommand.indexOf(\"/by\");","lastModifiedDate":"2023-02-08"},{"lineNumber":71,"author":{"gitId":"raydent30"},"content":"        String description \u003d userCommand.substring( 9, indexOfBy-1);","lastModifiedDate":"2023-02-08"},{"lineNumber":72,"author":{"gitId":"raydent30"},"content":"        String by \u003d userCommand.substring(indexOfBy+4);","lastModifiedDate":"2023-02-08"},{"lineNumber":73,"author":{"gitId":"raydent30"},"content":"        storedUserTasks[Duke.userTextCount] \u003d new Deadline(description,by);","lastModifiedDate":"2023-02-03"},{"lineNumber":74,"author":{"gitId":"raydent30"},"content":"        System.out.println(DIVIDER);","lastModifiedDate":"2023-02-03"},{"lineNumber":75,"author":{"gitId":"raydent30"},"content":"        System.out.println(SPACER+\"Got it. I\u0027ve added this task:\");","lastModifiedDate":"2023-02-03"},{"lineNumber":76,"author":{"gitId":"raydent30"},"content":"        System.out.println(SPACER+SPACER+storedUserTasks[Duke.userTextCount].toString());","lastModifiedDate":"2023-02-03"},{"lineNumber":77,"author":{"gitId":"raydent30"},"content":"        Duke.userTextCount++;","lastModifiedDate":"2023-02-03"},{"lineNumber":78,"author":{"gitId":"raydent30"},"content":"        System.out.println(SPACER+\"Now you have \" + Duke.userTextCount + \" tasks in the list.\");","lastModifiedDate":"2023-02-03"},{"lineNumber":79,"author":{"gitId":"raydent30"},"content":"        System.out.println(DIVIDER);","lastModifiedDate":"2023-02-03"},{"lineNumber":80,"author":{"gitId":"raydent30"},"content":"    }","lastModifiedDate":"2023-02-03"},{"lineNumber":81,"author":{"gitId":"raydent30"},"content":"","lastModifiedDate":"2023-02-03"},{"lineNumber":82,"author":{"gitId":"raydent30"},"content":"    public static void createEvent(String userCommand, Task[] storedUserTasks) {","lastModifiedDate":"2023-02-08"},{"lineNumber":83,"author":{"gitId":"raydent30"},"content":"        int indexOfFrom \u003d userCommand.indexOf(\"/from\");","lastModifiedDate":"2023-02-08"},{"lineNumber":84,"author":{"gitId":"raydent30"},"content":"        int indexOfTo \u003d userCommand.indexOf(\"/to\");","lastModifiedDate":"2023-02-08"},{"lineNumber":85,"author":{"gitId":"raydent30"},"content":"        String description \u003d userCommand.substring(6,indexOfFrom-1);","lastModifiedDate":"2023-02-08"},{"lineNumber":86,"author":{"gitId":"raydent30"},"content":"        String from \u003d userCommand.substring(indexOfFrom+6,indexOfTo-1);","lastModifiedDate":"2023-02-08"},{"lineNumber":87,"author":{"gitId":"raydent30"},"content":"        String to \u003d userCommand.substring(indexOfTo+4);","lastModifiedDate":"2023-02-08"},{"lineNumber":88,"author":{"gitId":"raydent30"},"content":"        storedUserTasks[Duke.userTextCount] \u003d new Event(description,from,to);","lastModifiedDate":"2023-02-03"},{"lineNumber":89,"author":{"gitId":"raydent30"},"content":"        System.out.println(DIVIDER);","lastModifiedDate":"2023-02-03"},{"lineNumber":90,"author":{"gitId":"raydent30"},"content":"        System.out.println(SPACER+\"Got it. I\u0027ve added this task:\");","lastModifiedDate":"2023-02-03"},{"lineNumber":91,"author":{"gitId":"raydent30"},"content":"        System.out.println(SPACER+storedUserTasks[Duke.userTextCount].toString());","lastModifiedDate":"2023-02-03"},{"lineNumber":92,"author":{"gitId":"raydent30"},"content":"        Duke.userTextCount++;","lastModifiedDate":"2023-02-03"},{"lineNumber":93,"author":{"gitId":"raydent30"},"content":"        System.out.println(SPACER+\"Now you have \" + Duke.userTextCount + \" tasks in the list.\");","lastModifiedDate":"2023-02-03"},{"lineNumber":94,"author":{"gitId":"raydent30"},"content":"        System.out.println(DIVIDER);","lastModifiedDate":"2023-02-03"},{"lineNumber":95,"author":{"gitId":"raydent30"},"content":"    }","lastModifiedDate":"2023-02-03"},{"lineNumber":96,"author":{"gitId":"raydent30"},"content":"","lastModifiedDate":"2023-02-03"},{"lineNumber":97,"author":{"gitId":"raydent30"},"content":"}","lastModifiedDate":"2023-02-03"}],"authorContributionMap":{"raydent30":97}},{"path":"src/main/java/Task.java","fileType":"java","lines":[{"lineNumber":1,"author":{"gitId":"raydent30"},"content":"public class Task {","lastModifiedDate":"2023-01-25"},{"lineNumber":2,"author":{"gitId":"raydent30"},"content":"    protected String description;","lastModifiedDate":"2023-01-25"},{"lineNumber":3,"author":{"gitId":"raydent30"},"content":"    protected boolean isDone;","lastModifiedDate":"2023-01-25"},{"lineNumber":4,"author":{"gitId":"raydent30"},"content":"","lastModifiedDate":"2023-01-25"},{"lineNumber":5,"author":{"gitId":"raydent30"},"content":"    public Task(String description) {","lastModifiedDate":"2023-01-25"},{"lineNumber":6,"author":{"gitId":"raydent30"},"content":"        this.description \u003d description;","lastModifiedDate":"2023-01-25"},{"lineNumber":7,"author":{"gitId":"raydent30"},"content":"        this.isDone \u003d false;","lastModifiedDate":"2023-01-25"},{"lineNumber":8,"author":{"gitId":"raydent30"},"content":"    }","lastModifiedDate":"2023-01-25"},{"lineNumber":9,"author":{"gitId":"raydent30"},"content":"","lastModifiedDate":"2023-01-25"},{"lineNumber":10,"author":{"gitId":"raydent30"},"content":"    public String getStatusIcon() {","lastModifiedDate":"2023-01-25"},{"lineNumber":11,"author":{"gitId":"raydent30"},"content":"        return (isDone ? \"X\" : \" \"); // mark done task with X","lastModifiedDate":"2023-01-25"},{"lineNumber":12,"author":{"gitId":"raydent30"},"content":"    }","lastModifiedDate":"2023-01-25"},{"lineNumber":13,"author":{"gitId":"raydent30"},"content":"","lastModifiedDate":"2023-02-02"},{"lineNumber":14,"author":{"gitId":"raydent30"},"content":"    @Override","lastModifiedDate":"2023-02-02"},{"lineNumber":15,"author":{"gitId":"raydent30"},"content":"    public String toString() {","lastModifiedDate":"2023-02-02"},{"lineNumber":16,"author":{"gitId":"raydent30"},"content":"        return \"[\" + getStatusIcon() + \"] \" + description;","lastModifiedDate":"2023-02-02"},{"lineNumber":17,"author":{"gitId":"raydent30"},"content":"    }","lastModifiedDate":"2023-02-02"},{"lineNumber":18,"author":{"gitId":"raydent30"},"content":"}","lastModifiedDate":"2023-01-25"}],"authorContributionMap":{"raydent30":18}},{"path":"src/main/java/Todo.java","fileType":"java","lines":[{"lineNumber":1,"author":{"gitId":"raydent30"},"content":"public class Todo extends Task {","lastModifiedDate":"2023-02-02"},{"lineNumber":2,"author":{"gitId":"raydent30"},"content":"","lastModifiedDate":"2023-02-02"},{"lineNumber":3,"author":{"gitId":"raydent30"},"content":"    public Todo(String description) {","lastModifiedDate":"2023-02-02"},{"lineNumber":4,"author":{"gitId":"raydent30"},"content":"        super(description);","lastModifiedDate":"2023-02-02"},{"lineNumber":5,"author":{"gitId":"raydent30"},"content":"    }","lastModifiedDate":"2023-02-02"},{"lineNumber":6,"author":{"gitId":"raydent30"},"content":"","lastModifiedDate":"2023-02-02"},{"lineNumber":7,"author":{"gitId":"raydent30"},"content":"    @Override","lastModifiedDate":"2023-02-02"},{"lineNumber":8,"author":{"gitId":"raydent30"},"content":"    public String toString() {","lastModifiedDate":"2023-02-02"},{"lineNumber":9,"author":{"gitId":"raydent30"},"content":"        return \"[T]\" + super.toString();","lastModifiedDate":"2023-02-02"},{"lineNumber":10,"author":{"gitId":"raydent30"},"content":"    }","lastModifiedDate":"2023-02-02"},{"lineNumber":11,"author":{"gitId":"raydent30"},"content":"}","lastModifiedDate":"2023-02-02"}],"authorContributionMap":{"raydent30":11}},{"path":"text-ui-test/input.txt","fileType":"txt","lines":[{"lineNumber":1,"author":{"gitId":"raydent30"},"content":"todo borrow book","lastModifiedDate":"2023-02-02"},{"lineNumber":2,"author":{"gitId":"raydent30"},"content":"deadline return book /by Sunday","lastModifiedDate":"2023-02-02"},{"lineNumber":3,"author":{"gitId":"raydent30"},"content":"event project meeting /from Mon 2pm /to 4pm","lastModifiedDate":"2023-02-02"},{"lineNumber":4,"author":{"gitId":"raydent30"},"content":"mark 2","lastModifiedDate":"2023-02-02"},{"lineNumber":5,"author":{"gitId":"raydent30"},"content":"list","lastModifiedDate":"2023-02-02"},{"lineNumber":6,"author":{"gitId":"raydent30"},"content":"mark 1","lastModifiedDate":"2023-02-02"},{"lineNumber":7,"author":{"gitId":"raydent30"},"content":"list","lastModifiedDate":"2023-02-02"},{"lineNumber":8,"author":{"gitId":"raydent30"},"content":"unmark 1","lastModifiedDate":"2023-02-02"},{"lineNumber":9,"author":{"gitId":"raydent30"},"content":"list","lastModifiedDate":"2023-02-02"},{"lineNumber":10,"author":{"gitId":"raydent30"},"content":"bye","lastModifiedDate":"2023-02-02"}],"authorContributionMap":{"raydent30":10}}]
