{"authorDailyContributionsMap":{"tsx0314":[{"date":"2023-01-21","commitResults":[{"hash":"39c3f3077cf51c6877e6186801f2aab7255131e3","messageTitle":"Add greeting messages","messageBody":"","tags":["Level-0"],"fileTypesAndContributionMap":{"java":{"insertions":5,"deletions":0}}}]},{"date":"2023-01-26","commitResults":[{"hash":"dddf587091c341b8d40bde2975299a9a1b08e85c","messageTitle":"Add greet, echo and exit","messageBody":"","tags":["Level-1"],"fileTypesAndContributionMap":{"java":{"insertions":68,"deletions":13}}},{"hash":"7253b04343aa4488c1ccac3e26afd340472b42b4","messageTitle":"Add task list","messageBody":"","tags":["Level-2"],"fileTypesAndContributionMap":{"java":{"insertions":27,"deletions":5}}},{"hash":"e4be2c08024dfec85a7d89619d9da23e405762dc","messageTitle":"Add the ability to mark tasks as done","messageBody":"","tags":["Level-3"],"fileTypesAndContributionMap":{"java":{"insertions":83,"deletions":10}}}]},{"date":"2023-01-27","commitResults":[{"hash":"690a3cd0e388073bdacfc3028791cd9c268e7326","messageTitle":"Tweak the code to comply with a coding standard","messageBody":"","tags":["A-CodingStandard"],"fileTypesAndContributionMap":{"java":{"insertions":10,"deletions":6}}}]},{"date":"2023-02-01","commitResults":[{"hash":"da17ba434703ffc93c3bd6a1308167af58506224","messageTitle":"Add ToDos, Events, Deadlines","messageBody":"","tags":["Level-4"],"fileTypesAndContributionMap":{"java":{"insertions":158,"deletions":66}}}]},{"date":"2023-02-02","commitResults":[{"hash":"660ec2fb87028006d7ef20bd185ea7542ef09c13","messageTitle":"Automated Text UI Testing","messageBody":"","tags":["A-TesxtUiTesting"],"fileTypesAndContributionMap":{"txt":{"insertions":7,"deletions":0}}},{"hash":"f97c333cfb6bc186b94a07de6a37fb47da2450cd","messageTitle":"Improve Code Quality","messageBody":"","tags":["A-CodeQuality"],"fileTypesAndContributionMap":{"java":{"insertions":20,"deletions":11}}}]},{"date":"2023-02-08","commitResults":[{"hash":"6e9c2b1ec517eabe9036fea726dcaeadcd49fc9b","messageTitle":"Handle errors","messageBody":"","fileTypesAndContributionMap":{"java":{"insertions":39,"deletions":13}}}]}]},"authorFileTypeContributionMap":{"tsx0314":{"java":293,"md":0,"fxml":0,"sh":0,"bat":0,"gradle":0,"txt":7}},"authorContributionVariance":{"tsx0314":3192.6292},"authorDisplayNameMap":{"tsx0314":"CS2113-W13-3 TIAN..XING"}}
