{"repoSenseVersion":"ebd6f81596","reportGeneratedTime":"Wed Feb 22 23:01:25 2023 UTC+08:00","reportGenerationTime":" 29.48 second(s)","zoneId":"UTC+08:00","reportTitle":"CS2113 iP Code Dashboard","repos":[{"location":{"location":"https://github.com/ltzehan/ip.git","repoName":"ip","organization":"ltzehan","domainName":"github"},"branch":"master","displayName":"ltzehan/ip[master]","outputFolderName":"ltzehan_ip_master"},{"location":{"location":"https://github.com/kdh3799/ip.git","repoName":"ip","organization":"kdh3799","domainName":"github"},"branch":"master","displayName":"kdh3799/ip[master]","outputFolderName":"kdh3799_ip_master"},{"location":{"location":"https://github.com/shawntangy/ip.git","repoName":"ip","organization":"shawntangy","domainName":"github"},"branch":"master","displayName":"shawntangy/ip[master]","outputFolderName":"shawntangy_ip_master"},{"location":{"location":"https://github.com/jaredoong/ip.git","repoName":"ip","organization":"jaredoong","domainName":"github"},"branch":"master","displayName":"jaredoong/ip[master]","outputFolderName":"jaredoong_ip_master"},{"location":{"location":"https://github.com/MingEn82/ip.git","repoName":"ip","organization":"MingEn82","domainName":"github"},"branch":"master","displayName":"MingEn82/ip[master]","outputFolderName":"MingEn82_ip_master"},{"location":{"location":"https://github.com/Bawfen/ip.git","repoName":"ip","organization":"Bawfen","domainName":"github"},"branch":"master","displayName":"Bawfen/ip[master]","outputFolderName":"Bawfen_ip_master"},{"location":{"location":"https://github.com/choongzhanhong/ip.git","repoName":"ip","organization":"choongzhanhong","domainName":"github"},"branch":"master","displayName":"choongzhanhong/ip[master]","outputFolderName":"choongzhanhong_ip_master"},{"location":{"location":"https://github.com/lihka1202/ip.git","repoName":"ip","organization":"lihka1202","domainName":"github"},"branch":"master","displayName":"lihka1202/ip[master]","outputFolderName":"lihka1202_ip_master"},{"location":{"location":"https://github.com/ghzr0/ip.git","repoName":"ip","organization":"ghzr0","domainName":"github"},"branch":"master","displayName":"ghzr0/ip[master]","outputFolderName":"ghzr0_ip_master"},{"location":{"location":"https://github.com/matthew-liu-zhenjie/ip.git","repoName":"ip","organization":"matthew-liu-zhenjie","domainName":"github"},"branch":"master","displayName":"matthew-liu-zhenjie/ip[master]","outputFolderName":"matthew-liu-zhenjie_ip_master"},{"location":{"location":"https://github.com/Rayleigh47/ip.git","repoName":"ip","organization":"Rayleigh47","domainName":"github"},"branch":"master","displayName":"Rayleigh47/ip[master]","outputFolderName":"Rayleigh47_ip_master"},{"location":{"location":"https://github.com/YatPang/ip.git","repoName":"ip","organization":"YatPang","domainName":"github"},"branch":"master","displayName":"YatPang/ip[master]","outputFolderName":"YatPang_ip_master"},{"location":{"location":"https://github.com/TzeLoong/ip.git","repoName":"ip","organization":"TzeLoong","domainName":"github"},"branch":"master","displayName":"TzeLoong/ip[master]","outputFolderName":"TzeLoong_ip_master"},{"location":{"location":"https://github.com/avielcx/ip.git","repoName":"ip","organization":"avielcx","domainName":"github"},"branch":"master","displayName":"avielcx/ip[master]","outputFolderName":"avielcx_ip_master"},{"location":{"location":"https://github.com/jeromeongithub/ip.git","repoName":"ip","organization":"jeromeongithub","domainName":"github"},"branch":"master","displayName":"jeromeongithub/ip[master]","outputFolderName":"jeromeongithub_ip_master"},{"location":{"location":"https://github.com/tyuyang/ip.git","repoName":"ip","organization":"tyuyang","domainName":"github"},"branch":"master","displayName":"tyuyang/ip[master]","outputFolderName":"tyuyang_ip_master"},{"location":{"location":"https://github.com/Zeno-Zr/ip.git","repoName":"ip","organization":"Zeno-Zr","domainName":"github"},"branch":"master","displayName":"Zeno-Zr/ip[master]","outputFolderName":"Zeno-Zr_ip_master"},{"location":{"location":"https://github.com/clement559/ip.git","repoName":"ip","organization":"clement559","domainName":"github"},"branch":"master","displayName":"clement559/ip[master]","outputFolderName":"clement559_ip_master"},{"location":{"location":"https://github.com/typingpanda/ip.git","repoName":"ip","organization":"typingpanda","domainName":"github"},"branch":"master","displayName":"typingpanda/ip[master]","outputFolderName":"typingpanda_ip_master"},{"location":{"location":"https://github.com/EangJS/ip.git","repoName":"ip","organization":"EangJS","domainName":"github"},"branch":"master","displayName":"EangJS/ip[master]","outputFolderName":"EangJS_ip_master"},{"location":{"location":"https://github.com/Zhang-Zhitong/ip.git","repoName":"ip","organization":"Zhang-Zhitong","domainName":"github"},"branch":"master","displayName":"Zhang-Zhitong/ip[master]","outputFolderName":"Zhang-Zhitong_ip_master"},{"location":{"location":"https://github.com/ERJUNZE/ip.git","repoName":"ip","organization":"ERJUNZE","domainName":"github"},"branch":"master","displayName":"ERJUNZE/ip[master]","outputFolderName":"ERJUNZE_ip_master"},{"location":{"location":"https://github.com/Jeraldchen/ip.git","repoName":"ip","organization":"Jeraldchen","domainName":"github"},"branch":"master","displayName":"Jeraldchen/ip[master]","outputFolderName":"Jeraldchen_ip_master"},{"location":{"location":"https://github.com/Magmanat/ip.git","repoName":"ip","organization":"Magmanat","domainName":"github"},"branch":"master","displayName":"Magmanat/ip[master]","outputFolderName":"Magmanat_ip_master"},{"location":{"location":"https://github.com/brennanzuz/ip.git","repoName":"ip","organization":"brennanzuz","domainName":"github"},"branch":"master","displayName":"brennanzuz/ip[master]","outputFolderName":"brennanzuz_ip_master"},{"location":{"location":"https://github.com/kairuler/ip.git","repoName":"ip","organization":"kairuler","domainName":"github"},"branch":"master","displayName":"kairuler/ip[master]","outputFolderName":"kairuler_ip_master"},{"location":{"location":"https://github.com/ArtemiszenN/ip.git","repoName":"ip","organization":"ArtemiszenN","domainName":"github"},"branch":"master","displayName":"ArtemiszenN/ip[master]","outputFolderName":"ArtemiszenN_ip_master"},{"location":{"location":"https://github.com/khooyourun/ip.git","repoName":"ip","organization":"khooyourun","domainName":"github"},"branch":"master","displayName":"khooyourun/ip[master]","outputFolderName":"khooyourun_ip_master"},{"location":{"location":"https://github.com/itszhixuan/ip.git","repoName":"ip","organization":"itszhixuan","domainName":"github"},"branch":"master","displayName":"itszhixuan/ip[master]","outputFolderName":"itszhixuan_ip_master"},{"location":{"location":"https://github.com/YC-Michael/ip.git","repoName":"ip","organization":"YC-Michael","domainName":"github"},"branch":"master","displayName":"YC-Michael/ip[master]","outputFolderName":"YC-Michael_ip_master"},{"location":{"location":"https://github.com/RuiShengGit/ip.git","repoName":"ip","organization":"RuiShengGit","domainName":"github"},"branch":"master","displayName":"RuiShengGit/ip[master]","outputFolderName":"RuiShengGit_ip_master"},{"location":{"location":"https://github.com/lohjooh/ip.git","repoName":"ip","organization":"lohjooh","domainName":"github"},"branch":"master","displayName":"lohjooh/ip[master]","outputFolderName":"lohjooh_ip_master"},{"location":{"location":"https://github.com/L-K-Chng/ip.git","repoName":"ip","organization":"L-K-Chng","domainName":"github"},"branch":"master","displayName":"L-K-Chng/ip[master]","outputFolderName":"L-K-Chng_ip_master"},{"location":{"location":"https://github.com/SpawnageLoong/ip.git","repoName":"ip","organization":"SpawnageLoong","domainName":"github"},"branch":"master","displayName":"SpawnageLoong/ip[master]","outputFolderName":"SpawnageLoong_ip_master"},{"location":{"location":"https://github.com/Manoj364/ip.git","repoName":"ip","organization":"Manoj364","domainName":"github"},"branch":"master","displayName":"Manoj364/ip[master]","outputFolderName":"Manoj364_ip_master"},{"location":{"location":"https://github.com/LimHongYao/ip.git","repoName":"ip","organization":"LimHongYao","domainName":"github"},"branch":"master","displayName":"LimHongYao/ip[master]","outputFolderName":"LimHongYao_ip_master"},{"location":{"location":"https://github.com/Vignesh-30/ip.git","repoName":"ip","organization":"Vignesh-30","domainName":"github"},"branch":"master","displayName":"Vignesh-30/ip[master]","outputFolderName":"Vignesh-30_ip_master"},{"location":{"location":"https://github.com/miahjerry/ip.git","repoName":"ip","organization":"miahjerry","domainName":"github"},"branch":"master","displayName":"miahjerry/ip[master]","outputFolderName":"miahjerry_ip_master"},{"location":{"location":"https://github.com/Geeeetyx/ip.git","repoName":"ip","organization":"Geeeetyx","domainName":"github"},"branch":"master","displayName":"Geeeetyx/ip[master]","outputFolderName":"Geeeetyx_ip_master"},{"location":{"location":"https://github.com/waiter-palypoo/ip.git","repoName":"ip","organization":"waiter-palypoo","domainName":"github"},"branch":"master","displayName":"waiter-palypoo/ip[master]","outputFolderName":"waiter-palypoo_ip_master"},{"location":{"location":"https://github.com/euzhengxi/ip.git","repoName":"ip","organization":"euzhengxi","domainName":"github"},"branch":"master","displayName":"euzhengxi/ip[master]","outputFolderName":"euzhengxi_ip_master"},{"location":{"location":"https://github.com/Khulon/ip.git","repoName":"ip","organization":"Khulon","domainName":"github"},"branch":"master","displayName":"Khulon/ip[master]","outputFolderName":"Khulon_ip_master"},{"location":{"location":"https://github.com/cleoncheng2000/ip.git","repoName":"ip","organization":"cleoncheng2000","domainName":"github"},"branch":"master","displayName":"cleoncheng2000/ip[master]","outputFolderName":"cleoncheng2000_ip_master"},{"location":{"location":"https://github.com/kishore-a00/ip.git","repoName":"ip","organization":"kishore-a00","domainName":"github"},"branch":"master","displayName":"kishore-a00/ip[master]","outputFolderName":"kishore-a00_ip_master"},{"location":{"location":"https://github.com/firwer/ip.git","repoName":"ip","organization":"firwer","domainName":"github"},"branch":"master","displayName":"firwer/ip[master]","outputFolderName":"firwer_ip_master"},{"location":{"location":"https://github.com/Ansenn/ip.git","repoName":"ip","organization":"Ansenn","domainName":"github"},"branch":"master","displayName":"Ansenn/ip[master]","outputFolderName":"Ansenn_ip_master"},{"location":{"location":"https://github.com/chiayuxuan/ip.git","repoName":"ip","organization":"chiayuxuan","domainName":"github"},"branch":"master","displayName":"chiayuxuan/ip[master]","outputFolderName":"chiayuxuan_ip_master"},{"location":{"location":"https://github.com/ZhongXiangWong/ip.git","repoName":"ip","organization":"ZhongXiangWong","domainName":"github"},"branch":"master","displayName":"ZhongXiangWong/ip[master]","outputFolderName":"ZhongXiangWong_ip_master"},{"location":{"location":"https://github.com/sriram-senthilkr/ip.git","repoName":"ip","organization":"sriram-senthilkr","domainName":"github"},"branch":"master","displayName":"sriram-senthilkr/ip[master]","outputFolderName":"sriram-senthilkr_ip_master"},{"location":{"location":"https://github.com/Chick3nBoy/ip.git","repoName":"ip","organization":"Chick3nBoy","domainName":"github"},"branch":"master","displayName":"Chick3nBoy/ip[master]","outputFolderName":"Chick3nBoy_ip_master"},{"location":{"location":"https://github.com/Arif-Khalid/ip.git","repoName":"ip","organization":"Arif-Khalid","domainName":"github"},"branch":"master","displayName":"Arif-Khalid/ip[master]","outputFolderName":"Arif-Khalid_ip_master"},{"location":{"location":"https://github.com/nikkiDEEE/ip.git","repoName":"ip","organization":"nikkiDEEE","domainName":"github"},"branch":"master","displayName":"nikkiDEEE/ip[master]","outputFolderName":"nikkiDEEE_ip_master"},{"location":{"location":"https://github.com/leonghuenweng/ip.git","repoName":"ip","organization":"leonghuenweng","domainName":"github"},"branch":"master","displayName":"leonghuenweng/ip[master]","outputFolderName":"leonghuenweng_ip_master"},{"location":{"location":"https://github.com/jared-ee/ip.git","repoName":"ip","organization":"jared-ee","domainName":"github"},"branch":"master","displayName":"jared-ee/ip[master]","outputFolderName":"jared-ee_ip_master"},{"location":{"location":"https://github.com/wuzhzn/ip.git","repoName":"ip","organization":"wuzhzn","domainName":"github"},"branch":"master","displayName":"wuzhzn/ip[master]","outputFolderName":"wuzhzn_ip_master"},{"location":{"location":"https://github.com/jeraldgau/ip.git","repoName":"ip","organization":"jeraldgau","domainName":"github"},"branch":"master","displayName":"jeraldgau/ip[master]","outputFolderName":"jeraldgau_ip_master"},{"location":{"location":"https://github.com/MustafaAH10/ip.git","repoName":"ip","organization":"MustafaAH10","domainName":"github"},"branch":"master","displayName":"MustafaAH10/ip[master]","outputFolderName":"MustafaAH10_ip_master"},{"location":{"location":"https://github.com/KedrianLoh/ip.git","repoName":"ip","organization":"KedrianLoh","domainName":"github"},"branch":"master","displayName":"KedrianLoh/ip[master]","outputFolderName":"KedrianLoh_ip_master"},{"location":{"location":"https://github.com/ngkaiwen123/ip.git","repoName":"ip","organization":"ngkaiwen123","domainName":"github"},"branch":"master","displayName":"ngkaiwen123/ip[master]","outputFolderName":"ngkaiwen123_ip_master"},{"location":{"location":"https://github.com/Reynold-SL/ip.git","repoName":"ip","organization":"Reynold-SL","domainName":"github"},"branch":"master","displayName":"Reynold-SL/ip[master]","outputFolderName":"Reynold-SL_ip_master"},{"location":{"location":"https://github.com/Toh-HongFeng/ip.git","repoName":"ip","organization":"Toh-HongFeng","domainName":"github"},"branch":"master","displayName":"Toh-HongFeng/ip[master]","outputFolderName":"Toh-HongFeng_ip_master"},{"location":{"location":"https://github.com/briantjs00/ip.git","repoName":"ip","organization":"briantjs00","domainName":"github"},"branch":"master","displayName":"briantjs00/ip[master]","outputFolderName":"briantjs00_ip_master"},{"location":{"location":"https://github.com/Aung-Phone-Naing/ip.git","repoName":"ip","organization":"Aung-Phone-Naing","domainName":"github"},"branch":"master","displayName":"Aung-Phone-Naing/ip[master]","outputFolderName":"Aung-Phone-Naing_ip_master"},{"location":{"location":"https://github.com/nicholas132000/ip.git","repoName":"ip","organization":"nicholas132000","domainName":"github"},"branch":"master","displayName":"nicholas132000/ip[master]","outputFolderName":"nicholas132000_ip_master"},{"location":{"location":"https://github.com/haoyangw/ip.git","repoName":"ip","organization":"haoyangw","domainName":"github"},"branch":"master","displayName":"haoyangw/ip[master]","outputFolderName":"haoyangw_ip_master"},{"location":{"location":"https://github.com/calebcjl/ip.git","repoName":"ip","organization":"calebcjl","domainName":"github"},"branch":"master","displayName":"calebcjl/ip[master]","outputFolderName":"calebcjl_ip_master"},{"location":{"location":"https://github.com/Samueltansw/ip.git","repoName":"ip","organization":"Samueltansw","domainName":"github"},"branch":"master","displayName":"Samueltansw/ip[master]","outputFolderName":"Samueltansw_ip_master"},{"location":{"location":"https://github.com/adenteo/ip.git","repoName":"ip","organization":"adenteo","domainName":"github"},"branch":"master","displayName":"adenteo/ip[master]","outputFolderName":"adenteo_ip_master"},{"location":{"location":"https://github.com/dendendenden04/ip.git","repoName":"ip","organization":"dendendenden04","domainName":"github"},"branch":"master","displayName":"dendendenden04/ip[master]","outputFolderName":"dendendenden04_ip_master"},{"location":{"location":"https://github.com/Koh-Jing-Jie-Marcus/ip.git","repoName":"ip","organization":"Koh-Jing-Jie-Marcus","domainName":"github"},"branch":"master","displayName":"Koh-Jing-Jie-Marcus/ip[master]","outputFolderName":"Koh-Jing-Jie-Marcus_ip_master"},{"location":{"location":"https://github.com/thant/ip.git","repoName":"ip","organization":"thant","domainName":"github"},"branch":"master","displayName":"thant/ip[master]","outputFolderName":"thant_ip_master"},{"location":{"location":"https://github.com/nichyjt/ip.git","repoName":"ip","organization":"nichyjt","domainName":"github"},"branch":"master","displayName":"nichyjt/ip[master]","outputFolderName":"nichyjt_ip_master"},{"location":{"location":"https://github.com/GohJW/ip.git","repoName":"ip","organization":"GohJW","domainName":"github"},"branch":"master","displayName":"GohJW/ip[master]","outputFolderName":"GohJW_ip_master"},{"location":{"location":"https://github.com/darrenlsx/ip.git","repoName":"ip","organization":"darrenlsx","domainName":"github"},"branch":"master","displayName":"darrenlsx/ip[master]","outputFolderName":"darrenlsx_ip_master"},{"location":{"location":"https://github.com/WilsonLee2000/ip.git","repoName":"ip","organization":"WilsonLee2000","domainName":"github"},"branch":"master","displayName":"WilsonLee2000/ip[master]","outputFolderName":"WilsonLee2000_ip_master"},{"location":{"location":"https://github.com/darrenangwx/ip.git","repoName":"ip","organization":"darrenangwx","domainName":"github"},"branch":"master","displayName":"darrenangwx/ip[master]","outputFolderName":"darrenangwx_ip_master"},{"location":{"location":"https://github.com/pinyoko573/ip.git","repoName":"ip","organization":"pinyoko573","domainName":"github"},"branch":"master","displayName":"pinyoko573/ip[master]","outputFolderName":"pinyoko573_ip_master"},{"location":{"location":"https://github.com/pyongjie/ip.git","repoName":"ip","organization":"pyongjie","domainName":"github"},"branch":"master","displayName":"pyongjie/ip[master]","outputFolderName":"pyongjie_ip_master"},{"location":{"location":"https://github.com/vishnuvk47/ip.git","repoName":"ip","organization":"vishnuvk47","domainName":"github"},"branch":"master","displayName":"vishnuvk47/ip[master]","outputFolderName":"vishnuvk47_ip_master"},{"location":{"location":"https://github.com/TopGun2001/ip.git","repoName":"ip","organization":"TopGun2001","domainName":"github"},"branch":"master","displayName":"TopGun2001/ip[master]","outputFolderName":"TopGun2001_ip_master"},{"location":{"location":"https://github.com/Gan868611/ip.git","repoName":"ip","organization":"Gan868611","domainName":"github"},"branch":"master","displayName":"Gan868611/ip[master]","outputFolderName":"Gan868611_ip_master"},{"location":{"location":"https://github.com/bentohset/ip.git","repoName":"ip","organization":"bentohset","domainName":"github"},"branch":"master","displayName":"bentohset/ip[master]","outputFolderName":"bentohset_ip_master"},{"location":{"location":"https://github.com/dsicol/ip.git","repoName":"ip","organization":"dsicol","domainName":"github"},"branch":"master","displayName":"dsicol/ip[master]","outputFolderName":"dsicol_ip_master"},{"location":{"location":"https://github.com/wanjuin/ip.git","repoName":"ip","organization":"wanjuin","domainName":"github"},"branch":"master","displayName":"wanjuin/ip[master]","outputFolderName":"wanjuin_ip_master"},{"location":{"location":"https://github.com/ChubbsBunns/ip.git","repoName":"ip","organization":"ChubbsBunns","domainName":"github"},"branch":"master","displayName":"ChubbsBunns/ip[master]","outputFolderName":"ChubbsBunns_ip_master"},{"location":{"location":"https://github.com/SongZijin/ip.git","repoName":"ip","organization":"SongZijin","domainName":"github"},"branch":"master","displayName":"SongZijin/ip[master]","outputFolderName":"SongZijin_ip_master"},{"location":{"location":"https://github.com/PoobalanAatmikaLakshmi/ip.git","repoName":"ip","organization":"PoobalanAatmikaLakshmi","domainName":"github"},"branch":"master","displayName":"PoobalanAatmikaLakshmi/ip[master]","outputFolderName":"PoobalanAatmikaLakshmi_ip_master"},{"location":{"location":"https://github.com/shannentan/ip.git","repoName":"ip","organization":"shannentan","domainName":"github"},"branch":"master","displayName":"shannentan/ip[master]","outputFolderName":"shannentan_ip_master"},{"location":{"location":"https://github.com/tsx0314/ip.git","repoName":"ip","organization":"tsx0314","domainName":"github"},"branch":"master","displayName":"tsx0314/ip[master]","outputFolderName":"tsx0314_ip_master"},{"location":{"location":"https://github.com/Ng-YZ/ip.git","repoName":"ip","organization":"Ng-YZ","domainName":"github"},"branch":"master","displayName":"Ng-YZ/ip[master]","outputFolderName":"Ng-YZ_ip_master"},{"location":{"location":"https://github.com/yixuann02/ip.git","repoName":"ip","organization":"yixuann02","domainName":"github"},"branch":"master","displayName":"yixuann02/ip[master]","outputFolderName":"yixuann02_ip_master"},{"location":{"location":"https://github.com/Stella1585/ip.git","repoName":"ip","organization":"Stella1585","domainName":"github"},"branch":"master","displayName":"Stella1585/ip[master]","outputFolderName":"Stella1585_ip_master"},{"location":{"location":"https://github.com/TayJiunYuan/ip.git","repoName":"ip","organization":"TayJiunYuan","domainName":"github"},"branch":"master","displayName":"TayJiunYuan/ip[master]","outputFolderName":"TayJiunYuan_ip_master"},{"location":{"location":"https://github.com/javienneyeo/ip.git","repoName":"ip","organization":"javienneyeo","domainName":"github"},"branch":"master","displayName":"javienneyeo/ip[master]","outputFolderName":"javienneyeo_ip_master"},{"location":{"location":"https://github.com/Sherlock-YH/ip.git","repoName":"ip","organization":"Sherlock-YH","domainName":"github"},"branch":"master","displayName":"Sherlock-YH/ip[master]","outputFolderName":"Sherlock-YH_ip_master"},{"location":{"location":"https://github.com/irving11119/ip.git","repoName":"ip","organization":"irving11119","domainName":"github"},"branch":"master","displayName":"irving11119/ip[master]","outputFolderName":"irving11119_ip_master"},{"location":{"location":"https://github.com/TJ-Hoo/ip.git","repoName":"ip","organization":"TJ-Hoo","domainName":"github"},"branch":"master","displayName":"TJ-Hoo/ip[master]","outputFolderName":"TJ-Hoo_ip_master"},{"location":{"location":"https://github.com/thomasjlalba/ip.git","repoName":"ip","organization":"thomasjlalba","domainName":"github"},"branch":"master","displayName":"thomasjlalba/ip[master]","outputFolderName":"thomasjlalba_ip_master"},{"location":{"location":"https://github.com/WilsonOh/ip.git","repoName":"ip","organization":"WilsonOh","domainName":"github"},"branch":"master","displayName":"WilsonOh/ip[master]","outputFolderName":"WilsonOh_ip_master"},{"location":{"location":"https://github.com/heejet/ip.git","repoName":"ip","organization":"heejet","domainName":"github"},"branch":"master","displayName":"heejet/ip[master]","outputFolderName":"heejet_ip_master"},{"location":{"location":"https://github.com/hyperbola-bear/ip.git","repoName":"ip","organization":"hyperbola-bear","domainName":"github"},"branch":"master","displayName":"hyperbola-bear/ip[master]","outputFolderName":"hyperbola-bear_ip_master"},{"location":{"location":"https://github.com/woowenjun99/ip.git","repoName":"ip","organization":"woowenjun99","domainName":"github"},"branch":"master","displayName":"woowenjun99/ip[master]","outputFolderName":"woowenjun99_ip_master"},{"location":{"location":"https://github.com/moseslee9012/ip.git","repoName":"ip","organization":"moseslee9012","domainName":"github"},"branch":"master","displayName":"moseslee9012/ip[master]","outputFolderName":"moseslee9012_ip_master"},{"location":{"location":"https://github.com/mingyuannus/ip.git","repoName":"ip","organization":"mingyuannus","domainName":"github"},"branch":"master","displayName":"mingyuannus/ip[master]","outputFolderName":"mingyuannus_ip_master"},{"location":{"location":"https://github.com/tanyizhe/ip.git","repoName":"ip","organization":"tanyizhe","domainName":"github"},"branch":"master","displayName":"tanyizhe/ip[master]","outputFolderName":"tanyizhe_ip_master"},{"location":{"location":"https://github.com/linuspuah/ip.git","repoName":"ip","organization":"linuspuah","domainName":"github"},"branch":"master","displayName":"linuspuah/ip[master]","outputFolderName":"linuspuah_ip_master"},{"location":{"location":"https://github.com/wenxin-c/ip.git","repoName":"ip","organization":"wenxin-c","domainName":"github"},"branch":"master","displayName":"wenxin-c/ip[master]","outputFolderName":"wenxin-c_ip_master"},{"location":{"location":"https://github.com/manushridiv/ip.git","repoName":"ip","organization":"manushridiv","domainName":"github"},"branch":"master","displayName":"manushridiv/ip[master]","outputFolderName":"manushridiv_ip_master"},{"location":{"location":"https://github.com/Ju-Can/ip.git","repoName":"ip","organization":"Ju-Can","domainName":"github"},"branch":"master","displayName":"Ju-Can/ip[master]","outputFolderName":"Ju-Can_ip_master"},{"location":{"location":"https://github.com/iantenkai/ip.git","repoName":"ip","organization":"iantenkai","domainName":"github"},"branch":"master","displayName":"iantenkai/ip[master]","outputFolderName":"iantenkai_ip_master"},{"location":{"location":"https://github.com/mitchmalvin1/ip.git","repoName":"ip","organization":"mitchmalvin1","domainName":"github"},"branch":"master","displayName":"mitchmalvin1/ip[master]","outputFolderName":"mitchmalvin1_ip_master"},{"location":{"location":"https://github.com/ysl-28/ip.git","repoName":"ip","organization":"ysl-28","domainName":"github"},"branch":"master","displayName":"ysl-28/ip[master]","outputFolderName":"ysl-28_ip_master"},{"location":{"location":"https://github.com/Masahiro21/ip.git","repoName":"ip","organization":"Masahiro21","domainName":"github"},"branch":"master","displayName":"Masahiro21/ip[master]","outputFolderName":"Masahiro21_ip_master"},{"location":{"location":"https://github.com/SSzeWen/ip.git","repoName":"ip","organization":"SSzeWen","domainName":"github"},"branch":"master","displayName":"SSzeWen/ip[master]","outputFolderName":"SSzeWen_ip_master"},{"location":{"location":"https://github.com/ong-ck/ip.git","repoName":"ip","organization":"ong-ck","domainName":"github"},"branch":"master","displayName":"ong-ck/ip[master]","outputFolderName":"ong-ck_ip_master"},{"location":{"location":"https://github.com/skyanzy/ip.git","repoName":"ip","organization":"skyanzy","domainName":"github"},"branch":"master","displayName":"skyanzy/ip[master]","outputFolderName":"skyanzy_ip_master"},{"location":{"location":"https://github.com/xiaoge26/ip.git","repoName":"ip","organization":"xiaoge26","domainName":"github"},"branch":"master","displayName":"xiaoge26/ip[master]","outputFolderName":"xiaoge26_ip_master"},{"location":{"location":"https://github.com/SebastianSoewanto/ip.git","repoName":"ip","organization":"SebastianSoewanto","domainName":"github"},"branch":"master","displayName":"SebastianSoewanto/ip[master]","outputFolderName":"SebastianSoewanto_ip_master"},{"location":{"location":"https://github.com/coregano/ip.git","repoName":"ip","organization":"coregano","domainName":"github"},"branch":"master","displayName":"coregano/ip[master]","outputFolderName":"coregano_ip_master"},{"location":{"location":"https://github.com/alexgoexercise/ip.git","repoName":"ip","organization":"alexgoexercise","domainName":"github"},"branch":"master","displayName":"alexgoexercise/ip[master]","outputFolderName":"alexgoexercise_ip_master"},{"location":{"location":"https://github.com/T-Wan-Lin/ip.git","repoName":"ip","organization":"T-Wan-Lin","domainName":"github"},"branch":"master","displayName":"T-Wan-Lin/ip[master]","outputFolderName":"T-Wan-Lin_ip_master"},{"location":{"location":"https://github.com/jinxuan-owyong/ip.git","repoName":"ip","organization":"jinxuan-owyong","domainName":"github"},"branch":"master","displayName":"jinxuan-owyong/ip[master]","outputFolderName":"jinxuan-owyong_ip_master"},{"location":{"location":"https://github.com/ollayf/ip.git","repoName":"ip","organization":"ollayf","domainName":"github"},"branch":"master","displayName":"ollayf/ip[master]","outputFolderName":"ollayf_ip_master"},{"location":{"location":"https://github.com/honglinshang/ip.git","repoName":"ip","organization":"honglinshang","domainName":"github"},"branch":"master","displayName":"honglinshang/ip[master]","outputFolderName":"honglinshang_ip_master"},{"location":{"location":"https://github.com/quanganh2810/ip.git","repoName":"ip","organization":"quanganh2810","domainName":"github"},"branch":"master","displayName":"quanganh2810/ip[master]","outputFolderName":"quanganh2810_ip_master"},{"location":{"location":"https://github.com/GraceZhuXY/ip.git","repoName":"ip","organization":"GraceZhuXY","domainName":"github"},"branch":"master","displayName":"GraceZhuXY/ip[master]","outputFolderName":"GraceZhuXY_ip_master"},{"location":{"location":"https://github.com/SaiChaitanya13/ip.git","repoName":"ip","organization":"SaiChaitanya13","domainName":"github"},"branch":"master","displayName":"SaiChaitanya13/ip[master]","outputFolderName":"SaiChaitanya13_ip_master"},{"location":{"location":"https://github.com/YongbinWang/ip.git","repoName":"ip","organization":"YongbinWang","domainName":"github"},"branch":"master","displayName":"YongbinWang/ip[master]","outputFolderName":"YongbinWang_ip_master"},{"location":{"location":"https://github.com/tzixi/ip.git","repoName":"ip","organization":"tzixi","domainName":"github"},"branch":"master","displayName":"tzixi/ip[master]","outputFolderName":"tzixi_ip_master"},{"location":{"location":"https://github.com/Ryujikjs/ip.git","repoName":"ip","organization":"Ryujikjs","domainName":"github"},"branch":"master","displayName":"Ryujikjs/ip[master]","outputFolderName":"Ryujikjs_ip_master"},{"location":{"location":"https://github.com/AkmalHanis/ip.git","repoName":"ip","organization":"AkmalHanis","domainName":"github"},"branch":"master","displayName":"AkmalHanis/ip[master]","outputFolderName":"AkmalHanis_ip_master"},{"location":{"location":"https://github.com/ZIZI-czh/ip.git","repoName":"ip","organization":"ZIZI-czh","domainName":"github"},"branch":"master","displayName":"ZIZI-czh/ip[master]","outputFolderName":"ZIZI-czh_ip_master"},{"location":{"location":"https://github.com/JangusRoundstone/ip.git","repoName":"ip","organization":"JangusRoundstone","domainName":"github"},"branch":"master","displayName":"JangusRoundstone/ip[master]","outputFolderName":"JangusRoundstone_ip_master"},{"location":{"location":"https://github.com/joulev/ip.git","repoName":"ip","organization":"joulev","domainName":"github"},"branch":"master","displayName":"joulev/ip[master]","outputFolderName":"joulev_ip_master"},{"location":{"location":"https://github.com/chao2048/ip.git","repoName":"ip","organization":"chao2048","domainName":"github"},"branch":"master","displayName":"chao2048/ip[master]","outputFolderName":"chao2048_ip_master"},{"location":{"location":"https://github.com/JuneNita/ip.git","repoName":"ip","organization":"JuneNita","domainName":"github"},"branch":"master","displayName":"JuneNita/ip[master]","outputFolderName":"JuneNita_ip_master"},{"location":{"location":"https://github.com/arsdorintbp2003/ip.git","repoName":"ip","organization":"arsdorintbp2003","domainName":"github"},"branch":"master","displayName":"arsdorintbp2003/ip[master]","outputFolderName":"arsdorintbp2003_ip_master"},{"location":{"location":"https://github.com/stevenantya/ip.git","repoName":"ip","organization":"stevenantya","domainName":"github"},"branch":"master","displayName":"stevenantya/ip[master]","outputFolderName":"stevenantya_ip_master"},{"location":{"location":"https://github.com/DeepanjaliDhawan/ip.git","repoName":"ip","organization":"DeepanjaliDhawan","domainName":"github"},"branch":"master","displayName":"DeepanjaliDhawan/ip[master]","outputFolderName":"DeepanjaliDhawan_ip_master"},{"location":{"location":"https://github.com/MuxPotato/ip.git","repoName":"ip","organization":"MuxPotato","domainName":"github"},"branch":"master","displayName":"MuxPotato/ip[master]","outputFolderName":"MuxPotato_ip_master"},{"location":{"location":"https://github.com/kaceycsn/ip.git","repoName":"ip","organization":"kaceycsn","domainName":"github"},"branch":"master","displayName":"kaceycsn/ip[master]","outputFolderName":"kaceycsn_ip_master"},{"location":{"location":"https://github.com/hrithie/ip.git","repoName":"ip","organization":"hrithie","domainName":"github"},"branch":"master","displayName":"hrithie/ip[master]","outputFolderName":"hrithie_ip_master"},{"location":{"location":"https://github.com/chongyongrui/ip.git","repoName":"ip","organization":"chongyongrui","domainName":"github"},"branch":"master","displayName":"chongyongrui/ip[master]","outputFolderName":"chongyongrui_ip_master"},{"location":{"location":"https://github.com/BernardLesley/ip.git","repoName":"ip","organization":"BernardLesley","domainName":"github"},"branch":"master","displayName":"BernardLesley/ip[master]","outputFolderName":"BernardLesley_ip_master"},{"location":{"location":"https://github.com/varnika1402/ip.git","repoName":"ip","organization":"varnika1402","domainName":"github"},"branch":"master","displayName":"varnika1402/ip[master]","outputFolderName":"varnika1402_ip_master"},{"location":{"location":"https://github.com/ZiqiuZeng/ip.git","repoName":"ip","organization":"ZiqiuZeng","domainName":"github"},"branch":"master","displayName":"ZiqiuZeng/ip[master]","outputFolderName":"ZiqiuZeng_ip_master"},{"location":{"location":"https://github.com/Richardtok/ip.git","repoName":"ip","organization":"Richardtok","domainName":"github"},"branch":"master","displayName":"Richardtok/ip[master]","outputFolderName":"Richardtok_ip_master"},{"location":{"location":"https://github.com/kyrixn/ip.git","repoName":"ip","organization":"kyrixn","domainName":"github"},"branch":"master","displayName":"kyrixn/ip[master]","outputFolderName":"kyrixn_ip_master"},{"location":{"location":"https://github.com/Mnsd05/ip.git","repoName":"ip","organization":"Mnsd05","domainName":"github"},"branch":"master","displayName":"Mnsd05/ip[master]","outputFolderName":"Mnsd05_ip_master"},{"location":{"location":"https://github.com/NivethaUdayakumar/ip.git","repoName":"ip","organization":"NivethaUdayakumar","domainName":"github"},"branch":"master","displayName":"NivethaUdayakumar/ip[master]","outputFolderName":"NivethaUdayakumar_ip_master"},{"location":{"location":"https://github.com/namsengi11/ip.git","repoName":"ip","organization":"namsengi11","domainName":"github"},"branch":"master","displayName":"namsengi11/ip[master]","outputFolderName":"namsengi11_ip_master"},{"location":{"location":"https://github.com/11-Navya/ip.git","repoName":"ip","organization":"11-Navya","domainName":"github"},"branch":"master","displayName":"11-Navya/ip[master]","outputFolderName":"11-Navya_ip_master"},{"location":{"location":"https://github.com/Thunderdragon221/ip.git","repoName":"ip","organization":"Thunderdragon221","domainName":"github"},"branch":"master","displayName":"Thunderdragon221/ip[master]","outputFolderName":"Thunderdragon221_ip_master"},{"location":{"location":"https://github.com/Dadevchia/ip.git","repoName":"ip","organization":"Dadevchia","domainName":"github"},"branch":"master","displayName":"Dadevchia/ip[master]","outputFolderName":"Dadevchia_ip_master"},{"location":{"location":"https://github.com/notbingsu/ip.git","repoName":"ip","organization":"notbingsu","domainName":"github"},"branch":"master","displayName":"notbingsu/ip[master]","outputFolderName":"notbingsu_ip_master"},{"location":{"location":"https://github.com/DavidVin357/ip.git","repoName":"ip","organization":"DavidVin357","domainName":"github"},"branch":"master","displayName":"DavidVin357/ip[master]","outputFolderName":"DavidVin357_ip_master"},{"location":{"location":"https://github.com/FanZixian/ip.git","repoName":"ip","organization":"FanZixian","domainName":"github"},"branch":"master","displayName":"FanZixian/ip[master]","outputFolderName":"FanZixian_ip_master"},{"location":{"location":"https://github.com/stephenkyang/ip.git","repoName":"ip","organization":"stephenkyang","domainName":"github"},"branch":"master","displayName":"stephenkyang/ip[master]","outputFolderName":"stephenkyang_ip_master"},{"location":{"location":"https://github.com/sistine-yu/ip.git","repoName":"ip","organization":"sistine-yu","domainName":"github"},"branch":"master","displayName":"sistine-yu/ip[master]","outputFolderName":"sistine-yu_ip_master"},{"location":{"location":"https://github.com/MichelleLiang0116/ip.git","repoName":"ip","organization":"MichelleLiang0116","domainName":"github"},"branch":"master","displayName":"MichelleLiang0116/ip[master]","outputFolderName":"MichelleLiang0116_ip_master"},{"location":{"location":"https://github.com/superkaiba/ip.git","repoName":"ip","organization":"superkaiba","domainName":"github"},"branch":"master","displayName":"superkaiba/ip[master]","outputFolderName":"superkaiba_ip_master"},{"location":{"location":"https://github.com/guillaume-grn/ip.git","repoName":"ip","organization":"guillaume-grn","domainName":"github"},"branch":"master","displayName":"guillaume-grn/ip[master]","outputFolderName":"guillaume-grn_ip_master"},{"location":{"location":"https://github.com/L0Z1K/ip.git","repoName":"ip","organization":"L0Z1K","domainName":"github"},"branch":"master","displayName":"L0Z1K/ip[master]","outputFolderName":"L0Z1K_ip_master"},{"location":{"location":"https://github.com/victorouy/ip.git","repoName":"ip","organization":"victorouy","domainName":"github"},"branch":"master","displayName":"victorouy/ip[master]","outputFolderName":"victorouy_ip_master"},{"location":{"location":"https://github.com/nafisazizir/ip.git","repoName":"ip","organization":"nafisazizir","domainName":"github"},"branch":"master","displayName":"nafisazizir/ip[master]","outputFolderName":"nafisazizir_ip_master"},{"location":{"location":"https://github.com/0nandon/ip.git","repoName":"ip","organization":"0nandon","domainName":"github"},"branch":"master","displayName":"0nandon/ip[master]","outputFolderName":"0nandon_ip_master"},{"location":{"location":"https://github.com/gurmankalkat/ip.git","repoName":"ip","organization":"gurmankalkat","domainName":"github"},"branch":"master","displayName":"gurmankalkat/ip[master]","outputFolderName":"gurmankalkat_ip_master"},{"location":{"location":"https://github.com/de-yi/ip.git","repoName":"ip","organization":"de-yi","domainName":"github"},"branch":"master","displayName":"de-yi/ip[master]","outputFolderName":"de-yi_ip_master"},{"location":{"location":"https://github.com/jacob-stein1/ip.git","repoName":"ip","organization":"jacob-stein1","domainName":"github"},"branch":"master","displayName":"jacob-stein1/ip[master]","outputFolderName":"jacob-stein1_ip_master"},{"location":{"location":"https://github.com/ngyongjian/ip.git","repoName":"ip","organization":"ngyongjian","domainName":"github"},"branch":"master","displayName":"ngyongjian/ip[master]","outputFolderName":"ngyongjian_ip_master"},{"location":{"location":"https://github.com/raydent30/ip.git","repoName":"ip","organization":"raydent30","domainName":"github"},"branch":"master","displayName":"raydent30/ip[master]","outputFolderName":"raydent30_ip_master"},{"location":{"location":"https://github.com/kristianachwan/ip.git","repoName":"ip","organization":"kristianachwan","domainName":"github"},"branch":"master","displayName":"kristianachwan/ip[master]","outputFolderName":"kristianachwan_ip_master"},{"location":{"location":"https://github.com/adzikrafi/ip.git","repoName":"ip","organization":"adzikrafi","domainName":"github"},"branch":"master","displayName":"adzikrafi/ip[master]","outputFolderName":"adzikrafi_ip_master"},{"location":{"location":"https://github.com/douph810975/ip.git","repoName":"ip","organization":"douph810975","domainName":"github"},"branch":"master","displayName":"douph810975/ip[master]","outputFolderName":"douph810975_ip_master"},{"location":{"location":"https://github.com/liuziyang020319/ip.git","repoName":"ip","organization":"liuziyang020319","domainName":"github"},"branch":"master","displayName":"liuziyang020319/ip[master]","outputFolderName":"liuziyang020319_ip_master"},{"location":{"location":"https://github.com/Zemdalk/ip.git","repoName":"ip","organization":"Zemdalk","domainName":"github"},"branch":"master","displayName":"Zemdalk/ip[master]","outputFolderName":"Zemdalk_ip_master"},{"location":{"location":"https://github.com/SpeciLiam/ip.git","repoName":"ip","organization":"SpeciLiam","domainName":"github"},"branch":"master","displayName":"SpeciLiam/ip[master]","outputFolderName":"SpeciLiam_ip_master"},{"location":{"location":"https://github.com/marekpinto/ip.git","repoName":"ip","organization":"marekpinto","domainName":"github"},"branch":"master","displayName":"marekpinto/ip[master]","outputFolderName":"marekpinto_ip_master"},{"location":{"location":"https://github.com/danxuZhang/ip.git","repoName":"ip","organization":"danxuZhang","domainName":"github"},"branch":"master","displayName":"danxuZhang/ip[master]","outputFolderName":"danxuZhang_ip_master"},{"location":{"location":"https://github.com/tangphi/ip.git","repoName":"ip","organization":"tangphi","domainName":"github"},"branch":"master","displayName":"tangphi/ip[master]","outputFolderName":"tangphi_ip_master"},{"location":{"location":"https://github.com/zzs-redcocoon/ip.git","repoName":"ip","organization":"zzs-redcocoon","domainName":"github"},"branch":"master","displayName":"zzs-redcocoon/ip[master]","outputFolderName":"zzs-redcocoon_ip_master"},{"location":{"location":"https://github.com/nghochi123/ip.git","repoName":"ip","organization":"nghochi123","domainName":"github"},"branch":"master","displayName":"nghochi123/ip[master]","outputFolderName":"nghochi123_ip_master"},{"location":{"location":"https://github.com/HiIAmTzeKean/ip.git","repoName":"ip","organization":"HiIAmTzeKean","domainName":"github"},"branch":"master","displayName":"HiIAmTzeKean/ip[master]","outputFolderName":"HiIAmTzeKean_ip_master"},{"location":{"location":"https://github.com/aaronxujiachen/ip.git","repoName":"ip","organization":"aaronxujiachen","domainName":"github"},"branch":"master","displayName":"aaronxujiachen/ip[master]","outputFolderName":"aaronxujiachen_ip_master"},{"location":{"location":"https://github.com/sansders/ip.git","repoName":"ip","organization":"sansders","domainName":"github"},"branch":"master","displayName":"sansders/ip[master]","outputFolderName":"sansders_ip_master"},{"location":{"location":"https://github.com/chokyao/ip.git","repoName":"ip","organization":"chokyao","domainName":"github"},"branch":"master","displayName":"chokyao/ip[master]","outputFolderName":"chokyao_ip_master"},{"location":{"location":"https://github.com/Jjzeng123/ip.git","repoName":"ip","organization":"Jjzeng123","domainName":"github"},"branch":"master","displayName":"Jjzeng123/ip[master]","outputFolderName":"Jjzeng123_ip_master"},{"location":{"location":"https://github.com/TJW0911/ip.git","repoName":"ip","organization":"TJW0911","domainName":"github"},"branch":"master","displayName":"TJW0911/ip[master]","outputFolderName":"TJW0911_ip_master"},{"location":{"location":"https://github.com/NicholasChungJunJie/ip.git","repoName":"ip","organization":"NicholasChungJunJie","domainName":"github"},"branch":"master","displayName":"NicholasChungJunJie/ip[master]","outputFolderName":"NicholasChungJunJie_ip_master"},{"location":{"location":"https://github.com/Thiolk/ip.git","repoName":"ip","organization":"Thiolk","domainName":"github"},"branch":"master","displayName":"Thiolk/ip[master]","outputFolderName":"Thiolk_ip_master"},{"location":{"location":"https://github.com/azriellee/ip.git","repoName":"ip","organization":"azriellee","domainName":"github"},"branch":"master","displayName":"azriellee/ip[master]","outputFolderName":"azriellee_ip_master"},{"location":{"location":"https://github.com/geraldkoh4/ip.git","repoName":"ip","organization":"geraldkoh4","domainName":"github"},"branch":"master","displayName":"geraldkoh4/ip[master]","outputFolderName":"geraldkoh4_ip_master"},{"location":{"location":"https://github.com/denzelcjy/ip.git","repoName":"ip","organization":"denzelcjy","domainName":"github"},"branch":"master","displayName":"denzelcjy/ip[master]","outputFolderName":"denzelcjy_ip_master"},{"location":{"location":"https://github.com/ngyida/ip.git","repoName":"ip","organization":"ngyida","domainName":"github"},"branch":"master","displayName":"ngyida/ip[master]","outputFolderName":"ngyida_ip_master"},{"location":{"location":"https://github.com/BenjaminPoh/ip.git","repoName":"ip","organization":"BenjaminPoh","domainName":"github"},"branch":"master","displayName":"BenjaminPoh/ip[master]","outputFolderName":"BenjaminPoh_ip_master"},{"location":{"location":"https://github.com/nigelhao/ip.git","repoName":"ip","organization":"nigelhao","domainName":"github"},"branch":"master","displayName":"nigelhao/ip[master]","outputFolderName":"nigelhao_ip_master"},{"location":{"location":"https://github.com/ChongQiRong/ip.git","repoName":"ip","organization":"ChongQiRong","domainName":"github"},"branch":"master","displayName":"ChongQiRong/ip[master]","outputFolderName":"ChongQiRong_ip_master"},{"location":{"location":"https://github.com/KN-CY/ip.git","repoName":"ip","organization":"KN-CY","domainName":"github"},"branch":"master","displayName":"KN-CY/ip[master]","outputFolderName":"KN-CY_ip_master"},{"location":{"location":"https://github.com/natashatanyt/ip.git","repoName":"ip","organization":"natashatanyt","domainName":"github"},"branch":"master","displayName":"natashatanyt/ip[master]","outputFolderName":"natashatanyt_ip_master"},{"location":{"location":"https://github.com/saintzaw/ip.git","repoName":"ip","organization":"saintzaw","domainName":"github"},"branch":"master","displayName":"saintzaw/ip[master]","outputFolderName":"saintzaw_ip_master"},{"location":{"location":"https://github.com/anthea-pr0g/ip.git","repoName":"ip","organization":"anthea-pr0g","domainName":"github"},"branch":"master","displayName":"anthea-pr0g/ip[master]","outputFolderName":"anthea-pr0g_ip_master"},{"location":{"location":"https://github.com/jingyaaa/ip.git","repoName":"ip","organization":"jingyaaa","domainName":"github"},"branch":"master","displayName":"jingyaaa/ip[master]","outputFolderName":"jingyaaa_ip_master"},{"location":{"location":"https://github.com/yuanners/ip.git","repoName":"ip","organization":"yuanners","domainName":"github"},"branch":"master","displayName":"yuanners/ip[master]","outputFolderName":"yuanners_ip_master"},{"location":{"location":"https://github.com/lil1n/ip.git","repoName":"ip","organization":"lil1n","domainName":"github"},"branch":"master","displayName":"lil1n/ip[master]","outputFolderName":"lil1n_ip_master"},{"location":{"location":"https://github.com/EthanYidong/ip.git","repoName":"ip","organization":"EthanYidong","domainName":"github"},"branch":"master","displayName":"EthanYidong/ip[master]","outputFolderName":"EthanYidong_ip_master"}],"errorSet":[],"sinceDate":"2023-01-13","untilDate":"2023-02-22","isSinceDateProvided":true,"isUntilDateProvided":false,"supportedDomainUrlMap":{"NOT_RECOGNIZED":{"BRANCH":"","REPO_URL":"UNSUPPORTED","BASE_URL":"UNSUPPORTED","HISTORY_PATH":"","COMMIT_PATH":"","BLAME_PATH":""},"github":{"BRANCH":"tree/$BRANCH","REPO_URL":"https://github.com/$ORGANIZATION/$REPO_NAME/","BASE_URL":"https://github.com/","HISTORY_PATH":"commits/$BRANCH/$FILE_PATH","COMMIT_PATH":"commit/$COMMIT_HASH","BLAME_PATH":"blame/$BRANCH/$FILE_PATH"}}}
