[{"path":"src/main/java/Deadline.java","fileType":"java","lines":[{"lineNumber":1,"author":{"gitId":"saintzaw"},"content":"public class Deadline extends Task {","lastModifiedDate":"2023-01-31"},{"lineNumber":2,"author":{"gitId":"saintzaw"},"content":"","lastModifiedDate":"2023-01-31"},{"lineNumber":3,"author":{"gitId":"saintzaw"},"content":"    protected String by;","lastModifiedDate":"2023-01-31"},{"lineNumber":4,"author":{"gitId":"saintzaw"},"content":"","lastModifiedDate":"2023-01-31"},{"lineNumber":5,"author":{"gitId":"saintzaw"},"content":"    public Deadline(String description, String by) {","lastModifiedDate":"2023-01-31"},{"lineNumber":6,"author":{"gitId":"saintzaw"},"content":"        super(description);","lastModifiedDate":"2023-01-31"},{"lineNumber":7,"author":{"gitId":"saintzaw"},"content":"        this.by \u003d by; //deadline","lastModifiedDate":"2023-01-31"},{"lineNumber":8,"author":{"gitId":"saintzaw"},"content":"    }","lastModifiedDate":"2023-01-31"},{"lineNumber":9,"author":{"gitId":"saintzaw"},"content":"","lastModifiedDate":"2023-01-31"},{"lineNumber":10,"author":{"gitId":"saintzaw"},"content":"    @Override","lastModifiedDate":"2023-01-31"},{"lineNumber":11,"author":{"gitId":"saintzaw"},"content":"    public String toString() {","lastModifiedDate":"2023-01-31"},{"lineNumber":12,"author":{"gitId":"saintzaw"},"content":"        return \"[D]\" + super.toString() + \" (by: \" + by + \")\";","lastModifiedDate":"2023-01-31"},{"lineNumber":13,"author":{"gitId":"saintzaw"},"content":"    }","lastModifiedDate":"2023-01-31"},{"lineNumber":14,"author":{"gitId":"saintzaw"},"content":"}","lastModifiedDate":"2023-01-31"}],"authorContributionMap":{"saintzaw":14}},{"path":"src/main/java/Duke.java","fileType":"java","lines":[{"lineNumber":1,"author":{"gitId":"saintzaw"},"content":"import java.util.Scanner;","lastModifiedDate":"2023-01-26"},{"lineNumber":2,"author":{"gitId":"-"},"content":"public class Duke {","lastModifiedDate":"2019-07-29"},{"lineNumber":3,"author":{"gitId":"saintzaw"},"content":"    public static void printLine() {","lastModifiedDate":"2023-01-31"},{"lineNumber":4,"author":{"gitId":"saintzaw"},"content":"        System.out.println(\"____________________________________________________________\");","lastModifiedDate":"2023-01-31"},{"lineNumber":5,"author":{"gitId":"saintzaw"},"content":"    }","lastModifiedDate":"2023-01-31"},{"lineNumber":6,"author":{"gitId":"saintzaw"},"content":"","lastModifiedDate":"2023-01-26"},{"lineNumber":7,"author":{"gitId":"saintzaw"},"content":"    //list tasks","lastModifiedDate":"2023-01-26"},{"lineNumber":8,"author":{"gitId":"saintzaw"},"content":"    public static void listTasks(Task[] list, int count){","lastModifiedDate":"2023-01-31"},{"lineNumber":9,"author":{"gitId":"saintzaw"},"content":"        printLine();","lastModifiedDate":"2023-01-31"},{"lineNumber":10,"author":{"gitId":"saintzaw"},"content":"        System.out.println(\"Here are the tasks in your list:\");","lastModifiedDate":"2023-01-26"},{"lineNumber":11,"author":{"gitId":"saintzaw"},"content":"        for (int i \u003d 1; i \u003c\u003d count; i++) {","lastModifiedDate":"2023-01-26"},{"lineNumber":12,"author":{"gitId":"saintzaw"},"content":"            System.out.println(i + \".\" + list[i - 1]);","lastModifiedDate":"2023-01-31"},{"lineNumber":13,"author":{"gitId":"saintzaw"},"content":"        }","lastModifiedDate":"2023-01-26"},{"lineNumber":14,"author":{"gitId":"saintzaw"},"content":"        printLine();","lastModifiedDate":"2023-01-31"},{"lineNumber":15,"author":{"gitId":"saintzaw"},"content":"    }","lastModifiedDate":"2023-01-26"},{"lineNumber":16,"author":{"gitId":"saintzaw"},"content":"","lastModifiedDate":"2023-01-26"},{"lineNumber":17,"author":{"gitId":"saintzaw"},"content":"    //add a new task","lastModifiedDate":"2023-01-31"},{"lineNumber":18,"author":{"gitId":"saintzaw"},"content":"    public static void addTask(Task[] list, int count, String command){","lastModifiedDate":"2023-01-31"},{"lineNumber":19,"author":{"gitId":"saintzaw"},"content":"        Task t \u003d new Task(command);","lastModifiedDate":"2023-01-31"},{"lineNumber":20,"author":{"gitId":"saintzaw"},"content":"        list[count] \u003d t;","lastModifiedDate":"2023-01-31"},{"lineNumber":21,"author":{"gitId":"saintzaw"},"content":"        //count++;","lastModifiedDate":"2023-01-31"},{"lineNumber":22,"author":{"gitId":"saintzaw"},"content":"        printLine();","lastModifiedDate":"2023-01-31"},{"lineNumber":23,"author":{"gitId":"saintzaw"},"content":"        System.out.println(\"added: \" + t.description); //new item added","lastModifiedDate":"2023-01-31"},{"lineNumber":24,"author":{"gitId":"saintzaw"},"content":"        printLine();","lastModifiedDate":"2023-01-31"},{"lineNumber":25,"author":{"gitId":"saintzaw"},"content":"    }","lastModifiedDate":"2023-01-31"},{"lineNumber":26,"author":{"gitId":"saintzaw"},"content":"","lastModifiedDate":"2023-01-31"},{"lineNumber":27,"author":{"gitId":"saintzaw"},"content":"    //mark task as done","lastModifiedDate":"2023-01-31"},{"lineNumber":28,"author":{"gitId":"saintzaw"},"content":"    public static void markTask(Task[] list, String[] input, int i){","lastModifiedDate":"2023-01-31"},{"lineNumber":29,"author":{"gitId":"saintzaw"},"content":"        int index \u003d Integer.parseInt(input[i]);","lastModifiedDate":"2023-01-31"},{"lineNumber":30,"author":{"gitId":"saintzaw"},"content":"        Task t \u003d list[index-1];","lastModifiedDate":"2023-01-26"},{"lineNumber":31,"author":{"gitId":"saintzaw"},"content":"        t.markAsDone();","lastModifiedDate":"2023-01-26"},{"lineNumber":32,"author":{"gitId":"saintzaw"},"content":"        printLine();","lastModifiedDate":"2023-01-31"},{"lineNumber":33,"author":{"gitId":"saintzaw"},"content":"        System.out.println(\"Nice! I\u0027ve marked this task as done:\");","lastModifiedDate":"2023-01-26"},{"lineNumber":34,"author":{"gitId":"saintzaw"},"content":"        System.out.println(t);","lastModifiedDate":"2023-01-31"},{"lineNumber":35,"author":{"gitId":"saintzaw"},"content":"        printLine();","lastModifiedDate":"2023-01-31"},{"lineNumber":36,"author":{"gitId":"saintzaw"},"content":"    }","lastModifiedDate":"2023-01-26"},{"lineNumber":37,"author":{"gitId":"saintzaw"},"content":"","lastModifiedDate":"2023-01-31"},{"lineNumber":38,"author":{"gitId":"saintzaw"},"content":"    //mark task as not done","lastModifiedDate":"2023-01-31"},{"lineNumber":39,"author":{"gitId":"saintzaw"},"content":"    public static void unmarkTask(Task[] list, String[] input, int i){","lastModifiedDate":"2023-01-31"},{"lineNumber":40,"author":{"gitId":"saintzaw"},"content":"        int index \u003d Integer.parseInt(input[i]);","lastModifiedDate":"2023-01-31"},{"lineNumber":41,"author":{"gitId":"saintzaw"},"content":"        Task t \u003d list[index-1];","lastModifiedDate":"2023-01-26"},{"lineNumber":42,"author":{"gitId":"saintzaw"},"content":"        t.markNotDone();","lastModifiedDate":"2023-01-31"},{"lineNumber":43,"author":{"gitId":"saintzaw"},"content":"        printLine();","lastModifiedDate":"2023-01-31"},{"lineNumber":44,"author":{"gitId":"saintzaw"},"content":"        System.out.println(\"OK, I\u0027ve marked this task as not done yet:\");","lastModifiedDate":"2023-01-26"},{"lineNumber":45,"author":{"gitId":"saintzaw"},"content":"        System.out.println(t);","lastModifiedDate":"2023-01-31"},{"lineNumber":46,"author":{"gitId":"saintzaw"},"content":"        printLine();","lastModifiedDate":"2023-01-31"},{"lineNumber":47,"author":{"gitId":"saintzaw"},"content":"    }","lastModifiedDate":"2023-01-26"},{"lineNumber":48,"author":{"gitId":"saintzaw"},"content":"","lastModifiedDate":"2023-01-31"},{"lineNumber":49,"author":{"gitId":"saintzaw"},"content":"    //to-do","lastModifiedDate":"2023-01-31"},{"lineNumber":50,"author":{"gitId":"saintzaw"},"content":"    public static void addTodo(Task[] list, int count, String[] input, int i){","lastModifiedDate":"2023-01-31"},{"lineNumber":51,"author":{"gitId":"saintzaw"},"content":"        Task t \u003d new Todo(input[i]);","lastModifiedDate":"2023-01-31"},{"lineNumber":52,"author":{"gitId":"saintzaw"},"content":"        list[count] \u003d t;","lastModifiedDate":"2023-01-31"},{"lineNumber":53,"author":{"gitId":"saintzaw"},"content":"        count++;","lastModifiedDate":"2023-01-31"},{"lineNumber":54,"author":{"gitId":"saintzaw"},"content":"        printLine();","lastModifiedDate":"2023-01-31"},{"lineNumber":55,"author":{"gitId":"saintzaw"},"content":"        System.out.println(\"Got it. I\u0027ve added this task:\");","lastModifiedDate":"2023-01-31"},{"lineNumber":56,"author":{"gitId":"saintzaw"},"content":"        System.out.println(t);","lastModifiedDate":"2023-01-31"},{"lineNumber":57,"author":{"gitId":"saintzaw"},"content":"        System.out.println(\"Now you have \" + count + \" tasks in the list.\");","lastModifiedDate":"2023-01-31"},{"lineNumber":58,"author":{"gitId":"saintzaw"},"content":"        printLine();","lastModifiedDate":"2023-01-31"},{"lineNumber":59,"author":{"gitId":"saintzaw"},"content":"    }","lastModifiedDate":"2023-01-31"},{"lineNumber":60,"author":{"gitId":"saintzaw"},"content":"","lastModifiedDate":"2023-01-31"},{"lineNumber":61,"author":{"gitId":"saintzaw"},"content":"    //deadline","lastModifiedDate":"2023-01-31"},{"lineNumber":62,"author":{"gitId":"saintzaw"},"content":"    public static void addDeadline(Task[] list, int count, String[] input, int i, int j){","lastModifiedDate":"2023-01-31"},{"lineNumber":63,"author":{"gitId":"saintzaw"},"content":"        Task t \u003d new Deadline(input[i], input[j]);","lastModifiedDate":"2023-01-31"},{"lineNumber":64,"author":{"gitId":"saintzaw"},"content":"        list[count] \u003d t;","lastModifiedDate":"2023-01-31"},{"lineNumber":65,"author":{"gitId":"saintzaw"},"content":"        count++;","lastModifiedDate":"2023-01-31"},{"lineNumber":66,"author":{"gitId":"saintzaw"},"content":"        printLine();","lastModifiedDate":"2023-01-31"},{"lineNumber":67,"author":{"gitId":"saintzaw"},"content":"        System.out.println(\"Got it. I\u0027ve added this task:\");","lastModifiedDate":"2023-01-31"},{"lineNumber":68,"author":{"gitId":"saintzaw"},"content":"        System.out.println(t);","lastModifiedDate":"2023-01-31"},{"lineNumber":69,"author":{"gitId":"saintzaw"},"content":"        System.out.println(\"Now you have \" + count + \" tasks in the list.\");","lastModifiedDate":"2023-01-31"},{"lineNumber":70,"author":{"gitId":"saintzaw"},"content":"        printLine();","lastModifiedDate":"2023-01-31"},{"lineNumber":71,"author":{"gitId":"saintzaw"},"content":"    }","lastModifiedDate":"2023-01-31"},{"lineNumber":72,"author":{"gitId":"saintzaw"},"content":"","lastModifiedDate":"2023-01-31"},{"lineNumber":73,"author":{"gitId":"saintzaw"},"content":"    //event","lastModifiedDate":"2023-01-31"},{"lineNumber":74,"author":{"gitId":"saintzaw"},"content":"    public static void addEvent(Task[] list, int count, String[] start, String[] end, int i, int j, int k){","lastModifiedDate":"2023-01-31"},{"lineNumber":75,"author":{"gitId":"saintzaw"},"content":"        Task t \u003d new Event(start[i], end[j], end[k] );","lastModifiedDate":"2023-01-31"},{"lineNumber":76,"author":{"gitId":"saintzaw"},"content":"        list[count] \u003d t;","lastModifiedDate":"2023-01-31"},{"lineNumber":77,"author":{"gitId":"saintzaw"},"content":"        count++;","lastModifiedDate":"2023-01-31"},{"lineNumber":78,"author":{"gitId":"saintzaw"},"content":"        printLine();","lastModifiedDate":"2023-01-31"},{"lineNumber":79,"author":{"gitId":"saintzaw"},"content":"        System.out.println(\"Got it. I\u0027ve added this task:\");","lastModifiedDate":"2023-01-31"},{"lineNumber":80,"author":{"gitId":"saintzaw"},"content":"        System.out.println(t);","lastModifiedDate":"2023-01-31"},{"lineNumber":81,"author":{"gitId":"saintzaw"},"content":"        System.out.println(\"Now you have \" + count + \" tasks in the list.\");","lastModifiedDate":"2023-01-31"},{"lineNumber":82,"author":{"gitId":"saintzaw"},"content":"        printLine();","lastModifiedDate":"2023-01-31"},{"lineNumber":83,"author":{"gitId":"saintzaw"},"content":"    }","lastModifiedDate":"2023-01-31"},{"lineNumber":84,"author":{"gitId":"-"},"content":"    public static void main(String[] args) {","lastModifiedDate":"2023-01-31"},{"lineNumber":85,"author":{"gitId":"-"},"content":"        String logo \u003d \" ____        _        \\n\"","lastModifiedDate":"2023-01-31"},{"lineNumber":86,"author":{"gitId":"-"},"content":"                + \"|  _ \\\\ _   _| | _____ \\n\"","lastModifiedDate":"2023-01-31"},{"lineNumber":87,"author":{"gitId":"-"},"content":"                + \"| | | | | | | |/ / _ \\\\\\n\"","lastModifiedDate":"2023-01-31"},{"lineNumber":88,"author":{"gitId":"-"},"content":"                + \"| |_| | |_| |   \u003c  __/\\n\"","lastModifiedDate":"2023-01-31"},{"lineNumber":89,"author":{"gitId":"-"},"content":"                + \"|____/ \\\\__,_|_|\\\\_\\\\___|\\n\";","lastModifiedDate":"2023-01-31"},{"lineNumber":90,"author":{"gitId":"saintzaw"},"content":"","lastModifiedDate":"2023-01-31"},{"lineNumber":91,"author":{"gitId":"-"},"content":"        System.out.println(\"Hello from\\n\" + logo);","lastModifiedDate":"2023-01-31"},{"lineNumber":92,"author":{"gitId":"saintzaw"},"content":"        printLine();","lastModifiedDate":"2023-01-31"},{"lineNumber":93,"author":{"gitId":"saintzaw"},"content":"        System.out.println(\"Hello! I\u0027m Duke\");","lastModifiedDate":"2023-01-31"},{"lineNumber":94,"author":{"gitId":"saintzaw"},"content":"        System.out.println(\"What can I do for you?\");","lastModifiedDate":"2023-01-31"},{"lineNumber":95,"author":{"gitId":"saintzaw"},"content":"        printLine();","lastModifiedDate":"2023-01-31"},{"lineNumber":96,"author":{"gitId":"saintzaw"},"content":"","lastModifiedDate":"2023-01-31"},{"lineNumber":97,"author":{"gitId":"saintzaw"},"content":"        String command;","lastModifiedDate":"2023-01-31"},{"lineNumber":98,"author":{"gitId":"saintzaw"},"content":"        Scanner in \u003d new Scanner(System.in);","lastModifiedDate":"2023-01-31"},{"lineNumber":99,"author":{"gitId":"saintzaw"},"content":"        command \u003d in.nextLine();","lastModifiedDate":"2023-01-31"},{"lineNumber":100,"author":{"gitId":"saintzaw"},"content":"","lastModifiedDate":"2023-01-31"},{"lineNumber":101,"author":{"gitId":"saintzaw"},"content":"        Task[] list \u003d new Task[100]; //store tasks in an array","lastModifiedDate":"2023-01-31"},{"lineNumber":102,"author":{"gitId":"saintzaw"},"content":"        int count \u003d 0; //keep track of number of tasks in list","lastModifiedDate":"2023-01-31"},{"lineNumber":103,"author":{"gitId":"saintzaw"},"content":"","lastModifiedDate":"2023-01-31"},{"lineNumber":104,"author":{"gitId":"saintzaw"},"content":"        while (!(command.equals(\"bye\"))) {","lastModifiedDate":"2023-01-31"},{"lineNumber":105,"author":{"gitId":"saintzaw"},"content":"            //list tasks","lastModifiedDate":"2023-01-31"},{"lineNumber":106,"author":{"gitId":"saintzaw"},"content":"            if (command.equals(\"list\")) {","lastModifiedDate":"2023-01-31"},{"lineNumber":107,"author":{"gitId":"saintzaw"},"content":"                listTasks(list, count);","lastModifiedDate":"2023-01-31"},{"lineNumber":108,"author":{"gitId":"saintzaw"},"content":"            } else {","lastModifiedDate":"2023-01-31"},{"lineNumber":109,"author":{"gitId":"saintzaw"},"content":"                String[] input \u003d command.split(\" \", 2); //only check the first word for \"mark\" or \"unmark\"","lastModifiedDate":"2023-01-31"},{"lineNumber":110,"author":{"gitId":"saintzaw"},"content":"                switch (input[0]) {","lastModifiedDate":"2023-01-31"},{"lineNumber":111,"author":{"gitId":"saintzaw"},"content":"                    //mark task","lastModifiedDate":"2023-01-31"},{"lineNumber":112,"author":{"gitId":"saintzaw"},"content":"                    case \"mark\":","lastModifiedDate":"2023-01-31"},{"lineNumber":113,"author":{"gitId":"saintzaw"},"content":"                        markTask(list, input, 1);","lastModifiedDate":"2023-01-31"},{"lineNumber":114,"author":{"gitId":"saintzaw"},"content":"                        break;","lastModifiedDate":"2023-01-31"},{"lineNumber":115,"author":{"gitId":"saintzaw"},"content":"                    //un-mark task","lastModifiedDate":"2023-01-31"},{"lineNumber":116,"author":{"gitId":"saintzaw"},"content":"                    case \"unmark\":","lastModifiedDate":"2023-01-31"},{"lineNumber":117,"author":{"gitId":"saintzaw"},"content":"                        unmarkTask(list, input, 1);","lastModifiedDate":"2023-01-31"},{"lineNumber":118,"author":{"gitId":"saintzaw"},"content":"                        break;","lastModifiedDate":"2023-01-31"},{"lineNumber":119,"author":{"gitId":"saintzaw"},"content":"                    //to-do","lastModifiedDate":"2023-01-31"},{"lineNumber":120,"author":{"gitId":"saintzaw"},"content":"                    case \"todo\":","lastModifiedDate":"2023-01-31"},{"lineNumber":121,"author":{"gitId":"saintzaw"},"content":"                        addTodo(list, count, input, 1);","lastModifiedDate":"2023-01-31"},{"lineNumber":122,"author":{"gitId":"saintzaw"},"content":"                        count++;","lastModifiedDate":"2023-01-31"},{"lineNumber":123,"author":{"gitId":"saintzaw"},"content":"                        break;","lastModifiedDate":"2023-01-31"},{"lineNumber":124,"author":{"gitId":"saintzaw"},"content":"                    //deadline","lastModifiedDate":"2023-01-31"},{"lineNumber":125,"author":{"gitId":"saintzaw"},"content":"                    case \"deadline\":","lastModifiedDate":"2023-01-31"},{"lineNumber":126,"author":{"gitId":"saintzaw"},"content":"                        String[] doBy \u003d input[1].split(\"by \", 2);","lastModifiedDate":"2023-01-31"},{"lineNumber":127,"author":{"gitId":"saintzaw"},"content":"                        addDeadline(list, count, doBy, 0, 1);","lastModifiedDate":"2023-01-31"},{"lineNumber":128,"author":{"gitId":"saintzaw"},"content":"                        count++;","lastModifiedDate":"2023-01-31"},{"lineNumber":129,"author":{"gitId":"saintzaw"},"content":"                        break;","lastModifiedDate":"2023-01-31"},{"lineNumber":130,"author":{"gitId":"saintzaw"},"content":"                    //event","lastModifiedDate":"2023-01-31"},{"lineNumber":131,"author":{"gitId":"saintzaw"},"content":"                    case \"event\":","lastModifiedDate":"2023-01-31"},{"lineNumber":132,"author":{"gitId":"saintzaw"},"content":"                        String[] start \u003d input[1].split(\"from \", 2);","lastModifiedDate":"2023-01-31"},{"lineNumber":133,"author":{"gitId":"saintzaw"},"content":"                        String[] end \u003d start[1].split(\"to \", 2);","lastModifiedDate":"2023-01-31"},{"lineNumber":134,"author":{"gitId":"saintzaw"},"content":"                        addEvent(list, count, start, end, 0, 0, 1);","lastModifiedDate":"2023-01-31"},{"lineNumber":135,"author":{"gitId":"saintzaw"},"content":"                        count++;","lastModifiedDate":"2023-01-31"},{"lineNumber":136,"author":{"gitId":"saintzaw"},"content":"                        break;","lastModifiedDate":"2023-01-31"},{"lineNumber":137,"author":{"gitId":"saintzaw"},"content":"                    //unlabelled","lastModifiedDate":"2023-01-31"},{"lineNumber":138,"author":{"gitId":"saintzaw"},"content":"                    default:","lastModifiedDate":"2023-01-31"},{"lineNumber":139,"author":{"gitId":"saintzaw"},"content":"                        addTask(list, count, command);","lastModifiedDate":"2023-01-31"},{"lineNumber":140,"author":{"gitId":"saintzaw"},"content":"                        count++;","lastModifiedDate":"2023-01-31"},{"lineNumber":141,"author":{"gitId":"saintzaw"},"content":"                        break;","lastModifiedDate":"2023-01-31"},{"lineNumber":142,"author":{"gitId":"saintzaw"},"content":"                }","lastModifiedDate":"2023-01-26"},{"lineNumber":143,"author":{"gitId":"saintzaw"},"content":"            }","lastModifiedDate":"2023-01-26"},{"lineNumber":144,"author":{"gitId":"saintzaw"},"content":"            command \u003d in.nextLine(); //read next command","lastModifiedDate":"2023-01-26"},{"lineNumber":145,"author":{"gitId":"saintzaw"},"content":"        }","lastModifiedDate":"2023-01-26"},{"lineNumber":146,"author":{"gitId":"saintzaw"},"content":"        //exit loop when command received is \"bye\"","lastModifiedDate":"2023-01-26"},{"lineNumber":147,"author":{"gitId":"saintzaw"},"content":"        printLine();","lastModifiedDate":"2023-01-31"},{"lineNumber":148,"author":{"gitId":"saintzaw"},"content":"        System.out.println(\"Bye. Hope to see you again soon! :)\");","lastModifiedDate":"2023-01-26"},{"lineNumber":149,"author":{"gitId":"saintzaw"},"content":"        printLine();","lastModifiedDate":"2023-01-31"},{"lineNumber":150,"author":{"gitId":"-"},"content":"    }","lastModifiedDate":"2019-07-29"},{"lineNumber":151,"author":{"gitId":"-"},"content":"}","lastModifiedDate":"2019-07-29"},{"lineNumber":152,"author":{"gitId":"saintzaw"},"content":"","lastModifiedDate":"2023-01-26"}],"authorContributionMap":{"saintzaw":142,"-":10}},{"path":"src/main/java/Event.java","fileType":"java","lines":[{"lineNumber":1,"author":{"gitId":"saintzaw"},"content":"public class Event extends Task {","lastModifiedDate":"2023-01-31"},{"lineNumber":2,"author":{"gitId":"saintzaw"},"content":"    protected String start;","lastModifiedDate":"2023-01-31"},{"lineNumber":3,"author":{"gitId":"saintzaw"},"content":"    protected String end;","lastModifiedDate":"2023-01-31"},{"lineNumber":4,"author":{"gitId":"saintzaw"},"content":"    public Event(String description, String start, String end) {","lastModifiedDate":"2023-01-31"},{"lineNumber":5,"author":{"gitId":"saintzaw"},"content":"        super(description);","lastModifiedDate":"2023-01-31"},{"lineNumber":6,"author":{"gitId":"saintzaw"},"content":"        this.start \u003d start;","lastModifiedDate":"2023-01-31"},{"lineNumber":7,"author":{"gitId":"saintzaw"},"content":"        this.end \u003d end;","lastModifiedDate":"2023-01-31"},{"lineNumber":8,"author":{"gitId":"saintzaw"},"content":"    }","lastModifiedDate":"2023-01-31"},{"lineNumber":9,"author":{"gitId":"saintzaw"},"content":"","lastModifiedDate":"2023-01-31"},{"lineNumber":10,"author":{"gitId":"saintzaw"},"content":"    @Override","lastModifiedDate":"2023-01-31"},{"lineNumber":11,"author":{"gitId":"saintzaw"},"content":"    public String toString() {","lastModifiedDate":"2023-01-31"},{"lineNumber":12,"author":{"gitId":"saintzaw"},"content":"        return \"[E]\" + super.toString() + \" (from: \" + start + \"to: \" + end + \")\";","lastModifiedDate":"2023-01-31"},{"lineNumber":13,"author":{"gitId":"saintzaw"},"content":"    }","lastModifiedDate":"2023-01-31"},{"lineNumber":14,"author":{"gitId":"saintzaw"},"content":"}","lastModifiedDate":"2023-01-31"}],"authorContributionMap":{"saintzaw":14}},{"path":"src/main/java/Task.java","fileType":"java","lines":[{"lineNumber":1,"author":{"gitId":"saintzaw"},"content":"public class Task {","lastModifiedDate":"2023-01-26"},{"lineNumber":2,"author":{"gitId":"saintzaw"},"content":"    protected String description;","lastModifiedDate":"2023-01-26"},{"lineNumber":3,"author":{"gitId":"saintzaw"},"content":"    protected boolean isDone \u003d false;","lastModifiedDate":"2023-01-31"},{"lineNumber":4,"author":{"gitId":"saintzaw"},"content":"","lastModifiedDate":"2023-01-26"},{"lineNumber":5,"author":{"gitId":"saintzaw"},"content":"    public Task(String description) {","lastModifiedDate":"2023-01-26"},{"lineNumber":6,"author":{"gitId":"saintzaw"},"content":"        this.description \u003d description;","lastModifiedDate":"2023-01-26"},{"lineNumber":7,"author":{"gitId":"saintzaw"},"content":"    }","lastModifiedDate":"2023-01-31"},{"lineNumber":8,"author":{"gitId":"saintzaw"},"content":"","lastModifiedDate":"2023-01-31"},{"lineNumber":9,"author":{"gitId":"saintzaw"},"content":"    @Override","lastModifiedDate":"2023-01-31"},{"lineNumber":10,"author":{"gitId":"saintzaw"},"content":"    public String toString() {","lastModifiedDate":"2023-01-31"},{"lineNumber":11,"author":{"gitId":"saintzaw"},"content":"        return getStatusIcon() + description;","lastModifiedDate":"2023-01-31"},{"lineNumber":12,"author":{"gitId":"saintzaw"},"content":"    }","lastModifiedDate":"2023-01-26"},{"lineNumber":13,"author":{"gitId":"saintzaw"},"content":"","lastModifiedDate":"2023-01-26"},{"lineNumber":14,"author":{"gitId":"saintzaw"},"content":"    public String getStatusIcon() {","lastModifiedDate":"2023-01-26"},{"lineNumber":15,"author":{"gitId":"saintzaw"},"content":"        return (isDone ? \"[X] \" : \"[ ] \"); // mark done task with X, leave empty if not done","lastModifiedDate":"2023-01-31"},{"lineNumber":16,"author":{"gitId":"saintzaw"},"content":"    }","lastModifiedDate":"2023-01-26"},{"lineNumber":17,"author":{"gitId":"saintzaw"},"content":"","lastModifiedDate":"2023-01-26"},{"lineNumber":18,"author":{"gitId":"saintzaw"},"content":"    public void markAsDone() {","lastModifiedDate":"2023-01-26"},{"lineNumber":19,"author":{"gitId":"saintzaw"},"content":"        this.isDone \u003d true;","lastModifiedDate":"2023-01-26"},{"lineNumber":20,"author":{"gitId":"saintzaw"},"content":"    }","lastModifiedDate":"2023-01-26"},{"lineNumber":21,"author":{"gitId":"saintzaw"},"content":"","lastModifiedDate":"2023-01-26"},{"lineNumber":22,"author":{"gitId":"saintzaw"},"content":"    public void markNotDone() {","lastModifiedDate":"2023-01-31"},{"lineNumber":23,"author":{"gitId":"saintzaw"},"content":"        this.isDone \u003d false;","lastModifiedDate":"2023-01-26"},{"lineNumber":24,"author":{"gitId":"saintzaw"},"content":"    }","lastModifiedDate":"2023-01-26"},{"lineNumber":25,"author":{"gitId":"saintzaw"},"content":"}","lastModifiedDate":"2023-01-26"}],"authorContributionMap":{"saintzaw":25}},{"path":"src/main/java/Todo.java","fileType":"java","lines":[{"lineNumber":1,"author":{"gitId":"saintzaw"},"content":"public class Todo extends Task {","lastModifiedDate":"2023-01-31"},{"lineNumber":2,"author":{"gitId":"saintzaw"},"content":"    public Todo(String description) {","lastModifiedDate":"2023-01-31"},{"lineNumber":3,"author":{"gitId":"saintzaw"},"content":"        super(description);","lastModifiedDate":"2023-01-31"},{"lineNumber":4,"author":{"gitId":"saintzaw"},"content":"    }","lastModifiedDate":"2023-01-31"},{"lineNumber":5,"author":{"gitId":"saintzaw"},"content":"","lastModifiedDate":"2023-01-31"},{"lineNumber":6,"author":{"gitId":"saintzaw"},"content":"    @Override","lastModifiedDate":"2023-01-31"},{"lineNumber":7,"author":{"gitId":"saintzaw"},"content":"    public String toString() {","lastModifiedDate":"2023-01-31"},{"lineNumber":8,"author":{"gitId":"saintzaw"},"content":"        return \"[T]\" + super.toString();","lastModifiedDate":"2023-01-31"},{"lineNumber":9,"author":{"gitId":"saintzaw"},"content":"    }","lastModifiedDate":"2023-01-31"},{"lineNumber":10,"author":{"gitId":"saintzaw"},"content":"}","lastModifiedDate":"2023-01-31"}],"authorContributionMap":{"saintzaw":10}}]
