{"authorDailyContributionsMap":{"EangJS":[{"date":"2023-01-13","commitResults":[{"hash":"04d57909cff66897f774e33d2ce4ffd8aeef8538","messageTitle":"Add Increment: Level-0 (Duke Greetings)","messageBody":"","fileTypesAndContributionMap":{"java":{"insertions":20,"deletions":0}}}]},{"date":"2023-01-21","commitResults":[{"hash":"e55841970b4a984d487f64e46b90b6e4c0946acd","messageTitle":"Add Increment: Level-1 (Greet, Echo, Exit)","messageBody":"","tags":["Level-1"],"fileTypesAndContributionMap":{"java":{"insertions":30,"deletions":8}}},{"hash":"5b0e23fee59830371e6d7b1c496316fa50c96194","messageTitle":"Added List and display list to the user","messageBody":"","tags":["Level-2"],"fileTypesAndContributionMap":{"java":{"insertions":38,"deletions":9}}}]},{"date":"2023-01-22","commitResults":[{"hash":"92114009fc4f7b058f45430a4d12bf03414349de","messageTitle":"Added ability to mark as done and undone","messageBody":"","tags":["Level-3"],"fileTypesAndContributionMap":{"java":{"insertions":100,"deletions":32}}},{"hash":"e9d1218dcf886444398539f3f0701d2a363d9d64","messageTitle":"Aligned to coding standard","messageBody":"","tags":["A-CodingStandard"],"fileTypesAndContributionMap":{"java":{"insertions":69,"deletions":36}}}]},{"date":"2023-01-25","commitResults":[{"hash":"389767020d8624eab5a74e3932cf103dec856acc","messageTitle":"Bug fixes for undisplayable char","messageBody":"","fileTypesAndContributionMap":{"java":{"insertions":4,"deletions":5}}}]},{"date":"2023-01-29","commitResults":[{"hash":"43577415e56e85d6cf18898398fddb6b1fcf2080","messageTitle":"Add todo,deadline,events and text testing","messageBody":"","fileTypesAndContributionMap":{"txt":{"insertions":19,"deletions":0},"java":{"insertions":233,"deletions":46},"bat":{"insertions":1,"deletions":0}}},{"hash":"89d856b5282d3fbd8f2b91b624fcdb1c284b372a","messageTitle":"Refactor code","messageBody":"","fileTypesAndContributionMap":{"java":{"insertions":73,"deletions":62}}},{"hash":"76cb4fb20c96eab7a72550640f204adaf8c479f3","messageTitle":"Correct typo error","messageBody":"","tags":["A-CodeQuality"],"fileTypesAndContributionMap":{"txt":{"insertions":2,"deletions":1}}}]},{"date":"2023-01-30","commitResults":[{"hash":"c86b27b4a3d63b9e79a42305347edfa84be444e3","messageTitle":"Change formatting for packages","messageBody":"","tags":["Level-4","A-TextUiTesting"],"fileTypesAndContributionMap":{"java":{"insertions":51,"deletions":23},"bat":{"insertions":10,"deletions":5}}}]},{"date":"2023-02-05","commitResults":[{"hash":"b6d9bbdc352138a27330304cc987708b6a10568a","messageTitle":"Reformatted text","messageBody":"","fileTypesAndContributionMap":{"txt":{"insertions":4,"deletions":5},"java":{"insertions":173,"deletions":108},"bat":{"insertions":32,"deletions":1}}},{"hash":"b636913760ae5392a260748d02d09ebe1331f5c4","messageTitle":"Add exception handling for array overflow and number formatting","messageBody":"-Handle error when user inputs string instead of a number\n-Modify LIST_MAX_SIZE to 3 to test exception handling\n-Update testcase\n","fileTypesAndContributionMap":{"java":{"insertions":4,"deletions":1}}}]}]},"authorFileTypeContributionMap":{"EangJS":{"java":471,"md":0,"fxml":0,"sh":0,"bat":40,"gradle":0,"txt":19}},"authorContributionVariance":{"EangJS":12910.331},"authorDisplayNameMap":{"EangJS":"CS2113-W13-2 EUGE..HING"}}
