{"authorDailyContributionsMap":{"Samueltansw":[{"date":"2023-01-25","commitResults":[{"hash":"32b6adf347f045bb1d438287c271e8f714c5e9a2","messageTitle":"Added greetUser and sayBye functions","messageBody":"","tags":["Level-0"],"fileTypesAndContributionMap":{"java":{"insertions":32,"deletions":7}}}]},{"date":"2023-01-26","commitResults":[{"hash":"500d0e274b1294d28156e30d8ad1a2e1a6ee2c25","messageTitle":"added echoCommand function to chatBot","messageBody":"","tags":["Level-1"],"fileTypesAndContributionMap":{"java":{"insertions":59,"deletions":20}}},{"hash":"96748fccfcafc74c6a91e9ce82456510f4e63241","messageTitle":"Added add and listItems functions in chatBot","messageBody":"","tags":["Level-2"],"fileTypesAndContributionMap":{"java":{"insertions":65,"deletions":22}}}]},{"date":"2023-01-27","commitResults":[{"hash":"7ce65b85ab08c25fc5c2e9a6cc98014d25648b6c","messageTitle":"added the feature \u0027mark as done\u0027 in the chatBot using multi-dimensional ArrayList","messageBody":"","fileTypesAndContributionMap":{"java":{"insertions":46,"deletions":11}}}]},{"date":"2023-01-29","commitResults":[{"hash":"dbdbf22ebc79cf5353eea15b20843910d2f47c43","messageTitle":"Added the feature \u0027mark as done\u0027 in the chatBot using a Task class","messageBody":"","tags":["Level-3","A-CodingStandard"],"fileTypesAndContributionMap":{"java":{"insertions":107,"deletions":50}}}]},{"date":"2023-02-04","commitResults":[{"hash":"16a25ab347b66149e7fd2f3c8b514e042d4bacfc","messageTitle":"abstracted methods and use SLAP, as well as completed level-4 of ip","messageBody":"","fileTypesAndContributionMap":{"java":{"insertions":433,"deletions":209}}},{"hash":"bd66032233a4965dbfcf7c69c578166fa029d206","messageTitle":"removed some commented codes and added some javadoc","messageBody":"","tags":["Level-4"],"fileTypesAndContributionMap":{"java":{"insertions":12,"deletions":20}}},{"hash":"c480a836167ddd82afae3ff76480a1aa967cd933","messageTitle":"added automated test UI testing","messageBody":"","tags":["A-TextUiTesting"],"fileTypesAndContributionMap":{"txt":{"insertions":10,"deletions":0},"java":{"insertions":43,"deletions":36},"bat":{"insertions":3,"deletions":3}}},{"hash":"70748eff9807b87a9a9db6b87660f9efdda36cdc","messageTitle":"reformatted some codes","messageBody":"","tags":["A-CodeQuality"],"fileTypesAndContributionMap":{"java":{"insertions":12,"deletions":12}}}]},{"date":"2023-02-09","commitResults":[{"hash":"378e322e2255fbf7dd4672b5a800d9cf887cffea","messageTitle":"added error handling for the program as much as possible","messageBody":"","fileTypesAndContributionMap":{"java":{"insertions":128,"deletions":53}}},{"hash":"055619a7c21f41d887b987f0b9e704cc4b28cec2","messageTitle":"deleted the constant TAB_SPACE and used \\t instead","messageBody":"","fileTypesAndContributionMap":{"java":{"insertions":25,"deletions":40}}},{"hash":"904788b0bc3a41976931f83b7ce8ee9d9bd1a424","messageTitle":"deleted some commented out codes","messageBody":"","tags":["A-Packages"],"fileTypesAndContributionMap":{"java":{"insertions":2,"deletions":12}}}]},{"date":"2023-02-13","commitResults":[{"hash":"2d6a6b50f2d815d85203c1ac543d1fff483475bc","messageTitle":"updated code to use custom exception","messageBody":"","tags":["A-Exceptions"],"fileTypesAndContributionMap":{"java":{"insertions":170,"deletions":58}}},{"hash":"702a3208535d3846d7bdfab66489d5dbfba9d93f","messageTitle":"added ability to delete task from task list","messageBody":"","fileTypesAndContributionMap":{"java":{"insertions":25,"deletions":3}}},{"hash":"7cc6a05ca0d451aec342cbd597bc3d86e733fe2d","messageTitle":"added exception handling for delete command","messageBody":"","tags":["Level-6","A-Collections"],"fileTypesAndContributionMap":{"java":{"insertions":5,"deletions":4}}}]},{"date":"2023-02-15","commitResults":[{"hash":"f723a7185d32a170d229a5b3c58e2f4ade79f447","messageTitle":"added abiity to save todo lists in app","messageBody":"","tags":["Level-7"],"fileTypesAndContributionMap":{"txt":{"insertions":2,"deletions":0},"java":{"insertions":218,"deletions":10}}},{"hash":"25465dd1ffda817239e1196a036405c05f0b50ba","messageTitle":"removed the data/tasks.txt file","messageBody":"","fileTypesAndContributionMap":{"txt":{"insertions":0,"deletions":3}}},{"hash":"6b95d6e3766c569a8df048a98951bacca65cdc25","messageTitle":"added help messages for new users","messageBody":"","fileTypesAndContributionMap":{"java":{"insertions":99,"deletions":7}}},{"hash":"e938bacee24a29171992c854a0eb928fe48c4448","messageTitle":"changed the completed task symbol","messageBody":"","fileTypesAndContributionMap":{"java":{"insertions":2,"deletions":2}}}]}]},"authorFileTypeContributionMap":{"Samueltansw":{"java":913,"md":0,"fxml":0,"sh":0,"bat":3,"gradle":0,"txt":10}},"authorContributionVariance":{"Samueltansw":23942.678},"authorDisplayNameMap":{"Samueltansw":"CS2113-F13-2 SAMU.. WEE"}}
