{"authorDailyContributionsMap":{"BernardLesley":[{"date":"2023-01-26","commitResults":[{"hash":"b070d9a4a13df6c9d393d02dc9e53f1021d452e8","messageTitle":"Level-0","messageBody":"","tags":["Level-0"],"fileTypesAndContributionMap":{"java":{"insertions":6,"deletions":6}}}]},{"date":"2023-01-27","commitResults":[{"hash":"421bc10ab5add181ddd7fcb023f8f3bd0bf016d8","messageTitle":"Level-1","messageBody":"","tags":["Level-1"],"fileTypesAndContributionMap":{"java":{"insertions":42,"deletions":6}}},{"hash":"a11b05ab39f25502988deeac00ce6073bf96f90d","messageTitle":"Add list to store user input and display the list per user request","messageBody":"","tags":["Level-2"],"fileTypesAndContributionMap":{"java":{"insertions":15,"deletions":6}}},{"hash":"34cbede11ec4839bc73ff62d2bda2344dd70979c","messageTitle":"Add mark and unmark feature","messageBody":"","tags":["Level-3"],"fileTypesAndContributionMap":{"java":{"insertions":53,"deletions":14}}},{"hash":"8bb4e52cbb95ed6178ffcb848710e741acbcd699","messageTitle":"Change code to comply with java coding standard","messageBody":"","tags":["A-CodingStandard"],"fileTypesAndContributionMap":{"java":{"insertions":81,"deletions":82}}}]},{"date":"2023-01-28","commitResults":[{"hash":"05cdea63a3b4a5a42a21bff0b9515dd61cef4ec6","messageTitle":"Add Todo, Deadline, Event class inherited from Task class","messageBody":"","tags":["Level-4"],"fileTypesAndContributionMap":{"java":{"insertions":100,"deletions":25}}}]},{"date":"2023-01-30","commitResults":[{"hash":"540eb69090e34ee57473d6dfe65b9fc92dc1b1de","messageTitle":"Refactor code to improve readability and quality","messageBody":"","tags":["A-CodeQuality"],"fileTypesAndContributionMap":{"java":{"insertions":65,"deletions":67}}},{"hash":"4f3f35faf23bb3d2892e7d8631481a77b37e7072","messageTitle":"fix bug","messageBody":"","fileTypesAndContributionMap":{"java":{"insertions":18,"deletions":13}}}]},{"date":"2023-02-08","commitResults":[{"hash":"2be3a3db35d020a5af80ea0c880eeb0dc3032e05","messageTitle":"Minor fix","messageBody":"","fileTypesAndContributionMap":{"java":{"insertions":7,"deletions":7}}}]},{"date":"2023-02-09","commitResults":[{"hash":"740bf26c94df15caf95500712788af542c78c0b7","messageTitle":"add error checking","messageBody":"","fileTypesAndContributionMap":{"java":{"insertions":116,"deletions":49}}},{"hash":"73f7a2f855a92baa28dfafc7c331e588d9bf9f32","messageTitle":"Divide the files into packages and refactor the code","messageBody":"","fileTypesAndContributionMap":{"java":{"insertions":336,"deletions":192}}},{"hash":"0ed583e61089503ce5d8d27bb9a1efbd3c225eea","messageTitle":"minor formatting","messageBody":"","tags":["A-Exceptions"],"fileTypesAndContributionMap":{"java":{"insertions":143,"deletions":141}}}]},{"date":"2023-02-10","commitResults":[{"hash":"c9a1764defbf1fae8cacaf6be829d3bd8b32cbf6","messageTitle":"fix wrong revert","messageBody":"","fileTypesAndContributionMap":{"java":{"insertions":238,"deletions":0}}},{"hash":"8827f1287bcb7dcf99692decef306f9d8f9f1bd3","messageTitle":"remove unneeded files","messageBody":"","fileTypesAndContributionMap":{"java":{"insertions":0,"deletions":238}}},{"hash":"a8ba38adc1833dae4dc75491a95ba37918bb5c6f","messageTitle":"Implement delete function","messageBody":"","fileTypesAndContributionMap":{"java":{"insertions":32,"deletions":6}}}]},{"date":"2023-02-11","commitResults":[{"hash":"ef48ab72a71147653182b24fc23719c5a37dc6bb","messageTitle":"add save feature and refactor some code","messageBody":"","fileTypesAndContributionMap":{"java":{"insertions":177,"deletions":18}}},{"hash":"907928c8205d9872c39d241229f6d79360520c4d","messageTitle":"fix Storage bug and improve the code readibility","messageBody":"","fileTypesAndContributionMap":{"java":{"insertions":216,"deletions":216}}}]}]},"authorFileTypeContributionMap":{"BernardLesley":{"java":569,"md":0,"fxml":0,"sh":0,"bat":0,"gradle":0,"txt":0}},"authorContributionVariance":{"BernardLesley":49839.23},"authorDisplayNameMap":{"BernardLesley":"CS2113-T12-4 BERN..ENDY"}}
