[{"path":"src/main/java/Deadline.java","fileType":"java","lines":[{"lineNumber":1,"author":{"gitId":"ollayf"},"content":"public class Deadline extends Todo {","lastModifiedDate":"2023-01-27"},{"lineNumber":2,"author":{"gitId":"ollayf"},"content":"    private final String TYPE_REPRESENTATION \u003d \"D\";","lastModifiedDate":"2023-02-03"},{"lineNumber":3,"author":{"gitId":"ollayf"},"content":"","lastModifiedDate":"2023-01-27"},{"lineNumber":4,"author":{"gitId":"ollayf"},"content":"    protected String by;","lastModifiedDate":"2023-01-27"},{"lineNumber":5,"author":{"gitId":"ollayf"},"content":"","lastModifiedDate":"2023-01-27"},{"lineNumber":6,"author":{"gitId":"ollayf"},"content":"    public Deadline(String description, String by) {","lastModifiedDate":"2023-01-27"},{"lineNumber":7,"author":{"gitId":"ollayf"},"content":"        super(description);","lastModifiedDate":"2023-01-27"},{"lineNumber":8,"author":{"gitId":"ollayf"},"content":"        this.by \u003d by;","lastModifiedDate":"2023-01-27"},{"lineNumber":9,"author":{"gitId":"ollayf"},"content":"    }","lastModifiedDate":"2023-01-27"},{"lineNumber":10,"author":{"gitId":"ollayf"},"content":"","lastModifiedDate":"2023-01-27"},{"lineNumber":11,"author":{"gitId":"ollayf"},"content":"    public void setBy(String by) {","lastModifiedDate":"2023-01-27"},{"lineNumber":12,"author":{"gitId":"ollayf"},"content":"        this.by \u003d by;","lastModifiedDate":"2023-01-27"},{"lineNumber":13,"author":{"gitId":"ollayf"},"content":"    }","lastModifiedDate":"2023-01-27"},{"lineNumber":14,"author":{"gitId":"ollayf"},"content":"","lastModifiedDate":"2023-01-27"},{"lineNumber":15,"author":{"gitId":"ollayf"},"content":"    public String getBy() {","lastModifiedDate":"2023-01-27"},{"lineNumber":16,"author":{"gitId":"ollayf"},"content":"        return by;","lastModifiedDate":"2023-01-27"},{"lineNumber":17,"author":{"gitId":"ollayf"},"content":"    }","lastModifiedDate":"2023-01-27"},{"lineNumber":18,"author":{"gitId":"ollayf"},"content":"    ","lastModifiedDate":"2023-01-27"},{"lineNumber":19,"author":{"gitId":"ollayf"},"content":"    public String toString() {","lastModifiedDate":"2023-01-27"},{"lineNumber":20,"author":{"gitId":"ollayf"},"content":"        char mark;","lastModifiedDate":"2023-01-27"},{"lineNumber":21,"author":{"gitId":"ollayf"},"content":"        if (isDone) {","lastModifiedDate":"2023-01-27"},{"lineNumber":22,"author":{"gitId":"ollayf"},"content":"            mark \u003d \u0027X\u0027;","lastModifiedDate":"2023-01-27"},{"lineNumber":23,"author":{"gitId":"ollayf"},"content":"        } else {","lastModifiedDate":"2023-01-27"},{"lineNumber":24,"author":{"gitId":"ollayf"},"content":"            mark \u003d \u0027 \u0027;","lastModifiedDate":"2023-01-27"},{"lineNumber":25,"author":{"gitId":"ollayf"},"content":"        }","lastModifiedDate":"2023-01-27"},{"lineNumber":26,"author":{"gitId":"ollayf"},"content":"        return String.format(\"[%s][%c] %s (by: %s)\", TYPE_REPRESENTATION, mark, description, by);","lastModifiedDate":"2023-02-03"},{"lineNumber":27,"author":{"gitId":"ollayf"},"content":"    }","lastModifiedDate":"2023-01-27"},{"lineNumber":28,"author":{"gitId":"ollayf"},"content":"}","lastModifiedDate":"2023-01-27"}],"authorContributionMap":{"ollayf":28}},{"path":"src/main/java/Duke.java","fileType":"java","lines":[{"lineNumber":1,"author":{"gitId":"ollayf"},"content":"import java.util.Set;","lastModifiedDate":"2023-01-26"},{"lineNumber":2,"author":{"gitId":"ollayf"},"content":"import java.util.Scanner;","lastModifiedDate":"2023-01-26"},{"lineNumber":3,"author":{"gitId":"ollayf"},"content":"import java.util.HashSet;","lastModifiedDate":"2023-01-26"},{"lineNumber":4,"author":{"gitId":"ollayf"},"content":"","lastModifiedDate":"2023-01-26"},{"lineNumber":5,"author":{"gitId":"-"},"content":"public class Duke {","lastModifiedDate":"2019-07-29"},{"lineNumber":6,"author":{"gitId":"ollayf"},"content":"    // Messages","lastModifiedDate":"2023-01-26"},{"lineNumber":7,"author":{"gitId":"ollayf"},"content":"    private static final String BOT_NAME \u003d \"Duke\";","lastModifiedDate":"2023-01-26"},{"lineNumber":8,"author":{"gitId":"ollayf"},"content":"    private static final String INITIAL_MSG \u003d String.format(\"    Hello! I\u0027m %s\\n    What can I do for you?\", BOT_NAME); ","lastModifiedDate":"2023-01-26"},{"lineNumber":9,"author":{"gitId":"ollayf"},"content":"    private static final String BYE_MSG \u003d \"     Bye. Hope to see you again soon!\";","lastModifiedDate":"2023-01-26"},{"lineNumber":10,"author":{"gitId":"ollayf"},"content":"    private static final String MARK_MSG \u003d \"     Nice! I\u0027ve marked this task as done\";","lastModifiedDate":"2023-01-26"},{"lineNumber":11,"author":{"gitId":"ollayf"},"content":"    private static final String UNMARK_MSG \u003d \"     OK, I\u0027ve marked this task as not done yet:\";","lastModifiedDate":"2023-01-26"},{"lineNumber":12,"author":{"gitId":"ollayf"},"content":"    private static final String INVALID_MSG \u003d \"    Invalid Message please try again\";","lastModifiedDate":"2023-01-27"},{"lineNumber":13,"author":{"gitId":"ollayf"},"content":"    private static final String SHOW_ITEMS_MSG \u003d \"    Here are the tasks in your list:\";","lastModifiedDate":"2023-01-27"},{"lineNumber":14,"author":{"gitId":"ollayf"},"content":"    private static final String ADDED_MSG \u003d \"    Got it. I\u0027ve added this task:\\n      %s\\n    Now you have %d tasks in your list.\";","lastModifiedDate":"2023-01-27"},{"lineNumber":15,"author":{"gitId":"ollayf"},"content":"    // Constants ","lastModifiedDate":"2023-01-26"},{"lineNumber":16,"author":{"gitId":"ollayf"},"content":"    private static final int MAX_ITEMS \u003d 100;","lastModifiedDate":"2023-01-26"},{"lineNumber":17,"author":{"gitId":"ollayf"},"content":"    private static Todo[] itemList \u003d new Todo[MAX_ITEMS];","lastModifiedDate":"2023-01-27"},{"lineNumber":18,"author":{"gitId":"ollayf"},"content":"    // private static Set\u003cString\u003e markedItems \u003d new HashSet\u003cString\u003e(MAX_ITEMS);","lastModifiedDate":"2023-01-27"},{"lineNumber":19,"author":{"gitId":"ollayf"},"content":"    private static int numItems \u003d 0;","lastModifiedDate":"2023-01-26"},{"lineNumber":20,"author":{"gitId":"ollayf"},"content":"","lastModifiedDate":"2023-01-26"},{"lineNumber":21,"author":{"gitId":"-"},"content":"    public static void main(String[] args) {","lastModifiedDate":"2019-07-29"},{"lineNumber":22,"author":{"gitId":"-"},"content":"        String logo \u003d \" ____        _        \\n\"","lastModifiedDate":"2019-07-29"},{"lineNumber":23,"author":{"gitId":"-"},"content":"                + \"|  _ \\\\ _   _| | _____ \\n\"","lastModifiedDate":"2019-07-29"},{"lineNumber":24,"author":{"gitId":"-"},"content":"                + \"| | | | | | | |/ / _ \\\\\\n\"","lastModifiedDate":"2019-07-29"},{"lineNumber":25,"author":{"gitId":"-"},"content":"                + \"| |_| | |_| |   \u003c  __/\\n\"","lastModifiedDate":"2019-07-29"},{"lineNumber":26,"author":{"gitId":"-"},"content":"                + \"|____/ \\\\__,_|_|\\\\_\\\\___|\\n\";","lastModifiedDate":"2019-07-29"},{"lineNumber":27,"author":{"gitId":"-"},"content":"        System.out.println(\"Hello from\\n\" + logo);","lastModifiedDate":"2019-07-29"},{"lineNumber":28,"author":{"gitId":"ollayf"},"content":"","lastModifiedDate":"2023-01-26"},{"lineNumber":29,"author":{"gitId":"ollayf"},"content":"        printResponse(INITIAL_MSG);","lastModifiedDate":"2023-01-26"},{"lineNumber":30,"author":{"gitId":"ollayf"},"content":"        Scanner scanner \u003d new Scanner(System.in);","lastModifiedDate":"2023-01-26"},{"lineNumber":31,"author":{"gitId":"ollayf"},"content":"        while (scanner.hasNextLine()) {","lastModifiedDate":"2023-01-26"},{"lineNumber":32,"author":{"gitId":"ollayf"},"content":"            String line \u003d scanner.nextLine();","lastModifiedDate":"2023-01-26"},{"lineNumber":33,"author":{"gitId":"ollayf"},"content":"            handleInput(line);","lastModifiedDate":"2023-01-26"},{"lineNumber":34,"author":{"gitId":"ollayf"},"content":"        }","lastModifiedDate":"2023-01-26"},{"lineNumber":35,"author":{"gitId":"ollayf"},"content":"        scanner.close();","lastModifiedDate":"2023-01-26"},{"lineNumber":36,"author":{"gitId":"ollayf"},"content":"    }","lastModifiedDate":"2023-01-26"},{"lineNumber":37,"author":{"gitId":"ollayf"},"content":"","lastModifiedDate":"2023-01-26"},{"lineNumber":38,"author":{"gitId":"ollayf"},"content":"    private static void handleInput(String line) {","lastModifiedDate":"2023-01-26"},{"lineNumber":39,"author":{"gitId":"ollayf"},"content":"        String[] lineParts \u003d line.split(\" \");","lastModifiedDate":"2023-01-26"},{"lineNumber":40,"author":{"gitId":"ollayf"},"content":"        String command \u003d lineParts[0];","lastModifiedDate":"2023-01-26"},{"lineNumber":41,"author":{"gitId":"ollayf"},"content":"        if (command.equals(\"bye\")) {","lastModifiedDate":"2023-01-26"},{"lineNumber":42,"author":{"gitId":"ollayf"},"content":"            printResponse(BYE_MSG);","lastModifiedDate":"2023-01-26"},{"lineNumber":43,"author":{"gitId":"ollayf"},"content":"        } else if (command.equals(\"todo\")) {","lastModifiedDate":"2023-01-27"},{"lineNumber":44,"author":{"gitId":"ollayf"},"content":"            line \u003d line.substring(command.length() + 1);","lastModifiedDate":"2023-01-27"},{"lineNumber":45,"author":{"gitId":"ollayf"},"content":"            addItem(new Todo(line));","lastModifiedDate":"2023-01-27"},{"lineNumber":46,"author":{"gitId":"ollayf"},"content":"        } else if (command.equals(\"deadline\")) {","lastModifiedDate":"2023-01-27"},{"lineNumber":47,"author":{"gitId":"ollayf"},"content":"            createDeadline(lineParts);","lastModifiedDate":"2023-02-03"},{"lineNumber":48,"author":{"gitId":"ollayf"},"content":"        } else if (command.equals(\"event\")) {","lastModifiedDate":"2023-02-03"},{"lineNumber":49,"author":{"gitId":"ollayf"},"content":"            createEvent(lineParts);","lastModifiedDate":"2023-02-03"},{"lineNumber":50,"author":{"gitId":"ollayf"},"content":"        } else if (command.equals(\"list\")) {","lastModifiedDate":"2023-02-03"},{"lineNumber":51,"author":{"gitId":"ollayf"},"content":"            printItems();","lastModifiedDate":"2023-02-03"},{"lineNumber":52,"author":{"gitId":"ollayf"},"content":"        } else if (command.equals(\"mark\")) {","lastModifiedDate":"2023-02-03"},{"lineNumber":53,"author":{"gitId":"ollayf"},"content":"            // String item \u003d line.substring(4); // if want to mark by name","lastModifiedDate":"2023-02-03"},{"lineNumber":54,"author":{"gitId":"ollayf"},"content":"            markItem(Integer.parseInt(lineParts[1]));","lastModifiedDate":"2023-02-03"},{"lineNumber":55,"author":{"gitId":"ollayf"},"content":"        } else if (command.equals(\"unmark\")) {","lastModifiedDate":"2023-02-03"},{"lineNumber":56,"author":{"gitId":"ollayf"},"content":"            // String item \u003d line.substring(6); // if want to unmark by name","lastModifiedDate":"2023-02-03"},{"lineNumber":57,"author":{"gitId":"ollayf"},"content":"            unmarkItem(Integer.parseInt(lineParts[1]));","lastModifiedDate":"2023-02-03"},{"lineNumber":58,"author":{"gitId":"ollayf"},"content":"        } else { // add item","lastModifiedDate":"2023-02-03"},{"lineNumber":59,"author":{"gitId":"ollayf"},"content":"            printResponse(INVALID_MSG);","lastModifiedDate":"2023-02-03"},{"lineNumber":60,"author":{"gitId":"ollayf"},"content":"        }","lastModifiedDate":"2023-02-03"},{"lineNumber":61,"author":{"gitId":"ollayf"},"content":"    }","lastModifiedDate":"2023-02-03"},{"lineNumber":62,"author":{"gitId":"ollayf"},"content":"","lastModifiedDate":"2023-02-03"},{"lineNumber":63,"author":{"gitId":"ollayf"},"content":"    private static void createDeadline(String[] lineParts) {","lastModifiedDate":"2023-02-03"},{"lineNumber":64,"author":{"gitId":"ollayf"},"content":"        String itemDescription \u003d \"\";","lastModifiedDate":"2023-01-27"},{"lineNumber":65,"author":{"gitId":"ollayf"},"content":"        String itemDeadline \u003d \"\";","lastModifiedDate":"2023-01-27"},{"lineNumber":66,"author":{"gitId":"ollayf"},"content":"        int i \u003d 1;","lastModifiedDate":"2023-01-27"},{"lineNumber":67,"author":{"gitId":"ollayf"},"content":"        for (; i \u003c lineParts.length; i++) {","lastModifiedDate":"2023-01-27"},{"lineNumber":68,"author":{"gitId":"ollayf"},"content":"            if (lineParts[i].equals(\"/by\")) {","lastModifiedDate":"2023-01-27"},{"lineNumber":69,"author":{"gitId":"ollayf"},"content":"                i++;","lastModifiedDate":"2023-01-27"},{"lineNumber":70,"author":{"gitId":"ollayf"},"content":"                break;","lastModifiedDate":"2023-01-27"},{"lineNumber":71,"author":{"gitId":"ollayf"},"content":"            } else {","lastModifiedDate":"2023-01-27"},{"lineNumber":72,"author":{"gitId":"ollayf"},"content":"                itemDescription +\u003d lineParts[i] + \u0027 \u0027;","lastModifiedDate":"2023-02-03"},{"lineNumber":73,"author":{"gitId":"ollayf"},"content":"            }","lastModifiedDate":"2023-01-27"},{"lineNumber":74,"author":{"gitId":"ollayf"},"content":"        }","lastModifiedDate":"2023-01-27"},{"lineNumber":75,"author":{"gitId":"ollayf"},"content":"        for (; i \u003c lineParts.length; i++) {","lastModifiedDate":"2023-01-27"},{"lineNumber":76,"author":{"gitId":"ollayf"},"content":"            itemDeadline +\u003d lineParts[i] + \u0027 \u0027;","lastModifiedDate":"2023-02-03"},{"lineNumber":77,"author":{"gitId":"ollayf"},"content":"        }","lastModifiedDate":"2023-01-27"},{"lineNumber":78,"author":{"gitId":"ollayf"},"content":"        addItem(new Deadline(itemDescription, itemDeadline));","lastModifiedDate":"2023-01-27"},{"lineNumber":79,"author":{"gitId":"ollayf"},"content":"    }","lastModifiedDate":"2023-02-03"},{"lineNumber":80,"author":{"gitId":"ollayf"},"content":"","lastModifiedDate":"2023-02-03"},{"lineNumber":81,"author":{"gitId":"ollayf"},"content":"    private static void createEvent(String[] lineParts) {","lastModifiedDate":"2023-02-03"},{"lineNumber":82,"author":{"gitId":"ollayf"},"content":"        String itemDescription \u003d \"\";","lastModifiedDate":"2023-01-27"},{"lineNumber":83,"author":{"gitId":"ollayf"},"content":"        String itemFrom \u003d \"\";","lastModifiedDate":"2023-01-27"},{"lineNumber":84,"author":{"gitId":"ollayf"},"content":"        String itemTo \u003d \"\";","lastModifiedDate":"2023-01-27"},{"lineNumber":85,"author":{"gitId":"ollayf"},"content":"        int i \u003d 1;","lastModifiedDate":"2023-01-27"},{"lineNumber":86,"author":{"gitId":"ollayf"},"content":"        for (; i \u003c lineParts.length; i++) {","lastModifiedDate":"2023-01-27"},{"lineNumber":87,"author":{"gitId":"ollayf"},"content":"            if (lineParts[i].equals(\"/from\")) {","lastModifiedDate":"2023-01-27"},{"lineNumber":88,"author":{"gitId":"ollayf"},"content":"                i++;","lastModifiedDate":"2023-01-27"},{"lineNumber":89,"author":{"gitId":"ollayf"},"content":"                break;","lastModifiedDate":"2023-01-27"},{"lineNumber":90,"author":{"gitId":"ollayf"},"content":"            } else {","lastModifiedDate":"2023-01-27"},{"lineNumber":91,"author":{"gitId":"ollayf"},"content":"                itemDescription +\u003d lineParts[i] + \u0027 \u0027;","lastModifiedDate":"2023-02-03"},{"lineNumber":92,"author":{"gitId":"ollayf"},"content":"            }","lastModifiedDate":"2023-01-27"},{"lineNumber":93,"author":{"gitId":"ollayf"},"content":"        }","lastModifiedDate":"2023-01-27"},{"lineNumber":94,"author":{"gitId":"ollayf"},"content":"        for (; i \u003c lineParts.length; i++) {","lastModifiedDate":"2023-01-27"},{"lineNumber":95,"author":{"gitId":"ollayf"},"content":"            if (lineParts[i].equals(\"/to\")) {","lastModifiedDate":"2023-01-27"},{"lineNumber":96,"author":{"gitId":"ollayf"},"content":"                i++;","lastModifiedDate":"2023-01-27"},{"lineNumber":97,"author":{"gitId":"ollayf"},"content":"                break;","lastModifiedDate":"2023-01-27"},{"lineNumber":98,"author":{"gitId":"ollayf"},"content":"            } else {","lastModifiedDate":"2023-01-27"},{"lineNumber":99,"author":{"gitId":"ollayf"},"content":"                itemFrom +\u003d lineParts[i] + \u0027 \u0027;","lastModifiedDate":"2023-02-03"},{"lineNumber":100,"author":{"gitId":"ollayf"},"content":"            }","lastModifiedDate":"2023-01-27"},{"lineNumber":101,"author":{"gitId":"ollayf"},"content":"        }","lastModifiedDate":"2023-01-27"},{"lineNumber":102,"author":{"gitId":"ollayf"},"content":"        for (; i \u003c lineParts.length; i++) {","lastModifiedDate":"2023-01-27"},{"lineNumber":103,"author":{"gitId":"ollayf"},"content":"            itemTo +\u003d lineParts[i] + \u0027 \u0027;","lastModifiedDate":"2023-02-03"},{"lineNumber":104,"author":{"gitId":"ollayf"},"content":"        }","lastModifiedDate":"2023-01-27"},{"lineNumber":105,"author":{"gitId":"ollayf"},"content":"        addItem(new Event(itemDescription, itemFrom, itemTo));","lastModifiedDate":"2023-01-27"},{"lineNumber":106,"author":{"gitId":"ollayf"},"content":"    }","lastModifiedDate":"2023-01-26"},{"lineNumber":107,"author":{"gitId":"ollayf"},"content":"","lastModifiedDate":"2023-01-26"},{"lineNumber":108,"author":{"gitId":"ollayf"},"content":"    private static void markItem(int itemNo) {","lastModifiedDate":"2023-01-26"},{"lineNumber":109,"author":{"gitId":"ollayf"},"content":"        Todo item \u003d itemList[itemNo - 1];","lastModifiedDate":"2023-01-27"},{"lineNumber":110,"author":{"gitId":"ollayf"},"content":"        item.setDone(true);","lastModifiedDate":"2023-01-27"},{"lineNumber":111,"author":{"gitId":"ollayf"},"content":"        printResponse(\"    \" + MARK_MSG + \"\\n\" + \"    \" + item.toString());","lastModifiedDate":"2023-01-27"},{"lineNumber":112,"author":{"gitId":"ollayf"},"content":"    }","lastModifiedDate":"2023-01-26"},{"lineNumber":113,"author":{"gitId":"ollayf"},"content":"","lastModifiedDate":"2023-01-26"},{"lineNumber":114,"author":{"gitId":"ollayf"},"content":"    private static void unmarkItem(int itemNo) {","lastModifiedDate":"2023-01-26"},{"lineNumber":115,"author":{"gitId":"ollayf"},"content":"        Todo item \u003d itemList[itemNo - 1];","lastModifiedDate":"2023-01-27"},{"lineNumber":116,"author":{"gitId":"ollayf"},"content":"        item.setDone(false);","lastModifiedDate":"2023-01-27"},{"lineNumber":117,"author":{"gitId":"ollayf"},"content":"        printResponse(\"    \" + UNMARK_MSG + \"\\n\" + \"    \" + item.toString());","lastModifiedDate":"2023-01-27"},{"lineNumber":118,"author":{"gitId":"ollayf"},"content":"    }","lastModifiedDate":"2023-01-26"},{"lineNumber":119,"author":{"gitId":"ollayf"},"content":"","lastModifiedDate":"2023-01-26"},{"lineNumber":120,"author":{"gitId":"ollayf"},"content":"    private static void addItem(Todo item) {","lastModifiedDate":"2023-01-27"},{"lineNumber":121,"author":{"gitId":"ollayf"},"content":"        itemList[numItems++] \u003d item;","lastModifiedDate":"2023-01-26"},{"lineNumber":122,"author":{"gitId":"ollayf"},"content":"        printResponse(String.format(ADDED_MSG, item.toString(), numItems));","lastModifiedDate":"2023-01-27"},{"lineNumber":123,"author":{"gitId":"ollayf"},"content":"    }","lastModifiedDate":"2023-01-26"},{"lineNumber":124,"author":{"gitId":"ollayf"},"content":"","lastModifiedDate":"2023-01-26"},{"lineNumber":125,"author":{"gitId":"ollayf"},"content":"    private static void printItems() {","lastModifiedDate":"2023-01-26"},{"lineNumber":126,"author":{"gitId":"ollayf"},"content":"        String response \u003d SHOW_ITEMS_MSG + \"\\n\";","lastModifiedDate":"2023-01-27"},{"lineNumber":127,"author":{"gitId":"ollayf"},"content":"        for (int i \u003d 0; i \u003c numItems; i++) {","lastModifiedDate":"2023-01-26"},{"lineNumber":128,"author":{"gitId":"ollayf"},"content":"            Todo item \u003d itemList[i];","lastModifiedDate":"2023-01-27"},{"lineNumber":129,"author":{"gitId":"ollayf"},"content":"            response +\u003d String.format(\"    %d.%s\\n\", i+1, item.toString());","lastModifiedDate":"2023-01-27"},{"lineNumber":130,"author":{"gitId":"ollayf"},"content":"        }","lastModifiedDate":"2023-01-26"},{"lineNumber":131,"author":{"gitId":"ollayf"},"content":"        printResponse(response);","lastModifiedDate":"2023-01-26"},{"lineNumber":132,"author":{"gitId":"ollayf"},"content":"    }","lastModifiedDate":"2023-01-26"},{"lineNumber":133,"author":{"gitId":"ollayf"},"content":"","lastModifiedDate":"2023-01-26"},{"lineNumber":134,"author":{"gitId":"ollayf"},"content":"    private static void printResponse(String response) {","lastModifiedDate":"2023-01-26"},{"lineNumber":135,"author":{"gitId":"ollayf"},"content":"        System.out.println(\"    ____________________________________________________________\");","lastModifiedDate":"2023-01-26"},{"lineNumber":136,"author":{"gitId":"ollayf"},"content":"        System.out.println(String.format(\"%s\", response));","lastModifiedDate":"2023-01-26"},{"lineNumber":137,"author":{"gitId":"ollayf"},"content":"        System.out.println(\"    ____________________________________________________________\");","lastModifiedDate":"2023-01-26"},{"lineNumber":138,"author":{"gitId":"-"},"content":"    }","lastModifiedDate":"2019-07-29"},{"lineNumber":139,"author":{"gitId":"-"},"content":"}","lastModifiedDate":"2019-07-29"}],"authorContributionMap":{"ollayf":129,"-":10}},{"path":"src/main/java/Event.java","fileType":"java","lines":[{"lineNumber":1,"author":{"gitId":"ollayf"},"content":"public class Event extends Todo {","lastModifiedDate":"2023-01-27"},{"lineNumber":2,"author":{"gitId":"ollayf"},"content":"    private final String TYPE_REPRESENTATION \u003d \"E\";","lastModifiedDate":"2023-02-03"},{"lineNumber":3,"author":{"gitId":"ollayf"},"content":"","lastModifiedDate":"2023-01-27"},{"lineNumber":4,"author":{"gitId":"ollayf"},"content":"    protected String from;","lastModifiedDate":"2023-01-27"},{"lineNumber":5,"author":{"gitId":"ollayf"},"content":"    protected String to;","lastModifiedDate":"2023-01-27"},{"lineNumber":6,"author":{"gitId":"ollayf"},"content":"","lastModifiedDate":"2023-01-27"},{"lineNumber":7,"author":{"gitId":"ollayf"},"content":"    public Event(String description, String from, String to) {","lastModifiedDate":"2023-01-27"},{"lineNumber":8,"author":{"gitId":"ollayf"},"content":"        super(description);","lastModifiedDate":"2023-01-27"},{"lineNumber":9,"author":{"gitId":"ollayf"},"content":"        this.from \u003d from;","lastModifiedDate":"2023-01-27"},{"lineNumber":10,"author":{"gitId":"ollayf"},"content":"        this.to \u003d to;","lastModifiedDate":"2023-01-27"},{"lineNumber":11,"author":{"gitId":"ollayf"},"content":"    }","lastModifiedDate":"2023-01-27"},{"lineNumber":12,"author":{"gitId":"ollayf"},"content":"","lastModifiedDate":"2023-01-27"},{"lineNumber":13,"author":{"gitId":"ollayf"},"content":"    public void setFrom(String from) {","lastModifiedDate":"2023-01-27"},{"lineNumber":14,"author":{"gitId":"ollayf"},"content":"        this.from \u003d from;","lastModifiedDate":"2023-01-27"},{"lineNumber":15,"author":{"gitId":"ollayf"},"content":"    }","lastModifiedDate":"2023-01-27"},{"lineNumber":16,"author":{"gitId":"ollayf"},"content":"","lastModifiedDate":"2023-01-27"},{"lineNumber":17,"author":{"gitId":"ollayf"},"content":"    public String getFrom() {","lastModifiedDate":"2023-01-27"},{"lineNumber":18,"author":{"gitId":"ollayf"},"content":"        return from;","lastModifiedDate":"2023-01-27"},{"lineNumber":19,"author":{"gitId":"ollayf"},"content":"    }","lastModifiedDate":"2023-01-27"},{"lineNumber":20,"author":{"gitId":"ollayf"},"content":"","lastModifiedDate":"2023-01-27"},{"lineNumber":21,"author":{"gitId":"ollayf"},"content":"    public void setTo(String to) {","lastModifiedDate":"2023-01-27"},{"lineNumber":22,"author":{"gitId":"ollayf"},"content":"        this.to \u003d to;","lastModifiedDate":"2023-01-27"},{"lineNumber":23,"author":{"gitId":"ollayf"},"content":"    }","lastModifiedDate":"2023-01-27"},{"lineNumber":24,"author":{"gitId":"ollayf"},"content":"","lastModifiedDate":"2023-01-27"},{"lineNumber":25,"author":{"gitId":"ollayf"},"content":"    public String getTo() {","lastModifiedDate":"2023-01-27"},{"lineNumber":26,"author":{"gitId":"ollayf"},"content":"        return to;","lastModifiedDate":"2023-01-27"},{"lineNumber":27,"author":{"gitId":"ollayf"},"content":"    }","lastModifiedDate":"2023-01-27"},{"lineNumber":28,"author":{"gitId":"ollayf"},"content":"    ","lastModifiedDate":"2023-01-27"},{"lineNumber":29,"author":{"gitId":"ollayf"},"content":"    public String toString() {","lastModifiedDate":"2023-01-27"},{"lineNumber":30,"author":{"gitId":"ollayf"},"content":"        char mark;","lastModifiedDate":"2023-01-27"},{"lineNumber":31,"author":{"gitId":"ollayf"},"content":"        if (isDone) {","lastModifiedDate":"2023-01-27"},{"lineNumber":32,"author":{"gitId":"ollayf"},"content":"            mark \u003d \u0027X\u0027;","lastModifiedDate":"2023-01-27"},{"lineNumber":33,"author":{"gitId":"ollayf"},"content":"        } else {","lastModifiedDate":"2023-01-27"},{"lineNumber":34,"author":{"gitId":"ollayf"},"content":"            mark \u003d \u0027 \u0027;","lastModifiedDate":"2023-01-27"},{"lineNumber":35,"author":{"gitId":"ollayf"},"content":"        }","lastModifiedDate":"2023-01-27"},{"lineNumber":36,"author":{"gitId":"ollayf"},"content":"        return String.format(\"[%s][%c] %s (from: %s to: %s)\", TYPE_REPRESENTATION, mark, description, from, to);","lastModifiedDate":"2023-02-03"},{"lineNumber":37,"author":{"gitId":"ollayf"},"content":"    }","lastModifiedDate":"2023-01-27"},{"lineNumber":38,"author":{"gitId":"ollayf"},"content":"}","lastModifiedDate":"2023-01-27"}],"authorContributionMap":{"ollayf":38}},{"path":"src/main/java/Task.java","fileType":"java","lines":[{"lineNumber":1,"author":{"gitId":"ollayf"},"content":"public class Task {","lastModifiedDate":"2023-01-27"},{"lineNumber":2,"author":{"gitId":"ollayf"},"content":"    protected String description;","lastModifiedDate":"2023-01-27"},{"lineNumber":3,"author":{"gitId":"ollayf"},"content":"","lastModifiedDate":"2023-01-27"},{"lineNumber":4,"author":{"gitId":"ollayf"},"content":"    public Task(String description) {","lastModifiedDate":"2023-01-27"},{"lineNumber":5,"author":{"gitId":"ollayf"},"content":"        this.description \u003d description;","lastModifiedDate":"2023-01-27"},{"lineNumber":6,"author":{"gitId":"ollayf"},"content":"    }","lastModifiedDate":"2023-01-27"},{"lineNumber":7,"author":{"gitId":"ollayf"},"content":"","lastModifiedDate":"2023-01-27"},{"lineNumber":8,"author":{"gitId":"ollayf"},"content":"    public String getDescription() {","lastModifiedDate":"2023-01-27"},{"lineNumber":9,"author":{"gitId":"ollayf"},"content":"        return description;","lastModifiedDate":"2023-01-27"},{"lineNumber":10,"author":{"gitId":"ollayf"},"content":"    }","lastModifiedDate":"2023-01-27"},{"lineNumber":11,"author":{"gitId":"ollayf"},"content":"}","lastModifiedDate":"2023-01-27"}],"authorContributionMap":{"ollayf":11}},{"path":"src/main/java/Todo.java","fileType":"java","lines":[{"lineNumber":1,"author":{"gitId":"ollayf"},"content":"public class Todo extends Task {","lastModifiedDate":"2023-01-27"},{"lineNumber":2,"author":{"gitId":"ollayf"},"content":"    protected boolean isDone;","lastModifiedDate":"2023-01-27"},{"lineNumber":3,"author":{"gitId":"ollayf"},"content":"    private final String TYPE_REPRESENTATION \u003d \"T\";","lastModifiedDate":"2023-02-03"},{"lineNumber":4,"author":{"gitId":"ollayf"},"content":"","lastModifiedDate":"2023-01-27"},{"lineNumber":5,"author":{"gitId":"ollayf"},"content":"    public String getTypeRepresentation() {","lastModifiedDate":"2023-01-27"},{"lineNumber":6,"author":{"gitId":"ollayf"},"content":"        return TYPE_REPRESENTATION;","lastModifiedDate":"2023-02-03"},{"lineNumber":7,"author":{"gitId":"ollayf"},"content":"    }","lastModifiedDate":"2023-01-27"},{"lineNumber":8,"author":{"gitId":"ollayf"},"content":"","lastModifiedDate":"2023-01-27"},{"lineNumber":9,"author":{"gitId":"ollayf"},"content":"    public Todo(String description) {","lastModifiedDate":"2023-01-27"},{"lineNumber":10,"author":{"gitId":"ollayf"},"content":"        super(description);","lastModifiedDate":"2023-01-27"},{"lineNumber":11,"author":{"gitId":"ollayf"},"content":"        isDone \u003d false;","lastModifiedDate":"2023-01-27"},{"lineNumber":12,"author":{"gitId":"ollayf"},"content":"    }","lastModifiedDate":"2023-01-27"},{"lineNumber":13,"author":{"gitId":"ollayf"},"content":"","lastModifiedDate":"2023-01-27"},{"lineNumber":14,"author":{"gitId":"ollayf"},"content":"    public void setDone(boolean done) {","lastModifiedDate":"2023-01-27"},{"lineNumber":15,"author":{"gitId":"ollayf"},"content":"        isDone \u003d done;","lastModifiedDate":"2023-01-27"},{"lineNumber":16,"author":{"gitId":"ollayf"},"content":"    }","lastModifiedDate":"2023-01-27"},{"lineNumber":17,"author":{"gitId":"ollayf"},"content":"","lastModifiedDate":"2023-01-27"},{"lineNumber":18,"author":{"gitId":"ollayf"},"content":"    public boolean isDone() {","lastModifiedDate":"2023-01-27"},{"lineNumber":19,"author":{"gitId":"ollayf"},"content":"        return isDone;","lastModifiedDate":"2023-01-27"},{"lineNumber":20,"author":{"gitId":"ollayf"},"content":"    }","lastModifiedDate":"2023-01-27"},{"lineNumber":21,"author":{"gitId":"ollayf"},"content":"    ","lastModifiedDate":"2023-01-27"},{"lineNumber":22,"author":{"gitId":"ollayf"},"content":"    public String toString() {","lastModifiedDate":"2023-01-27"},{"lineNumber":23,"author":{"gitId":"ollayf"},"content":"        char mark;","lastModifiedDate":"2023-01-27"},{"lineNumber":24,"author":{"gitId":"ollayf"},"content":"        if (isDone) {","lastModifiedDate":"2023-01-27"},{"lineNumber":25,"author":{"gitId":"ollayf"},"content":"            mark \u003d \u0027X\u0027;","lastModifiedDate":"2023-01-27"},{"lineNumber":26,"author":{"gitId":"ollayf"},"content":"        } else {","lastModifiedDate":"2023-01-27"},{"lineNumber":27,"author":{"gitId":"ollayf"},"content":"            mark \u003d \u0027 \u0027;","lastModifiedDate":"2023-01-27"},{"lineNumber":28,"author":{"gitId":"ollayf"},"content":"        }","lastModifiedDate":"2023-01-27"},{"lineNumber":29,"author":{"gitId":"ollayf"},"content":"        return String.format(\"[%s][%c] %s\", TYPE_REPRESENTATION, mark, description);","lastModifiedDate":"2023-02-03"},{"lineNumber":30,"author":{"gitId":"ollayf"},"content":"    }","lastModifiedDate":"2023-01-27"},{"lineNumber":31,"author":{"gitId":"ollayf"},"content":"}","lastModifiedDate":"2023-01-27"}],"authorContributionMap":{"ollayf":31}},{"path":"text-ui-test/input.txt","fileType":"txt","lines":[{"lineNumber":1,"author":{"gitId":"ollayf"},"content":"todo Hosea: Answer CS2113 tutorial questions","lastModifiedDate":"2023-02-03"},{"lineNumber":2,"author":{"gitId":"ollayf"},"content":"deadline weekly CS2113 quiz /by Monday 9pm","lastModifiedDate":"2023-02-03"},{"lineNumber":3,"author":{"gitId":"ollayf"},"content":"list","lastModifiedDate":"2023-02-03"},{"lineNumber":4,"author":{"gitId":"ollayf"},"content":"event CS2113 lecture /from Friday 4pm /to 6pm","lastModifiedDate":"2023-02-03"},{"lineNumber":5,"author":{"gitId":"ollayf"},"content":"list","lastModifiedDate":"2023-02-03"}],"authorContributionMap":{"ollayf":5}},{"path":"text-ui-test/runtest.sh","fileType":"sh","lines":[{"lineNumber":1,"author":{"gitId":"-"},"content":"#!/usr/bin/env bash","lastModifiedDate":"2020-05-25"},{"lineNumber":2,"author":{"gitId":"-"},"content":"","lastModifiedDate":"2020-05-25"},{"lineNumber":3,"author":{"gitId":"-"},"content":"# create bin directory if it doesn\u0027t exist","lastModifiedDate":"2020-05-25"},{"lineNumber":4,"author":{"gitId":"-"},"content":"if [ ! -d \"../bin\" ]","lastModifiedDate":"2020-05-25"},{"lineNumber":5,"author":{"gitId":"-"},"content":"then","lastModifiedDate":"2020-05-25"},{"lineNumber":6,"author":{"gitId":"-"},"content":"    mkdir ../bin","lastModifiedDate":"2020-05-25"},{"lineNumber":7,"author":{"gitId":"-"},"content":"fi","lastModifiedDate":"2020-05-25"},{"lineNumber":8,"author":{"gitId":"-"},"content":"","lastModifiedDate":"2020-05-25"},{"lineNumber":9,"author":{"gitId":"-"},"content":"# delete output from previous run","lastModifiedDate":"2020-05-25"},{"lineNumber":10,"author":{"gitId":"-"},"content":"if [ -e \"./ACTUAL.TXT\" ]","lastModifiedDate":"2020-05-25"},{"lineNumber":11,"author":{"gitId":"-"},"content":"then","lastModifiedDate":"2020-05-25"},{"lineNumber":12,"author":{"gitId":"-"},"content":"    rm ACTUAL.TXT","lastModifiedDate":"2020-05-25"},{"lineNumber":13,"author":{"gitId":"-"},"content":"fi","lastModifiedDate":"2020-05-25"},{"lineNumber":14,"author":{"gitId":"-"},"content":"","lastModifiedDate":"2020-05-25"},{"lineNumber":15,"author":{"gitId":"-"},"content":"# compile the code into the bin folder, terminates if error occurred","lastModifiedDate":"2020-05-25"},{"lineNumber":16,"author":{"gitId":"-"},"content":"if ! javac -cp ../src/main/java -Xlint:none -d ../bin ../src/main/java/*.java","lastModifiedDate":"2020-08-25"},{"lineNumber":17,"author":{"gitId":"-"},"content":"then","lastModifiedDate":"2020-05-25"},{"lineNumber":18,"author":{"gitId":"-"},"content":"    echo \"********** BUILD FAILURE **********\"","lastModifiedDate":"2020-05-25"},{"lineNumber":19,"author":{"gitId":"-"},"content":"    exit 1","lastModifiedDate":"2020-05-25"},{"lineNumber":20,"author":{"gitId":"-"},"content":"fi","lastModifiedDate":"2020-05-25"},{"lineNumber":21,"author":{"gitId":"-"},"content":"","lastModifiedDate":"2020-05-25"},{"lineNumber":22,"author":{"gitId":"-"},"content":"# run the program, feed commands from input.txt file and redirect the output to the ACTUAL.TXT","lastModifiedDate":"2020-05-25"},{"lineNumber":23,"author":{"gitId":"-"},"content":"java -classpath ../bin Duke \u003c input.txt \u003e ACTUAL.TXT","lastModifiedDate":"2020-05-25"},{"lineNumber":24,"author":{"gitId":"-"},"content":"","lastModifiedDate":"2020-05-25"},{"lineNumber":25,"author":{"gitId":"-"},"content":"# convert to UNIX format","lastModifiedDate":"2020-05-25"},{"lineNumber":26,"author":{"gitId":"-"},"content":"cp EXPECTED.TXT EXPECTED-UNIX.TXT","lastModifiedDate":"2020-05-25"},{"lineNumber":27,"author":{"gitId":"ollayf"},"content":"# dos2unix ACTUAL.TXT EXPECTED-UNIX.TXT","lastModifiedDate":"2023-02-03"},{"lineNumber":28,"author":{"gitId":"-"},"content":"","lastModifiedDate":"2020-05-25"},{"lineNumber":29,"author":{"gitId":"-"},"content":"# compare the output to the expected output","lastModifiedDate":"2020-05-25"},{"lineNumber":30,"author":{"gitId":"-"},"content":"diff ACTUAL.TXT EXPECTED-UNIX.TXT","lastModifiedDate":"2020-05-25"},{"lineNumber":31,"author":{"gitId":"-"},"content":"if [ $? -eq 0 ]","lastModifiedDate":"2020-05-25"},{"lineNumber":32,"author":{"gitId":"-"},"content":"then","lastModifiedDate":"2020-05-25"},{"lineNumber":33,"author":{"gitId":"-"},"content":"    echo \"Test result: PASSED\"","lastModifiedDate":"2020-05-25"},{"lineNumber":34,"author":{"gitId":"-"},"content":"    exit 0","lastModifiedDate":"2020-05-25"},{"lineNumber":35,"author":{"gitId":"-"},"content":"else","lastModifiedDate":"2020-05-25"},{"lineNumber":36,"author":{"gitId":"-"},"content":"    echo \"Test result: FAILED\"","lastModifiedDate":"2020-05-25"},{"lineNumber":37,"author":{"gitId":"-"},"content":"    exit 1","lastModifiedDate":"2020-05-25"},{"lineNumber":38,"author":{"gitId":"-"},"content":"fi","lastModifiedDate":"2020-05-25"}],"authorContributionMap":{"ollayf":1,"-":37}}]
