{"authorDailyContributionsMap":{"ollayf":[{"date":"2023-01-26","commitResults":[{"hash":"5b67dd0e53e664ee7fb27e90163700ccf8a602d2","messageTitle":"Response","messageBody":"","tags":["Level-1"],"fileTypesAndContributionMap":{"java":{"insertions":18,"deletions":0}}},{"hash":"a83e00f51a9cb8d63b4c78a5839725c424281080","messageTitle":"Add items","messageBody":"","tags":["Level-2"],"fileTypesAndContributionMap":{"java":{"insertions":30,"deletions":3}}},{"hash":"31c22ad1c73c0837d2e8fe7fa23f477435ce9963","messageTitle":"Mark as done","messageBody":"","tags":["Level-3"],"fileTypesAndContributionMap":{"java":{"insertions":39,"deletions":5}}}]},{"date":"2023-01-27","commitResults":[{"hash":"710734d350c265b75743d657cda6af90d167b291","messageTitle":"Created multiple classes","messageBody":"","fileTypesAndContributionMap":{"java":{"insertions":167,"deletions":18}}},{"hash":"e7dc46c4190cc03550dac2d15e99130881726e66","messageTitle":"Cleaned up formatting","messageBody":"","tags":["Level-4","A-TextUiTesting"],"fileTypesAndContributionMap":{"txt":{"insertions":3,"deletions":0},"java":{"insertions":6,"deletions":4},"sh":{"insertions":0,"deletions":0}}}]},{"date":"2023-02-03","commitResults":[{"hash":"52f29cf1f0c9d9a2e236a2160b222d447be327a1","messageTitle":"Edited for Code Quality","messageBody":"","tags":["A-CodeQuality"],"fileTypesAndContributionMap":{"txt":{"insertions":5,"deletions":3},"java":{"insertions":54,"deletions":47},"sh":{"insertions":1,"deletions":1}}}]},{"date":"2023-02-04","commitResults":[{"hash":"2531fa7a19e98f20485c3fe7957e3fe7b8d0868c","messageTitle":"Added exceptions","messageBody":"","tags":["Level-5"],"fileTypesAndContributionMap":{"txt":{"insertions":7,"deletions":1},"java":{"insertions":52,"deletions":47}}},{"hash":"77eea88f4636d3b2f7b4e843efe2f5e231ef9b75","messageTitle":"Packerized messages","messageBody":"","fileTypesAndContributionMap":{"java":{"insertions":19,"deletions":14}}},{"hash":"eecda0d0bf0643aff122373469dad67c9a5ad09f","messageTitle":"Packerized messages","messageBody":"","tags":["A-Packages"],"fileTypesAndContributionMap":{"java":{"insertions":7,"deletions":0}}}]},{"date":"2023-02-12","commitResults":[{"hash":"3136622c594f7e110dc4ca98adda1628334f5580","messageTitle":"Converted Array into ArrayList","messageBody":"","fileTypesAndContributionMap":{"java":{"insertions":8,"deletions":8}}},{"hash":"75bf3ecde651f69f710bb7555fb3c81d3aedfdcf","messageTitle":"Added removal of tasks","messageBody":"","tags":["Level-6","A-Collections"],"fileTypesAndContributionMap":{"txt":{"insertions":14,"deletions":1},"java":{"insertions":11,"deletions":0}}},{"hash":"44aab0ad17dc1afd756dd9dde9b77bd5be5f8258","messageTitle":"Created save and load functions","messageBody":"","fileTypesAndContributionMap":{"txt":{"insertions":5,"deletions":3},"java":{"insertions":102,"deletions":7},"sh":{"insertions":9,"deletions":1}}},{"hash":"5d405f0a35c345b100e059404db684149f237f8b","messageTitle":"Added an option to create the data dir","messageBody":"","fileTypesAndContributionMap":{"java":{"insertions":5,"deletions":3}}},{"hash":"db63ffc73d1753b4f1040288cdee7ad7badff09d","messageTitle":"Added testing suite for jar","messageBody":"","tags":["A-Jar"],"fileTypesAndContributionMap":{"txt":{"insertions":22,"deletions":0},"sh":{"insertions":15,"deletions":0}}}]},{"date":"2023-02-24","commitResults":[{"hash":"6b9cbe72c4df1132ef24344c52a6e30bf5f9b143","messageTitle":"OOPedtasklist and storage","messageBody":"","fileTypesAndContributionMap":{"java":{"insertions":148,"deletions":79},"sh":{"insertions":46,"deletions":0}}},{"hash":"52a890f91cd3e9cb0f418418dcc6a12239068c55","messageTitle":"Add Parser and UI OOPed","messageBody":"","tags":["A-MoreOOP"],"fileTypesAndContributionMap":{"java":{"insertions":84,"deletions":46}}},{"hash":"145f34851cdda5b67fb68df3bb238eda9025c2a3","messageTitle":"Added find feature","messageBody":"","tags":["Level-9"],"fileTypesAndContributionMap":{"txt":{"insertions":4,"deletions":1},"java":{"insertions":41,"deletions":6}}},{"hash":"04949c6514b95b875ba60b4ed3afc80d60bbeb52","messageTitle":"Documentation","messageBody":"","tags":["A-JavaDoc"],"fileTypesAndContributionMap":{"java":{"insertions":171,"deletions":7}}}]}]},"authorFileTypeContributionMap":{"ollayf":{"java":673,"md":0,"fxml":0,"sh":71,"bat":0,"gradle":0,"txt":44}},"authorContributionVariance":{"ollayf":11237.043},"authorDisplayNameMap":{"ollayf":"CS2113-T15-2 NG Y.. FEI"}}
