[{"path":"src/main/java/Deadline.java","fileType":"java","lines":[{"lineNumber":1,"author":{"gitId":"stephenkyang"},"content":"public class Deadline extends Task{","lastModifiedDate":"2023-01-31"},{"lineNumber":2,"author":{"gitId":"stephenkyang"},"content":"    private final String deadline;","lastModifiedDate":"2023-01-31"},{"lineNumber":3,"author":{"gitId":"stephenkyang"},"content":"    public Deadline(String taskName, int index, String deadline) {","lastModifiedDate":"2023-01-31"},{"lineNumber":4,"author":{"gitId":"stephenkyang"},"content":"        super(taskName, index);","lastModifiedDate":"2023-01-31"},{"lineNumber":5,"author":{"gitId":"stephenkyang"},"content":"        this.deadline \u003d deadline;","lastModifiedDate":"2023-01-31"},{"lineNumber":6,"author":{"gitId":"stephenkyang"},"content":"    }","lastModifiedDate":"2023-01-31"},{"lineNumber":7,"author":{"gitId":"stephenkyang"},"content":"    public String getDeadline() {","lastModifiedDate":"2023-01-31"},{"lineNumber":8,"author":{"gitId":"stephenkyang"},"content":"        return this.deadline;","lastModifiedDate":"2023-01-31"},{"lineNumber":9,"author":{"gitId":"stephenkyang"},"content":"    }","lastModifiedDate":"2023-01-31"},{"lineNumber":10,"author":{"gitId":"stephenkyang"},"content":"}","lastModifiedDate":"2023-01-31"}],"authorContributionMap":{"stephenkyang":10}},{"path":"src/main/java/Duke.java","fileType":"java","lines":[{"lineNumber":1,"author":{"gitId":"stephenkyang"},"content":"import java.util.ArrayList;","lastModifiedDate":"2023-01-27"},{"lineNumber":2,"author":{"gitId":"stephenkyang"},"content":"import java.util.List;","lastModifiedDate":"2023-01-31"},{"lineNumber":3,"author":{"gitId":"stephenkyang"},"content":"import java.util.Scanner;","lastModifiedDate":"2023-01-27"},{"lineNumber":4,"author":{"gitId":"stephenkyang"},"content":"","lastModifiedDate":"2023-01-27"},{"lineNumber":5,"author":{"gitId":"-"},"content":"public class Duke {","lastModifiedDate":"2019-07-29"},{"lineNumber":6,"author":{"gitId":"-"},"content":"    public static void main(String[] args) {","lastModifiedDate":"2019-07-29"},{"lineNumber":7,"author":{"gitId":"stephenkyang"},"content":"        Scanner input \u003d dukeStart();","lastModifiedDate":"2023-01-31"},{"lineNumber":8,"author":{"gitId":"stephenkyang"},"content":"        dukeAddList(input);","lastModifiedDate":"2023-01-31"},{"lineNumber":9,"author":{"gitId":"stephenkyang"},"content":"    }","lastModifiedDate":"2023-01-31"},{"lineNumber":10,"author":{"gitId":"stephenkyang"},"content":"","lastModifiedDate":"2023-01-31"},{"lineNumber":11,"author":{"gitId":"stephenkyang"},"content":"    // Printing the startup code","lastModifiedDate":"2023-01-31"},{"lineNumber":12,"author":{"gitId":"stephenkyang"},"content":"    public static Scanner dukeStart() {","lastModifiedDate":"2023-01-31"},{"lineNumber":13,"author":{"gitId":"-"},"content":"        String logo \u003d \" ____        _        \\n\"","lastModifiedDate":"2019-07-29"},{"lineNumber":14,"author":{"gitId":"-"},"content":"                + \"|  _ \\\\ _   _| | _____ \\n\"","lastModifiedDate":"2019-07-29"},{"lineNumber":15,"author":{"gitId":"-"},"content":"                + \"| | | | | | | |/ / _ \\\\\\n\"","lastModifiedDate":"2019-07-29"},{"lineNumber":16,"author":{"gitId":"-"},"content":"                + \"| |_| | |_| |   \u003c  __/\\n\"","lastModifiedDate":"2019-07-29"},{"lineNumber":17,"author":{"gitId":"-"},"content":"                + \"|____/ \\\\__,_|_|\\\\_\\\\___|\\n\";","lastModifiedDate":"2019-07-29"},{"lineNumber":18,"author":{"gitId":"-"},"content":"        System.out.println(\"Hello from\\n\" + logo);","lastModifiedDate":"2019-07-29"},{"lineNumber":19,"author":{"gitId":"stephenkyang"},"content":"        Scanner input \u003d new Scanner(System.in);  // Create a Scanner object","lastModifiedDate":"2023-01-27"},{"lineNumber":20,"author":{"gitId":"stephenkyang"},"content":"        System.out.println(\"Hello! I\u0027m Duke\\n\" + \"What can I do for you?\");","lastModifiedDate":"2023-01-25"},{"lineNumber":21,"author":{"gitId":"stephenkyang"},"content":"        return input;","lastModifiedDate":"2023-01-31"},{"lineNumber":22,"author":{"gitId":"stephenkyang"},"content":"    }","lastModifiedDate":"2023-01-27"},{"lineNumber":23,"author":{"gitId":"stephenkyang"},"content":"","lastModifiedDate":"2023-01-31"},{"lineNumber":24,"author":{"gitId":"stephenkyang"},"content":"    // The bulk of the logic (should change name soon)","lastModifiedDate":"2023-01-31"},{"lineNumber":25,"author":{"gitId":"stephenkyang"},"content":"    public static void dukeAddList(Scanner inputScanner) {","lastModifiedDate":"2023-01-31"},{"lineNumber":26,"author":{"gitId":"stephenkyang"},"content":"        ArrayList\u003cTask\u003e list \u003d new ArrayList\u003c\u003e();","lastModifiedDate":"2023-01-31"},{"lineNumber":27,"author":{"gitId":"stephenkyang"},"content":"        while (true) {","lastModifiedDate":"2023-01-31"},{"lineNumber":28,"author":{"gitId":"stephenkyang"},"content":"            String nextLine \u003d inputScanner.nextLine();","lastModifiedDate":"2023-01-31"},{"lineNumber":29,"author":{"gitId":"stephenkyang"},"content":"            if (nextLine.equals(\"list\")) {","lastModifiedDate":"2023-01-31"},{"lineNumber":30,"author":{"gitId":"stephenkyang"},"content":"                System.out.println(\"Here are the tasks in your list:\");","lastModifiedDate":"2023-01-31"},{"lineNumber":31,"author":{"gitId":"stephenkyang"},"content":"                dukeCommandList(list);","lastModifiedDate":"2023-01-31"},{"lineNumber":32,"author":{"gitId":"stephenkyang"},"content":"            } else if (nextLine.split(\" \", 0)[0].equals(\"mark\")) {","lastModifiedDate":"2023-01-31"},{"lineNumber":33,"author":{"gitId":"stephenkyang"},"content":"                dukeCommandMark(nextLine, list);","lastModifiedDate":"2023-01-31"},{"lineNumber":34,"author":{"gitId":"stephenkyang"},"content":"            } else if (nextLine.split(\" \", 0)[0].equals(\"deadline\")) {","lastModifiedDate":"2023-01-31"},{"lineNumber":35,"author":{"gitId":"stephenkyang"},"content":"                dukeCommandDeadline(nextLine, list);","lastModifiedDate":"2023-01-31"},{"lineNumber":36,"author":{"gitId":"stephenkyang"},"content":"            } else if (nextLine.split(\" \", 0)[0].equals(\"todo\")) {","lastModifiedDate":"2023-01-31"},{"lineNumber":37,"author":{"gitId":"stephenkyang"},"content":"                dukeCommandToDo(nextLine, list);","lastModifiedDate":"2023-01-31"},{"lineNumber":38,"author":{"gitId":"stephenkyang"},"content":"            } else if (nextLine.split(\" \", 0)[0].equals(\"event\")) {","lastModifiedDate":"2023-01-31"},{"lineNumber":39,"author":{"gitId":"stephenkyang"},"content":"                dukeCommandEvent(nextLine, list);","lastModifiedDate":"2023-01-31"},{"lineNumber":40,"author":{"gitId":"stephenkyang"},"content":"            } else if (nextLine.equals(\"bye\")) {","lastModifiedDate":"2023-01-31"},{"lineNumber":41,"author":{"gitId":"stephenkyang"},"content":"                System.out.println(\"Bye. Hope to see you again soon!\");","lastModifiedDate":"2023-01-31"},{"lineNumber":42,"author":{"gitId":"stephenkyang"},"content":"                return;","lastModifiedDate":"2023-01-31"},{"lineNumber":43,"author":{"gitId":"stephenkyang"},"content":"            } else {","lastModifiedDate":"2023-01-31"},{"lineNumber":44,"author":{"gitId":"stephenkyang"},"content":"                continue;","lastModifiedDate":"2023-01-31"},{"lineNumber":45,"author":{"gitId":"stephenkyang"},"content":"            }","lastModifiedDate":"2023-01-31"},{"lineNumber":46,"author":{"gitId":"stephenkyang"},"content":"        }","lastModifiedDate":"2023-01-31"},{"lineNumber":47,"author":{"gitId":"stephenkyang"},"content":"    }","lastModifiedDate":"2023-01-31"},{"lineNumber":48,"author":{"gitId":"stephenkyang"},"content":"","lastModifiedDate":"2023-01-31"},{"lineNumber":49,"author":{"gitId":"stephenkyang"},"content":"","lastModifiedDate":"2023-01-31"},{"lineNumber":50,"author":{"gitId":"stephenkyang"},"content":"    public static void dukeCommandList (List\u003cTask\u003e list) {","lastModifiedDate":"2023-01-31"},{"lineNumber":51,"author":{"gitId":"stephenkyang"},"content":"        for (Task task : list) {","lastModifiedDate":"2023-01-27"},{"lineNumber":52,"author":{"gitId":"stephenkyang"},"content":"            if (task instanceof Event) {","lastModifiedDate":"2023-01-31"},{"lineNumber":53,"author":{"gitId":"stephenkyang"},"content":"                printEvent((Event) task);","lastModifiedDate":"2023-01-31"},{"lineNumber":54,"author":{"gitId":"stephenkyang"},"content":"            } else if (task instanceof Deadline) {","lastModifiedDate":"2023-01-31"},{"lineNumber":55,"author":{"gitId":"stephenkyang"},"content":"                printDeadline((Deadline) task);","lastModifiedDate":"2023-01-31"},{"lineNumber":56,"author":{"gitId":"stephenkyang"},"content":"            } else {","lastModifiedDate":"2023-01-31"},{"lineNumber":57,"author":{"gitId":"stephenkyang"},"content":"                printTodo(task);","lastModifiedDate":"2023-01-31"},{"lineNumber":58,"author":{"gitId":"stephenkyang"},"content":"            }","lastModifiedDate":"2023-01-31"},{"lineNumber":59,"author":{"gitId":"stephenkyang"},"content":"        }","lastModifiedDate":"2023-01-31"},{"lineNumber":60,"author":{"gitId":"stephenkyang"},"content":"    }","lastModifiedDate":"2023-01-31"},{"lineNumber":61,"author":{"gitId":"stephenkyang"},"content":"","lastModifiedDate":"2023-01-31"},{"lineNumber":62,"author":{"gitId":"stephenkyang"},"content":"    // Helper functions for dukeCommandList","lastModifiedDate":"2023-01-31"},{"lineNumber":63,"author":{"gitId":"stephenkyang"},"content":"    private static void printEvent(Event event) {","lastModifiedDate":"2023-01-31"},{"lineNumber":64,"author":{"gitId":"stephenkyang"},"content":"        if (event.isDone()) {","lastModifiedDate":"2023-01-31"},{"lineNumber":65,"author":{"gitId":"stephenkyang"},"content":"            System.out.println(event.getIndex() + \". [E][X] \" + event.getTaskName() +","lastModifiedDate":"2023-01-31"},{"lineNumber":66,"author":{"gitId":"stephenkyang"},"content":"                    \" (from: \" + event.getStart() + \" to: \" + event.getDeadline() + \")\");","lastModifiedDate":"2023-01-31"},{"lineNumber":67,"author":{"gitId":"stephenkyang"},"content":"        } else {","lastModifiedDate":"2023-01-31"},{"lineNumber":68,"author":{"gitId":"stephenkyang"},"content":"            System.out.println(event.getIndex() + \". [E][ ] \" + event.getTaskName() +","lastModifiedDate":"2023-01-31"},{"lineNumber":69,"author":{"gitId":"stephenkyang"},"content":"                    \" (from: \" + event.getStart() + \" to: \" + event.getDeadline() + \")\");","lastModifiedDate":"2023-01-31"},{"lineNumber":70,"author":{"gitId":"stephenkyang"},"content":"        }","lastModifiedDate":"2023-01-31"},{"lineNumber":71,"author":{"gitId":"stephenkyang"},"content":"    }","lastModifiedDate":"2023-01-31"},{"lineNumber":72,"author":{"gitId":"stephenkyang"},"content":"    private static void printDeadline(Deadline deadline) {","lastModifiedDate":"2023-01-31"},{"lineNumber":73,"author":{"gitId":"stephenkyang"},"content":"        if (deadline.isDone()) {","lastModifiedDate":"2023-01-31"},{"lineNumber":74,"author":{"gitId":"stephenkyang"},"content":"            System.out.println(deadline.getIndex() + \". [D][X] \" + deadline.getTaskName() +","lastModifiedDate":"2023-01-31"},{"lineNumber":75,"author":{"gitId":"stephenkyang"},"content":"                    \" (by: \" + deadline.getDeadline() + \")\");","lastModifiedDate":"2023-01-31"},{"lineNumber":76,"author":{"gitId":"stephenkyang"},"content":"        } else {","lastModifiedDate":"2023-01-31"},{"lineNumber":77,"author":{"gitId":"stephenkyang"},"content":"            System.out.println(deadline.getIndex() + \". [D][ ] \" + deadline.getTaskName() +","lastModifiedDate":"2023-01-31"},{"lineNumber":78,"author":{"gitId":"stephenkyang"},"content":"                    \" (by: \" + deadline.getDeadline() + \")\");","lastModifiedDate":"2023-01-31"},{"lineNumber":79,"author":{"gitId":"stephenkyang"},"content":"        }","lastModifiedDate":"2023-01-31"},{"lineNumber":80,"author":{"gitId":"stephenkyang"},"content":"    }","lastModifiedDate":"2023-01-31"},{"lineNumber":81,"author":{"gitId":"stephenkyang"},"content":"","lastModifiedDate":"2023-01-31"},{"lineNumber":82,"author":{"gitId":"stephenkyang"},"content":"    private static void printTodo(Task task) {","lastModifiedDate":"2023-01-31"},{"lineNumber":83,"author":{"gitId":"stephenkyang"},"content":"        if (task.isDone()) {","lastModifiedDate":"2023-01-27"},{"lineNumber":84,"author":{"gitId":"stephenkyang"},"content":"            System.out.println(task.getIndex() + \". [T][X] \" + task.getTaskName());","lastModifiedDate":"2023-01-31"},{"lineNumber":85,"author":{"gitId":"stephenkyang"},"content":"        } else {","lastModifiedDate":"2023-01-27"},{"lineNumber":86,"author":{"gitId":"stephenkyang"},"content":"            System.out.println(task.getIndex() + \". [T][ ] \" + task.getTaskName());","lastModifiedDate":"2023-01-31"},{"lineNumber":87,"author":{"gitId":"stephenkyang"},"content":"        }","lastModifiedDate":"2023-01-27"},{"lineNumber":88,"author":{"gitId":"stephenkyang"},"content":"    }","lastModifiedDate":"2023-01-27"},{"lineNumber":89,"author":{"gitId":"stephenkyang"},"content":"","lastModifiedDate":"2023-01-31"},{"lineNumber":90,"author":{"gitId":"stephenkyang"},"content":"    public static void dukeCommandMark(String nextLine, List\u003cTask\u003e list) {","lastModifiedDate":"2023-01-31"},{"lineNumber":91,"author":{"gitId":"stephenkyang"},"content":"        String[] inputArray \u003d nextLine.split(\" \", 0);","lastModifiedDate":"2023-01-31"},{"lineNumber":92,"author":{"gitId":"stephenkyang"},"content":"        if (inputArray.length !\u003d 2) {","lastModifiedDate":"2023-01-27"},{"lineNumber":93,"author":{"gitId":"stephenkyang"},"content":"            return;","lastModifiedDate":"2023-01-31"},{"lineNumber":94,"author":{"gitId":"stephenkyang"},"content":"        }","lastModifiedDate":"2023-01-27"},{"lineNumber":95,"author":{"gitId":"stephenkyang"},"content":"        int index;","lastModifiedDate":"2023-01-27"},{"lineNumber":96,"author":{"gitId":"stephenkyang"},"content":"        try {","lastModifiedDate":"2023-01-27"},{"lineNumber":97,"author":{"gitId":"stephenkyang"},"content":"            index \u003d Integer.parseInt(inputArray[1]);","lastModifiedDate":"2023-01-27"},{"lineNumber":98,"author":{"gitId":"stephenkyang"},"content":"        } catch (NumberFormatException e) {","lastModifiedDate":"2023-01-27"},{"lineNumber":99,"author":{"gitId":"stephenkyang"},"content":"            return;","lastModifiedDate":"2023-01-31"},{"lineNumber":100,"author":{"gitId":"stephenkyang"},"content":"        }","lastModifiedDate":"2023-01-27"},{"lineNumber":101,"author":{"gitId":"stephenkyang"},"content":"        if (index \u003e list.size() - 1) {","lastModifiedDate":"2023-01-27"},{"lineNumber":102,"author":{"gitId":"stephenkyang"},"content":"            return;","lastModifiedDate":"2023-01-31"},{"lineNumber":103,"author":{"gitId":"stephenkyang"},"content":"        }","lastModifiedDate":"2023-01-27"},{"lineNumber":104,"author":{"gitId":"stephenkyang"},"content":"        Task task \u003d list.get(index);","lastModifiedDate":"2023-01-27"},{"lineNumber":105,"author":{"gitId":"stephenkyang"},"content":"        if (!task.isDone()) {","lastModifiedDate":"2023-01-27"},{"lineNumber":106,"author":{"gitId":"stephenkyang"},"content":"            task.doTask();","lastModifiedDate":"2023-01-27"},{"lineNumber":107,"author":{"gitId":"stephenkyang"},"content":"        }","lastModifiedDate":"2023-01-27"},{"lineNumber":108,"author":{"gitId":"stephenkyang"},"content":"    }","lastModifiedDate":"2023-01-31"},{"lineNumber":109,"author":{"gitId":"stephenkyang"},"content":"","lastModifiedDate":"2023-01-31"},{"lineNumber":110,"author":{"gitId":"stephenkyang"},"content":"    public static void dukeCommandEvent(String nextLine, List\u003cTask\u003e list) {","lastModifiedDate":"2023-01-31"},{"lineNumber":111,"author":{"gitId":"stephenkyang"},"content":"        String lineWithoutCommand;","lastModifiedDate":"2023-01-31"},{"lineNumber":112,"author":{"gitId":"stephenkyang"},"content":"        try {","lastModifiedDate":"2023-01-31"},{"lineNumber":113,"author":{"gitId":"stephenkyang"},"content":"            lineWithoutCommand \u003d nextLine.split(\" \", 2)[1];","lastModifiedDate":"2023-01-31"},{"lineNumber":114,"author":{"gitId":"stephenkyang"},"content":"        } catch (ArrayIndexOutOfBoundsException e) {","lastModifiedDate":"2023-01-31"},{"lineNumber":115,"author":{"gitId":"stephenkyang"},"content":"            return;","lastModifiedDate":"2023-01-31"},{"lineNumber":116,"author":{"gitId":"stephenkyang"},"content":"        }","lastModifiedDate":"2023-01-31"},{"lineNumber":117,"author":{"gitId":"stephenkyang"},"content":"        String[] regexOutput \u003d lineWithoutCommand.split(\"/\", 0);","lastModifiedDate":"2023-01-31"},{"lineNumber":118,"author":{"gitId":"stephenkyang"},"content":"        if (regexOutput.length !\u003d 3) {","lastModifiedDate":"2023-01-31"},{"lineNumber":119,"author":{"gitId":"stephenkyang"},"content":"            return;","lastModifiedDate":"2023-01-31"},{"lineNumber":120,"author":{"gitId":"stephenkyang"},"content":"        }","lastModifiedDate":"2023-01-31"},{"lineNumber":121,"author":{"gitId":"stephenkyang"},"content":"        String eventName \u003d regexOutput[0];","lastModifiedDate":"2023-01-31"},{"lineNumber":122,"author":{"gitId":"stephenkyang"},"content":"        String startDate \u003d regexOutput[1];","lastModifiedDate":"2023-01-31"},{"lineNumber":123,"author":{"gitId":"stephenkyang"},"content":"        String endDate \u003d regexOutput[2];","lastModifiedDate":"2023-02-01"},{"lineNumber":124,"author":{"gitId":"stephenkyang"},"content":"        Deadline deadline \u003d new Event(eventName, list.size(), startDate, endDate);","lastModifiedDate":"2023-01-31"},{"lineNumber":125,"author":{"gitId":"stephenkyang"},"content":"        list.add(deadline);","lastModifiedDate":"2023-01-31"},{"lineNumber":126,"author":{"gitId":"stephenkyang"},"content":"    }","lastModifiedDate":"2023-01-31"},{"lineNumber":127,"author":{"gitId":"stephenkyang"},"content":"    public static void dukeCommandDeadline(String nextLine, List\u003cTask\u003e list) {","lastModifiedDate":"2023-01-31"},{"lineNumber":128,"author":{"gitId":"stephenkyang"},"content":"//        System.out.println(nextLine);","lastModifiedDate":"2023-01-31"},{"lineNumber":129,"author":{"gitId":"stephenkyang"},"content":"        String lineWithoutCommand;","lastModifiedDate":"2023-01-31"},{"lineNumber":130,"author":{"gitId":"stephenkyang"},"content":"        try {","lastModifiedDate":"2023-01-31"},{"lineNumber":131,"author":{"gitId":"stephenkyang"},"content":"            lineWithoutCommand \u003d nextLine.split(\" \", 2)[1];","lastModifiedDate":"2023-01-31"},{"lineNumber":132,"author":{"gitId":"stephenkyang"},"content":"        } catch (ArrayIndexOutOfBoundsException e) {","lastModifiedDate":"2023-01-31"},{"lineNumber":133,"author":{"gitId":"stephenkyang"},"content":"            return;","lastModifiedDate":"2023-01-31"},{"lineNumber":134,"author":{"gitId":"stephenkyang"},"content":"        }","lastModifiedDate":"2023-01-31"},{"lineNumber":135,"author":{"gitId":"stephenkyang"},"content":"        String[] regexOutput \u003d lineWithoutCommand.split(\"/\", 0);","lastModifiedDate":"2023-01-31"},{"lineNumber":136,"author":{"gitId":"stephenkyang"},"content":"        if (regexOutput.length !\u003d 2) {","lastModifiedDate":"2023-01-31"},{"lineNumber":137,"author":{"gitId":"stephenkyang"},"content":"            return;","lastModifiedDate":"2023-01-31"},{"lineNumber":138,"author":{"gitId":"stephenkyang"},"content":"        }","lastModifiedDate":"2023-01-31"},{"lineNumber":139,"author":{"gitId":"stephenkyang"},"content":"        String deadlineName \u003d regexOutput[0];","lastModifiedDate":"2023-01-31"},{"lineNumber":140,"author":{"gitId":"stephenkyang"},"content":"        String deadlineDate \u003d regexOutput[1];","lastModifiedDate":"2023-01-31"},{"lineNumber":141,"author":{"gitId":"stephenkyang"},"content":"        Deadline deadline \u003d new Deadline(deadlineName, list.size(), deadlineDate);","lastModifiedDate":"2023-01-31"},{"lineNumber":142,"author":{"gitId":"stephenkyang"},"content":"        list.add(deadline);","lastModifiedDate":"2023-01-31"},{"lineNumber":143,"author":{"gitId":"stephenkyang"},"content":"    }","lastModifiedDate":"2023-01-31"},{"lineNumber":144,"author":{"gitId":"stephenkyang"},"content":"    public static void dukeCommandToDo(String nextLine, List\u003cTask\u003e list) {","lastModifiedDate":"2023-01-31"},{"lineNumber":145,"author":{"gitId":"stephenkyang"},"content":"        String lineWithoutCommand;","lastModifiedDate":"2023-01-31"},{"lineNumber":146,"author":{"gitId":"stephenkyang"},"content":"        try {","lastModifiedDate":"2023-01-31"},{"lineNumber":147,"author":{"gitId":"stephenkyang"},"content":"            lineWithoutCommand \u003d nextLine.split(\" \", 2)[1];","lastModifiedDate":"2023-01-31"},{"lineNumber":148,"author":{"gitId":"stephenkyang"},"content":"        } catch (ArrayIndexOutOfBoundsException e) {","lastModifiedDate":"2023-01-31"},{"lineNumber":149,"author":{"gitId":"stephenkyang"},"content":"            return;","lastModifiedDate":"2023-01-31"},{"lineNumber":150,"author":{"gitId":"stephenkyang"},"content":"        }","lastModifiedDate":"2023-01-31"},{"lineNumber":151,"author":{"gitId":"stephenkyang"},"content":"        Task task \u003d new Task(lineWithoutCommand, list.size());","lastModifiedDate":"2023-01-31"},{"lineNumber":152,"author":{"gitId":"stephenkyang"},"content":"        list.add(task);","lastModifiedDate":"2023-01-31"},{"lineNumber":153,"author":{"gitId":"stephenkyang"},"content":"","lastModifiedDate":"2023-01-31"},{"lineNumber":154,"author":{"gitId":"stephenkyang"},"content":"    }","lastModifiedDate":"2023-01-31"},{"lineNumber":155,"author":{"gitId":"stephenkyang"},"content":"","lastModifiedDate":"2023-01-27"},{"lineNumber":156,"author":{"gitId":"stephenkyang"},"content":"","lastModifiedDate":"2023-01-31"},{"lineNumber":157,"author":{"gitId":"stephenkyang"},"content":"","lastModifiedDate":"2023-01-31"},{"lineNumber":158,"author":{"gitId":"stephenkyang"},"content":"","lastModifiedDate":"2023-01-31"},{"lineNumber":159,"author":{"gitId":"stephenkyang"},"content":"","lastModifiedDate":"2023-01-31"},{"lineNumber":160,"author":{"gitId":"stephenkyang"},"content":"    //Code not needed for Level-1","lastModifiedDate":"2023-01-31"},{"lineNumber":161,"author":{"gitId":"stephenkyang"},"content":"    public static void dukeEcho(Scanner inputScanner) {","lastModifiedDate":"2023-01-27"},{"lineNumber":162,"author":{"gitId":"stephenkyang"},"content":"        while (true) {","lastModifiedDate":"2023-01-27"},{"lineNumber":163,"author":{"gitId":"stephenkyang"},"content":"            String echo \u003d inputScanner.nextLine();","lastModifiedDate":"2023-01-27"},{"lineNumber":164,"author":{"gitId":"stephenkyang"},"content":"            if (echo.equals(\"bye\")) {","lastModifiedDate":"2023-01-27"},{"lineNumber":165,"author":{"gitId":"stephenkyang"},"content":"                System.out.println(\"Bye. Hope to see you again soon!\");","lastModifiedDate":"2023-01-25"},{"lineNumber":166,"author":{"gitId":"stephenkyang"},"content":"                return;","lastModifiedDate":"2023-01-27"},{"lineNumber":167,"author":{"gitId":"stephenkyang"},"content":"            }","lastModifiedDate":"2023-01-27"},{"lineNumber":168,"author":{"gitId":"stephenkyang"},"content":"            System.out.println(echo);","lastModifiedDate":"2023-01-27"},{"lineNumber":169,"author":{"gitId":"stephenkyang"},"content":"        }","lastModifiedDate":"2023-01-27"},{"lineNumber":170,"author":{"gitId":"-"},"content":"    }","lastModifiedDate":"2019-07-29"},{"lineNumber":171,"author":{"gitId":"-"},"content":"}","lastModifiedDate":"2019-07-29"}],"authorContributionMap":{"-":10,"stephenkyang":161}},{"path":"src/main/java/Event.java","fileType":"java","lines":[{"lineNumber":1,"author":{"gitId":"stephenkyang"},"content":"public class Event extends Deadline{","lastModifiedDate":"2023-01-31"},{"lineNumber":2,"author":{"gitId":"stephenkyang"},"content":"    private final String start;","lastModifiedDate":"2023-01-31"},{"lineNumber":3,"author":{"gitId":"stephenkyang"},"content":"    public Event(String taskName, int index, String start, String deadline) {","lastModifiedDate":"2023-01-31"},{"lineNumber":4,"author":{"gitId":"stephenkyang"},"content":"        super(taskName, index, deadline);","lastModifiedDate":"2023-01-31"},{"lineNumber":5,"author":{"gitId":"stephenkyang"},"content":"        this.start \u003d start;","lastModifiedDate":"2023-01-31"},{"lineNumber":6,"author":{"gitId":"stephenkyang"},"content":"    }","lastModifiedDate":"2023-01-31"},{"lineNumber":7,"author":{"gitId":"stephenkyang"},"content":"    public String getStart() {","lastModifiedDate":"2023-01-31"},{"lineNumber":8,"author":{"gitId":"stephenkyang"},"content":"        return this.start;","lastModifiedDate":"2023-01-31"},{"lineNumber":9,"author":{"gitId":"stephenkyang"},"content":"    }","lastModifiedDate":"2023-01-31"},{"lineNumber":10,"author":{"gitId":"stephenkyang"},"content":"}","lastModifiedDate":"2023-01-31"}],"authorContributionMap":{"stephenkyang":10}},{"path":"src/main/java/Task.java","fileType":"java","lines":[{"lineNumber":1,"author":{"gitId":"stephenkyang"},"content":"public class Task {","lastModifiedDate":"2023-01-27"},{"lineNumber":2,"author":{"gitId":"stephenkyang"},"content":"","lastModifiedDate":"2023-01-27"},{"lineNumber":3,"author":{"gitId":"stephenkyang"},"content":"    private final String taskName;","lastModifiedDate":"2023-01-27"},{"lineNumber":4,"author":{"gitId":"stephenkyang"},"content":"    private boolean isDone;","lastModifiedDate":"2023-01-27"},{"lineNumber":5,"author":{"gitId":"stephenkyang"},"content":"    private int index;","lastModifiedDate":"2023-01-27"},{"lineNumber":6,"author":{"gitId":"stephenkyang"},"content":"","lastModifiedDate":"2023-01-27"},{"lineNumber":7,"author":{"gitId":"stephenkyang"},"content":"    public Task(String taskName, int index) {","lastModifiedDate":"2023-01-27"},{"lineNumber":8,"author":{"gitId":"stephenkyang"},"content":"        this(taskName, false, index);","lastModifiedDate":"2023-01-27"},{"lineNumber":9,"author":{"gitId":"stephenkyang"},"content":"    }","lastModifiedDate":"2023-01-27"},{"lineNumber":10,"author":{"gitId":"stephenkyang"},"content":"","lastModifiedDate":"2023-01-27"},{"lineNumber":11,"author":{"gitId":"stephenkyang"},"content":"    public Task(String taskName, boolean isDone, int index) {","lastModifiedDate":"2023-01-27"},{"lineNumber":12,"author":{"gitId":"stephenkyang"},"content":"        this.taskName \u003d taskName;","lastModifiedDate":"2023-01-27"},{"lineNumber":13,"author":{"gitId":"stephenkyang"},"content":"        this.isDone \u003d isDone;","lastModifiedDate":"2023-01-27"},{"lineNumber":14,"author":{"gitId":"stephenkyang"},"content":"        this.index \u003d index;","lastModifiedDate":"2023-01-27"},{"lineNumber":15,"author":{"gitId":"stephenkyang"},"content":"    }","lastModifiedDate":"2023-01-27"},{"lineNumber":16,"author":{"gitId":"stephenkyang"},"content":"","lastModifiedDate":"2023-01-27"},{"lineNumber":17,"author":{"gitId":"stephenkyang"},"content":"    public boolean isDone() {","lastModifiedDate":"2023-01-27"},{"lineNumber":18,"author":{"gitId":"stephenkyang"},"content":"        return this.isDone;","lastModifiedDate":"2023-01-27"},{"lineNumber":19,"author":{"gitId":"stephenkyang"},"content":"    }","lastModifiedDate":"2023-01-27"},{"lineNumber":20,"author":{"gitId":"stephenkyang"},"content":"    public String getTaskName() {","lastModifiedDate":"2023-01-27"},{"lineNumber":21,"author":{"gitId":"stephenkyang"},"content":"        return this.taskName;","lastModifiedDate":"2023-01-27"},{"lineNumber":22,"author":{"gitId":"stephenkyang"},"content":"    }","lastModifiedDate":"2023-01-27"},{"lineNumber":23,"author":{"gitId":"stephenkyang"},"content":"    public int getIndex() {","lastModifiedDate":"2023-01-27"},{"lineNumber":24,"author":{"gitId":"stephenkyang"},"content":"        return this.index;","lastModifiedDate":"2023-01-27"},{"lineNumber":25,"author":{"gitId":"stephenkyang"},"content":"    }","lastModifiedDate":"2023-01-27"},{"lineNumber":26,"author":{"gitId":"stephenkyang"},"content":"","lastModifiedDate":"2023-01-27"},{"lineNumber":27,"author":{"gitId":"stephenkyang"},"content":"    public void doTask() {","lastModifiedDate":"2023-01-27"},{"lineNumber":28,"author":{"gitId":"stephenkyang"},"content":"        if (this.isDone) {","lastModifiedDate":"2023-01-27"},{"lineNumber":29,"author":{"gitId":"stephenkyang"},"content":"            System.out.println(\"Task is done already\");","lastModifiedDate":"2023-01-27"},{"lineNumber":30,"author":{"gitId":"stephenkyang"},"content":"            return;","lastModifiedDate":"2023-01-27"},{"lineNumber":31,"author":{"gitId":"stephenkyang"},"content":"        }","lastModifiedDate":"2023-01-27"},{"lineNumber":32,"author":{"gitId":"stephenkyang"},"content":"        this.isDone \u003d true;","lastModifiedDate":"2023-01-27"},{"lineNumber":33,"author":{"gitId":"stephenkyang"},"content":"    }","lastModifiedDate":"2023-01-27"},{"lineNumber":34,"author":{"gitId":"stephenkyang"},"content":"","lastModifiedDate":"2023-01-27"},{"lineNumber":35,"author":{"gitId":"stephenkyang"},"content":"    public void undoTask() {","lastModifiedDate":"2023-01-27"},{"lineNumber":36,"author":{"gitId":"stephenkyang"},"content":"        if (!this.isDone) {","lastModifiedDate":"2023-01-27"},{"lineNumber":37,"author":{"gitId":"stephenkyang"},"content":"            System.out.println(\"Task has not been started\");","lastModifiedDate":"2023-01-27"},{"lineNumber":38,"author":{"gitId":"stephenkyang"},"content":"            return;","lastModifiedDate":"2023-01-27"},{"lineNumber":39,"author":{"gitId":"stephenkyang"},"content":"        }","lastModifiedDate":"2023-01-27"},{"lineNumber":40,"author":{"gitId":"stephenkyang"},"content":"        this.isDone \u003d false;","lastModifiedDate":"2023-01-27"},{"lineNumber":41,"author":{"gitId":"stephenkyang"},"content":"    }","lastModifiedDate":"2023-01-27"},{"lineNumber":42,"author":{"gitId":"stephenkyang"},"content":"","lastModifiedDate":"2023-01-27"},{"lineNumber":43,"author":{"gitId":"stephenkyang"},"content":"}","lastModifiedDate":"2023-01-27"}],"authorContributionMap":{"stephenkyang":43}}]
