{"authorDailyContributionsMap":{"L0Z1K":[{"date":"2023-01-14","commitResults":[{"hash":"f7981589707194244a59fd910bd36e612acfe6e4","isMergeCommit":false,"messageTitle":"feat: Complete \u0027level-0:Greet\u0027","messageBody":"I changed my chatbot name to Orca, which is my favorite animal.\nI added a simple greeting message.\n","fileTypesAndContributionMap":{"java":{"insertions":15,"deletions":6}}}]},{"date":"2023-01-20","commitResults":[{"hash":"b405707db0ac608620eeaa0a04b9e3f903edfbac","isMergeCommit":false,"messageTitle":"Feat: echo the message and exit when receives bye","messageBody":"","tags":["Level-1"],"fileTypesAndContributionMap":{"java":{"insertions":30,"deletions":13}}},{"hash":"b1148b6035e642bd40773257c099386d36368360","isMergeCommit":false,"messageTitle":"Feat: Add list for storing todo and show them","messageBody":"","tags":["Level-2"],"fileTypesAndContributionMap":{"java":{"insertions":21,"deletions":4}}},{"hash":"4070a94e5b8804a0d60f86fa6804d10438159d9a","isMergeCommit":false,"messageTitle":"Feat: Mark whether task is done","messageBody":"","fileTypesAndContributionMap":{"java":{"insertions":19,"deletions":1}}},{"hash":"e9f018150046d30337bfd1cff9838b3a8eb92c1a","isMergeCommit":false,"messageTitle":"Refactor: Add task class","messageBody":"","tags":["Level-3","A-CodingStandard"],"fileTypesAndContributionMap":{"java":{"insertions":32,"deletions":11}}}]},{"date":"2023-01-27","commitResults":[{"hash":"fbbff8bce0609b899d3d9a3415ff688cdecd6df0","isMergeCommit":false,"messageTitle":"Fix: Change my file name","messageBody":"","fileTypesAndContributionMap":{"java":{"insertions":4,"deletions":4}}}]},{"date":"2023-01-28","commitResults":[{"hash":"ee9cf55a4f29fdd444b780bebabd919a13f17ce3","isMergeCommit":false,"messageTitle":"feat: Add Todo, Event, Deadline","messageBody":"","tags":["Level-4"],"fileTypesAndContributionMap":{"java":{"insertions":70,"deletions":11}}},{"hash":"ed7037684a156fdd47a24957ef58c3415baededc","isMergeCommit":false,"messageTitle":"Test: Add text-ui-test","messageBody":"","tags":["A-TextUiTesting"],"fileTypesAndContributionMap":{"txt":{"insertions":6,"deletions":0},"sh":{"insertions":4,"deletions":4}}},{"hash":"3143b22ccedc39d14f0ce356ef087a85ddcbab34","isMergeCommit":false,"messageTitle":"Refactor: improve code quality","messageBody":"","tags":["A-CodeQuality"],"fileTypesAndContributionMap":{"java":{"insertions":169,"deletions":86}}}]},{"date":"2023-02-02","commitResults":[{"hash":"81b0eecf1139b079003df252430c42f8f0b72aad","isMergeCommit":false,"messageTitle":"Hotfix: Integer parse error","messageBody":"","fileTypesAndContributionMap":{"java":{"insertions":1,"deletions":1}}}]},{"date":"2023-02-03","commitResults":[{"hash":"086fba69a057fe243502f6f995f972f44da307b3","isMergeCommit":false,"messageTitle":"Fix: Cannot exit the process","messageBody":"","fileTypesAndContributionMap":{"java":{"insertions":9,"deletions":4}}},{"hash":"6f5b823f54d0c34df7166a6ee346c68e82cdc280","isMergeCommit":false,"messageTitle":"Feat: Add OrcaException","messageBody":"","fileTypesAndContributionMap":{"java":{"insertions":47,"deletions":16}}},{"hash":"980f6cec70f7aea3c935753cb12e2290717310c1","isMergeCommit":false,"messageTitle":"Feat: Add exception to mark/unmark","messageBody":"","fileTypesAndContributionMap":{"java":{"insertions":4,"deletions":2}}},{"hash":"e3759c611a81eed353716a7ff4d2c9a804d38a0b","isMergeCommit":false,"messageTitle":"Feat: Add Exception to event/deadline command","messageBody":"","fileTypesAndContributionMap":{"java":{"insertions":13,"deletions":5}}},{"hash":"492a0f163298baa17b3b72f3bb92ec97e4958691","isMergeCommit":true,"messageTitle":"Merge pull request #1 from L0Z1K/branch-Level-5","messageBody":"Branch level 5","tags":["Level-5","A-Exceptions"],"fileTypesAndContributionMap":{}},{"hash":"cad9069def613c3b8ea4a195d83a68e880e7a76d","isMergeCommit":false,"messageTitle":"Refactor: Make orca package","messageBody":"","tags":["A-Packages"],"fileTypesAndContributionMap":{"java":{"insertions":24,"deletions":0},"sh":{"insertions":1,"deletions":1}}}]},{"date":"2023-02-11","commitResults":[{"hash":"be6572c1a3b517d88e9bff5ea36ab40bb8de923e","isMergeCommit":false,"messageTitle":"Refactor: Use ArrayList for Tasks","messageBody":"","tags":["A-Collections"],"fileTypesAndContributionMap":{"java":{"insertions":11,"deletions":13}}},{"hash":"118b5c44ca19944997fcce2f5f410945d79184c6","isMergeCommit":false,"messageTitle":"Feat: Add delete operation","messageBody":"","tags":["Level-6"],"fileTypesAndContributionMap":{"java":{"insertions":20,"deletions":1}}},{"hash":"d68feda67c474e906b4e757565fc8ec7c1526c8f","isMergeCommit":false,"messageTitle":"Feat: Save and Load data from disk","messageBody":"","fileTypesAndContributionMap":{"java":{"insertions":77,"deletions":0}}},{"hash":"0c0f6d534aad508d6671eef216adae12b5b54b36","isMergeCommit":true,"messageTitle":"Merge pull request #2 from L0Z1K/branch-Level-6","messageBody":"Branch level 6","fileTypesAndContributionMap":{}},{"hash":"f68437175ed9c3dc4e95bc0dd53a14b72e11fb48","isMergeCommit":true,"messageTitle":"Merge branch \u0027master\u0027 into branch-Level-7","messageBody":"","fileTypesAndContributionMap":{}},{"hash":"eedeb636f544d41c1b6dd8318ed6e974a1a998bd","isMergeCommit":false,"messageTitle":"Fix: Resolve to use Arraylist","messageBody":"","tags":["Level-7","A-Jar"],"fileTypesAndContributionMap":{"java":{"insertions":5,"deletions":6}}},{"hash":"102f4a698b393fb0ea037f89bd82b0f5001377e0","isMergeCommit":true,"messageTitle":"Merge pull request #3 from L0Z1K/branch-Level-7","messageBody":"Feat: Save and Load data from disk","fileTypesAndContributionMap":{}}]},{"date":"2023-02-18","commitResults":[{"hash":"2c5f083c52d51a910403ba6142646ee78813e34c","isMergeCommit":false,"messageTitle":"Refactor: Add Ui class","messageBody":"","fileTypesAndContributionMap":{"java":{"insertions":91,"deletions":67}}}]},{"date":"2023-02-19","commitResults":[{"hash":"6d7418138be650a2c4dd7969253d912eb0160e72","isMergeCommit":false,"messageTitle":"Refactor: Add TaskList class","messageBody":"","fileTypesAndContributionMap":{"java":{"insertions":127,"deletions":103}}},{"hash":"6d39ca931809e31f394686787f90fdde39e3a9e6","isMergeCommit":false,"messageTitle":"Refactor: Add Storage class","messageBody":"","fileTypesAndContributionMap":{"java":{"insertions":66,"deletions":53}}},{"hash":"18b9c2c2705b088d76b840befbd12b4b91fc596d","isMergeCommit":false,"messageTitle":"Refactor: Add Parser class","messageBody":"","fileTypesAndContributionMap":{"sh":{"insertions":1,"deletions":1}}}]},{"date":"2023-02-28","commitResults":[{"hash":"5d3cfb058066a612939db736e44329ad93bef4fa","isMergeCommit":false,"messageTitle":"Refactor: Add parser","messageBody":"","tags":["A-MoreOOP"],"fileTypesAndContributionMap":{"java":{"insertions":51,"deletions":47}}},{"hash":"9056afa3753a96cc6f5d1250d2a14bb9f54b3a8b","isMergeCommit":false,"messageTitle":"Feat: Add find","messageBody":"","tags":["Level-9"],"fileTypesAndContributionMap":{"java":{"insertions":25,"deletions":1}}},{"hash":"878c9a17931f0b005ba632a12345910410b3a17c","isMergeCommit":false,"messageTitle":"Style: Add javadoc","messageBody":"","fileTypesAndContributionMap":{"java":{"insertions":93,"deletions":0}}},{"hash":"7f3e16ea876faae56137179d7da1203b8a4f67cd","isMergeCommit":true,"messageTitle":"Merge pull request #4 from L0Z1K/branch-Level-9","messageBody":"Feat: Add find","fileTypesAndContributionMap":{}},{"hash":"0de2a4710bbbd4dbbfeff5bccf8dcaf13d0dab32","isMergeCommit":true,"messageTitle":"Merge branch \u0027master\u0027 into branch-a-javadoc","messageBody":"","fileTypesAndContributionMap":{}},{"hash":"e0403aa31a2729927cb480220d17f29d76eeefca","isMergeCommit":true,"messageTitle":"Merge pull request #5 from L0Z1K/branch-a-javadoc","messageBody":"Style: Add javadoc","tags":["A-JavaDoc"],"fileTypesAndContributionMap":{}},{"hash":"766f0ab9136cfe365b5def099c7483be181ea4e0","isMergeCommit":false,"messageTitle":"Docs: Add User Guide","messageBody":"","fileTypesAndContributionMap":{"md":{"insertions":168,"deletions":11}}},{"hash":"21f81653257243b0abea8b78a1733bd3855dd9fd","isMergeCommit":true,"messageTitle":"Merge pull request #6 from L0Z1K/branch-A-UserGuide","messageBody":"Docs: Add User Guide","tags":["A-UserGuide"],"fileTypesAndContributionMap":{}},{"hash":"380d83a0242c22c52432f2a9d1e1fab8830a2047","isMergeCommit":false,"messageTitle":"Feat: exception handling to find command","messageBody":"","tags":["A-Release"],"fileTypesAndContributionMap":{"java":{"insertions":13,"deletions":5}}}]}]},"authorFileTypeContributionMap":{"L0Z1K":{"java":588,"md":155,"fxml":0,"sh":5,"bat":0,"gradle":0,"txt":6}},"authorContributionVariance":{"L0Z1K":9196.593},"authorDisplayNameMap":{"L0Z1K":"CS2113-T12-3 BAEK..GYUN"}}
