{"authorDailyContributionsMap":{"L0Z1K":[{"date":"2023-01-14","commitResults":[{"hash":"f7981589707194244a59fd910bd36e612acfe6e4","messageTitle":"feat: Complete \u0027level-0:Greet\u0027","messageBody":"I changed my chatbot name to Orca, which is my favorite animal.\nI added a simple greeting message.\n","fileTypesAndContributionMap":{"java":{"insertions":15,"deletions":6}}}]},{"date":"2023-01-20","commitResults":[{"hash":"b405707db0ac608620eeaa0a04b9e3f903edfbac","messageTitle":"Feat: echo the message and exit when receives bye","messageBody":"","tags":["Level-1"],"fileTypesAndContributionMap":{"java":{"insertions":30,"deletions":13}}},{"hash":"b1148b6035e642bd40773257c099386d36368360","messageTitle":"Feat: Add list for storing todo and show them","messageBody":"","tags":["Level-2"],"fileTypesAndContributionMap":{"java":{"insertions":21,"deletions":4}}},{"hash":"4070a94e5b8804a0d60f86fa6804d10438159d9a","messageTitle":"Feat: Mark whether task is done","messageBody":"","fileTypesAndContributionMap":{"java":{"insertions":19,"deletions":1}}},{"hash":"e9f018150046d30337bfd1cff9838b3a8eb92c1a","messageTitle":"Refactor: Add task class","messageBody":"","tags":["Level-3","A-CodingStandard"],"fileTypesAndContributionMap":{"java":{"insertions":32,"deletions":11}}}]},{"date":"2023-01-27","commitResults":[{"hash":"fbbff8bce0609b899d3d9a3415ff688cdecd6df0","messageTitle":"Fix: Change my file name","messageBody":"","fileTypesAndContributionMap":{"java":{"insertions":4,"deletions":4}}}]},{"date":"2023-01-28","commitResults":[{"hash":"ee9cf55a4f29fdd444b780bebabd919a13f17ce3","messageTitle":"feat: Add Todo, Event, Deadline","messageBody":"","tags":["Level-4"],"fileTypesAndContributionMap":{"java":{"insertions":70,"deletions":11}}},{"hash":"ed7037684a156fdd47a24957ef58c3415baededc","messageTitle":"Test: Add text-ui-test","messageBody":"","tags":["A-TextUiTesting"],"fileTypesAndContributionMap":{"txt":{"insertions":6,"deletions":0},"sh":{"insertions":4,"deletions":4}}},{"hash":"3143b22ccedc39d14f0ce356ef087a85ddcbab34","messageTitle":"Refactor: improve code quality","messageBody":"","tags":["A-CodeQuality"],"fileTypesAndContributionMap":{"java":{"insertions":169,"deletions":86}}}]}]},"authorFileTypeContributionMap":{"L0Z1K":{"java":232,"md":0,"fxml":0,"sh":4,"bat":0,"gradle":0,"txt":6}},"authorContributionVariance":{"L0Z1K":7744.3594},"authorDisplayNameMap":{"L0Z1K":"CS2113-T12-3 BAEK..GYUN"}}
