{"authorDailyContributionsMap":{"Sherlock-YH":[{"date":"2023-01-13","commitResults":[{"hash":"15599ff483ffa058d0a7a4969d3ed6f88737262d","messageTitle":"Add Level-0. Greet","messageBody":"","fileTypesAndContributionMap":{"java":{"insertions":4,"deletions":0}}},{"hash":"25fb5d6fd5a588d66110c5d1fcbf4ac934c7275e","messageTitle":"Modify Level-0 Greet","messageBody":"","tags":["Level-1"],"fileTypesAndContributionMap":{"java":{"insertions":4,"deletions":2}}}]},{"date":"2023-01-26","commitResults":[{"hash":"b18b348127ea59b6ff250db75fd803257f2e0ff1","messageTitle":"Add level 2","messageBody":"","tags":["Level-2"],"fileTypesAndContributionMap":{"java":{"insertions":59,"deletions":1}}},{"hash":"e82dfba4c9f871520054ed2c6325f3a4d1d812ea","messageTitle":"Add level 3","messageBody":"","tags":["Level-3"],"fileTypesAndContributionMap":{"java":{"insertions":18,"deletions":6}}}]},{"date":"2023-01-27","commitResults":[{"hash":"32150afc3d25ad2825dee8ab4151520ad226f37c","messageTitle":"Modify the if ... else if loop coding standard","messageBody":"","fileTypesAndContributionMap":{"java":{"insertions":6,"deletions":6}}},{"hash":"5765dbe2d9122b8a4d4f6605f1e6a7bbad5677c7","messageTitle":"Add level 4","messageBody":"","tags":["Level-4"],"fileTypesAndContributionMap":{"java":{"insertions":132,"deletions":35}}}]},{"date":"2023-01-31","commitResults":[{"hash":"915cb69eff37a66fed770b831b3afb98f7588832","messageTitle":"Modify Code quality","messageBody":"","tags":["A-CodeQuality"],"fileTypesAndContributionMap":{"java":{"insertions":116,"deletions":71}}}]},{"date":"2023-02-06","commitResults":[{"hash":"faeae6504cb7b1f7190400e0a2bd7a0336a15473","messageTitle":"Modify Code quality (extract Method)","messageBody":"","tags":["A-CodingStandard"],"fileTypesAndContributionMap":{"java":{"insertions":27,"deletions":4}}}]},{"date":"2023-02-07","commitResults":[{"hash":"cbc9d707b01591617b166ee2db42a4d5fdb33045","messageTitle":"level 5 and packaging","messageBody":"","tags":["Level-5","A-Exceptions"],"fileTypesAndContributionMap":{"java":{"insertions":322,"deletions":192},"md":{"insertions":2,"deletions":2}}}]},{"date":"2023-02-15","commitResults":[{"hash":"51342beea746697f92542a0f84ebcc0b11b86438","messageTitle":"Add Level 6 - delete","messageBody":"","tags":["Level-6"],"fileTypesAndContributionMap":{"java":{"insertions":240,"deletions":56}}}]},{"date":"2023-02-16","commitResults":[{"hash":"dc234f733a9d5dd35b5a7112379d38b7a7f3c317","messageTitle":"Level-7","messageBody":"","tags":["Level-7"],"fileTypesAndContributionMap":{"txt":{"insertions":0,"deletions":0},"java":{"insertions":90,"deletions":90}}},{"hash":"0a5d6a3522119c778d69dd50a006e2fb994bb6d5","messageTitle":"Modify Level-7","messageBody":"","tags":["A-Jar"],"fileTypesAndContributionMap":{"txt":{"insertions":0,"deletions":0},"java":{"insertions":7,"deletions":7}}},{"hash":"d3d6e61e79b24a3fa2b9668538ac61757a6cc20c","messageTitle":"Modify Level-7","messageBody":"","fileTypesAndContributionMap":{"txt":{"insertions":2,"deletions":0},"java":{"insertions":13,"deletions":5}}},{"hash":"2c1a51f067af8f474cdb1166ad0d862e014685c7","messageTitle":"Modify Code quality","messageBody":"","fileTypesAndContributionMap":{"java":{"insertions":1,"deletions":1}}}]}]},"authorFileTypeContributionMap":{"Sherlock-YH":{"java":573,"md":2,"fxml":0,"sh":0,"bat":0,"gradle":0,"txt":2}},"authorContributionVariance":{"Sherlock-YH":11760.707},"authorDisplayNameMap":{"Sherlock-YH":"CS2113-T13-3 YAO ..O HE"}}
