[{"path":"README.md","fileType":"md","lines":[{"lineNumber":1,"author":{"gitId":"-"},"content":"# Duke project template","lastModifiedDate":"2020-05-25"},{"lineNumber":2,"author":{"gitId":"-"},"content":"","lastModifiedDate":"2020-05-25"},{"lineNumber":3,"author":{"gitId":"-"},"content":"This is a project template for a greenfield Java project. It\u0027s named after the Java mascot _Duke_. Given below are instructions on how to use it.","lastModifiedDate":"2020-05-25"},{"lineNumber":4,"author":{"gitId":"-"},"content":"","lastModifiedDate":"2020-05-25"},{"lineNumber":5,"author":{"gitId":"-"},"content":"## Setting up in Intellij","lastModifiedDate":"2020-05-25"},{"lineNumber":6,"author":{"gitId":"-"},"content":"","lastModifiedDate":"2020-05-25"},{"lineNumber":7,"author":{"gitId":"-"},"content":"Prerequisites: JDK 11, update Intellij to the most recent version.","lastModifiedDate":"2020-05-25"},{"lineNumber":8,"author":{"gitId":"-"},"content":"","lastModifiedDate":"2020-05-25"},{"lineNumber":9,"author":{"gitId":"-"},"content":"1. Open Intellij (if you are not in the welcome screen, click `File` \u003e `Close Project` to close the existing project first)","lastModifiedDate":"2021-01-17"},{"lineNumber":10,"author":{"gitId":"-"},"content":"1. Open the project into Intellij as follows:","lastModifiedDate":"2021-01-17"},{"lineNumber":11,"author":{"gitId":"-"},"content":"   1. Click `Open`.","lastModifiedDate":"2021-01-17"},{"lineNumber":12,"author":{"gitId":"-"},"content":"   1. Select the project directory, and click `OK`.","lastModifiedDate":"2021-01-17"},{"lineNumber":13,"author":{"gitId":"-"},"content":"   1. If there are any further prompts, accept the defaults.","lastModifiedDate":"2020-05-25"},{"lineNumber":14,"author":{"gitId":"-"},"content":"1. Configure the project to use **JDK 11** (not other versions) as explained in [here](https://www.jetbrains.com/help/idea/sdk.html#set-up-jdk).\u003cbr\u003e","lastModifiedDate":"2021-07-29"},{"lineNumber":15,"author":{"gitId":"-"},"content":"   In the same dialog, set the **Project language level** field to the `SDK default` option.","lastModifiedDate":"2021-07-29"},{"lineNumber":16,"author":{"gitId":"-"},"content":"3. After that, locate the `src/main/java/Duke.java` file, right-click it, and choose `Run Duke.main()` (if the code editor is showing compile errors, try restarting the IDE). If the setup is correct, you should see something like the below as the output:","lastModifiedDate":"2021-07-29"},{"lineNumber":17,"author":{"gitId":"-"},"content":"   ```","lastModifiedDate":"2020-05-25"},{"lineNumber":18,"author":{"gitId":"Stella1585"},"content":"   ____________________________________________________________","lastModifiedDate":"2023-02-28"},{"lineNumber":19,"author":{"gitId":"-"},"content":"    ____        _        ","lastModifiedDate":"2020-05-25"},{"lineNumber":20,"author":{"gitId":"-"},"content":"   |  _ \\ _   _| | _____ ","lastModifiedDate":"2020-05-25"},{"lineNumber":21,"author":{"gitId":"-"},"content":"   | | | | | | | |/ / _ \\","lastModifiedDate":"2020-05-25"},{"lineNumber":22,"author":{"gitId":"-"},"content":"   | |_| | |_| |   \u003c  __/","lastModifiedDate":"2020-05-25"},{"lineNumber":23,"author":{"gitId":"-"},"content":"   |____/ \\__,_|_|\\_\\___|","lastModifiedDate":"2020-05-25"},{"lineNumber":24,"author":{"gitId":"Stella1585"},"content":"   Hello! I\u0027m Duke","lastModifiedDate":"2023-02-28"},{"lineNumber":25,"author":{"gitId":"Stella1585"},"content":"   Welcome to Your To-do List!","lastModifiedDate":"2023-02-28"},{"lineNumber":26,"author":{"gitId":"Stella1585"},"content":"   Enter \"todo \u0027task-name\u0027\" to add a task.\"","lastModifiedDate":"2023-02-28"},{"lineNumber":27,"author":{"gitId":"Stella1585"},"content":"   Enter \"deadline \u0027task-name\u0027 /by \u0027deadline\u0027\" to add a task with a deadline.\"","lastModifiedDate":"2023-02-28"},{"lineNumber":28,"author":{"gitId":"Stella1585"},"content":"   Enter \"event \u0027task-name\u0027 /from \u0027start-date\u0027 /to \u0027end-date\u0027\" to add a task with start and end dates.\"","lastModifiedDate":"2023-02-28"},{"lineNumber":29,"author":{"gitId":"Stella1585"},"content":"   Enter \" mark \u0027task-index\u0027 \" to mark a task as done.\"","lastModifiedDate":"2023-02-28"},{"lineNumber":30,"author":{"gitId":"Stella1585"},"content":"   Enter \" unmark \u0027task-index\u0027 \" to mark a task as not done yet.\"","lastModifiedDate":"2023-02-28"},{"lineNumber":31,"author":{"gitId":"Stella1585"},"content":"   Enter \" delete \u0027task-index\u0027 \" to delete a task from the list.\"","lastModifiedDate":"2023-02-28"},{"lineNumber":32,"author":{"gitId":"Stella1585"},"content":"   Enter \" list \" to obtain a list of all your tasks!.\"","lastModifiedDate":"2023-02-28"},{"lineNumber":33,"author":{"gitId":"Stella1585"},"content":"   ____________________________________________________________","lastModifiedDate":"2023-02-28"},{"lineNumber":34,"author":{"gitId":"Stella1585"},"content":"   Data file already exists. You list will be updated.","lastModifiedDate":"2023-02-28"},{"lineNumber":35,"author":{"gitId":"-"},"content":"   ```","lastModifiedDate":"2020-05-25"}],"authorContributionMap":{"-":23,"Stella1585":12}},{"path":"docs/README.md","fileType":"md","lines":[{"lineNumber":1,"author":{"gitId":"-"},"content":"# User Guide","lastModifiedDate":"2019-07-29"},{"lineNumber":2,"author":{"gitId":"-"},"content":"","lastModifiedDate":"2019-07-29"},{"lineNumber":3,"author":{"gitId":"Stella1585"},"content":"This is a **terminal app for creating to-do lists, optimized for use via a Command Line Interface (CLI)**. Given below are instructions on how to use it.","lastModifiedDate":"2023-02-28"},{"lineNumber":4,"author":{"gitId":"Stella1585"},"content":"","lastModifiedDate":"2023-02-28"},{"lineNumber":5,"author":{"gitId":"-"},"content":"## Features ","lastModifiedDate":"2019-07-29"},{"lineNumber":6,"author":{"gitId":"-"},"content":"","lastModifiedDate":"2019-07-29"},{"lineNumber":7,"author":{"gitId":"Stella1585"},"content":"### Feature 1:  3 Types of Tasks","lastModifiedDate":"2023-02-28"},{"lineNumber":8,"author":{"gitId":"-"},"content":"","lastModifiedDate":"2023-02-28"},{"lineNumber":9,"author":{"gitId":"Stella1585"},"content":"1. **todo**","lastModifiedDate":"2023-02-28"},{"lineNumber":10,"author":{"gitId":"-"},"content":"","lastModifiedDate":"2023-02-28"},{"lineNumber":11,"author":{"gitId":"Stella1585"},"content":"    A task item that only requires a description, no time inputs required.","lastModifiedDate":"2023-02-28"},{"lineNumber":12,"author":{"gitId":"-"},"content":"","lastModifiedDate":"2023-02-28"},{"lineNumber":13,"author":{"gitId":"-"},"content":"","lastModifiedDate":"2023-02-28"},{"lineNumber":14,"author":{"gitId":"Stella1585"},"content":"2. **deadline**","lastModifiedDate":"2023-02-28"},{"lineNumber":15,"author":{"gitId":"Stella1585"},"content":"","lastModifiedDate":"2023-02-28"},{"lineNumber":16,"author":{"gitId":"Stella1585"},"content":"    A task item that requires both a description and a deadline. No starting time is required.","lastModifiedDate":"2023-02-28"},{"lineNumber":17,"author":{"gitId":"Stella1585"},"content":"","lastModifiedDate":"2023-02-28"},{"lineNumber":18,"author":{"gitId":"Stella1585"},"content":"","lastModifiedDate":"2023-02-28"},{"lineNumber":19,"author":{"gitId":"Stella1585"},"content":"3. **event**","lastModifiedDate":"2023-02-28"},{"lineNumber":20,"author":{"gitId":"Stella1585"},"content":"","lastModifiedDate":"2023-02-28"},{"lineNumber":21,"author":{"gitId":"Stella1585"},"content":"    A task item that requires a description, a starting time as well as an ending time.","lastModifiedDate":"2023-02-28"},{"lineNumber":22,"author":{"gitId":"-"},"content":"","lastModifiedDate":"2021-07-17"},{"lineNumber":23,"author":{"gitId":"-"},"content":"","lastModifiedDate":"2021-07-17"},{"lineNumber":24,"author":{"gitId":"Stella1585"},"content":"### Feature 2: add, delete","lastModifiedDate":"2023-02-28"},{"lineNumber":25,"author":{"gitId":"Stella1585"},"content":"　　Add or delete a task item from the to-do list.","lastModifiedDate":"2023-02-28"},{"lineNumber":26,"author":{"gitId":"-"},"content":"","lastModifiedDate":"2023-02-28"},{"lineNumber":27,"author":{"gitId":"Stella1585"},"content":"### Feature ３: mark, unmark","lastModifiedDate":"2023-02-28"},{"lineNumber":28,"author":{"gitId":"Stella1585"},"content":"　　Mark a task item as completed or incompleted.","lastModifiedDate":"2023-02-28"},{"lineNumber":29,"author":{"gitId":"-"},"content":"","lastModifiedDate":"2023-02-28"},{"lineNumber":30,"author":{"gitId":"Stella1585"},"content":"### Feature ４: find","lastModifiedDate":"2023-02-28"},{"lineNumber":31,"author":{"gitId":"Stella1585"},"content":"　　Find all tasks that contains the input string in its description.","lastModifiedDate":"2023-02-28"},{"lineNumber":32,"author":{"gitId":"Stella1585"},"content":"","lastModifiedDate":"2023-02-28"},{"lineNumber":33,"author":{"gitId":"Stella1585"},"content":"　　Print the list of matching tasks.","lastModifiedDate":"2023-02-28"},{"lineNumber":34,"author":{"gitId":"Stella1585"},"content":"","lastModifiedDate":"2023-02-28"},{"lineNumber":35,"author":{"gitId":"Stella1585"},"content":"### Feature ５: list","lastModifiedDate":"2023-02-28"},{"lineNumber":36,"author":{"gitId":"Stella1585"},"content":"　　Print every task in the to-do list.","lastModifiedDate":"2023-02-28"},{"lineNumber":37,"author":{"gitId":"Stella1585"},"content":"","lastModifiedDate":"2023-02-28"},{"lineNumber":38,"author":{"gitId":"Stella1585"},"content":"### Feature 6: help","lastModifiedDate":"2023-02-28"},{"lineNumber":39,"author":{"gitId":"Stella1585"},"content":"   View the list of commands and the input format.","lastModifiedDate":"2023-02-28"},{"lineNumber":40,"author":{"gitId":"-"},"content":"    ","lastModifiedDate":"2021-07-17"},{"lineNumber":41,"author":{"gitId":"-"},"content":"","lastModifiedDate":"2019-07-29"},{"lineNumber":42,"author":{"gitId":"-"},"content":"## Usage","lastModifiedDate":"2019-07-29"},{"lineNumber":43,"author":{"gitId":"-"},"content":"","lastModifiedDate":"2019-07-29"},{"lineNumber":44,"author":{"gitId":"Stella1585"},"content":"### `todo` - add a todo item to the list of tasks","lastModifiedDate":"2023-02-28"},{"lineNumber":45,"author":{"gitId":"-"},"content":"","lastModifiedDate":"2019-07-29"},{"lineNumber":46,"author":{"gitId":"-"},"content":"Example of usage: ","lastModifiedDate":"2023-02-28"},{"lineNumber":47,"author":{"gitId":"Stella1585"},"content":"`todo \u003ctodo description\u003e`","lastModifiedDate":"2023-02-28"},{"lineNumber":48,"author":{"gitId":"-"},"content":"","lastModifiedDate":"2023-02-28"},{"lineNumber":49,"author":{"gitId":"Stella1585"},"content":"Expected outcome:","lastModifiedDate":"2023-02-28"},{"lineNumber":50,"author":{"gitId":"Stella1585"},"content":"","lastModifiedDate":"2023-02-28"},{"lineNumber":51,"author":{"gitId":"Stella1585"},"content":"```","lastModifiedDate":"2023-02-28"},{"lineNumber":52,"author":{"gitId":"Stella1585"},"content":"\u003e\u003elist","lastModifiedDate":"2023-02-28"},{"lineNumber":53,"author":{"gitId":"Stella1585"},"content":"1. [T][ ] read book","lastModifiedDate":"2023-02-28"},{"lineNumber":54,"author":{"gitId":"Stella1585"},"content":"\u003e\u003e task return book","lastModifiedDate":"2023-02-28"},{"lineNumber":55,"author":{"gitId":"Stella1585"},"content":"\u003e\u003elist","lastModifiedDate":"2023-02-28"},{"lineNumber":56,"author":{"gitId":"Stella1585"},"content":"1. [T][ ] read book","lastModifiedDate":"2023-02-28"},{"lineNumber":57,"author":{"gitId":"Stella1585"},"content":"2. [T][ ] return book","lastModifiedDate":"2023-02-28"},{"lineNumber":58,"author":{"gitId":"Stella1585"},"content":"```","lastModifiedDate":"2023-02-28"},{"lineNumber":59,"author":{"gitId":"Stella1585"},"content":"### `deadline` - add a deadline item to the list of tasks","lastModifiedDate":"2023-02-28"},{"lineNumber":60,"author":{"gitId":"-"},"content":"","lastModifiedDate":"2019-07-29"},{"lineNumber":61,"author":{"gitId":"-"},"content":"Example of usage:","lastModifiedDate":"2019-07-29"},{"lineNumber":62,"author":{"gitId":"Stella1585"},"content":"`deadline \u003cdeadline description\u003e /by \u003cdeadline date\u003e`","lastModifiedDate":"2023-02-28"},{"lineNumber":63,"author":{"gitId":"-"},"content":"","lastModifiedDate":"2019-07-29"},{"lineNumber":64,"author":{"gitId":"-"},"content":"Expected outcome:","lastModifiedDate":"2023-02-28"},{"lineNumber":65,"author":{"gitId":"-"},"content":"","lastModifiedDate":"2023-02-28"},{"lineNumber":66,"author":{"gitId":"Stella1585"},"content":"```","lastModifiedDate":"2023-02-28"},{"lineNumber":67,"author":{"gitId":"Stella1585"},"content":"\u003e\u003elist","lastModifiedDate":"2023-02-28"},{"lineNumber":68,"author":{"gitId":"Stella1585"},"content":"1. [T][ ] read book","lastModifiedDate":"2023-02-28"},{"lineNumber":69,"author":{"gitId":"Stella1585"},"content":"\u003e\u003e deadline return book /by 11 Jan","lastModifiedDate":"2023-02-28"},{"lineNumber":70,"author":{"gitId":"Stella1585"},"content":"\u003e\u003elist","lastModifiedDate":"2023-02-28"},{"lineNumber":71,"author":{"gitId":"Stella1585"},"content":"1. [T][ ] read book","lastModifiedDate":"2023-02-28"},{"lineNumber":72,"author":{"gitId":"Stella1585"},"content":"2. [D][ ] return book by: 11 Jan","lastModifiedDate":"2023-02-28"},{"lineNumber":73,"author":{"gitId":"Stella1585"},"content":"```","lastModifiedDate":"2023-02-28"},{"lineNumber":74,"author":{"gitId":"Stella1585"},"content":"### `event` - add an event item to the list of tasks","lastModifiedDate":"2023-02-28"},{"lineNumber":75,"author":{"gitId":"Stella1585"},"content":"","lastModifiedDate":"2023-02-28"},{"lineNumber":76,"author":{"gitId":"Stella1585"},"content":"Example of usage:","lastModifiedDate":"2023-02-28"},{"lineNumber":77,"author":{"gitId":"Stella1585"},"content":"`event \u003cevent description\u003e /from \u003cstarting time\u003e /to \u003cending time\u003e`","lastModifiedDate":"2023-02-28"},{"lineNumber":78,"author":{"gitId":"-"},"content":"","lastModifiedDate":"2019-07-29"},{"lineNumber":79,"author":{"gitId":"-"},"content":"Expected outcome:","lastModifiedDate":"2019-07-29"},{"lineNumber":80,"author":{"gitId":"-"},"content":"","lastModifiedDate":"2019-07-29"},{"lineNumber":81,"author":{"gitId":"Stella1585"},"content":"```","lastModifiedDate":"2023-02-28"},{"lineNumber":82,"author":{"gitId":"Stella1585"},"content":"\u003e\u003elist","lastModifiedDate":"2023-02-28"},{"lineNumber":83,"author":{"gitId":"Stella1585"},"content":"1. [T][ ] read book","lastModifiedDate":"2023-02-28"},{"lineNumber":84,"author":{"gitId":"Stella1585"},"content":"\u003e\u003e event project meeting /from 11 Jan 2pm /to 4pm","lastModifiedDate":"2023-02-28"},{"lineNumber":85,"author":{"gitId":"Stella1585"},"content":"\u003e\u003elist","lastModifiedDate":"2023-02-28"},{"lineNumber":86,"author":{"gitId":"Stella1585"},"content":"1. [T][ ] read book","lastModifiedDate":"2023-02-28"},{"lineNumber":87,"author":{"gitId":"Stella1585"},"content":"2. [E][ ] project meeting from: 11 Jan 2pm to: 4pm","lastModifiedDate":"2023-02-28"},{"lineNumber":88,"author":{"gitId":"Stella1585"},"content":"```","lastModifiedDate":"2023-02-28"},{"lineNumber":89,"author":{"gitId":"Stella1585"},"content":"","lastModifiedDate":"2023-02-28"},{"lineNumber":90,"author":{"gitId":"Stella1585"},"content":"### `delete` - delete a task item from the list of tasks","lastModifiedDate":"2023-02-28"},{"lineNumber":91,"author":{"gitId":"Stella1585"},"content":"","lastModifiedDate":"2023-02-28"},{"lineNumber":92,"author":{"gitId":"Stella1585"},"content":"Example of usage:","lastModifiedDate":"2023-02-28"},{"lineNumber":93,"author":{"gitId":"Stella1585"},"content":"`delete \u003cTask Index\u003e`","lastModifiedDate":"2023-02-28"},{"lineNumber":94,"author":{"gitId":"Stella1585"},"content":"","lastModifiedDate":"2023-02-28"},{"lineNumber":95,"author":{"gitId":"Stella1585"},"content":"Expected outcome:","lastModifiedDate":"2023-02-28"},{"lineNumber":96,"author":{"gitId":"-"},"content":"","lastModifiedDate":"2023-02-28"},{"lineNumber":97,"author":{"gitId":"-"},"content":"```","lastModifiedDate":"2023-02-28"},{"lineNumber":98,"author":{"gitId":"Stella1585"},"content":"\u003e\u003elist","lastModifiedDate":"2023-02-28"},{"lineNumber":99,"author":{"gitId":"Stella1585"},"content":"1. [T][ ] read book","lastModifiedDate":"2023-02-28"},{"lineNumber":100,"author":{"gitId":"Stella1585"},"content":"2. [T][ ] return book","lastModifiedDate":"2023-02-28"},{"lineNumber":101,"author":{"gitId":"Stella1585"},"content":"\u003e\u003e delete 2","lastModifiedDate":"2023-02-28"},{"lineNumber":102,"author":{"gitId":"Stella1585"},"content":"\u003e\u003elist","lastModifiedDate":"2023-02-28"},{"lineNumber":103,"author":{"gitId":"Stella1585"},"content":"1. [T][ ] read book","lastModifiedDate":"2023-02-28"},{"lineNumber":104,"author":{"gitId":"Stella1585"},"content":"```","lastModifiedDate":"2023-02-28"},{"lineNumber":105,"author":{"gitId":"Stella1585"},"content":"### `mark` - mark a task item as done (with a \u0027X\u0027)","lastModifiedDate":"2023-02-28"},{"lineNumber":106,"author":{"gitId":"Stella1585"},"content":"","lastModifiedDate":"2023-02-28"},{"lineNumber":107,"author":{"gitId":"Stella1585"},"content":"Example of usage:","lastModifiedDate":"2023-02-28"},{"lineNumber":108,"author":{"gitId":"Stella1585"},"content":"`mark \u003cTask Index\u003e`","lastModifiedDate":"2023-02-28"},{"lineNumber":109,"author":{"gitId":"Stella1585"},"content":"","lastModifiedDate":"2023-02-28"},{"lineNumber":110,"author":{"gitId":"Stella1585"},"content":"Expected outcome:","lastModifiedDate":"2023-02-28"},{"lineNumber":111,"author":{"gitId":"Stella1585"},"content":"","lastModifiedDate":"2023-02-28"},{"lineNumber":112,"author":{"gitId":"Stella1585"},"content":"```","lastModifiedDate":"2023-02-28"},{"lineNumber":113,"author":{"gitId":"Stella1585"},"content":"\u003e\u003elist","lastModifiedDate":"2023-02-28"},{"lineNumber":114,"author":{"gitId":"Stella1585"},"content":"1. [T][ ] read book","lastModifiedDate":"2023-02-28"},{"lineNumber":115,"author":{"gitId":"Stella1585"},"content":"\u003e\u003e mark 1","lastModifiedDate":"2023-02-28"},{"lineNumber":116,"author":{"gitId":"Stella1585"},"content":"\u003e\u003elist","lastModifiedDate":"2023-02-28"},{"lineNumber":117,"author":{"gitId":"Stella1585"},"content":"1. [T][X] read book","lastModifiedDate":"2023-02-28"},{"lineNumber":118,"author":{"gitId":"Stella1585"},"content":"```","lastModifiedDate":"2023-02-28"},{"lineNumber":119,"author":{"gitId":"Stella1585"},"content":"### `unmark` - mark a task item as not done (with a \u0027 \u0027)","lastModifiedDate":"2023-02-28"},{"lineNumber":120,"author":{"gitId":"Stella1585"},"content":"","lastModifiedDate":"2023-02-28"},{"lineNumber":121,"author":{"gitId":"Stella1585"},"content":"Example of usage:","lastModifiedDate":"2023-02-28"},{"lineNumber":122,"author":{"gitId":"Stella1585"},"content":"`unmark \u003cTask Index\u003e`","lastModifiedDate":"2023-02-28"},{"lineNumber":123,"author":{"gitId":"Stella1585"},"content":"","lastModifiedDate":"2023-02-28"},{"lineNumber":124,"author":{"gitId":"Stella1585"},"content":"Expected outcome:","lastModifiedDate":"2023-02-28"},{"lineNumber":125,"author":{"gitId":"Stella1585"},"content":"","lastModifiedDate":"2023-02-28"},{"lineNumber":126,"author":{"gitId":"Stella1585"},"content":"```","lastModifiedDate":"2023-02-28"},{"lineNumber":127,"author":{"gitId":"Stella1585"},"content":"\u003e\u003elist","lastModifiedDate":"2023-02-28"},{"lineNumber":128,"author":{"gitId":"Stella1585"},"content":"1. [T][X] read book","lastModifiedDate":"2023-02-28"},{"lineNumber":129,"author":{"gitId":"Stella1585"},"content":"\u003e\u003e unmark 1","lastModifiedDate":"2023-02-28"},{"lineNumber":130,"author":{"gitId":"Stella1585"},"content":"\u003e\u003elist","lastModifiedDate":"2023-02-28"},{"lineNumber":131,"author":{"gitId":"Stella1585"},"content":"1. [T][ ] read book","lastModifiedDate":"2023-02-28"},{"lineNumber":132,"author":{"gitId":"Stella1585"},"content":"```","lastModifiedDate":"2023-02-28"},{"lineNumber":133,"author":{"gitId":"Stella1585"},"content":"### `find` - print all tasks that contains the keyword.","lastModifiedDate":"2023-02-28"},{"lineNumber":134,"author":{"gitId":"Stella1585"},"content":"","lastModifiedDate":"2023-02-28"},{"lineNumber":135,"author":{"gitId":"Stella1585"},"content":"Example of usage:","lastModifiedDate":"2023-02-28"},{"lineNumber":136,"author":{"gitId":"Stella1585"},"content":"`find \u003cKeyword\u003e`","lastModifiedDate":"2023-02-28"},{"lineNumber":137,"author":{"gitId":"Stella1585"},"content":"","lastModifiedDate":"2023-02-28"},{"lineNumber":138,"author":{"gitId":"Stella1585"},"content":"Expected outcome:","lastModifiedDate":"2023-02-28"},{"lineNumber":139,"author":{"gitId":"Stella1585"},"content":"","lastModifiedDate":"2023-02-28"},{"lineNumber":140,"author":{"gitId":"Stella1585"},"content":"```","lastModifiedDate":"2023-02-28"},{"lineNumber":141,"author":{"gitId":"Stella1585"},"content":"\u003e\u003elist","lastModifiedDate":"2023-02-28"},{"lineNumber":142,"author":{"gitId":"Stella1585"},"content":"1. [T][ ] read book","lastModifiedDate":"2023-02-28"},{"lineNumber":143,"author":{"gitId":"Stella1585"},"content":"2. [T][ ] return book","lastModifiedDate":"2023-02-28"},{"lineNumber":144,"author":{"gitId":"Stella1585"},"content":"3. [D][ ] assignment submission by: 11 Jan","lastModifiedDate":"2023-02-28"},{"lineNumber":145,"author":{"gitId":"Stella1585"},"content":"4. [E][X] book club meeting from: 11 Jan 2pm to: 4pm","lastModifiedDate":"2023-02-28"},{"lineNumber":146,"author":{"gitId":"Stella1585"},"content":"5. [T][ ] buy dictionary ","lastModifiedDate":"2023-02-28"},{"lineNumber":147,"author":{"gitId":"Stella1585"},"content":"\u003e\u003e find book","lastModifiedDate":"2023-02-28"},{"lineNumber":148,"author":{"gitId":"Stella1585"},"content":"1. [T][ ] read book","lastModifiedDate":"2023-02-28"},{"lineNumber":149,"author":{"gitId":"Stella1585"},"content":"2. [T][ ] return book","lastModifiedDate":"2023-02-28"},{"lineNumber":150,"author":{"gitId":"Stella1585"},"content":"3. [E][X] book club meeting from: 11 Jan 2pm to: 4pm","lastModifiedDate":"2023-02-28"},{"lineNumber":151,"author":{"gitId":"Stella1585"},"content":"```","lastModifiedDate":"2023-02-28"},{"lineNumber":152,"author":{"gitId":"Stella1585"},"content":"","lastModifiedDate":"2023-02-28"},{"lineNumber":153,"author":{"gitId":"Stella1585"},"content":"### `list` - print all tasks in the current task list.","lastModifiedDate":"2023-02-28"},{"lineNumber":154,"author":{"gitId":"Stella1585"},"content":"","lastModifiedDate":"2023-02-28"},{"lineNumber":155,"author":{"gitId":"Stella1585"},"content":"Example of usage:","lastModifiedDate":"2023-02-28"},{"lineNumber":156,"author":{"gitId":"Stella1585"},"content":"`list`","lastModifiedDate":"2023-02-28"},{"lineNumber":157,"author":{"gitId":"Stella1585"},"content":"","lastModifiedDate":"2023-02-28"},{"lineNumber":158,"author":{"gitId":"Stella1585"},"content":"Expected outcome:","lastModifiedDate":"2023-02-28"},{"lineNumber":159,"author":{"gitId":"Stella1585"},"content":"","lastModifiedDate":"2023-02-28"},{"lineNumber":160,"author":{"gitId":"Stella1585"},"content":"```","lastModifiedDate":"2023-02-28"},{"lineNumber":161,"author":{"gitId":"Stella1585"},"content":"\u003e\u003elist","lastModifiedDate":"2023-02-28"},{"lineNumber":162,"author":{"gitId":"Stella1585"},"content":"1. [T][ ] read book","lastModifiedDate":"2023-02-28"},{"lineNumber":163,"author":{"gitId":"Stella1585"},"content":"2. [T][ ] return book","lastModifiedDate":"2023-02-28"},{"lineNumber":164,"author":{"gitId":"Stella1585"},"content":"3. [D][ ] assignment submission by: 11 Jan","lastModifiedDate":"2023-02-28"},{"lineNumber":165,"author":{"gitId":"Stella1585"},"content":"4. [E][X] book club meeting from: 11 Jan 2pm to: 4pm","lastModifiedDate":"2023-02-28"},{"lineNumber":166,"author":{"gitId":"Stella1585"},"content":"5. [T][ ] buy dictionary ","lastModifiedDate":"2023-02-28"},{"lineNumber":167,"author":{"gitId":"Stella1585"},"content":"```","lastModifiedDate":"2023-02-28"},{"lineNumber":168,"author":{"gitId":"Stella1585"},"content":"### `help` - print all commands and input formats.","lastModifiedDate":"2023-02-28"},{"lineNumber":169,"author":{"gitId":"Stella1585"},"content":"","lastModifiedDate":"2023-02-28"},{"lineNumber":170,"author":{"gitId":"Stella1585"},"content":"Example of usage:","lastModifiedDate":"2023-02-28"},{"lineNumber":171,"author":{"gitId":"Stella1585"},"content":"`help`","lastModifiedDate":"2023-02-28"},{"lineNumber":172,"author":{"gitId":"Stella1585"},"content":"","lastModifiedDate":"2023-02-28"},{"lineNumber":173,"author":{"gitId":"Stella1585"},"content":"Expected outcome:","lastModifiedDate":"2023-02-28"},{"lineNumber":174,"author":{"gitId":"-"},"content":"","lastModifiedDate":"2021-07-17"},{"lineNumber":175,"author":{"gitId":"-"},"content":"```","lastModifiedDate":"2021-07-17"},{"lineNumber":176,"author":{"gitId":"Stella1585"},"content":"\u003e\u003ehelp","lastModifiedDate":"2023-02-28"},{"lineNumber":177,"author":{"gitId":"Stella1585"},"content":"Enter \"todo \u0027task-name\u0027\" to add a task.","lastModifiedDate":"2023-02-28"},{"lineNumber":178,"author":{"gitId":"Stella1585"},"content":"Enter \"deadline \u0027task-name\u0027 /by \u0027deadline\u0027\" to add a task with a deadline.","lastModifiedDate":"2023-02-28"},{"lineNumber":179,"author":{"gitId":"Stella1585"},"content":"Enter \"event \u0027task-name\u0027 /from \u0027start-date\u0027 /to \u0027end-date\u0027\" to add a task with start and end dates.","lastModifiedDate":"2023-02-28"},{"lineNumber":180,"author":{"gitId":"Stella1585"},"content":"Enter \"mark \u0027task-index\u0027\" to mark a task as done.","lastModifiedDate":"2023-02-28"},{"lineNumber":181,"author":{"gitId":"Stella1585"},"content":"Enter \"unmark \u0027task-index\u0027\" to mark a task as not done yet.","lastModifiedDate":"2023-02-28"},{"lineNumber":182,"author":{"gitId":"Stella1585"},"content":"Enter \"delete \u0027task-index\u0027\" to delete a task from the list.","lastModifiedDate":"2023-02-28"},{"lineNumber":183,"author":{"gitId":"Stella1585"},"content":"Enter \"list\" to obtain a list of all your tasks!.","lastModifiedDate":"2023-02-28"},{"lineNumber":184,"author":{"gitId":"Stella1585"},"content":"Enter \"find \u0027string\u0027\" to obtain a list of tasks containing the string you input.","lastModifiedDate":"2023-02-28"},{"lineNumber":185,"author":{"gitId":"Stella1585"},"content":"Enter \"help\" to view this list of instruction again.","lastModifiedDate":"2023-02-28"},{"lineNumber":186,"author":{"gitId":"-"},"content":"```","lastModifiedDate":"2021-07-17"}],"authorContributionMap":{"-":32,"Stella1585":154}},{"path":"duke.txt","fileType":"txt","lines":[{"lineNumber":1,"author":{"gitId":"Stella1585"},"content":"[T][X] read book","lastModifiedDate":"2023-02-15"},{"lineNumber":2,"author":{"gitId":"Stella1585"},"content":"[D][ ] return book by: June 6th","lastModifiedDate":"2023-02-15"},{"lineNumber":3,"author":{"gitId":"Stella1585"},"content":"[E][ ] project meeting from: Aug 6th 2pm to: 4pm","lastModifiedDate":"2023-02-15"},{"lineNumber":4,"author":{"gitId":"Stella1585"},"content":"[T][X] join sports club","lastModifiedDate":"2023-02-15"},{"lineNumber":5,"author":{"gitId":"Stella1585"},"content":"[E][ ] huiqi attend CS2113 lecture from: Friday 17 Feb 2023 4pm to: 6pm","lastModifiedDate":"2023-02-15"},{"lineNumber":6,"author":{"gitId":"Stella1585"},"content":"[T][ ] book fair","lastModifiedDate":"2023-02-28"},{"lineNumber":7,"author":{"gitId":"Stella1585"},"content":"[T][ ] hi","lastModifiedDate":"2023-03-01"},{"lineNumber":8,"author":{"gitId":"Stella1585"},"content":"[D][X] bye  by:  tmr","lastModifiedDate":"2023-03-01"},{"lineNumber":9,"author":{"gitId":"Stella1585"},"content":"[E][ ] again  from:  now  to:  ltr","lastModifiedDate":"2023-03-01"}],"authorContributionMap":{"Stella1585":9}},{"path":"src/main/java/duke/Duke.java","fileType":"java","lines":[{"lineNumber":1,"author":{"gitId":"Stella1585"},"content":"package duke;","lastModifiedDate":"2023-02-08"},{"lineNumber":2,"author":{"gitId":"Stella1585"},"content":"","lastModifiedDate":"2023-02-08"},{"lineNumber":3,"author":{"gitId":"Stella1585"},"content":"import duke.exceptions.EmptyFindException;","lastModifiedDate":"2023-03-02"},{"lineNumber":4,"author":{"gitId":"Stella1585"},"content":"import duke.exceptions.EmptyListException;","lastModifiedDate":"2023-03-01"},{"lineNumber":5,"author":{"gitId":"Stella1585"},"content":"import duke.exceptions.ExcessInputsException;","lastModifiedDate":"2023-02-08"},{"lineNumber":6,"author":{"gitId":"Stella1585"},"content":"import duke.exceptions.MissingDescriptionException;","lastModifiedDate":"2023-02-08"},{"lineNumber":7,"author":{"gitId":"Stella1585"},"content":"import duke.task.Task;","lastModifiedDate":"2023-02-08"},{"lineNumber":8,"author":{"gitId":"Stella1585"},"content":"","lastModifiedDate":"2023-02-08"},{"lineNumber":9,"author":{"gitId":"Stella1585"},"content":"import java.util.ArrayList;","lastModifiedDate":"2023-02-15"},{"lineNumber":10,"author":{"gitId":"Stella1585"},"content":"","lastModifiedDate":"2023-02-08"},{"lineNumber":11,"author":{"gitId":"-"},"content":"public class Duke {","lastModifiedDate":"2019-07-29"},{"lineNumber":12,"author":{"gitId":"Stella1585"},"content":"    private static Storage storage;","lastModifiedDate":"2023-02-28"},{"lineNumber":13,"author":{"gitId":"Stella1585"},"content":"    static ArrayList\u003cTask\u003e tasks \u003d new ArrayList\u003c\u003e();","lastModifiedDate":"2023-02-15"},{"lineNumber":14,"author":{"gitId":"Stella1585"},"content":"    public static final String LINE \u003d \"    ____________________________________________________________\\n\";","lastModifiedDate":"2023-02-08"},{"lineNumber":15,"author":{"gitId":"Stella1585"},"content":"","lastModifiedDate":"2023-02-08"},{"lineNumber":16,"author":{"gitId":"Stella1585"},"content":"    /**","lastModifiedDate":"2023-02-28"},{"lineNumber":17,"author":{"gitId":"Stella1585"},"content":"     * Processes inputs from user and executes command based on the input.","lastModifiedDate":"2023-02-28"},{"lineNumber":18,"author":{"gitId":"Stella1585"},"content":"     * @param line a line input by the user that contains commands and descriptions.","lastModifiedDate":"2023-02-28"},{"lineNumber":19,"author":{"gitId":"Stella1585"},"content":"     */","lastModifiedDate":"2023-02-28"},{"lineNumber":20,"author":{"gitId":"Stella1585"},"content":"    private static void processCommands(String line) {","lastModifiedDate":"2023-02-28"},{"lineNumber":21,"author":{"gitId":"Stella1585"},"content":"        while (!line.equals(\"bye\")) {","lastModifiedDate":"2023-02-08"},{"lineNumber":22,"author":{"gitId":"Stella1585"},"content":"            String[] words \u003d Parser.splitCommand(line,\" \", 2);","lastModifiedDate":"2023-03-01"},{"lineNumber":23,"author":{"gitId":"Stella1585"},"content":"            String command \u003d words[0];","lastModifiedDate":"2023-02-08"},{"lineNumber":24,"author":{"gitId":"Stella1585"},"content":"            try {","lastModifiedDate":"2023-02-08"},{"lineNumber":25,"author":{"gitId":"Stella1585"},"content":"                if (command.contains(\"mark\")) {","lastModifiedDate":"2023-02-28"},{"lineNumber":26,"author":{"gitId":"Stella1585"},"content":"                        TaskList.editMarkStatus(tasks, words, command);","lastModifiedDate":"2023-02-28"},{"lineNumber":27,"author":{"gitId":"Stella1585"},"content":"                } else {","lastModifiedDate":"2023-02-08"},{"lineNumber":28,"author":{"gitId":"Stella1585"},"content":"                    switch (command) {","lastModifiedDate":"2023-02-15"},{"lineNumber":29,"author":{"gitId":"Stella1585"},"content":"                    case \"list\":","lastModifiedDate":"2023-02-28"},{"lineNumber":30,"author":{"gitId":"Stella1585"},"content":"                        Ui.printList(tasks, words);","lastModifiedDate":"2023-02-28"},{"lineNumber":31,"author":{"gitId":"Stella1585"},"content":"                        break;","lastModifiedDate":"2023-02-28"},{"lineNumber":32,"author":{"gitId":"Stella1585"},"content":"                    case \"delete\":","lastModifiedDate":"2023-02-28"},{"lineNumber":33,"author":{"gitId":"Stella1585"},"content":"                        TaskList.deleteTask(tasks, words);","lastModifiedDate":"2023-02-28"},{"lineNumber":34,"author":{"gitId":"Stella1585"},"content":"                        break;","lastModifiedDate":"2023-02-28"},{"lineNumber":35,"author":{"gitId":"Stella1585"},"content":"                    case \"find\":","lastModifiedDate":"2023-02-28"},{"lineNumber":36,"author":{"gitId":"Stella1585"},"content":"                        TaskList.findString(tasks, words);","lastModifiedDate":"2023-02-28"},{"lineNumber":37,"author":{"gitId":"Stella1585"},"content":"                        break;","lastModifiedDate":"2023-02-28"},{"lineNumber":38,"author":{"gitId":"Stella1585"},"content":"                    case \"todo\":","lastModifiedDate":"2023-02-15"},{"lineNumber":39,"author":{"gitId":"Stella1585"},"content":"                        TaskList.addTodo(tasks, words);","lastModifiedDate":"2023-02-28"},{"lineNumber":40,"author":{"gitId":"Stella1585"},"content":"                        Ui.showAddedTask(tasks);","lastModifiedDate":"2023-02-28"},{"lineNumber":41,"author":{"gitId":"Stella1585"},"content":"                        break;","lastModifiedDate":"2023-02-15"},{"lineNumber":42,"author":{"gitId":"Stella1585"},"content":"                    case \"deadline\":","lastModifiedDate":"2023-02-15"},{"lineNumber":43,"author":{"gitId":"Stella1585"},"content":"                        TaskList.addDeadline(tasks, words);","lastModifiedDate":"2023-02-28"},{"lineNumber":44,"author":{"gitId":"Stella1585"},"content":"                        Ui.showAddedTask(tasks);","lastModifiedDate":"2023-02-28"},{"lineNumber":45,"author":{"gitId":"Stella1585"},"content":"                        break;","lastModifiedDate":"2023-02-15"},{"lineNumber":46,"author":{"gitId":"Stella1585"},"content":"                    case \"event\":","lastModifiedDate":"2023-02-15"},{"lineNumber":47,"author":{"gitId":"Stella1585"},"content":"                        TaskList.addEvent(tasks, words);","lastModifiedDate":"2023-02-28"},{"lineNumber":48,"author":{"gitId":"Stella1585"},"content":"                        Ui.showAddedTask(tasks);","lastModifiedDate":"2023-02-28"},{"lineNumber":49,"author":{"gitId":"Stella1585"},"content":"                        break;","lastModifiedDate":"2023-02-28"},{"lineNumber":50,"author":{"gitId":"Stella1585"},"content":"                    case \"help\":","lastModifiedDate":"2023-02-28"},{"lineNumber":51,"author":{"gitId":"Stella1585"},"content":"                        Ui.showHelp();","lastModifiedDate":"2023-02-28"},{"lineNumber":52,"author":{"gitId":"Stella1585"},"content":"                        break;","lastModifiedDate":"2023-02-15"},{"lineNumber":53,"author":{"gitId":"Stella1585"},"content":"                    default:","lastModifiedDate":"2023-02-15"},{"lineNumber":54,"author":{"gitId":"Stella1585"},"content":"                        Ui.printError();","lastModifiedDate":"2023-02-28"},{"lineNumber":55,"author":{"gitId":"Stella1585"},"content":"                        line \u003d Ui.readInput();","lastModifiedDate":"2023-02-28"},{"lineNumber":56,"author":{"gitId":"Stella1585"},"content":"                        continue;","lastModifiedDate":"2023-02-08"},{"lineNumber":57,"author":{"gitId":"Stella1585"},"content":"                    }","lastModifiedDate":"2023-02-08"},{"lineNumber":58,"author":{"gitId":"Stella1585"},"content":"                }","lastModifiedDate":"2023-02-28"},{"lineNumber":59,"author":{"gitId":"Stella1585"},"content":"            } catch (NumberFormatException e) {","lastModifiedDate":"2023-02-28"},{"lineNumber":60,"author":{"gitId":"Stella1585"},"content":"                System.out.println(LINE + \"    Command must only be followed by the index number!\\n\" +","lastModifiedDate":"2023-02-28"},{"lineNumber":61,"author":{"gitId":"Stella1585"},"content":"                        \"    Enter \\\"list\\\" to check the index.\\n\" + LINE);","lastModifiedDate":"2023-02-28"},{"lineNumber":62,"author":{"gitId":"Stella1585"},"content":"            } catch (IndexOutOfBoundsException e) {","lastModifiedDate":"2023-02-28"},{"lineNumber":63,"author":{"gitId":"Stella1585"},"content":"                System.out.println(LINE + \"    Missing/Invalid task index number!\\n\" +","lastModifiedDate":"2023-02-28"},{"lineNumber":64,"author":{"gitId":"Stella1585"},"content":"                        \"    Enter \\\"list\\\" to check the index.\\n\" + LINE);","lastModifiedDate":"2023-02-28"},{"lineNumber":65,"author":{"gitId":"Stella1585"},"content":"            } catch (NullPointerException e) {","lastModifiedDate":"2023-02-28"},{"lineNumber":66,"author":{"gitId":"Stella1585"},"content":"                System.out.println(LINE + \"    Invalid task index number!\\n\" +","lastModifiedDate":"2023-02-28"},{"lineNumber":67,"author":{"gitId":"Stella1585"},"content":"                        \"    Enter \\\"list\\\" to check the index.\\n\" + LINE);","lastModifiedDate":"2023-02-28"},{"lineNumber":68,"author":{"gitId":"Stella1585"},"content":"            } catch (ExcessInputsException e) {","lastModifiedDate":"2023-02-28"},{"lineNumber":69,"author":{"gitId":"Stella1585"},"content":"                System.out.println(LINE + \"    Too many inputs! Please only enter \\\"list\\\"\\n\" + LINE);","lastModifiedDate":"2023-02-28"},{"lineNumber":70,"author":{"gitId":"Stella1585"},"content":"            } catch (MissingDescriptionException e) {","lastModifiedDate":"2023-02-08"},{"lineNumber":71,"author":{"gitId":"Stella1585"},"content":"                System.out.println(LINE + \"    Missing task description details.\\n\" +","lastModifiedDate":"2023-02-08"},{"lineNumber":72,"author":{"gitId":"Stella1585"},"content":"                    \"    Type \u0027help\u0027 to view list of command formats.\\n\" + LINE);","lastModifiedDate":"2023-02-28"},{"lineNumber":73,"author":{"gitId":"Stella1585"},"content":"            } catch (EmptyListException e) {","lastModifiedDate":"2023-03-01"},{"lineNumber":74,"author":{"gitId":"Stella1585"},"content":"                System.out.println(LINE + \"    Oops there is nothing in your list yet, try adding a task item first. :)\\n\" + LINE);","lastModifiedDate":"2023-03-01"},{"lineNumber":75,"author":{"gitId":"Stella1585"},"content":"            } catch (EmptyFindException e) {","lastModifiedDate":"2023-03-02"},{"lineNumber":76,"author":{"gitId":"Stella1585"},"content":"                System.out.println(LINE + \"    I cannot find your keyword :(. Try adding a related task item first.\\n\" + LINE);","lastModifiedDate":"2023-03-02"},{"lineNumber":77,"author":{"gitId":"Stella1585"},"content":"            }","lastModifiedDate":"2023-02-08"},{"lineNumber":78,"author":{"gitId":"Stella1585"},"content":"            line \u003d Ui.readInput();","lastModifiedDate":"2023-02-28"},{"lineNumber":79,"author":{"gitId":"Stella1585"},"content":"            storage.saveChanges(tasks);","lastModifiedDate":"2023-02-28"},{"lineNumber":80,"author":{"gitId":"Stella1585"},"content":"        }","lastModifiedDate":"2023-02-08"},{"lineNumber":81,"author":{"gitId":"Stella1585"},"content":"    }","lastModifiedDate":"2023-02-08"},{"lineNumber":82,"author":{"gitId":"Stella1585"},"content":"","lastModifiedDate":"2023-02-08"},{"lineNumber":83,"author":{"gitId":"Stella1585"},"content":"    /**","lastModifiedDate":"2023-02-28"},{"lineNumber":84,"author":{"gitId":"Stella1585"},"content":"     * Initialises an ui to read user commands and to print messages to the terminal.","lastModifiedDate":"2023-02-28"},{"lineNumber":85,"author":{"gitId":"Stella1585"},"content":"     * Initialises a storage space to store user inputs as well as reads past inputs.","lastModifiedDate":"2023-02-28"},{"lineNumber":86,"author":{"gitId":"Stella1585"},"content":"     */","lastModifiedDate":"2023-02-28"},{"lineNumber":87,"author":{"gitId":"Stella1585"},"content":"    private void run(){","lastModifiedDate":"2023-02-28"},{"lineNumber":88,"author":{"gitId":"Stella1585"},"content":"        storage \u003d new Storage();","lastModifiedDate":"2023-02-28"},{"lineNumber":89,"author":{"gitId":"Stella1585"},"content":"        Ui.showWelcome();","lastModifiedDate":"2023-02-28"},{"lineNumber":90,"author":{"gitId":"Stella1585"},"content":"        Storage.load(tasks);","lastModifiedDate":"2023-02-28"},{"lineNumber":91,"author":{"gitId":"Stella1585"},"content":"        String line \u003d Ui.initialiseScanner();","lastModifiedDate":"2023-02-28"},{"lineNumber":92,"author":{"gitId":"Stella1585"},"content":"        processCommands(line);","lastModifiedDate":"2023-02-28"},{"lineNumber":93,"author":{"gitId":"Stella1585"},"content":"        Ui.sayBye();","lastModifiedDate":"2023-02-28"},{"lineNumber":94,"author":{"gitId":"Stella1585"},"content":"    }","lastModifiedDate":"2023-02-15"},{"lineNumber":95,"author":{"gitId":"Stella1585"},"content":"","lastModifiedDate":"2023-02-15"},{"lineNumber":96,"author":{"gitId":"-"},"content":"    public static void main(String[] args) {","lastModifiedDate":"2019-07-29"},{"lineNumber":97,"author":{"gitId":"Stella1585"},"content":"        new Duke().run();","lastModifiedDate":"2023-02-28"},{"lineNumber":98,"author":{"gitId":"-"},"content":"    }","lastModifiedDate":"2019-07-29"},{"lineNumber":99,"author":{"gitId":"-"},"content":"}","lastModifiedDate":"2019-07-29"}],"authorContributionMap":{"-":4,"Stella1585":95}},{"path":"src/main/java/duke/Parser.java","fileType":"java","lines":[{"lineNumber":1,"author":{"gitId":"Stella1585"},"content":"package duke;","lastModifiedDate":"2023-02-28"},{"lineNumber":2,"author":{"gitId":"Stella1585"},"content":"","lastModifiedDate":"2023-02-28"},{"lineNumber":3,"author":{"gitId":"Stella1585"},"content":"import duke.exceptions.MissingDescriptionException;","lastModifiedDate":"2023-03-01"},{"lineNumber":4,"author":{"gitId":"Stella1585"},"content":"import duke.task.Event;","lastModifiedDate":"2023-03-01"},{"lineNumber":5,"author":{"gitId":"Stella1585"},"content":"import duke.task.Deadline;","lastModifiedDate":"2023-03-01"},{"lineNumber":6,"author":{"gitId":"Stella1585"},"content":"import duke.task.Task;","lastModifiedDate":"2023-03-01"},{"lineNumber":7,"author":{"gitId":"Stella1585"},"content":"","lastModifiedDate":"2023-03-01"},{"lineNumber":8,"author":{"gitId":"Stella1585"},"content":"public class Parser {","lastModifiedDate":"2023-02-28"},{"lineNumber":9,"author":{"gitId":"Stella1585"},"content":"    public static String[] splitCommand(String line, String splitter, int n){","lastModifiedDate":"2023-03-01"},{"lineNumber":10,"author":{"gitId":"Stella1585"},"content":"        return line.split(splitter, n);","lastModifiedDate":"2023-03-01"},{"lineNumber":11,"author":{"gitId":"Stella1585"},"content":"    }","lastModifiedDate":"2023-03-01"},{"lineNumber":12,"author":{"gitId":"Stella1585"},"content":"","lastModifiedDate":"2023-03-01"},{"lineNumber":13,"author":{"gitId":"Stella1585"},"content":"    public static Event parseEvent (String[] words) throws MissingDescriptionException {","lastModifiedDate":"2023-03-01"},{"lineNumber":14,"author":{"gitId":"Stella1585"},"content":"        if (words.length !\u003d 2) {","lastModifiedDate":"2023-03-01"},{"lineNumber":15,"author":{"gitId":"Stella1585"},"content":"            throw new MissingDescriptionException();","lastModifiedDate":"2023-03-01"},{"lineNumber":16,"author":{"gitId":"Stella1585"},"content":"        }","lastModifiedDate":"2023-03-01"},{"lineNumber":17,"author":{"gitId":"Stella1585"},"content":"        String[] description \u003d splitCommand(words[1], \"/from\", 2);","lastModifiedDate":"2023-03-01"},{"lineNumber":18,"author":{"gitId":"Stella1585"},"content":"        if (description.length !\u003d 2) {","lastModifiedDate":"2023-03-01"},{"lineNumber":19,"author":{"gitId":"Stella1585"},"content":"            throw new MissingDescriptionException();","lastModifiedDate":"2023-03-01"},{"lineNumber":20,"author":{"gitId":"Stella1585"},"content":"        }","lastModifiedDate":"2023-03-01"},{"lineNumber":21,"author":{"gitId":"Stella1585"},"content":"        String[] dates \u003d splitCommand(description[1], \"/to\", 2);","lastModifiedDate":"2023-03-01"},{"lineNumber":22,"author":{"gitId":"Stella1585"},"content":"        if (dates.length !\u003d 2) {","lastModifiedDate":"2023-03-01"},{"lineNumber":23,"author":{"gitId":"Stella1585"},"content":"            throw new MissingDescriptionException();","lastModifiedDate":"2023-03-01"},{"lineNumber":24,"author":{"gitId":"Stella1585"},"content":"        }","lastModifiedDate":"2023-03-01"},{"lineNumber":25,"author":{"gitId":"Stella1585"},"content":"        Event event \u003d new Event(description[0], \"E\", dates[0], dates[1]);","lastModifiedDate":"2023-03-01"},{"lineNumber":26,"author":{"gitId":"Stella1585"},"content":"        return event;","lastModifiedDate":"2023-03-01"},{"lineNumber":27,"author":{"gitId":"Stella1585"},"content":"    }","lastModifiedDate":"2023-03-01"},{"lineNumber":28,"author":{"gitId":"Stella1585"},"content":"","lastModifiedDate":"2023-03-01"},{"lineNumber":29,"author":{"gitId":"Stella1585"},"content":"    public static Deadline parseDeadline (String[] words) throws MissingDescriptionException {","lastModifiedDate":"2023-03-01"},{"lineNumber":30,"author":{"gitId":"Stella1585"},"content":"        if (words.length !\u003d 2) {","lastModifiedDate":"2023-03-01"},{"lineNumber":31,"author":{"gitId":"Stella1585"},"content":"            throw new MissingDescriptionException();","lastModifiedDate":"2023-03-01"},{"lineNumber":32,"author":{"gitId":"Stella1585"},"content":"        }","lastModifiedDate":"2023-03-01"},{"lineNumber":33,"author":{"gitId":"Stella1585"},"content":"        String[] description \u003d splitCommand(words[1], \"/by\", 2);","lastModifiedDate":"2023-03-01"},{"lineNumber":34,"author":{"gitId":"Stella1585"},"content":"        if (description.length !\u003d 2) {","lastModifiedDate":"2023-03-01"},{"lineNumber":35,"author":{"gitId":"Stella1585"},"content":"            throw new MissingDescriptionException();","lastModifiedDate":"2023-03-01"},{"lineNumber":36,"author":{"gitId":"Stella1585"},"content":"        }","lastModifiedDate":"2023-03-01"},{"lineNumber":37,"author":{"gitId":"Stella1585"},"content":"        Deadline deadline \u003d new Deadline(description[0], \"D\", description[1]);","lastModifiedDate":"2023-03-01"},{"lineNumber":38,"author":{"gitId":"Stella1585"},"content":"        return deadline;","lastModifiedDate":"2023-03-01"},{"lineNumber":39,"author":{"gitId":"Stella1585"},"content":"    }","lastModifiedDate":"2023-03-01"},{"lineNumber":40,"author":{"gitId":"Stella1585"},"content":"","lastModifiedDate":"2023-03-01"},{"lineNumber":41,"author":{"gitId":"Stella1585"},"content":"    public static Task parseTodo (String[] words) throws MissingDescriptionException {","lastModifiedDate":"2023-03-01"},{"lineNumber":42,"author":{"gitId":"Stella1585"},"content":"        if (words.length !\u003d 2) {","lastModifiedDate":"2023-03-01"},{"lineNumber":43,"author":{"gitId":"Stella1585"},"content":"            throw new MissingDescriptionException();","lastModifiedDate":"2023-03-01"},{"lineNumber":44,"author":{"gitId":"Stella1585"},"content":"        }","lastModifiedDate":"2023-03-01"},{"lineNumber":45,"author":{"gitId":"Stella1585"},"content":"        String description \u003d words[1];","lastModifiedDate":"2023-03-01"},{"lineNumber":46,"author":{"gitId":"Stella1585"},"content":"        Task todo \u003d new Task(description, \"T\");","lastModifiedDate":"2023-03-01"},{"lineNumber":47,"author":{"gitId":"Stella1585"},"content":"        return todo;","lastModifiedDate":"2023-03-01"},{"lineNumber":48,"author":{"gitId":"Stella1585"},"content":"    }","lastModifiedDate":"2023-02-28"},{"lineNumber":49,"author":{"gitId":"Stella1585"},"content":"}","lastModifiedDate":"2023-02-28"}],"authorContributionMap":{"Stella1585":49}},{"path":"src/main/java/duke/Storage.java","fileType":"java","lines":[{"lineNumber":1,"author":{"gitId":"Stella1585"},"content":"package duke;","lastModifiedDate":"2023-02-28"},{"lineNumber":2,"author":{"gitId":"Stella1585"},"content":"","lastModifiedDate":"2023-02-28"},{"lineNumber":3,"author":{"gitId":"Stella1585"},"content":"import duke.task.Deadline;","lastModifiedDate":"2023-02-28"},{"lineNumber":4,"author":{"gitId":"Stella1585"},"content":"import duke.task.Event;","lastModifiedDate":"2023-02-28"},{"lineNumber":5,"author":{"gitId":"Stella1585"},"content":"import duke.task.Task;","lastModifiedDate":"2023-02-28"},{"lineNumber":6,"author":{"gitId":"Stella1585"},"content":"","lastModifiedDate":"2023-02-28"},{"lineNumber":7,"author":{"gitId":"Stella1585"},"content":"import java.io.BufferedWriter;","lastModifiedDate":"2023-02-28"},{"lineNumber":8,"author":{"gitId":"Stella1585"},"content":"import java.io.File;","lastModifiedDate":"2023-02-28"},{"lineNumber":9,"author":{"gitId":"Stella1585"},"content":"import java.io.FileWriter;","lastModifiedDate":"2023-02-28"},{"lineNumber":10,"author":{"gitId":"Stella1585"},"content":"import java.io.IOException;","lastModifiedDate":"2023-02-28"},{"lineNumber":11,"author":{"gitId":"Stella1585"},"content":"import java.util.Scanner;","lastModifiedDate":"2023-02-28"},{"lineNumber":12,"author":{"gitId":"Stella1585"},"content":"import java.util.ArrayList;","lastModifiedDate":"2023-02-28"},{"lineNumber":13,"author":{"gitId":"Stella1585"},"content":"","lastModifiedDate":"2023-02-28"},{"lineNumber":14,"author":{"gitId":"Stella1585"},"content":"public class Storage {","lastModifiedDate":"2023-02-28"},{"lineNumber":15,"author":{"gitId":"Stella1585"},"content":"    public static final String FILEPATH \u003d \"duke.txt\";","lastModifiedDate":"2023-02-28"},{"lineNumber":16,"author":{"gitId":"Stella1585"},"content":"    public static final String LINE \u003d \"    ____________________________________________________________\\n\";","lastModifiedDate":"2023-02-28"},{"lineNumber":17,"author":{"gitId":"Stella1585"},"content":"","lastModifiedDate":"2023-02-28"},{"lineNumber":18,"author":{"gitId":"Stella1585"},"content":"    /**","lastModifiedDate":"2023-02-28"},{"lineNumber":19,"author":{"gitId":"Stella1585"},"content":"     * Takes the list of tasks the user has input and writes it to the data file at the default file path.","lastModifiedDate":"2023-02-28"},{"lineNumber":20,"author":{"gitId":"Stella1585"},"content":"     * @param tasks the list of tasks the user has stored.","lastModifiedDate":"2023-02-28"},{"lineNumber":21,"author":{"gitId":"Stella1585"},"content":"     * @throws IOException The exception will be thrown if there are errors when trying to write to the data file.","lastModifiedDate":"2023-02-28"},{"lineNumber":22,"author":{"gitId":"Stella1585"},"content":"     */","lastModifiedDate":"2023-02-28"},{"lineNumber":23,"author":{"gitId":"Stella1585"},"content":"    public static void writeToFile(ArrayList\u003cTask\u003e tasks) throws IOException {","lastModifiedDate":"2023-02-28"},{"lineNumber":24,"author":{"gitId":"Stella1585"},"content":"        BufferedWriter outputWriter;","lastModifiedDate":"2023-02-28"},{"lineNumber":25,"author":{"gitId":"Stella1585"},"content":"        outputWriter \u003d new BufferedWriter(new FileWriter(FILEPATH));","lastModifiedDate":"2023-02-28"},{"lineNumber":26,"author":{"gitId":"Stella1585"},"content":"        for (Task x : tasks) {","lastModifiedDate":"2023-02-28"},{"lineNumber":27,"author":{"gitId":"Stella1585"},"content":"            outputWriter.write(x.toString() + System.lineSeparator());","lastModifiedDate":"2023-02-28"},{"lineNumber":28,"author":{"gitId":"Stella1585"},"content":"        }","lastModifiedDate":"2023-02-28"},{"lineNumber":29,"author":{"gitId":"Stella1585"},"content":"        outputWriter.flush();","lastModifiedDate":"2023-02-28"},{"lineNumber":30,"author":{"gitId":"Stella1585"},"content":"        outputWriter.close();","lastModifiedDate":"2023-02-28"},{"lineNumber":31,"author":{"gitId":"Stella1585"},"content":"    }","lastModifiedDate":"2023-02-28"},{"lineNumber":32,"author":{"gitId":"Stella1585"},"content":"","lastModifiedDate":"2023-02-28"},{"lineNumber":33,"author":{"gitId":"Stella1585"},"content":"    public void saveChanges(ArrayList\u003cTask\u003e tasks) {","lastModifiedDate":"2023-02-28"},{"lineNumber":34,"author":{"gitId":"Stella1585"},"content":"        try {","lastModifiedDate":"2023-02-28"},{"lineNumber":35,"author":{"gitId":"Stella1585"},"content":"            writeToFile(tasks);","lastModifiedDate":"2023-02-28"},{"lineNumber":36,"author":{"gitId":"Stella1585"},"content":"        } catch (IOException e) {","lastModifiedDate":"2023-02-28"},{"lineNumber":37,"author":{"gitId":"Stella1585"},"content":"            System.out.println(\"    Something went wrong: \" + e.getMessage());","lastModifiedDate":"2023-02-28"},{"lineNumber":38,"author":{"gitId":"Stella1585"},"content":"        }","lastModifiedDate":"2023-02-28"},{"lineNumber":39,"author":{"gitId":"Stella1585"},"content":"    }","lastModifiedDate":"2023-02-28"},{"lineNumber":40,"author":{"gitId":"Stella1585"},"content":"","lastModifiedDate":"2023-02-28"},{"lineNumber":41,"author":{"gitId":"Stella1585"},"content":"    /**","lastModifiedDate":"2023-02-28"},{"lineNumber":42,"author":{"gitId":"Stella1585"},"content":"     * Reads data stored in the data.txt file, then processes and stores the data in","lastModifiedDate":"2023-02-28"},{"lineNumber":43,"author":{"gitId":"Stella1585"},"content":"     * the ArrayList\u003cTask\u003e\u003c/Task\u003e tasks.","lastModifiedDate":"2023-02-28"},{"lineNumber":44,"author":{"gitId":"Stella1585"},"content":"     * @param tasks the list of tasks the user has stored.","lastModifiedDate":"2023-02-28"},{"lineNumber":45,"author":{"gitId":"Stella1585"},"content":"     * @throws IOException The exception will be thrown if the data file cannot be found or read.","lastModifiedDate":"2023-02-28"},{"lineNumber":46,"author":{"gitId":"Stella1585"},"content":"     */","lastModifiedDate":"2023-02-28"},{"lineNumber":47,"author":{"gitId":"Stella1585"},"content":"    private static void readFile(ArrayList\u003cTask\u003e tasks) throws IOException {","lastModifiedDate":"2023-02-28"},{"lineNumber":48,"author":{"gitId":"Stella1585"},"content":"        String line;","lastModifiedDate":"2023-02-28"},{"lineNumber":49,"author":{"gitId":"Stella1585"},"content":"        File f \u003d new File(FILEPATH);","lastModifiedDate":"2023-02-28"},{"lineNumber":50,"author":{"gitId":"Stella1585"},"content":"        Scanner s \u003d new Scanner(f);","lastModifiedDate":"2023-02-28"},{"lineNumber":51,"author":{"gitId":"Stella1585"},"content":"        int taskCount \u003d 0;","lastModifiedDate":"2023-02-28"},{"lineNumber":52,"author":{"gitId":"Stella1585"},"content":"        while (s.hasNext()) {","lastModifiedDate":"2023-02-28"},{"lineNumber":53,"author":{"gitId":"Stella1585"},"content":"            line \u003d s.nextLine();","lastModifiedDate":"2023-02-28"},{"lineNumber":54,"author":{"gitId":"Stella1585"},"content":"            String[] words \u003d line.split(\"] \", 2);","lastModifiedDate":"2023-02-28"},{"lineNumber":55,"author":{"gitId":"Stella1585"},"content":"            String command \u003d words[0];","lastModifiedDate":"2023-02-28"},{"lineNumber":56,"author":{"gitId":"Stella1585"},"content":"            if (command.contains(\"[T]\")) {","lastModifiedDate":"2023-02-28"},{"lineNumber":57,"author":{"gitId":"Stella1585"},"content":"                String description \u003d words[1];","lastModifiedDate":"2023-02-28"},{"lineNumber":58,"author":{"gitId":"Stella1585"},"content":"                Task todo \u003d new Task(description, \"T\");","lastModifiedDate":"2023-02-28"},{"lineNumber":59,"author":{"gitId":"Stella1585"},"content":"                tasks.add(todo);","lastModifiedDate":"2023-02-28"},{"lineNumber":60,"author":{"gitId":"Stella1585"},"content":"            } else if (command.contains(\"[D]\")) {","lastModifiedDate":"2023-02-28"},{"lineNumber":61,"author":{"gitId":"Stella1585"},"content":"                String[] description \u003d words[1].split(\" by: \");","lastModifiedDate":"2023-02-28"},{"lineNumber":62,"author":{"gitId":"Stella1585"},"content":"                Deadline deadline \u003d new Deadline(description[0], \"D\", description[1]);","lastModifiedDate":"2023-02-28"},{"lineNumber":63,"author":{"gitId":"Stella1585"},"content":"                tasks.add(deadline);","lastModifiedDate":"2023-02-28"},{"lineNumber":64,"author":{"gitId":"Stella1585"},"content":"            } else if (command.contains(\"[E]\")) {","lastModifiedDate":"2023-02-28"},{"lineNumber":65,"author":{"gitId":"Stella1585"},"content":"                String[] description \u003d words[1].split(\" from: \");","lastModifiedDate":"2023-02-28"},{"lineNumber":66,"author":{"gitId":"Stella1585"},"content":"                String[] dates \u003d description[1].split(\" to: \");","lastModifiedDate":"2023-02-28"},{"lineNumber":67,"author":{"gitId":"Stella1585"},"content":"                Event event \u003d new Event(description[0], \"E\", dates[0], dates[1]);","lastModifiedDate":"2023-02-28"},{"lineNumber":68,"author":{"gitId":"Stella1585"},"content":"                tasks.add(event);","lastModifiedDate":"2023-02-28"},{"lineNumber":69,"author":{"gitId":"Stella1585"},"content":"            } else {","lastModifiedDate":"2023-02-28"},{"lineNumber":70,"author":{"gitId":"Stella1585"},"content":"                System.out.print(LINE + \"    There are invalid inputs in you To-do List, \" +","lastModifiedDate":"2023-02-28"},{"lineNumber":71,"author":{"gitId":"Stella1585"},"content":"                        \"please edit it first.\" + LINE);","lastModifiedDate":"2023-02-28"},{"lineNumber":72,"author":{"gitId":"Stella1585"},"content":"            }","lastModifiedDate":"2023-02-28"},{"lineNumber":73,"author":{"gitId":"Stella1585"},"content":"            if (command.contains(\"X\")) {","lastModifiedDate":"2023-02-28"},{"lineNumber":74,"author":{"gitId":"Stella1585"},"content":"                tasks.get(taskCount).setDone(true);","lastModifiedDate":"2023-02-28"},{"lineNumber":75,"author":{"gitId":"Stella1585"},"content":"            }","lastModifiedDate":"2023-02-28"},{"lineNumber":76,"author":{"gitId":"Stella1585"},"content":"            taskCount ++;","lastModifiedDate":"2023-02-28"},{"lineNumber":77,"author":{"gitId":"Stella1585"},"content":"        }","lastModifiedDate":"2023-02-28"},{"lineNumber":78,"author":{"gitId":"Stella1585"},"content":"    }","lastModifiedDate":"2023-02-28"},{"lineNumber":79,"author":{"gitId":"Stella1585"},"content":"","lastModifiedDate":"2023-02-28"},{"lineNumber":80,"author":{"gitId":"Stella1585"},"content":"    /**","lastModifiedDate":"2023-02-28"},{"lineNumber":81,"author":{"gitId":"Stella1585"},"content":"     * Checks if a data file exists in the default file path. If not a new data file will be","lastModifiedDate":"2023-02-28"},{"lineNumber":82,"author":{"gitId":"Stella1585"},"content":"     * created at the default file path.","lastModifiedDate":"2023-02-28"},{"lineNumber":83,"author":{"gitId":"Stella1585"},"content":"     * @throws IOException The exception will be thrown if there is errors in creating the new file.","lastModifiedDate":"2023-02-28"},{"lineNumber":84,"author":{"gitId":"Stella1585"},"content":"     */","lastModifiedDate":"2023-02-28"},{"lineNumber":85,"author":{"gitId":"Stella1585"},"content":"    private static void createFile() throws IOException {","lastModifiedDate":"2023-02-28"},{"lineNumber":86,"author":{"gitId":"Stella1585"},"content":"        File file \u003d new File(FILEPATH);","lastModifiedDate":"2023-02-28"},{"lineNumber":87,"author":{"gitId":"Stella1585"},"content":"        if (file.createNewFile()) {","lastModifiedDate":"2023-02-28"},{"lineNumber":88,"author":{"gitId":"Stella1585"},"content":"            System.out.println(\"     Data file has been created. Your list will be saved.\");","lastModifiedDate":"2023-02-28"},{"lineNumber":89,"author":{"gitId":"Stella1585"},"content":"        } else {","lastModifiedDate":"2023-02-28"},{"lineNumber":90,"author":{"gitId":"Stella1585"},"content":"            System.out.println(\"     Data file already exists. You list will be updated.\");","lastModifiedDate":"2023-02-28"},{"lineNumber":91,"author":{"gitId":"Stella1585"},"content":"        }","lastModifiedDate":"2023-02-28"},{"lineNumber":92,"author":{"gitId":"Stella1585"},"content":"    }","lastModifiedDate":"2023-02-28"},{"lineNumber":93,"author":{"gitId":"Stella1585"},"content":"","lastModifiedDate":"2023-02-28"},{"lineNumber":94,"author":{"gitId":"Stella1585"},"content":"    public static void load(ArrayList\u003cTask\u003e tasks){","lastModifiedDate":"2023-02-28"},{"lineNumber":95,"author":{"gitId":"Stella1585"},"content":"        try {","lastModifiedDate":"2023-02-28"},{"lineNumber":96,"author":{"gitId":"Stella1585"},"content":"            createFile();","lastModifiedDate":"2023-02-28"},{"lineNumber":97,"author":{"gitId":"Stella1585"},"content":"            readFile(tasks);","lastModifiedDate":"2023-02-28"},{"lineNumber":98,"author":{"gitId":"Stella1585"},"content":"        } catch (IOException e) {","lastModifiedDate":"2023-02-28"},{"lineNumber":99,"author":{"gitId":"Stella1585"},"content":"            System.out.println(LINE + \"    Data File Missing! Check if you have accidentally deleted it.\\n\" + LINE);","lastModifiedDate":"2023-02-28"},{"lineNumber":100,"author":{"gitId":"Stella1585"},"content":"        }","lastModifiedDate":"2023-02-28"},{"lineNumber":101,"author":{"gitId":"Stella1585"},"content":"    }","lastModifiedDate":"2023-02-28"},{"lineNumber":102,"author":{"gitId":"Stella1585"},"content":"}","lastModifiedDate":"2023-02-28"}],"authorContributionMap":{"Stella1585":102}},{"path":"src/main/java/duke/TaskList.java","fileType":"java","lines":[{"lineNumber":1,"author":{"gitId":"Stella1585"},"content":"package duke;","lastModifiedDate":"2023-02-28"},{"lineNumber":2,"author":{"gitId":"Stella1585"},"content":"","lastModifiedDate":"2023-02-28"},{"lineNumber":3,"author":{"gitId":"Stella1585"},"content":"import duke.exceptions.EmptyFindException;","lastModifiedDate":"2023-03-02"},{"lineNumber":4,"author":{"gitId":"Stella1585"},"content":"import duke.exceptions.EmptyListException;","lastModifiedDate":"2023-03-01"},{"lineNumber":5,"author":{"gitId":"Stella1585"},"content":"import duke.exceptions.ExcessInputsException;","lastModifiedDate":"2023-02-28"},{"lineNumber":6,"author":{"gitId":"Stella1585"},"content":"import duke.exceptions.MissingDescriptionException;","lastModifiedDate":"2023-02-28"},{"lineNumber":7,"author":{"gitId":"Stella1585"},"content":"import duke.task.Deadline;","lastModifiedDate":"2023-02-28"},{"lineNumber":8,"author":{"gitId":"Stella1585"},"content":"import duke.task.Event;","lastModifiedDate":"2023-02-28"},{"lineNumber":9,"author":{"gitId":"Stella1585"},"content":"import duke.task.Task;","lastModifiedDate":"2023-02-28"},{"lineNumber":10,"author":{"gitId":"Stella1585"},"content":"","lastModifiedDate":"2023-02-28"},{"lineNumber":11,"author":{"gitId":"Stella1585"},"content":"import java.util.ArrayList;","lastModifiedDate":"2023-02-28"},{"lineNumber":12,"author":{"gitId":"Stella1585"},"content":"","lastModifiedDate":"2023-02-28"},{"lineNumber":13,"author":{"gitId":"Stella1585"},"content":"public class TaskList {","lastModifiedDate":"2023-02-28"},{"lineNumber":14,"author":{"gitId":"Stella1585"},"content":"    public static final String LINE \u003d \"    ____________________________________________________________\\n\";","lastModifiedDate":"2023-02-28"},{"lineNumber":15,"author":{"gitId":"Stella1585"},"content":"    public static final String NOT_DONE \u003d \"    OK :(, I\u0027ve marked this task as not done yet: \\n    \";","lastModifiedDate":"2023-02-28"},{"lineNumber":16,"author":{"gitId":"Stella1585"},"content":"    public static final String DONE \u003d \"    Nice! I\u0027ve marked this task as done: \\n    \";","lastModifiedDate":"2023-02-28"},{"lineNumber":17,"author":{"gitId":"Stella1585"},"content":"    public TaskList() {}","lastModifiedDate":"2023-02-28"},{"lineNumber":18,"author":{"gitId":"Stella1585"},"content":"","lastModifiedDate":"2023-02-28"},{"lineNumber":19,"author":{"gitId":"Stella1585"},"content":"    /**","lastModifiedDate":"2023-02-28"},{"lineNumber":20,"author":{"gitId":"Stella1585"},"content":"     * Checks through every task the user has input in the task list for matches with","lastModifiedDate":"2023-02-28"},{"lineNumber":21,"author":{"gitId":"Stella1585"},"content":"     * the string input by user. Stores all matching tasks in a matchingTasks list and","lastModifiedDate":"2023-02-28"},{"lineNumber":22,"author":{"gitId":"Stella1585"},"content":"     * print out the list.","lastModifiedDate":"2023-02-28"},{"lineNumber":23,"author":{"gitId":"Stella1585"},"content":"     * @param tasks the list of tasks that the user input.","lastModifiedDate":"2023-02-28"},{"lineNumber":24,"author":{"gitId":"Stella1585"},"content":"     * @param words the input command of the user, the first element is the string \"find\",","lastModifiedDate":"2023-02-28"},{"lineNumber":25,"author":{"gitId":"Stella1585"},"content":"     *              the second element is the string the user wants to find.","lastModifiedDate":"2023-02-28"},{"lineNumber":26,"author":{"gitId":"Stella1585"},"content":"     */","lastModifiedDate":"2023-02-28"},{"lineNumber":27,"author":{"gitId":"Stella1585"},"content":"    public static void findString (ArrayList\u003cTask\u003e tasks, String[] words) throws EmptyFindException {","lastModifiedDate":"2023-03-02"},{"lineNumber":28,"author":{"gitId":"Stella1585"},"content":"        String toFind \u003d words[1];","lastModifiedDate":"2023-02-28"},{"lineNumber":29,"author":{"gitId":"Stella1585"},"content":"        ArrayList\u003cTask\u003e matchingTasks \u003d new ArrayList\u003c\u003e();","lastModifiedDate":"2023-02-28"},{"lineNumber":30,"author":{"gitId":"Stella1585"},"content":"        for (Task x : tasks) {","lastModifiedDate":"2023-02-28"},{"lineNumber":31,"author":{"gitId":"Stella1585"},"content":"            if (x.description.contains(toFind)){","lastModifiedDate":"2023-02-28"},{"lineNumber":32,"author":{"gitId":"Stella1585"},"content":"                matchingTasks.add(x);","lastModifiedDate":"2023-02-28"},{"lineNumber":33,"author":{"gitId":"Stella1585"},"content":"            }","lastModifiedDate":"2023-02-28"},{"lineNumber":34,"author":{"gitId":"Stella1585"},"content":"        }","lastModifiedDate":"2023-02-28"},{"lineNumber":35,"author":{"gitId":"Stella1585"},"content":"        Ui.printMatchingList(matchingTasks);","lastModifiedDate":"2023-02-28"},{"lineNumber":36,"author":{"gitId":"Stella1585"},"content":"    }","lastModifiedDate":"2023-02-28"},{"lineNumber":37,"author":{"gitId":"Stella1585"},"content":"    public static void editMarkStatus(ArrayList\u003cTask\u003e tasks, String[] words, String command) {","lastModifiedDate":"2023-02-28"},{"lineNumber":38,"author":{"gitId":"Stella1585"},"content":"        int index \u003d Integer.parseInt(words[1]) - 1;","lastModifiedDate":"2023-02-28"},{"lineNumber":39,"author":{"gitId":"Stella1585"},"content":"        if (command.equals(\"unmark\")) {","lastModifiedDate":"2023-02-28"},{"lineNumber":40,"author":{"gitId":"Stella1585"},"content":"            tasks.get(index).setDone(false);","lastModifiedDate":"2023-02-28"},{"lineNumber":41,"author":{"gitId":"Stella1585"},"content":"            System.out.print(LINE + NOT_DONE);","lastModifiedDate":"2023-02-28"},{"lineNumber":42,"author":{"gitId":"Stella1585"},"content":"        } else {","lastModifiedDate":"2023-02-28"},{"lineNumber":43,"author":{"gitId":"Stella1585"},"content":"            tasks.get(index).setDone(true);","lastModifiedDate":"2023-02-28"},{"lineNumber":44,"author":{"gitId":"Stella1585"},"content":"            System.out.print(LINE + DONE);","lastModifiedDate":"2023-02-28"},{"lineNumber":45,"author":{"gitId":"Stella1585"},"content":"        }","lastModifiedDate":"2023-02-28"},{"lineNumber":46,"author":{"gitId":"Stella1585"},"content":"        System.out.print(tasks.get(index).toString() + \"\\n\" + LINE);","lastModifiedDate":"2023-02-28"},{"lineNumber":47,"author":{"gitId":"Stella1585"},"content":"    }","lastModifiedDate":"2023-02-28"},{"lineNumber":48,"author":{"gitId":"Stella1585"},"content":"","lastModifiedDate":"2023-02-28"},{"lineNumber":49,"author":{"gitId":"Stella1585"},"content":"    public static void addEvent(ArrayList\u003cTask\u003e tasks, String[] words) throws MissingDescriptionException {","lastModifiedDate":"2023-02-28"},{"lineNumber":50,"author":{"gitId":"Stella1585"},"content":"        Event event \u003d Parser.parseEvent(words);","lastModifiedDate":"2023-03-01"},{"lineNumber":51,"author":{"gitId":"Stella1585"},"content":"        tasks.add(event);","lastModifiedDate":"2023-02-28"},{"lineNumber":52,"author":{"gitId":"Stella1585"},"content":"    }","lastModifiedDate":"2023-02-28"},{"lineNumber":53,"author":{"gitId":"Stella1585"},"content":"","lastModifiedDate":"2023-02-28"},{"lineNumber":54,"author":{"gitId":"Stella1585"},"content":"    public static void addDeadline(ArrayList\u003cTask\u003e tasks, String[] words) throws MissingDescriptionException {","lastModifiedDate":"2023-02-28"},{"lineNumber":55,"author":{"gitId":"Stella1585"},"content":"        Deadline deadline \u003d Parser.parseDeadline(words);","lastModifiedDate":"2023-03-01"},{"lineNumber":56,"author":{"gitId":"Stella1585"},"content":"        tasks.add(deadline);","lastModifiedDate":"2023-02-28"},{"lineNumber":57,"author":{"gitId":"Stella1585"},"content":"    }","lastModifiedDate":"2023-02-28"},{"lineNumber":58,"author":{"gitId":"Stella1585"},"content":"","lastModifiedDate":"2023-02-28"},{"lineNumber":59,"author":{"gitId":"Stella1585"},"content":"    public static void addTodo(ArrayList\u003cTask\u003e tasks, String[] words) throws MissingDescriptionException {","lastModifiedDate":"2023-02-28"},{"lineNumber":60,"author":{"gitId":"Stella1585"},"content":"        Task todo \u003d Parser.parseTodo(words);","lastModifiedDate":"2023-03-01"},{"lineNumber":61,"author":{"gitId":"Stella1585"},"content":"        tasks.add(todo);","lastModifiedDate":"2023-02-28"},{"lineNumber":62,"author":{"gitId":"Stella1585"},"content":"    }","lastModifiedDate":"2023-02-28"},{"lineNumber":63,"author":{"gitId":"Stella1585"},"content":"","lastModifiedDate":"2023-02-28"},{"lineNumber":64,"author":{"gitId":"Stella1585"},"content":"    public static void deleteTask(ArrayList\u003cTask\u003e tasks, String[] words) {","lastModifiedDate":"2023-02-28"},{"lineNumber":65,"author":{"gitId":"Stella1585"},"content":"        int index \u003d Integer.parseInt(words[1]) - 1;","lastModifiedDate":"2023-02-28"},{"lineNumber":66,"author":{"gitId":"Stella1585"},"content":"        System.out.print(LINE + \"    Noted. I\u0027ve removed this task:\\n      \" +","lastModifiedDate":"2023-02-28"},{"lineNumber":67,"author":{"gitId":"Stella1585"},"content":"                tasks.get(index).toString());","lastModifiedDate":"2023-02-28"},{"lineNumber":68,"author":{"gitId":"Stella1585"},"content":"        tasks.remove(index);","lastModifiedDate":"2023-02-28"},{"lineNumber":69,"author":{"gitId":"Stella1585"},"content":"        System.out.print(\"\\n    Now you have \" + tasks.size() + \" tasks in the list.\\n\" +","lastModifiedDate":"2023-02-28"},{"lineNumber":70,"author":{"gitId":"Stella1585"},"content":"                LINE);","lastModifiedDate":"2023-02-28"},{"lineNumber":71,"author":{"gitId":"Stella1585"},"content":"    }","lastModifiedDate":"2023-02-28"},{"lineNumber":72,"author":{"gitId":"Stella1585"},"content":"}","lastModifiedDate":"2023-02-28"}],"authorContributionMap":{"Stella1585":72}},{"path":"src/main/java/duke/Ui.java","fileType":"java","lines":[{"lineNumber":1,"author":{"gitId":"Stella1585"},"content":"package duke;","lastModifiedDate":"2023-02-28"},{"lineNumber":2,"author":{"gitId":"Stella1585"},"content":"","lastModifiedDate":"2023-02-28"},{"lineNumber":3,"author":{"gitId":"Stella1585"},"content":"import duke.exceptions.EmptyFindException;","lastModifiedDate":"2023-03-02"},{"lineNumber":4,"author":{"gitId":"Stella1585"},"content":"import duke.exceptions.EmptyListException;","lastModifiedDate":"2023-03-01"},{"lineNumber":5,"author":{"gitId":"Stella1585"},"content":"import duke.exceptions.ExcessInputsException;","lastModifiedDate":"2023-02-28"},{"lineNumber":6,"author":{"gitId":"Stella1585"},"content":"import duke.task.Task;","lastModifiedDate":"2023-02-28"},{"lineNumber":7,"author":{"gitId":"Stella1585"},"content":"","lastModifiedDate":"2023-02-28"},{"lineNumber":8,"author":{"gitId":"Stella1585"},"content":"import java.util.ArrayList;","lastModifiedDate":"2023-02-28"},{"lineNumber":9,"author":{"gitId":"Stella1585"},"content":"import java.util.Scanner;","lastModifiedDate":"2023-02-28"},{"lineNumber":10,"author":{"gitId":"Stella1585"},"content":"","lastModifiedDate":"2023-02-28"},{"lineNumber":11,"author":{"gitId":"Stella1585"},"content":"public class Ui {","lastModifiedDate":"2023-02-28"},{"lineNumber":12,"author":{"gitId":"Stella1585"},"content":"    private static Scanner in;","lastModifiedDate":"2023-02-28"},{"lineNumber":13,"author":{"gitId":"Stella1585"},"content":"    public static final String LINE \u003d \"    ____________________________________________________________\\n\";","lastModifiedDate":"2023-02-28"},{"lineNumber":14,"author":{"gitId":"Stella1585"},"content":"    public static final String GREET \u003d \"     Hello! I\u0027m Duke\\n\" +","lastModifiedDate":"2023-02-28"},{"lineNumber":15,"author":{"gitId":"Stella1585"},"content":"            \"     Welcome to Your To-do List!\\n\";","lastModifiedDate":"2023-02-28"},{"lineNumber":16,"author":{"gitId":"Stella1585"},"content":"    public static final String HELP \u003d \"     Enter \\\"todo \u0027task-name\u0027\\\" to add a task.\\n\" +","lastModifiedDate":"2023-02-28"},{"lineNumber":17,"author":{"gitId":"Stella1585"},"content":"            \"     Enter \\\"deadline \u0027task-name\u0027 /by \u0027deadline\u0027\\\" to add a task with a deadline.\\n\" +","lastModifiedDate":"2023-02-28"},{"lineNumber":18,"author":{"gitId":"Stella1585"},"content":"            \"     Enter \\\"event \u0027task-name\u0027 /from \u0027start-date\u0027 /to \u0027end-date\u0027\\\" to add a task with start and end dates.\\n\" +","lastModifiedDate":"2023-02-28"},{"lineNumber":19,"author":{"gitId":"Stella1585"},"content":"            \"     Enter \\\"mark \u0027task-index\u0027\\\" to mark a task as done.\\n\" +","lastModifiedDate":"2023-02-28"},{"lineNumber":20,"author":{"gitId":"Stella1585"},"content":"            \"     Enter \\\"unmark \u0027task-index\u0027\\\" to mark a task as not done yet.\\n\" +","lastModifiedDate":"2023-02-28"},{"lineNumber":21,"author":{"gitId":"Stella1585"},"content":"            \"     Enter \\\"delete \u0027task-index\u0027\\\" to delete a task from the list.\\n\" +","lastModifiedDate":"2023-02-28"},{"lineNumber":22,"author":{"gitId":"Stella1585"},"content":"            \"     Enter \\\"list\\\" to obtain a list of all your tasks!.\\n\" +","lastModifiedDate":"2023-02-28"},{"lineNumber":23,"author":{"gitId":"Stella1585"},"content":"            \"     Enter \\\"find \u0027string\u0027\\\" to obtain a list of tasks containing the string you input.\\n\" +","lastModifiedDate":"2023-02-28"},{"lineNumber":24,"author":{"gitId":"Stella1585"},"content":"            \"     Enter \\\"help\\\" to view this list of instruction again.\\n\" +","lastModifiedDate":"2023-03-01"},{"lineNumber":25,"author":{"gitId":"Stella1585"},"content":"            \"     Enter \\\"bye\\\" to exit the program. (Your program will also be saved whenever a change is made.)\\n\";","lastModifiedDate":"2023-03-01"},{"lineNumber":26,"author":{"gitId":"Stella1585"},"content":"","lastModifiedDate":"2023-02-28"},{"lineNumber":27,"author":{"gitId":"Stella1585"},"content":"    public static final String LOGO \u003d","lastModifiedDate":"2023-02-28"},{"lineNumber":28,"author":{"gitId":"Stella1585"},"content":"            \"     |  _ \\\\ _   _| | _____ \\n\"","lastModifiedDate":"2023-02-28"},{"lineNumber":29,"author":{"gitId":"Stella1585"},"content":"                    + \"     | | | | | | | |/ / _ \\\\\\n\"","lastModifiedDate":"2023-02-28"},{"lineNumber":30,"author":{"gitId":"Stella1585"},"content":"                    + \"     | |_| | |_| |   \u003c  __/\\n\"","lastModifiedDate":"2023-02-28"},{"lineNumber":31,"author":{"gitId":"Stella1585"},"content":"                    + \"     |____/ \\\\__,_|_|\\\\_\\\\___|\\n\";","lastModifiedDate":"2023-02-28"},{"lineNumber":32,"author":{"gitId":"Stella1585"},"content":"    public static final String BYE \u003d \"     Bye. Hope to see you again soon!\\n\";","lastModifiedDate":"2023-02-28"},{"lineNumber":33,"author":{"gitId":"Stella1585"},"content":"","lastModifiedDate":"2023-02-28"},{"lineNumber":34,"author":{"gitId":"Stella1585"},"content":"    public static final String ERROR \u003d \"    Invalid command! :( Check your input and try again! \\n\" +","lastModifiedDate":"2023-02-28"},{"lineNumber":35,"author":{"gitId":"Stella1585"},"content":"            \"    Type \u0027help\u0027 to view list of command formats.\\n\";","lastModifiedDate":"2023-02-28"},{"lineNumber":36,"author":{"gitId":"Stella1585"},"content":"","lastModifiedDate":"2023-02-28"},{"lineNumber":37,"author":{"gitId":"Stella1585"},"content":"    public static void showWelcome() {","lastModifiedDate":"2023-02-28"},{"lineNumber":38,"author":{"gitId":"Stella1585"},"content":"        System.out.print(LINE + LOGO + GREET + HELP + LINE);","lastModifiedDate":"2023-02-28"},{"lineNumber":39,"author":{"gitId":"Stella1585"},"content":"    }","lastModifiedDate":"2023-02-28"},{"lineNumber":40,"author":{"gitId":"Stella1585"},"content":"","lastModifiedDate":"2023-02-28"},{"lineNumber":41,"author":{"gitId":"Stella1585"},"content":"    public static void showHelp() {","lastModifiedDate":"2023-02-28"},{"lineNumber":42,"author":{"gitId":"Stella1585"},"content":"        System.out.print(LINE + HELP + LINE);","lastModifiedDate":"2023-02-28"},{"lineNumber":43,"author":{"gitId":"Stella1585"},"content":"    }","lastModifiedDate":"2023-02-28"},{"lineNumber":44,"author":{"gitId":"Stella1585"},"content":"","lastModifiedDate":"2023-02-28"},{"lineNumber":45,"author":{"gitId":"Stella1585"},"content":"    public static void sayBye(){","lastModifiedDate":"2023-02-28"},{"lineNumber":46,"author":{"gitId":"Stella1585"},"content":"        System.out.print(LINE + BYE + LINE);","lastModifiedDate":"2023-02-28"},{"lineNumber":47,"author":{"gitId":"Stella1585"},"content":"    }","lastModifiedDate":"2023-02-28"},{"lineNumber":48,"author":{"gitId":"Stella1585"},"content":"","lastModifiedDate":"2023-02-28"},{"lineNumber":49,"author":{"gitId":"Stella1585"},"content":"    public static void printError(){","lastModifiedDate":"2023-02-28"},{"lineNumber":50,"author":{"gitId":"Stella1585"},"content":"        System.out.print(LINE + ERROR + LINE);","lastModifiedDate":"2023-02-28"},{"lineNumber":51,"author":{"gitId":"Stella1585"},"content":"    }","lastModifiedDate":"2023-02-28"},{"lineNumber":52,"author":{"gitId":"Stella1585"},"content":"    public static void showAddedTask(ArrayList\u003cTask\u003e tasks){","lastModifiedDate":"2023-02-28"},{"lineNumber":53,"author":{"gitId":"Stella1585"},"content":"        System.out.print(LINE + \"    Got it. I\u0027ve added this task:\\n      \" +","lastModifiedDate":"2023-02-28"},{"lineNumber":54,"author":{"gitId":"Stella1585"},"content":"                tasks.get(tasks.size()-1).toString() + \"\\n    Now you have \" + tasks.size() + \" tasks in the list.\\n\" +","lastModifiedDate":"2023-02-28"},{"lineNumber":55,"author":{"gitId":"Stella1585"},"content":"                LINE);","lastModifiedDate":"2023-02-28"},{"lineNumber":56,"author":{"gitId":"Stella1585"},"content":"    }","lastModifiedDate":"2023-02-28"},{"lineNumber":57,"author":{"gitId":"Stella1585"},"content":"","lastModifiedDate":"2023-02-28"},{"lineNumber":58,"author":{"gitId":"Stella1585"},"content":"    public static void printList(ArrayList\u003cTask\u003e tasks, String[] words) throws ExcessInputsException, EmptyListException {","lastModifiedDate":"2023-03-01"},{"lineNumber":59,"author":{"gitId":"Stella1585"},"content":"        if (words.length \u003e 1) {","lastModifiedDate":"2023-02-28"},{"lineNumber":60,"author":{"gitId":"Stella1585"},"content":"            throw new ExcessInputsException();","lastModifiedDate":"2023-02-28"},{"lineNumber":61,"author":{"gitId":"Stella1585"},"content":"        }","lastModifiedDate":"2023-02-28"},{"lineNumber":62,"author":{"gitId":"Stella1585"},"content":"        if (tasks.size() \u003c 1) {","lastModifiedDate":"2023-03-01"},{"lineNumber":63,"author":{"gitId":"Stella1585"},"content":"            throw new EmptyListException();","lastModifiedDate":"2023-03-01"},{"lineNumber":64,"author":{"gitId":"Stella1585"},"content":"        }","lastModifiedDate":"2023-03-01"},{"lineNumber":65,"author":{"gitId":"Stella1585"},"content":"        System.out.println(LINE + \"    Here are the tasks in your list:\");","lastModifiedDate":"2023-02-28"},{"lineNumber":66,"author":{"gitId":"Stella1585"},"content":"        for (int i \u003d 1; i \u003c\u003d tasks.size(); i++) {","lastModifiedDate":"2023-02-28"},{"lineNumber":67,"author":{"gitId":"Stella1585"},"content":"            System.out.println(\"    \" + i + \".\" + tasks.get(i-1).toString());","lastModifiedDate":"2023-02-28"},{"lineNumber":68,"author":{"gitId":"Stella1585"},"content":"        }","lastModifiedDate":"2023-02-28"},{"lineNumber":69,"author":{"gitId":"Stella1585"},"content":"        System.out.print(LINE);","lastModifiedDate":"2023-02-28"},{"lineNumber":70,"author":{"gitId":"Stella1585"},"content":"    }","lastModifiedDate":"2023-02-28"},{"lineNumber":71,"author":{"gitId":"Stella1585"},"content":"","lastModifiedDate":"2023-02-28"},{"lineNumber":72,"author":{"gitId":"Stella1585"},"content":"    public static void printMatchingList(ArrayList\u003cTask\u003e tasks) throws EmptyFindException {","lastModifiedDate":"2023-03-02"},{"lineNumber":73,"author":{"gitId":"Stella1585"},"content":"        if (tasks.size() \u003c 1) {","lastModifiedDate":"2023-03-01"},{"lineNumber":74,"author":{"gitId":"Stella1585"},"content":"            throw new EmptyFindException();","lastModifiedDate":"2023-03-02"},{"lineNumber":75,"author":{"gitId":"Stella1585"},"content":"        }","lastModifiedDate":"2023-03-01"},{"lineNumber":76,"author":{"gitId":"Stella1585"},"content":"        System.out.println(LINE + \"    Here are the matching tasks in your list:\");","lastModifiedDate":"2023-02-28"},{"lineNumber":77,"author":{"gitId":"Stella1585"},"content":"        for (int i \u003d 1; i \u003c\u003d tasks.size(); i++) {","lastModifiedDate":"2023-02-28"},{"lineNumber":78,"author":{"gitId":"Stella1585"},"content":"            System.out.println(\"    \" + i + \".\" + tasks.get(i-1).toString());","lastModifiedDate":"2023-02-28"},{"lineNumber":79,"author":{"gitId":"Stella1585"},"content":"        }","lastModifiedDate":"2023-02-28"},{"lineNumber":80,"author":{"gitId":"Stella1585"},"content":"        System.out.print(LINE);","lastModifiedDate":"2023-02-28"},{"lineNumber":81,"author":{"gitId":"Stella1585"},"content":"    }","lastModifiedDate":"2023-02-28"},{"lineNumber":82,"author":{"gitId":"Stella1585"},"content":"","lastModifiedDate":"2023-02-28"},{"lineNumber":83,"author":{"gitId":"Stella1585"},"content":"    public static String readInput(){","lastModifiedDate":"2023-02-28"},{"lineNumber":84,"author":{"gitId":"Stella1585"},"content":"        return in.nextLine();","lastModifiedDate":"2023-02-28"},{"lineNumber":85,"author":{"gitId":"Stella1585"},"content":"    }","lastModifiedDate":"2023-02-28"},{"lineNumber":86,"author":{"gitId":"Stella1585"},"content":"","lastModifiedDate":"2023-02-28"},{"lineNumber":87,"author":{"gitId":"Stella1585"},"content":"    public static String initialiseScanner(){","lastModifiedDate":"2023-02-28"},{"lineNumber":88,"author":{"gitId":"Stella1585"},"content":"        String line;","lastModifiedDate":"2023-02-28"},{"lineNumber":89,"author":{"gitId":"Stella1585"},"content":"        in \u003d new Scanner(System.in);","lastModifiedDate":"2023-02-28"},{"lineNumber":90,"author":{"gitId":"Stella1585"},"content":"        line \u003d in.nextLine();","lastModifiedDate":"2023-02-28"},{"lineNumber":91,"author":{"gitId":"Stella1585"},"content":"        return line;","lastModifiedDate":"2023-02-28"},{"lineNumber":92,"author":{"gitId":"Stella1585"},"content":"    }","lastModifiedDate":"2023-02-28"},{"lineNumber":93,"author":{"gitId":"Stella1585"},"content":"}","lastModifiedDate":"2023-02-28"}],"authorContributionMap":{"Stella1585":93}},{"path":"src/main/java/duke/exceptions/EmptyFindException.java","fileType":"java","lines":[{"lineNumber":1,"author":{"gitId":"Stella1585"},"content":"package duke.exceptions;","lastModifiedDate":"2023-03-02"},{"lineNumber":2,"author":{"gitId":"Stella1585"},"content":"","lastModifiedDate":"2023-03-02"},{"lineNumber":3,"author":{"gitId":"Stella1585"},"content":"public class EmptyFindException extends Exception {","lastModifiedDate":"2023-03-02"},{"lineNumber":4,"author":{"gitId":"Stella1585"},"content":"","lastModifiedDate":"2023-03-02"},{"lineNumber":5,"author":{"gitId":"Stella1585"},"content":"}","lastModifiedDate":"2023-03-02"}],"authorContributionMap":{"Stella1585":5}},{"path":"src/main/java/duke/exceptions/EmptyListException.java","fileType":"java","lines":[{"lineNumber":1,"author":{"gitId":"Stella1585"},"content":"package duke.exceptions;","lastModifiedDate":"2023-03-01"},{"lineNumber":2,"author":{"gitId":"Stella1585"},"content":"","lastModifiedDate":"2023-03-01"},{"lineNumber":3,"author":{"gitId":"Stella1585"},"content":"public class EmptyListException extends Exception {","lastModifiedDate":"2023-03-01"},{"lineNumber":4,"author":{"gitId":"Stella1585"},"content":"","lastModifiedDate":"2023-03-01"},{"lineNumber":5,"author":{"gitId":"Stella1585"},"content":"}","lastModifiedDate":"2023-03-01"}],"authorContributionMap":{"Stella1585":5}},{"path":"src/main/java/duke/exceptions/ExcessInputsException.java","fileType":"java","lines":[{"lineNumber":1,"author":{"gitId":"Stella1585"},"content":"package duke.exceptions;","lastModifiedDate":"2023-02-08"},{"lineNumber":2,"author":{"gitId":"Stella1585"},"content":"","lastModifiedDate":"2023-02-08"},{"lineNumber":3,"author":{"gitId":"Stella1585"},"content":"public class ExcessInputsException extends Exception {","lastModifiedDate":"2023-02-08"},{"lineNumber":4,"author":{"gitId":"Stella1585"},"content":"//no input","lastModifiedDate":"2023-02-08"},{"lineNumber":5,"author":{"gitId":"Stella1585"},"content":"    ","lastModifiedDate":"2023-02-08"},{"lineNumber":6,"author":{"gitId":"Stella1585"},"content":"}","lastModifiedDate":"2023-02-08"}],"authorContributionMap":{"Stella1585":6}},{"path":"src/main/java/duke/exceptions/MissingDescriptionException.java","fileType":"java","lines":[{"lineNumber":1,"author":{"gitId":"Stella1585"},"content":"package duke.exceptions;","lastModifiedDate":"2023-02-08"},{"lineNumber":2,"author":{"gitId":"Stella1585"},"content":"","lastModifiedDate":"2023-02-08"},{"lineNumber":3,"author":{"gitId":"Stella1585"},"content":"public class MissingDescriptionException extends Throwable {","lastModifiedDate":"2023-02-08"},{"lineNumber":4,"author":{"gitId":"Stella1585"},"content":"//no inputs","lastModifiedDate":"2023-02-08"},{"lineNumber":5,"author":{"gitId":"Stella1585"},"content":"}","lastModifiedDate":"2023-02-08"}],"authorContributionMap":{"Stella1585":5}},{"path":"src/main/java/duke/task/Deadline.java","fileType":"java","lines":[{"lineNumber":1,"author":{"gitId":"Stella1585"},"content":"package duke.task;","lastModifiedDate":"2023-02-08"},{"lineNumber":2,"author":{"gitId":"Stella1585"},"content":"","lastModifiedDate":"2023-02-08"},{"lineNumber":3,"author":{"gitId":"Stella1585"},"content":"public class Deadline extends Task{","lastModifiedDate":"2023-01-28"},{"lineNumber":4,"author":{"gitId":"Stella1585"},"content":"    protected String dueDate;","lastModifiedDate":"2023-02-25"},{"lineNumber":5,"author":{"gitId":"Stella1585"},"content":"","lastModifiedDate":"2023-01-28"},{"lineNumber":6,"author":{"gitId":"Stella1585"},"content":"    public Deadline(String description, String type, String by) {","lastModifiedDate":"2023-01-28"},{"lineNumber":7,"author":{"gitId":"Stella1585"},"content":"        super(description, type);","lastModifiedDate":"2023-01-28"},{"lineNumber":8,"author":{"gitId":"Stella1585"},"content":"        this.dueDate \u003d by;","lastModifiedDate":"2023-02-25"},{"lineNumber":9,"author":{"gitId":"Stella1585"},"content":"    }","lastModifiedDate":"2023-01-28"},{"lineNumber":10,"author":{"gitId":"Stella1585"},"content":"","lastModifiedDate":"2023-01-28"},{"lineNumber":11,"author":{"gitId":"Stella1585"},"content":"    @Override","lastModifiedDate":"2023-01-28"},{"lineNumber":12,"author":{"gitId":"Stella1585"},"content":"    public String toString() {","lastModifiedDate":"2023-01-28"},{"lineNumber":13,"author":{"gitId":"Stella1585"},"content":"        return super.toString() + \" by: \" + this.dueDate;","lastModifiedDate":"2023-02-25"},{"lineNumber":14,"author":{"gitId":"Stella1585"},"content":"    }","lastModifiedDate":"2023-01-28"},{"lineNumber":15,"author":{"gitId":"Stella1585"},"content":"","lastModifiedDate":"2023-01-28"},{"lineNumber":16,"author":{"gitId":"Stella1585"},"content":"}","lastModifiedDate":"2023-01-28"}],"authorContributionMap":{"Stella1585":16}},{"path":"src/main/java/duke/task/Event.java","fileType":"java","lines":[{"lineNumber":1,"author":{"gitId":"Stella1585"},"content":"package duke.task;","lastModifiedDate":"2023-02-08"},{"lineNumber":2,"author":{"gitId":"Stella1585"},"content":"","lastModifiedDate":"2023-02-08"},{"lineNumber":3,"author":{"gitId":"Stella1585"},"content":"public class Event extends Task{","lastModifiedDate":"2023-01-28"},{"lineNumber":4,"author":{"gitId":"Stella1585"},"content":"    protected String from;","lastModifiedDate":"2023-01-28"},{"lineNumber":5,"author":{"gitId":"Stella1585"},"content":"    protected String to;","lastModifiedDate":"2023-01-28"},{"lineNumber":6,"author":{"gitId":"Stella1585"},"content":"","lastModifiedDate":"2023-01-28"},{"lineNumber":7,"author":{"gitId":"Stella1585"},"content":"    public Event(String description, String type, String from, String to) {","lastModifiedDate":"2023-01-28"},{"lineNumber":8,"author":{"gitId":"Stella1585"},"content":"        super(description, type);","lastModifiedDate":"2023-01-28"},{"lineNumber":9,"author":{"gitId":"Stella1585"},"content":"        this.from \u003d from;","lastModifiedDate":"2023-01-28"},{"lineNumber":10,"author":{"gitId":"Stella1585"},"content":"        this.to \u003d to;","lastModifiedDate":"2023-01-28"},{"lineNumber":11,"author":{"gitId":"Stella1585"},"content":"    }","lastModifiedDate":"2023-01-28"},{"lineNumber":12,"author":{"gitId":"Stella1585"},"content":"","lastModifiedDate":"2023-01-28"},{"lineNumber":13,"author":{"gitId":"Stella1585"},"content":"    @Override","lastModifiedDate":"2023-01-28"},{"lineNumber":14,"author":{"gitId":"Stella1585"},"content":"    public String toString() {","lastModifiedDate":"2023-01-28"},{"lineNumber":15,"author":{"gitId":"Stella1585"},"content":"        return super.toString() + \" from: \" + this.from + \" to: \" + this.to;","lastModifiedDate":"2023-02-15"},{"lineNumber":16,"author":{"gitId":"Stella1585"},"content":"    }","lastModifiedDate":"2023-01-28"},{"lineNumber":17,"author":{"gitId":"Stella1585"},"content":"}","lastModifiedDate":"2023-01-28"}],"authorContributionMap":{"Stella1585":17}},{"path":"src/main/java/duke/task/Task.java","fileType":"java","lines":[{"lineNumber":1,"author":{"gitId":"Stella1585"},"content":"package duke.task;","lastModifiedDate":"2023-02-08"},{"lineNumber":2,"author":{"gitId":"Stella1585"},"content":"","lastModifiedDate":"2023-02-08"},{"lineNumber":3,"author":{"gitId":"Stella1585"},"content":"public class Task {","lastModifiedDate":"2023-01-25"},{"lineNumber":4,"author":{"gitId":"Stella1585"},"content":"    public String description;","lastModifiedDate":"2023-02-28"},{"lineNumber":5,"author":{"gitId":"Stella1585"},"content":"    protected String type;","lastModifiedDate":"2023-01-28"},{"lineNumber":6,"author":{"gitId":"Stella1585"},"content":"    protected boolean isDone;","lastModifiedDate":"2023-01-25"},{"lineNumber":7,"author":{"gitId":"Stella1585"},"content":"","lastModifiedDate":"2023-01-25"},{"lineNumber":8,"author":{"gitId":"Stella1585"},"content":"    public Task(String description, String type) {","lastModifiedDate":"2023-01-28"},{"lineNumber":9,"author":{"gitId":"Stella1585"},"content":"        this.description \u003d description;","lastModifiedDate":"2023-01-25"},{"lineNumber":10,"author":{"gitId":"Stella1585"},"content":"        this.type \u003d type;","lastModifiedDate":"2023-01-28"},{"lineNumber":11,"author":{"gitId":"Stella1585"},"content":"        this.isDone \u003d false;","lastModifiedDate":"2023-01-25"},{"lineNumber":12,"author":{"gitId":"Stella1585"},"content":"    }","lastModifiedDate":"2023-01-25"},{"lineNumber":13,"author":{"gitId":"Stella1585"},"content":"","lastModifiedDate":"2023-01-25"},{"lineNumber":14,"author":{"gitId":"Stella1585"},"content":"    public String getStatusIcon() {","lastModifiedDate":"2023-01-25"},{"lineNumber":15,"author":{"gitId":"Stella1585"},"content":"        return (isDone ? \"X\" : \" \"); // mark done task with X","lastModifiedDate":"2023-01-25"},{"lineNumber":16,"author":{"gitId":"Stella1585"},"content":"    }","lastModifiedDate":"2023-01-25"},{"lineNumber":17,"author":{"gitId":"Stella1585"},"content":"    public void setDone(boolean isDone) {","lastModifiedDate":"2023-01-28"},{"lineNumber":18,"author":{"gitId":"Stella1585"},"content":"        this.isDone \u003d isDone;","lastModifiedDate":"2023-01-25"},{"lineNumber":19,"author":{"gitId":"Stella1585"},"content":"    }","lastModifiedDate":"2023-01-25"},{"lineNumber":20,"author":{"gitId":"Stella1585"},"content":"","lastModifiedDate":"2023-01-25"},{"lineNumber":21,"author":{"gitId":"Stella1585"},"content":"    @Override","lastModifiedDate":"2023-01-28"},{"lineNumber":22,"author":{"gitId":"Stella1585"},"content":"    public String toString() {","lastModifiedDate":"2023-01-28"},{"lineNumber":23,"author":{"gitId":"Stella1585"},"content":"        String status \u003d getStatusIcon();","lastModifiedDate":"2023-01-28"},{"lineNumber":24,"author":{"gitId":"Stella1585"},"content":"        return \"[\" + type + \"][\" + status + \"] \" + description;","lastModifiedDate":"2023-01-28"},{"lineNumber":25,"author":{"gitId":"Stella1585"},"content":"    }","lastModifiedDate":"2023-01-28"},{"lineNumber":26,"author":{"gitId":"Stella1585"},"content":"","lastModifiedDate":"2023-01-28"},{"lineNumber":27,"author":{"gitId":"Stella1585"},"content":"}","lastModifiedDate":"2023-01-25"}],"authorContributionMap":{"Stella1585":27}},{"path":"text-ui-test/input.txt","fileType":"txt","lines":[{"lineNumber":1,"author":{"gitId":"Stella1585"},"content":"todo read book","lastModifiedDate":"2023-02-08"},{"lineNumber":2,"author":{"gitId":"Stella1585"},"content":"deadline return book /by June 6th","lastModifiedDate":"2023-02-08"},{"lineNumber":3,"author":{"gitId":"Stella1585"},"content":"event project meeting /from Aug 6th 2pm /to 4pm","lastModifiedDate":"2023-02-08"},{"lineNumber":4,"author":{"gitId":"Stella1585"},"content":"todo join sports club","lastModifiedDate":"2023-02-08"},{"lineNumber":5,"author":{"gitId":"Stella1585"},"content":"mark 1","lastModifiedDate":"2023-02-08"},{"lineNumber":6,"author":{"gitId":"Stella1585"},"content":"mark 4","lastModifiedDate":"2023-02-08"},{"lineNumber":7,"author":{"gitId":"Stella1585"},"content":"todo borrow book","lastModifiedDate":"2023-02-08"},{"lineNumber":8,"author":{"gitId":"Stella1585"},"content":"list","lastModifiedDate":"2023-02-08"},{"lineNumber":9,"author":{"gitId":"Stella1585"},"content":"deadline return book /by Sunday","lastModifiedDate":"2023-02-08"},{"lineNumber":10,"author":{"gitId":"Stella1585"},"content":"event project meeting /from Mon 2pm /to 4pm","lastModifiedDate":"2023-02-08"},{"lineNumber":11,"author":{"gitId":"Stella1585"},"content":"deadline do homework /by no idea :-p","lastModifiedDate":"2023-02-08"},{"lineNumber":12,"author":{"gitId":"Stella1585"},"content":"bye","lastModifiedDate":"2023-02-08"}],"authorContributionMap":{"Stella1585":12}}]
