{"authorDailyContributionsMap":{"Stella1585":[{"date":"2023-01-25","commitResults":[{"hash":"e524b53d243093856d4f98a217322c2212b1c09d","messageTitle":"level 0","messageBody":"","tags":["Level-0"],"fileTypesAndContributionMap":{"java":{"insertions":12,"deletions":0}}},{"hash":"6829b55f970f84e93649b089bb1766122774da93","messageTitle":"Level-1","messageBody":"Greet, Echo, Exit\n","tags":["Level-1"],"fileTypesAndContributionMap":{"java":{"insertions":24,"deletions":0}}},{"hash":"ff07aa8c114bebce6101b4b908f1900a0275ed2a","messageTitle":"Level-2","messageBody":"Add, List\n","tags":["Level-2"],"fileTypesAndContributionMap":{"java":{"insertions":37,"deletions":0}}},{"hash":"bdd61319f44b9424fd061f3f7d6de046a4dc0255","messageTitle":"Level-3","messageBody":"Mark as Done\n","tags":["Level-3","A-Classes"],"fileTypesAndContributionMap":{"java":{"insertions":78,"deletions":0}}}]},{"date":"2023-01-28","commitResults":[{"hash":"6756784d41c865e53bd30c95a5524b146991dcc0","messageTitle":"coding standard","messageBody":"","tags":["A-CodingStandard"],"fileTypesAndContributionMap":{"java":{"insertions":22,"deletions":23}}},{"hash":"bae0a0f06505821de99efe98e47c865afb86a100","messageTitle":"Level-4","messageBody":"","tags":["Level-4","A-Inheritance"],"fileTypesAndContributionMap":{"java":{"insertions":113,"deletions":2}}},{"hash":"7f2776ff963ec06cf437edc444a3e8ae0264641c","messageTitle":"change mark","messageBody":"","fileTypesAndContributionMap":{"java":{"insertions":3,"deletions":2}}}]},{"date":"2023-01-30","commitResults":[{"hash":"8dfafa02ec02b1dfaa5d5224a17ed160c0924ac5","messageTitle":"A-CodeQuality","messageBody":"","tags":["A-CodeQuality"],"fileTypesAndContributionMap":{"java":{"insertions":51,"deletions":49}}}]},{"date":"2023-02-08","commitResults":[{"hash":"74c5f7c78799852d72d32f05b2f447f17bc43e5b","messageTitle":"changes","messageBody":"","fileTypesAndContributionMap":{"txt":{"insertions":12,"deletions":0},"java":{"insertions":75,"deletions":216},"md":{"insertions":1,"deletions":1}}},{"hash":"e884b152a2f57b8adf1a7b6b8629afdca64bb045","messageTitle":"Level-5 \u0026 A-Exceptions","messageBody":"","tags":["Level-5","A-Exceptions"],"fileTypesAndContributionMap":{"java":{"insertions":106,"deletions":35}}},{"hash":"e0f1e340ebfb95a51f1c5f8138aaa41018b7fbe8","messageTitle":"A-Packages","messageBody":"","tags":["A-Packages"],"fileTypesAndContributionMap":{"java":{"insertions":18,"deletions":1}}},{"hash":"f673e8eb7c38968c48230f285019241dc4ad475c","messageTitle":"Update ExcessInputsException.java","messageBody":"","fileTypesAndContributionMap":{"java":{"insertions":1,"deletions":1}}},{"hash":"6ecfc597d16dfc01b8eb5a04fd69e001360aadeb","messageTitle":"Update MissingDescriptionException.java","messageBody":"","fileTypesAndContributionMap":{"java":{"insertions":1,"deletions":1}}},{"hash":"eb4c366226901c3545bfcafd9fa4485b85003f79","messageTitle":"Update ExcessInputsException.java","messageBody":"","fileTypesAndContributionMap":{"java":{"insertions":1,"deletions":0}}}]},{"date":"2023-02-15","commitResults":[{"hash":"89f6b314cc44188d9a90e7fee961d4776ebe8881","messageTitle":"delete","messageBody":"","fileTypesAndContributionMap":{"java":{"insertions":52,"deletions":33}}},{"hash":"29780c6855aba36cd1860a56e44ab0e25c60a1d7","messageTitle":"save","messageBody":"","tags":["Level-7"],"fileTypesAndContributionMap":{"txt":{"insertions":4,"deletions":0},"java":{"insertions":68,"deletions":6}}},{"hash":"903bdf99f181d71e1e423477eeb5bbf4b64f34d7","messageTitle":"Update duke.txt","messageBody":"","fileTypesAndContributionMap":{"txt":{"insertions":1,"deletions":1}}},{"hash":"412e9b1e8fd1669c670fe0961f4bfd1cf99a908b","messageTitle":"jar","messageBody":"","tags":["A-Jar"],"fileTypesAndContributionMap":{"txt":{"insertions":0,"deletions":0},"java":{"insertions":1,"deletions":1}}},{"hash":"1ee0b2c62d0a45fe4186d2d04e413aa6eed3d969","messageTitle":"Update Duke.java","messageBody":"","tags":["v0.1"],"fileTypesAndContributionMap":{"java":{"insertions":7,"deletions":5}}},{"hash":"088290b1f980338db951c958d89d287848eb1397","messageTitle":"changes","messageBody":"","fileTypesAndContributionMap":{"txt":{"insertions":1,"deletions":0},"java":{"insertions":1,"deletions":2}}}]},{"date":"2023-02-25","commitResults":[{"hash":"3daf2847e48d074595b53c4fa07bf678f84014e6","messageTitle":"standard","messageBody":"","fileTypesAndContributionMap":{"java":{"insertions":13,"deletions":7}}}]},{"date":"2023-02-28","commitResults":[{"hash":"1332f042bc0ce68823cc02f5cb47acaeca515836","messageTitle":"Use More OOP","messageBody":"","tags":["A-MoreOOP"],"fileTypesAndContributionMap":{"txt":{"insertions":1,"deletions":0},"java":{"insertions":293,"deletions":215}}},{"hash":"82bbc2ff451f858db8b0b741d68d22431c2676a7","messageTitle":"javadoc","messageBody":"","tags":["A-JavaDoc"],"fileTypesAndContributionMap":{"java":{"insertions":25,"deletions":0}}},{"hash":"8836d435cf88fabf6553d1261280cf77d7458618","messageTitle":"Add find","messageBody":"","fileTypesAndContributionMap":{"txt":{"insertions":1,"deletions":0},"java":{"insertions":17,"deletions":2}}},{"hash":"97758afd064c2d00d10bcfe6853da3542460efe4","messageTitle":"java doc","messageBody":"","fileTypesAndContributionMap":{"java":{"insertions":18,"deletions":3}}},{"hash":"31ff468860e79b047813d9dc94838402c4486b90","messageTitle":"userguide","messageBody":"","tags":["A-UserGuide"],"fileTypesAndContributionMap":{"java":{"insertions":7,"deletions":5},"md":{"insertions":179,"deletions":11}}}]}]},"authorFileTypeContributionMap":{"Stella1585":{"java":450,"md":166,"fxml":0,"sh":0,"bat":0,"gradle":0,"txt":19}},"authorContributionVariance":{"Stella1585":17967.229},"authorDisplayNameMap":{"Stella1585":"CS2113-W15-4 ZHOU..UIQI"}}
