{"authorDailyContributionsMap":{"Stella1585":[{"date":"2023-01-25","commitResults":[{"hash":"e524b53d243093856d4f98a217322c2212b1c09d","messageTitle":"level 0","messageBody":"","tags":["Level-0"],"fileTypesAndContributionMap":{"java":{"insertions":12,"deletions":0}}},{"hash":"6829b55f970f84e93649b089bb1766122774da93","messageTitle":"Level-1","messageBody":"Greet, Echo, Exit\n","tags":["Level-1"],"fileTypesAndContributionMap":{"java":{"insertions":24,"deletions":0}}},{"hash":"ff07aa8c114bebce6101b4b908f1900a0275ed2a","messageTitle":"Level-2","messageBody":"Add, List\n","tags":["Level-2"],"fileTypesAndContributionMap":{"java":{"insertions":37,"deletions":0}}},{"hash":"bdd61319f44b9424fd061f3f7d6de046a4dc0255","messageTitle":"Level-3","messageBody":"Mark as Done\n","tags":["Level-3","A-Classes"],"fileTypesAndContributionMap":{"java":{"insertions":78,"deletions":0}}}]},{"date":"2023-01-28","commitResults":[{"hash":"6756784d41c865e53bd30c95a5524b146991dcc0","messageTitle":"coding standard","messageBody":"","tags":["A-CodingStandard"],"fileTypesAndContributionMap":{"java":{"insertions":22,"deletions":23}}},{"hash":"bae0a0f06505821de99efe98e47c865afb86a100","messageTitle":"Level-4","messageBody":"","tags":["Level-4","A-Inheritance"],"fileTypesAndContributionMap":{"java":{"insertions":113,"deletions":2}}},{"hash":"7f2776ff963ec06cf437edc444a3e8ae0264641c","messageTitle":"change mark","messageBody":"","fileTypesAndContributionMap":{"java":{"insertions":3,"deletions":2}}}]}]},"authorFileTypeContributionMap":{"Stella1585":{"java":262,"md":0,"fxml":0,"sh":0,"bat":0,"gradle":0,"txt":0}},"authorContributionVariance":{"Stella1585":2736.5625},"authorDisplayNameMap":{"Stella1585":"ZHOU..UIQI"}}
