[{"path":"src/main/java/duke/Duke.java","fileType":"java","lines":[{"lineNumber":1,"author":{"gitId":"ZIZI-czh"},"content":"package duke;","lastModifiedDate":"2023-02-16"},{"lineNumber":2,"author":{"gitId":"ZIZI-czh"},"content":"","lastModifiedDate":"2023-02-16"},{"lineNumber":3,"author":{"gitId":"ZIZI-czh"},"content":"import duke.instructions.*;","lastModifiedDate":"2023-03-05"},{"lineNumber":4,"author":{"gitId":"ZIZI-czh"},"content":"import java.util.ArrayList;","lastModifiedDate":"2023-02-04"},{"lineNumber":5,"author":{"gitId":"ZIZI-czh"},"content":"import java.util.Scanner;","lastModifiedDate":"2023-01-31"},{"lineNumber":6,"author":{"gitId":"ZIZI-czh"},"content":"","lastModifiedDate":"2023-01-31"},{"lineNumber":7,"author":{"gitId":"-"},"content":"public class Duke {","lastModifiedDate":"2019-07-29"},{"lineNumber":8,"author":{"gitId":"ZIZI-czh"},"content":"","lastModifiedDate":"2023-02-24"},{"lineNumber":9,"author":{"gitId":"ZIZI-czh"},"content":"    private static final String FILE_PATH \u003d \"data/tasks.txt\";","lastModifiedDate":"2023-02-24"},{"lineNumber":10,"author":{"gitId":"ZIZI-czh"},"content":"    ","lastModifiedDate":"2023-03-05"},{"lineNumber":11,"author":{"gitId":"ZIZI-czh"},"content":"    private static final ArrayList\u003cTask\u003e taskNameList \u003d new ArrayList\u003c\u003e();","lastModifiedDate":"2023-02-15"},{"lineNumber":12,"author":{"gitId":"ZIZI-czh"},"content":"","lastModifiedDate":"2023-01-31"},{"lineNumber":13,"author":{"gitId":"ZIZI-czh"},"content":"","lastModifiedDate":"2023-02-24"},{"lineNumber":14,"author":{"gitId":"ZIZI-czh"},"content":"    public Duke(String filePath) {","lastModifiedDate":"2023-03-05"},{"lineNumber":15,"author":{"gitId":"ZIZI-czh"},"content":"","lastModifiedDate":"2023-02-24"},{"lineNumber":16,"author":{"gitId":"ZIZI-czh"},"content":"        try {","lastModifiedDate":"2023-02-24"},{"lineNumber":17,"author":{"gitId":"ZIZI-czh"},"content":"            Storage.readFile(filePath, taskNameList);","lastModifiedDate":"2023-03-05"},{"lineNumber":18,"author":{"gitId":"ZIZI-czh"},"content":"        } catch (java.io.FileNotFoundException e) {","lastModifiedDate":"2023-02-24"},{"lineNumber":19,"author":{"gitId":"ZIZI-czh"},"content":"            Ui.showNotFoundError();","lastModifiedDate":"2023-03-05"},{"lineNumber":20,"author":{"gitId":"ZIZI-czh"},"content":"        }","lastModifiedDate":"2023-02-15"},{"lineNumber":21,"author":{"gitId":"ZIZI-czh"},"content":"    }","lastModifiedDate":"2023-02-15"},{"lineNumber":22,"author":{"gitId":"ZIZI-czh"},"content":"","lastModifiedDate":"2023-02-14"},{"lineNumber":23,"author":{"gitId":"ZIZI-czh"},"content":"","lastModifiedDate":"2023-01-31"},{"lineNumber":24,"author":{"gitId":"ZIZI-czh"},"content":"","lastModifiedDate":"2023-01-31"},{"lineNumber":25,"author":{"gitId":"ZIZI-czh"},"content":"    public static void run() {","lastModifiedDate":"2023-03-05"},{"lineNumber":26,"author":{"gitId":"ZIZI-czh"},"content":"","lastModifiedDate":"2023-02-15"},{"lineNumber":27,"author":{"gitId":"ZIZI-czh"},"content":"        Ui.greeting();","lastModifiedDate":"2023-03-05"},{"lineNumber":28,"author":{"gitId":"ZIZI-czh"},"content":"        boolean isRunning \u003d true;","lastModifiedDate":"2023-03-05"},{"lineNumber":29,"author":{"gitId":"ZIZI-czh"},"content":"","lastModifiedDate":"2023-02-24"},{"lineNumber":30,"author":{"gitId":"ZIZI-czh"},"content":"        while (isRunning) {","lastModifiedDate":"2023-03-05"},{"lineNumber":31,"author":{"gitId":"ZIZI-czh"},"content":"            isRunning \u003d Parser.checkInput(taskNameList);","lastModifiedDate":"2023-03-05"},{"lineNumber":32,"author":{"gitId":"ZIZI-czh"},"content":"","lastModifiedDate":"2023-02-24"},{"lineNumber":33,"author":{"gitId":"ZIZI-czh"},"content":"        }","lastModifiedDate":"2023-02-24"},{"lineNumber":34,"author":{"gitId":"ZIZI-czh"},"content":"        Storage.writeTaskToFile(FILE_PATH, taskNameList);","lastModifiedDate":"2023-03-05"},{"lineNumber":35,"author":{"gitId":"ZIZI-czh"},"content":"        Parser.sayBye();","lastModifiedDate":"2023-03-05"},{"lineNumber":36,"author":{"gitId":"ZIZI-czh"},"content":"","lastModifiedDate":"2023-02-24"},{"lineNumber":37,"author":{"gitId":"ZIZI-czh"},"content":"    }","lastModifiedDate":"2023-02-24"},{"lineNumber":38,"author":{"gitId":"ZIZI-czh"},"content":"","lastModifiedDate":"2023-02-24"},{"lineNumber":39,"author":{"gitId":"ZIZI-czh"},"content":"    public static void main(String[] args) {","lastModifiedDate":"2023-02-24"},{"lineNumber":40,"author":{"gitId":"ZIZI-czh"},"content":"        new Duke(\"data/tasks.txt\").run();","lastModifiedDate":"2023-03-05"},{"lineNumber":41,"author":{"gitId":"ZIZI-czh"},"content":"    }","lastModifiedDate":"2023-02-24"},{"lineNumber":42,"author":{"gitId":"ZIZI-czh"},"content":"}","lastModifiedDate":"2023-02-15"}],"authorContributionMap":{"ZIZI-czh":41,"-":1}},{"path":"src/main/java/duke/DukeException.java","fileType":"java","lines":[{"lineNumber":1,"author":{"gitId":"ZIZI-czh"},"content":"","lastModifiedDate":"2023-02-16"},{"lineNumber":2,"author":{"gitId":"ZIZI-czh"},"content":"package duke;","lastModifiedDate":"2023-02-16"},{"lineNumber":3,"author":{"gitId":"ZIZI-czh"},"content":"","lastModifiedDate":"2023-02-16"},{"lineNumber":4,"author":{"gitId":"ZIZI-czh"},"content":"public class DukeException extends Exception{","lastModifiedDate":"2023-02-15"},{"lineNumber":5,"author":{"gitId":"ZIZI-czh"},"content":"    public DukeException(String message) {","lastModifiedDate":"2023-02-15"},{"lineNumber":6,"author":{"gitId":"ZIZI-czh"},"content":"        super(message);","lastModifiedDate":"2023-02-15"},{"lineNumber":7,"author":{"gitId":"ZIZI-czh"},"content":"    }","lastModifiedDate":"2023-02-15"},{"lineNumber":8,"author":{"gitId":"ZIZI-czh"},"content":"","lastModifiedDate":"2023-02-16"},{"lineNumber":9,"author":{"gitId":"ZIZI-czh"},"content":"}","lastModifiedDate":"2023-02-15"}],"authorContributionMap":{"ZIZI-czh":9}},{"path":"src/main/java/duke/Parser.java","fileType":"java","lines":[{"lineNumber":1,"author":{"gitId":"ZIZI-czh"},"content":"package duke;","lastModifiedDate":"2023-03-05"},{"lineNumber":2,"author":{"gitId":"ZIZI-czh"},"content":"","lastModifiedDate":"2023-03-05"},{"lineNumber":3,"author":{"gitId":"ZIZI-czh"},"content":"import duke.instructions.Storage;","lastModifiedDate":"2023-03-05"},{"lineNumber":4,"author":{"gitId":"ZIZI-czh"},"content":"import duke.instructions.Task;","lastModifiedDate":"2023-03-05"},{"lineNumber":5,"author":{"gitId":"ZIZI-czh"},"content":"","lastModifiedDate":"2023-03-05"},{"lineNumber":6,"author":{"gitId":"ZIZI-czh"},"content":"import java.util.ArrayList;","lastModifiedDate":"2023-03-05"},{"lineNumber":7,"author":{"gitId":"ZIZI-czh"},"content":"import java.util.Scanner;","lastModifiedDate":"2023-03-05"},{"lineNumber":8,"author":{"gitId":"ZIZI-czh"},"content":"","lastModifiedDate":"2023-03-05"},{"lineNumber":9,"author":{"gitId":"ZIZI-czh"},"content":"public class Parser {","lastModifiedDate":"2023-03-05"},{"lineNumber":10,"author":{"gitId":"ZIZI-czh"},"content":"    private static final String UNRECOGNISED_INPUT \u003d \"     ☹ OOPS!!! I\u0027m sorry, but I don\u0027t know what that means :-(\";","lastModifiedDate":"2023-03-05"},{"lineNumber":11,"author":{"gitId":"ZIZI-czh"},"content":"    private static final String FILE_PATH \u003d \"data/tasks.txt\";","lastModifiedDate":"2023-03-05"},{"lineNumber":12,"author":{"gitId":"ZIZI-czh"},"content":"","lastModifiedDate":"2023-03-05"},{"lineNumber":13,"author":{"gitId":"ZIZI-czh"},"content":"    public static final String LINE \u003d \"    ____________________________________________________________\";","lastModifiedDate":"2023-03-05"},{"lineNumber":14,"author":{"gitId":"ZIZI-czh"},"content":"","lastModifiedDate":"2023-03-05"},{"lineNumber":15,"author":{"gitId":"ZIZI-czh"},"content":"    public static void sayBye() {","lastModifiedDate":"2023-03-05"},{"lineNumber":16,"author":{"gitId":"ZIZI-czh"},"content":"        System.out.println(LINE);","lastModifiedDate":"2023-03-05"},{"lineNumber":17,"author":{"gitId":"ZIZI-czh"},"content":"        System.out.println(\" Bye. Hope to see you again soon!\");","lastModifiedDate":"2023-03-05"},{"lineNumber":18,"author":{"gitId":"ZIZI-czh"},"content":"        System.out.println(LINE);","lastModifiedDate":"2023-03-05"},{"lineNumber":19,"author":{"gitId":"ZIZI-czh"},"content":"    }","lastModifiedDate":"2023-03-05"},{"lineNumber":20,"author":{"gitId":"ZIZI-czh"},"content":"","lastModifiedDate":"2023-03-05"},{"lineNumber":21,"author":{"gitId":"ZIZI-czh"},"content":"    public static void inputValues(String input) throws DukeException {","lastModifiedDate":"2023-03-05"},{"lineNumber":22,"author":{"gitId":"ZIZI-czh"},"content":"        String[] command \u003d input.split(\"\\\\s+\");","lastModifiedDate":"2023-03-05"},{"lineNumber":23,"author":{"gitId":"ZIZI-czh"},"content":"        switch (command[0]) {","lastModifiedDate":"2023-03-05"},{"lineNumber":24,"author":{"gitId":"ZIZI-czh"},"content":"        case \"list\":","lastModifiedDate":"2023-03-05"},{"lineNumber":25,"author":{"gitId":"ZIZI-czh"},"content":"            TaskList.listCommand(input);","lastModifiedDate":"2023-03-05"},{"lineNumber":26,"author":{"gitId":"ZIZI-czh"},"content":"            break;","lastModifiedDate":"2023-03-05"},{"lineNumber":27,"author":{"gitId":"ZIZI-czh"},"content":"        case \"mark\":","lastModifiedDate":"2023-03-05"},{"lineNumber":28,"author":{"gitId":"ZIZI-czh"},"content":"            TaskList.markCommand(command);","lastModifiedDate":"2023-03-05"},{"lineNumber":29,"author":{"gitId":"ZIZI-czh"},"content":"            break;","lastModifiedDate":"2023-03-05"},{"lineNumber":30,"author":{"gitId":"ZIZI-czh"},"content":"        case \"ummark\":","lastModifiedDate":"2023-03-05"},{"lineNumber":31,"author":{"gitId":"ZIZI-czh"},"content":"            TaskList.unMarkCommand(command);","lastModifiedDate":"2023-03-05"},{"lineNumber":32,"author":{"gitId":"ZIZI-czh"},"content":"            break;","lastModifiedDate":"2023-03-05"},{"lineNumber":33,"author":{"gitId":"ZIZI-czh"},"content":"        case \"todo\":","lastModifiedDate":"2023-03-05"},{"lineNumber":34,"author":{"gitId":"ZIZI-czh"},"content":"            TaskList.toDoCommand(input);","lastModifiedDate":"2023-03-05"},{"lineNumber":35,"author":{"gitId":"ZIZI-czh"},"content":"            break;","lastModifiedDate":"2023-03-05"},{"lineNumber":36,"author":{"gitId":"ZIZI-czh"},"content":"        case \"deadline\":","lastModifiedDate":"2023-03-05"},{"lineNumber":37,"author":{"gitId":"ZIZI-czh"},"content":"            TaskList.deadlineCommand(input);","lastModifiedDate":"2023-03-05"},{"lineNumber":38,"author":{"gitId":"ZIZI-czh"},"content":"            break;","lastModifiedDate":"2023-03-05"},{"lineNumber":39,"author":{"gitId":"ZIZI-czh"},"content":"        case \"event\":","lastModifiedDate":"2023-03-05"},{"lineNumber":40,"author":{"gitId":"ZIZI-czh"},"content":"            TaskList.eventCommand(input);","lastModifiedDate":"2023-03-05"},{"lineNumber":41,"author":{"gitId":"ZIZI-czh"},"content":"            break;","lastModifiedDate":"2023-03-05"},{"lineNumber":42,"author":{"gitId":"ZIZI-czh"},"content":"        case \"delete\":","lastModifiedDate":"2023-03-05"},{"lineNumber":43,"author":{"gitId":"ZIZI-czh"},"content":"            TaskList.deleteCommand(input);","lastModifiedDate":"2023-03-05"},{"lineNumber":44,"author":{"gitId":"ZIZI-czh"},"content":"            break;","lastModifiedDate":"2023-03-05"},{"lineNumber":45,"author":{"gitId":"ZIZI-czh"},"content":"        case \"find\":","lastModifiedDate":"2023-03-05"},{"lineNumber":46,"author":{"gitId":"ZIZI-czh"},"content":"            TaskList.findCommand(input);","lastModifiedDate":"2023-03-05"},{"lineNumber":47,"author":{"gitId":"ZIZI-czh"},"content":"            break;","lastModifiedDate":"2023-03-05"},{"lineNumber":48,"author":{"gitId":"ZIZI-czh"},"content":"        default:","lastModifiedDate":"2023-03-05"},{"lineNumber":49,"author":{"gitId":"ZIZI-czh"},"content":"            throw new DukeException(UNRECOGNISED_INPUT);","lastModifiedDate":"2023-03-05"},{"lineNumber":50,"author":{"gitId":"ZIZI-czh"},"content":"","lastModifiedDate":"2023-03-05"},{"lineNumber":51,"author":{"gitId":"ZIZI-czh"},"content":"        }","lastModifiedDate":"2023-03-05"},{"lineNumber":52,"author":{"gitId":"ZIZI-czh"},"content":"    }","lastModifiedDate":"2023-03-05"},{"lineNumber":53,"author":{"gitId":"ZIZI-czh"},"content":"","lastModifiedDate":"2023-03-05"},{"lineNumber":54,"author":{"gitId":"ZIZI-czh"},"content":"    public static boolean checkInput(ArrayList\u003cTask\u003e taskNameList) {","lastModifiedDate":"2023-03-05"},{"lineNumber":55,"author":{"gitId":"ZIZI-czh"},"content":"        Scanner userInput \u003d new Scanner(System.in);","lastModifiedDate":"2023-03-05"},{"lineNumber":56,"author":{"gitId":"ZIZI-czh"},"content":"        while (true) {","lastModifiedDate":"2023-03-05"},{"lineNumber":57,"author":{"gitId":"ZIZI-czh"},"content":"            String taskName \u003d userInput.nextLine();","lastModifiedDate":"2023-03-05"},{"lineNumber":58,"author":{"gitId":"ZIZI-czh"},"content":"","lastModifiedDate":"2023-03-05"},{"lineNumber":59,"author":{"gitId":"ZIZI-czh"},"content":"            if (taskName.equalsIgnoreCase(\"bye\")) {","lastModifiedDate":"2023-03-05"},{"lineNumber":60,"author":{"gitId":"ZIZI-czh"},"content":"                Storage.writeTaskToFile(FILE_PATH, taskNameList);","lastModifiedDate":"2023-03-05"},{"lineNumber":61,"author":{"gitId":"ZIZI-czh"},"content":"                return false;","lastModifiedDate":"2023-03-05"},{"lineNumber":62,"author":{"gitId":"ZIZI-czh"},"content":"            }","lastModifiedDate":"2023-03-05"},{"lineNumber":63,"author":{"gitId":"ZIZI-czh"},"content":"            try {","lastModifiedDate":"2023-03-05"},{"lineNumber":64,"author":{"gitId":"ZIZI-czh"},"content":"                Storage.loadTaskFromFile(FILE_PATH, taskNameList);","lastModifiedDate":"2023-03-05"},{"lineNumber":65,"author":{"gitId":"ZIZI-czh"},"content":"                inputValues(taskName);","lastModifiedDate":"2023-03-05"},{"lineNumber":66,"author":{"gitId":"ZIZI-czh"},"content":"            } catch (Exception e) {","lastModifiedDate":"2023-03-05"},{"lineNumber":67,"author":{"gitId":"ZIZI-czh"},"content":"                System.out.println(LINE);","lastModifiedDate":"2023-03-05"},{"lineNumber":68,"author":{"gitId":"ZIZI-czh"},"content":"                System.out.println(e.getMessage());","lastModifiedDate":"2023-03-05"},{"lineNumber":69,"author":{"gitId":"ZIZI-czh"},"content":"                System.out.println(LINE);","lastModifiedDate":"2023-03-05"},{"lineNumber":70,"author":{"gitId":"ZIZI-czh"},"content":"            }","lastModifiedDate":"2023-03-05"},{"lineNumber":71,"author":{"gitId":"ZIZI-czh"},"content":"        }","lastModifiedDate":"2023-03-05"},{"lineNumber":72,"author":{"gitId":"ZIZI-czh"},"content":"    }","lastModifiedDate":"2023-03-05"},{"lineNumber":73,"author":{"gitId":"ZIZI-czh"},"content":"}","lastModifiedDate":"2023-03-05"}],"authorContributionMap":{"ZIZI-czh":73}},{"path":"src/main/java/duke/TaskList.java","fileType":"java","lines":[{"lineNumber":1,"author":{"gitId":"ZIZI-czh"},"content":"package duke;","lastModifiedDate":"2023-03-05"},{"lineNumber":2,"author":{"gitId":"ZIZI-czh"},"content":"","lastModifiedDate":"2023-03-05"},{"lineNumber":3,"author":{"gitId":"ZIZI-czh"},"content":"import duke.instructions.Deadline;","lastModifiedDate":"2023-03-05"},{"lineNumber":4,"author":{"gitId":"ZIZI-czh"},"content":"import duke.instructions.Event;","lastModifiedDate":"2023-03-05"},{"lineNumber":5,"author":{"gitId":"ZIZI-czh"},"content":"import duke.instructions.Task;","lastModifiedDate":"2023-03-05"},{"lineNumber":6,"author":{"gitId":"ZIZI-czh"},"content":"import duke.instructions.Todo;","lastModifiedDate":"2023-03-05"},{"lineNumber":7,"author":{"gitId":"ZIZI-czh"},"content":"","lastModifiedDate":"2023-03-05"},{"lineNumber":8,"author":{"gitId":"ZIZI-czh"},"content":"import java.util.ArrayList;","lastModifiedDate":"2023-03-05"},{"lineNumber":9,"author":{"gitId":"ZIZI-czh"},"content":"","lastModifiedDate":"2023-03-05"},{"lineNumber":10,"author":{"gitId":"ZIZI-czh"},"content":"public class TaskList {","lastModifiedDate":"2023-03-05"},{"lineNumber":11,"author":{"gitId":"ZIZI-czh"},"content":"","lastModifiedDate":"2023-03-05"},{"lineNumber":12,"author":{"gitId":"ZIZI-czh"},"content":"    private static final ArrayList\u003cTask\u003e taskNameList \u003d new ArrayList\u003c\u003e();","lastModifiedDate":"2023-03-05"},{"lineNumber":13,"author":{"gitId":"ZIZI-czh"},"content":"    public static final String LINE \u003d \"    ____________________________________________________________\";","lastModifiedDate":"2023-03-05"},{"lineNumber":14,"author":{"gitId":"ZIZI-czh"},"content":"    public static final String EMPTY_DESCRIPTION \u003d \"     ☹ OOPS!!! The description cannot be empty.\";","lastModifiedDate":"2023-03-05"},{"lineNumber":15,"author":{"gitId":"ZIZI-czh"},"content":"","lastModifiedDate":"2023-03-05"},{"lineNumber":16,"author":{"gitId":"ZIZI-czh"},"content":"","lastModifiedDate":"2023-03-05"},{"lineNumber":17,"author":{"gitId":"ZIZI-czh"},"content":"    public static void listCommand(String command) {","lastModifiedDate":"2023-03-05"},{"lineNumber":18,"author":{"gitId":"ZIZI-czh"},"content":"        Task task \u003d new Task(command);","lastModifiedDate":"2023-03-05"},{"lineNumber":19,"author":{"gitId":"ZIZI-czh"},"content":"        System.out.println(LINE);","lastModifiedDate":"2023-03-05"},{"lineNumber":20,"author":{"gitId":"ZIZI-czh"},"content":"        System.out.print(task.guideline());","lastModifiedDate":"2023-03-05"},{"lineNumber":21,"author":{"gitId":"ZIZI-czh"},"content":"        for (int indexOfInstruction \u003d 0; indexOfInstruction \u003c taskNameList.size(); indexOfInstruction++) {","lastModifiedDate":"2023-03-05"},{"lineNumber":22,"author":{"gitId":"ZIZI-czh"},"content":"            System.out.print(\"     \" + (indexOfInstruction + 1) + \".\"","lastModifiedDate":"2023-03-05"},{"lineNumber":23,"author":{"gitId":"ZIZI-czh"},"content":"                    + taskNameList.get(indexOfInstruction).getState().trim() + System.lineSeparator());","lastModifiedDate":"2023-03-05"},{"lineNumber":24,"author":{"gitId":"ZIZI-czh"},"content":"        }","lastModifiedDate":"2023-03-05"},{"lineNumber":25,"author":{"gitId":"ZIZI-czh"},"content":"        System.out.println(LINE);","lastModifiedDate":"2023-03-05"},{"lineNumber":26,"author":{"gitId":"ZIZI-czh"},"content":"","lastModifiedDate":"2023-03-05"},{"lineNumber":27,"author":{"gitId":"ZIZI-czh"},"content":"    }","lastModifiedDate":"2023-03-05"},{"lineNumber":28,"author":{"gitId":"ZIZI-czh"},"content":"","lastModifiedDate":"2023-03-05"},{"lineNumber":29,"author":{"gitId":"ZIZI-czh"},"content":"    public static void markCommand(String[] command) {","lastModifiedDate":"2023-03-05"},{"lineNumber":30,"author":{"gitId":"ZIZI-czh"},"content":"        int indexTask \u003d Integer.parseInt(command[1]);","lastModifiedDate":"2023-03-05"},{"lineNumber":31,"author":{"gitId":"ZIZI-czh"},"content":"        System.out.println(LINE);","lastModifiedDate":"2023-03-05"},{"lineNumber":32,"author":{"gitId":"ZIZI-czh"},"content":"        taskNameList.get(indexTask - 1).mark();","lastModifiedDate":"2023-03-05"},{"lineNumber":33,"author":{"gitId":"ZIZI-czh"},"content":"        System.out.print(\"     Nice! I\u0027ve marked this task as done:\"","lastModifiedDate":"2023-03-05"},{"lineNumber":34,"author":{"gitId":"ZIZI-czh"},"content":"                + System.lineSeparator()","lastModifiedDate":"2023-03-05"},{"lineNumber":35,"author":{"gitId":"ZIZI-czh"},"content":"                + taskNameList.get(indexTask - 1).getState());","lastModifiedDate":"2023-03-05"},{"lineNumber":36,"author":{"gitId":"ZIZI-czh"},"content":"        System.out.println(LINE);","lastModifiedDate":"2023-03-05"},{"lineNumber":37,"author":{"gitId":"ZIZI-czh"},"content":"    }","lastModifiedDate":"2023-03-05"},{"lineNumber":38,"author":{"gitId":"ZIZI-czh"},"content":"","lastModifiedDate":"2023-03-05"},{"lineNumber":39,"author":{"gitId":"ZIZI-czh"},"content":"    public static void unMarkCommand(String[] command) {","lastModifiedDate":"2023-03-05"},{"lineNumber":40,"author":{"gitId":"ZIZI-czh"},"content":"        int indexOfTask \u003d Integer.parseInt(command[1]);","lastModifiedDate":"2023-03-05"},{"lineNumber":41,"author":{"gitId":"ZIZI-czh"},"content":"        System.out.println(LINE);","lastModifiedDate":"2023-03-05"},{"lineNumber":42,"author":{"gitId":"ZIZI-czh"},"content":"        taskNameList.get(indexOfTask - 1).unMark();","lastModifiedDate":"2023-03-05"},{"lineNumber":43,"author":{"gitId":"ZIZI-czh"},"content":"        System.out.print(\"     OK, I\u0027ve marked this task as not done yet:\"","lastModifiedDate":"2023-03-05"},{"lineNumber":44,"author":{"gitId":"ZIZI-czh"},"content":"                + System.lineSeparator()","lastModifiedDate":"2023-03-05"},{"lineNumber":45,"author":{"gitId":"ZIZI-czh"},"content":"                + taskNameList.get(indexOfTask - 1).getState());","lastModifiedDate":"2023-03-05"},{"lineNumber":46,"author":{"gitId":"ZIZI-czh"},"content":"        System.out.println(LINE);","lastModifiedDate":"2023-03-05"},{"lineNumber":47,"author":{"gitId":"ZIZI-czh"},"content":"","lastModifiedDate":"2023-03-05"},{"lineNumber":48,"author":{"gitId":"ZIZI-czh"},"content":"    }","lastModifiedDate":"2023-03-05"},{"lineNumber":49,"author":{"gitId":"ZIZI-czh"},"content":"","lastModifiedDate":"2023-03-05"},{"lineNumber":50,"author":{"gitId":"ZIZI-czh"},"content":"    public static void toDoCommand(String input) throws DukeException {","lastModifiedDate":"2023-03-05"},{"lineNumber":51,"author":{"gitId":"ZIZI-czh"},"content":"        Todo toDo \u003d new Todo(input);","lastModifiedDate":"2023-03-05"},{"lineNumber":52,"author":{"gitId":"ZIZI-czh"},"content":"        toDo.setTaskType(\"T\");","lastModifiedDate":"2023-03-05"},{"lineNumber":53,"author":{"gitId":"ZIZI-czh"},"content":"        Task task \u003d new Task(input);","lastModifiedDate":"2023-03-05"},{"lineNumber":54,"author":{"gitId":"ZIZI-czh"},"content":"        String[] tokens \u003d input.split(\"\\\\s+\", 2);","lastModifiedDate":"2023-03-05"},{"lineNumber":55,"author":{"gitId":"ZIZI-czh"},"content":"        if (tokens.length \u003c 2) {","lastModifiedDate":"2023-03-05"},{"lineNumber":56,"author":{"gitId":"ZIZI-czh"},"content":"            throw new DukeException(EMPTY_DESCRIPTION);","lastModifiedDate":"2023-03-05"},{"lineNumber":57,"author":{"gitId":"ZIZI-czh"},"content":"        }","lastModifiedDate":"2023-03-05"},{"lineNumber":58,"author":{"gitId":"ZIZI-czh"},"content":"        System.out.println(LINE);","lastModifiedDate":"2023-03-05"},{"lineNumber":59,"author":{"gitId":"ZIZI-czh"},"content":"        taskNameList.add(toDo);","lastModifiedDate":"2023-03-05"},{"lineNumber":60,"author":{"gitId":"ZIZI-czh"},"content":"        String outputForTodo \u003d toDo.guideline()","lastModifiedDate":"2023-03-05"},{"lineNumber":61,"author":{"gitId":"ZIZI-czh"},"content":"                + toDo.getState()","lastModifiedDate":"2023-03-05"},{"lineNumber":62,"author":{"gitId":"ZIZI-czh"},"content":"                + task.numberOfTask(taskNameList.size());","lastModifiedDate":"2023-03-05"},{"lineNumber":63,"author":{"gitId":"ZIZI-czh"},"content":"        System.out.println(outputForTodo);","lastModifiedDate":"2023-03-05"},{"lineNumber":64,"author":{"gitId":"ZIZI-czh"},"content":"        System.out.println(LINE);","lastModifiedDate":"2023-03-05"},{"lineNumber":65,"author":{"gitId":"ZIZI-czh"},"content":"","lastModifiedDate":"2023-03-05"},{"lineNumber":66,"author":{"gitId":"ZIZI-czh"},"content":"    }","lastModifiedDate":"2023-03-05"},{"lineNumber":67,"author":{"gitId":"ZIZI-czh"},"content":"","lastModifiedDate":"2023-03-05"},{"lineNumber":68,"author":{"gitId":"ZIZI-czh"},"content":"    public static void eventCommand(String input) {","lastModifiedDate":"2023-03-05"},{"lineNumber":69,"author":{"gitId":"ZIZI-czh"},"content":"        Event event \u003d new Event(input);","lastModifiedDate":"2023-03-05"},{"lineNumber":70,"author":{"gitId":"ZIZI-czh"},"content":"        event.setTaskType(\"E\");","lastModifiedDate":"2023-03-05"},{"lineNumber":71,"author":{"gitId":"ZIZI-czh"},"content":"        Task task \u003d new Task(input);","lastModifiedDate":"2023-03-05"},{"lineNumber":72,"author":{"gitId":"ZIZI-czh"},"content":"        taskNameList.add(event);","lastModifiedDate":"2023-03-05"},{"lineNumber":73,"author":{"gitId":"ZIZI-czh"},"content":"        String outputForEvent \u003d event.guideline()","lastModifiedDate":"2023-03-05"},{"lineNumber":74,"author":{"gitId":"ZIZI-czh"},"content":"                + event.getState()","lastModifiedDate":"2023-03-05"},{"lineNumber":75,"author":{"gitId":"ZIZI-czh"},"content":"                + task.numberOfTask(taskNameList.size());","lastModifiedDate":"2023-03-05"},{"lineNumber":76,"author":{"gitId":"ZIZI-czh"},"content":"        System.out.println(outputForEvent);","lastModifiedDate":"2023-03-05"},{"lineNumber":77,"author":{"gitId":"ZIZI-czh"},"content":"        System.out.println(LINE);","lastModifiedDate":"2023-03-05"},{"lineNumber":78,"author":{"gitId":"ZIZI-czh"},"content":"","lastModifiedDate":"2023-03-05"},{"lineNumber":79,"author":{"gitId":"ZIZI-czh"},"content":"    }","lastModifiedDate":"2023-03-05"},{"lineNumber":80,"author":{"gitId":"ZIZI-czh"},"content":"","lastModifiedDate":"2023-03-05"},{"lineNumber":81,"author":{"gitId":"ZIZI-czh"},"content":"    public static void deadlineCommand(String command) {","lastModifiedDate":"2023-03-05"},{"lineNumber":82,"author":{"gitId":"ZIZI-czh"},"content":"        Deadline deadLine \u003d new Deadline(command);","lastModifiedDate":"2023-03-05"},{"lineNumber":83,"author":{"gitId":"ZIZI-czh"},"content":"        deadLine.setTaskType(\"D\");","lastModifiedDate":"2023-03-05"},{"lineNumber":84,"author":{"gitId":"ZIZI-czh"},"content":"        Task task \u003d new Task(command);","lastModifiedDate":"2023-03-05"},{"lineNumber":85,"author":{"gitId":"ZIZI-czh"},"content":"        System.out.println(LINE);","lastModifiedDate":"2023-03-05"},{"lineNumber":86,"author":{"gitId":"ZIZI-czh"},"content":"        taskNameList.add(deadLine);","lastModifiedDate":"2023-03-05"},{"lineNumber":87,"author":{"gitId":"ZIZI-czh"},"content":"        String outputForDeadline \u003d deadLine.guideline()","lastModifiedDate":"2023-03-05"},{"lineNumber":88,"author":{"gitId":"ZIZI-czh"},"content":"                + deadLine.getState()","lastModifiedDate":"2023-03-05"},{"lineNumber":89,"author":{"gitId":"ZIZI-czh"},"content":"                + task.numberOfTask(taskNameList.size());","lastModifiedDate":"2023-03-05"},{"lineNumber":90,"author":{"gitId":"ZIZI-czh"},"content":"        System.out.println(outputForDeadline);","lastModifiedDate":"2023-03-05"},{"lineNumber":91,"author":{"gitId":"ZIZI-czh"},"content":"        System.out.println(LINE);","lastModifiedDate":"2023-03-05"},{"lineNumber":92,"author":{"gitId":"ZIZI-czh"},"content":"    }","lastModifiedDate":"2023-03-05"},{"lineNumber":93,"author":{"gitId":"ZIZI-czh"},"content":"    public static void deleteCommand(String command){","lastModifiedDate":"2023-03-05"},{"lineNumber":94,"author":{"gitId":"ZIZI-czh"},"content":"        int indexTask \u003d Integer.parseInt(command);","lastModifiedDate":"2023-03-05"},{"lineNumber":95,"author":{"gitId":"ZIZI-czh"},"content":"        Task task \u003d new Task(command);","lastModifiedDate":"2023-03-05"},{"lineNumber":96,"author":{"gitId":"ZIZI-czh"},"content":"        System.out.println(LINE);","lastModifiedDate":"2023-03-05"},{"lineNumber":97,"author":{"gitId":"ZIZI-czh"},"content":"        System.out.print(\"     Noted. I\u0027ve removed this task:\"","lastModifiedDate":"2023-03-05"},{"lineNumber":98,"author":{"gitId":"ZIZI-czh"},"content":"                + System.lineSeparator()","lastModifiedDate":"2023-03-05"},{"lineNumber":99,"author":{"gitId":"ZIZI-czh"},"content":"                + taskNameList.get(indexTask - 1).getState());","lastModifiedDate":"2023-03-05"},{"lineNumber":100,"author":{"gitId":"ZIZI-czh"},"content":"        taskNameList.remove(indexTask - 1);","lastModifiedDate":"2023-03-05"},{"lineNumber":101,"author":{"gitId":"ZIZI-czh"},"content":"        System.out.println(task.numberOfTask(taskNameList.size()));","lastModifiedDate":"2023-03-05"},{"lineNumber":102,"author":{"gitId":"ZIZI-czh"},"content":"        System.out.println(LINE);","lastModifiedDate":"2023-03-05"},{"lineNumber":103,"author":{"gitId":"ZIZI-czh"},"content":"    }","lastModifiedDate":"2023-03-05"},{"lineNumber":104,"author":{"gitId":"ZIZI-czh"},"content":"    public static void findCommand(String command){","lastModifiedDate":"2023-03-05"},{"lineNumber":105,"author":{"gitId":"ZIZI-czh"},"content":"        String keyword \u003d command.substring(5);","lastModifiedDate":"2023-03-05"},{"lineNumber":106,"author":{"gitId":"ZIZI-czh"},"content":"","lastModifiedDate":"2023-03-05"},{"lineNumber":107,"author":{"gitId":"ZIZI-czh"},"content":"        ArrayList\u003cTask\u003e matchedTask \u003d new ArrayList\u003c\u003e();","lastModifiedDate":"2023-03-05"},{"lineNumber":108,"author":{"gitId":"ZIZI-czh"},"content":"","lastModifiedDate":"2023-03-05"},{"lineNumber":109,"author":{"gitId":"ZIZI-czh"},"content":"        for (Task task : taskNameList) {","lastModifiedDate":"2023-03-05"},{"lineNumber":110,"author":{"gitId":"ZIZI-czh"},"content":"            if ((task.getState()).contains(keyword)) {","lastModifiedDate":"2023-03-05"},{"lineNumber":111,"author":{"gitId":"ZIZI-czh"},"content":"               matchedTask.add(task);","lastModifiedDate":"2023-03-05"},{"lineNumber":112,"author":{"gitId":"ZIZI-czh"},"content":"            }","lastModifiedDate":"2023-03-05"},{"lineNumber":113,"author":{"gitId":"ZIZI-czh"},"content":"        }","lastModifiedDate":"2023-03-05"},{"lineNumber":114,"author":{"gitId":"ZIZI-czh"},"content":"        int numberOfFoundTasks \u003d matchedTask.size();","lastModifiedDate":"2023-03-05"},{"lineNumber":115,"author":{"gitId":"ZIZI-czh"},"content":"        int number0fTask \u003d 1;","lastModifiedDate":"2023-03-05"},{"lineNumber":116,"author":{"gitId":"ZIZI-czh"},"content":"        System.out.println(\"     There are \" + numberOfFoundTasks + \" matching tasks in your list\");","lastModifiedDate":"2023-03-05"},{"lineNumber":117,"author":{"gitId":"ZIZI-czh"},"content":"        for (Task foundTask : matchedTask) {","lastModifiedDate":"2023-03-05"},{"lineNumber":118,"author":{"gitId":"ZIZI-czh"},"content":"            if (foundTask !\u003d null) {","lastModifiedDate":"2023-03-05"},{"lineNumber":119,"author":{"gitId":"ZIZI-czh"},"content":"                System.out.print(\"     \" +number0fTask + \".\" + foundTask.getState().trim() + System.lineSeparator());","lastModifiedDate":"2023-03-05"},{"lineNumber":120,"author":{"gitId":"ZIZI-czh"},"content":"            }","lastModifiedDate":"2023-03-05"},{"lineNumber":121,"author":{"gitId":"ZIZI-czh"},"content":"            number0fTask++;","lastModifiedDate":"2023-03-05"},{"lineNumber":122,"author":{"gitId":"ZIZI-czh"},"content":"        }","lastModifiedDate":"2023-03-05"},{"lineNumber":123,"author":{"gitId":"ZIZI-czh"},"content":"    }","lastModifiedDate":"2023-03-05"},{"lineNumber":124,"author":{"gitId":"ZIZI-czh"},"content":"","lastModifiedDate":"2023-03-05"},{"lineNumber":125,"author":{"gitId":"ZIZI-czh"},"content":"}","lastModifiedDate":"2023-03-05"}],"authorContributionMap":{"ZIZI-czh":125}},{"path":"src/main/java/duke/Ui.java","fileType":"java","lines":[{"lineNumber":1,"author":{"gitId":"ZIZI-czh"},"content":"package duke;","lastModifiedDate":"2023-03-05"},{"lineNumber":2,"author":{"gitId":"ZIZI-czh"},"content":"","lastModifiedDate":"2023-03-05"},{"lineNumber":3,"author":{"gitId":"ZIZI-czh"},"content":"public class Ui {","lastModifiedDate":"2023-03-05"},{"lineNumber":4,"author":{"gitId":"ZIZI-czh"},"content":"    public static final String LINE \u003d \"    ____________________________________________________________\";","lastModifiedDate":"2023-03-05"},{"lineNumber":5,"author":{"gitId":"ZIZI-czh"},"content":"    public static void greeting() {","lastModifiedDate":"2023-03-05"},{"lineNumber":6,"author":{"gitId":"ZIZI-czh"},"content":"","lastModifiedDate":"2023-03-05"},{"lineNumber":7,"author":{"gitId":"ZIZI-czh"},"content":"        System.out.println(LINE);","lastModifiedDate":"2023-03-05"},{"lineNumber":8,"author":{"gitId":"ZIZI-czh"},"content":"        System.out.println(\"     Hello! I\u0027m Duke\");","lastModifiedDate":"2023-03-05"},{"lineNumber":9,"author":{"gitId":"ZIZI-czh"},"content":"        System.out.println(\"     What can I do for you?\");","lastModifiedDate":"2023-03-05"},{"lineNumber":10,"author":{"gitId":"ZIZI-czh"},"content":"        System.out.println(LINE);","lastModifiedDate":"2023-03-05"},{"lineNumber":11,"author":{"gitId":"ZIZI-czh"},"content":"    }","lastModifiedDate":"2023-03-05"},{"lineNumber":12,"author":{"gitId":"ZIZI-czh"},"content":"","lastModifiedDate":"2023-03-05"},{"lineNumber":13,"author":{"gitId":"ZIZI-czh"},"content":"","lastModifiedDate":"2023-03-05"},{"lineNumber":14,"author":{"gitId":"ZIZI-czh"},"content":"    public static void showNotFoundError(){","lastModifiedDate":"2023-03-05"},{"lineNumber":15,"author":{"gitId":"ZIZI-czh"},"content":"        System.out.println(\"Failed to locate the file\");","lastModifiedDate":"2023-03-05"},{"lineNumber":16,"author":{"gitId":"ZIZI-czh"},"content":"    }","lastModifiedDate":"2023-03-05"},{"lineNumber":17,"author":{"gitId":"ZIZI-czh"},"content":"}","lastModifiedDate":"2023-03-05"}],"authorContributionMap":{"ZIZI-czh":17}},{"path":"src/main/java/duke/instructions/Deadline.java","fileType":"java","lines":[{"lineNumber":1,"author":{"gitId":"ZIZI-czh"},"content":"package duke.instructions;","lastModifiedDate":"2023-02-16"},{"lineNumber":2,"author":{"gitId":"ZIZI-czh"},"content":"","lastModifiedDate":"2023-02-16"},{"lineNumber":3,"author":{"gitId":"ZIZI-czh"},"content":"public class Deadline extends Task{","lastModifiedDate":"2023-02-14"},{"lineNumber":4,"author":{"gitId":"ZIZI-czh"},"content":"    String input;","lastModifiedDate":"2023-02-14"},{"lineNumber":5,"author":{"gitId":"ZIZI-czh"},"content":"    protected String taskType;","lastModifiedDate":"2023-02-24"},{"lineNumber":6,"author":{"gitId":"ZIZI-czh"},"content":"    public Deadline(String input) {","lastModifiedDate":"2023-02-14"},{"lineNumber":7,"author":{"gitId":"ZIZI-czh"},"content":"        super(input);","lastModifiedDate":"2023-02-14"},{"lineNumber":8,"author":{"gitId":"ZIZI-czh"},"content":"        this.input \u003d input;","lastModifiedDate":"2023-02-14"},{"lineNumber":9,"author":{"gitId":"ZIZI-czh"},"content":"","lastModifiedDate":"2023-02-25"},{"lineNumber":10,"author":{"gitId":"ZIZI-czh"},"content":"    }","lastModifiedDate":"2023-02-24"},{"lineNumber":11,"author":{"gitId":"ZIZI-czh"},"content":"","lastModifiedDate":"2023-02-24"},{"lineNumber":12,"author":{"gitId":"ZIZI-czh"},"content":"    @Override","lastModifiedDate":"2023-02-24"},{"lineNumber":13,"author":{"gitId":"ZIZI-czh"},"content":"    public String getTaskType() {","lastModifiedDate":"2023-02-24"},{"lineNumber":14,"author":{"gitId":"ZIZI-czh"},"content":"        return taskType;","lastModifiedDate":"2023-02-24"},{"lineNumber":15,"author":{"gitId":"ZIZI-czh"},"content":"    }","lastModifiedDate":"2023-02-24"},{"lineNumber":16,"author":{"gitId":"ZIZI-czh"},"content":"","lastModifiedDate":"2023-02-24"},{"lineNumber":17,"author":{"gitId":"ZIZI-czh"},"content":"    public void setTaskType(String taskType) {","lastModifiedDate":"2023-02-24"},{"lineNumber":18,"author":{"gitId":"ZIZI-czh"},"content":"        this.taskType \u003d taskType;","lastModifiedDate":"2023-02-24"},{"lineNumber":19,"author":{"gitId":"ZIZI-czh"},"content":"    }","lastModifiedDate":"2023-02-14"},{"lineNumber":20,"author":{"gitId":"ZIZI-czh"},"content":"","lastModifiedDate":"2023-02-14"},{"lineNumber":21,"author":{"gitId":"ZIZI-czh"},"content":"    @Override","lastModifiedDate":"2023-02-14"},{"lineNumber":22,"author":{"gitId":"ZIZI-czh"},"content":"    public String getState(){","lastModifiedDate":"2023-02-14"},{"lineNumber":23,"author":{"gitId":"ZIZI-czh"},"content":"        String deadline \u003d input.substring(input.indexOf(\u0027/\u0027) + 1);","lastModifiedDate":"2023-02-14"},{"lineNumber":24,"author":{"gitId":"ZIZI-czh"},"content":"        StringBuffer showDeadline \u003d new StringBuffer(deadline);","lastModifiedDate":"2023-02-14"},{"lineNumber":25,"author":{"gitId":"ZIZI-czh"},"content":"        showDeadline.insert(2, \":\");","lastModifiedDate":"2023-02-14"},{"lineNumber":26,"author":{"gitId":"ZIZI-czh"},"content":"        String arrayOfDeadline \u003d this.description.substring(description.indexOf(\" \") + 1);","lastModifiedDate":"2023-02-14"},{"lineNumber":27,"author":{"gitId":"ZIZI-czh"},"content":"        String[] eventName \u003d arrayOfDeadline.split(\"/\");","lastModifiedDate":"2023-02-14"},{"lineNumber":28,"author":{"gitId":"ZIZI-czh"},"content":"        return \"      [D]\" + \"[\" + getStatusIcon() + \"]\" +  \" \"","lastModifiedDate":"2023-02-14"},{"lineNumber":29,"author":{"gitId":"ZIZI-czh"},"content":"                + eventName[0] + \" (\" + showDeadline + \")\"","lastModifiedDate":"2023-02-14"},{"lineNumber":30,"author":{"gitId":"ZIZI-czh"},"content":"                + System.lineSeparator();","lastModifiedDate":"2023-02-14"},{"lineNumber":31,"author":{"gitId":"ZIZI-czh"},"content":"    }","lastModifiedDate":"2023-02-14"},{"lineNumber":32,"author":{"gitId":"ZIZI-czh"},"content":"","lastModifiedDate":"2023-02-14"},{"lineNumber":33,"author":{"gitId":"ZIZI-czh"},"content":"    @Override","lastModifiedDate":"2023-02-25"},{"lineNumber":34,"author":{"gitId":"ZIZI-czh"},"content":"    public String getTaskList(){","lastModifiedDate":"2023-02-25"},{"lineNumber":35,"author":{"gitId":"ZIZI-czh"},"content":"        String deadline \u003d input.substring(input.indexOf(\u0027 \u0027) + 1);","lastModifiedDate":"2023-02-25"},{"lineNumber":36,"author":{"gitId":"ZIZI-czh"},"content":"        String[] newDeadline \u003d deadline.split(\"/by\");","lastModifiedDate":"2023-02-25"},{"lineNumber":37,"author":{"gitId":"ZIZI-czh"},"content":"        return newDeadline[0] + \" | \" + newDeadline[1];","lastModifiedDate":"2023-02-25"},{"lineNumber":38,"author":{"gitId":"ZIZI-czh"},"content":"","lastModifiedDate":"2023-02-25"},{"lineNumber":39,"author":{"gitId":"ZIZI-czh"},"content":"","lastModifiedDate":"2023-02-25"},{"lineNumber":40,"author":{"gitId":"ZIZI-czh"},"content":"    }","lastModifiedDate":"2023-02-25"},{"lineNumber":41,"author":{"gitId":"ZIZI-czh"},"content":"","lastModifiedDate":"2023-02-25"},{"lineNumber":42,"author":{"gitId":"ZIZI-czh"},"content":"    @Override","lastModifiedDate":"2023-02-14"},{"lineNumber":43,"author":{"gitId":"ZIZI-czh"},"content":"    public String guideline(){","lastModifiedDate":"2023-02-14"},{"lineNumber":44,"author":{"gitId":"ZIZI-czh"},"content":"        return \"     Got it. I\u0027ve added this task: \"","lastModifiedDate":"2023-02-14"},{"lineNumber":45,"author":{"gitId":"ZIZI-czh"},"content":"                + System.lineSeparator();","lastModifiedDate":"2023-02-14"},{"lineNumber":46,"author":{"gitId":"ZIZI-czh"},"content":"    }","lastModifiedDate":"2023-02-14"},{"lineNumber":47,"author":{"gitId":"ZIZI-czh"},"content":"}","lastModifiedDate":"2023-02-14"}],"authorContributionMap":{"ZIZI-czh":47}},{"path":"src/main/java/duke/instructions/Delete.java","fileType":"java","lines":[{"lineNumber":1,"author":{"gitId":"ZIZI-czh"},"content":"package duke.instructions;","lastModifiedDate":"2023-02-16"},{"lineNumber":2,"author":{"gitId":"ZIZI-czh"},"content":"","lastModifiedDate":"2023-02-16"},{"lineNumber":3,"author":{"gitId":"ZIZI-czh"},"content":"public class Delete extends Task{","lastModifiedDate":"2023-02-16"},{"lineNumber":4,"author":{"gitId":"ZIZI-czh"},"content":"","lastModifiedDate":"2023-02-16"},{"lineNumber":5,"author":{"gitId":"ZIZI-czh"},"content":"    public Delete(String description) {","lastModifiedDate":"2023-02-16"},{"lineNumber":6,"author":{"gitId":"ZIZI-czh"},"content":"        super(description);","lastModifiedDate":"2023-02-16"},{"lineNumber":7,"author":{"gitId":"ZIZI-czh"},"content":"    }","lastModifiedDate":"2023-02-16"},{"lineNumber":8,"author":{"gitId":"ZIZI-czh"},"content":"","lastModifiedDate":"2023-02-16"},{"lineNumber":9,"author":{"gitId":"ZIZI-czh"},"content":"","lastModifiedDate":"2023-02-16"},{"lineNumber":10,"author":{"gitId":"ZIZI-czh"},"content":"","lastModifiedDate":"2023-02-16"},{"lineNumber":11,"author":{"gitId":"ZIZI-czh"},"content":"    @Override","lastModifiedDate":"2023-02-16"},{"lineNumber":12,"author":{"gitId":"ZIZI-czh"},"content":"    public String guideline(){","lastModifiedDate":"2023-02-16"},{"lineNumber":13,"author":{"gitId":"ZIZI-czh"},"content":"","lastModifiedDate":"2023-02-16"},{"lineNumber":14,"author":{"gitId":"ZIZI-czh"},"content":"        return \"     Noted. I\u0027ve removed this task:\"","lastModifiedDate":"2023-02-16"},{"lineNumber":15,"author":{"gitId":"ZIZI-czh"},"content":"                + System.lineSeparator();","lastModifiedDate":"2023-02-16"},{"lineNumber":16,"author":{"gitId":"ZIZI-czh"},"content":"    }","lastModifiedDate":"2023-02-16"},{"lineNumber":17,"author":{"gitId":"ZIZI-czh"},"content":"}","lastModifiedDate":"2023-02-16"}],"authorContributionMap":{"ZIZI-czh":17}},{"path":"src/main/java/duke/instructions/Event.java","fileType":"java","lines":[{"lineNumber":1,"author":{"gitId":"ZIZI-czh"},"content":"","lastModifiedDate":"2023-02-16"},{"lineNumber":2,"author":{"gitId":"ZIZI-czh"},"content":"package duke.instructions;","lastModifiedDate":"2023-02-16"},{"lineNumber":3,"author":{"gitId":"ZIZI-czh"},"content":"","lastModifiedDate":"2023-02-16"},{"lineNumber":4,"author":{"gitId":"ZIZI-czh"},"content":"public class Event extends Task{","lastModifiedDate":"2023-02-14"},{"lineNumber":5,"author":{"gitId":"ZIZI-czh"},"content":"    protected  String input;","lastModifiedDate":"2023-02-24"},{"lineNumber":6,"author":{"gitId":"ZIZI-czh"},"content":"    protected String taskType;","lastModifiedDate":"2023-02-24"},{"lineNumber":7,"author":{"gitId":"ZIZI-czh"},"content":"    protected String taskName;","lastModifiedDate":"2023-03-05"},{"lineNumber":8,"author":{"gitId":"ZIZI-czh"},"content":"","lastModifiedDate":"2023-02-16"},{"lineNumber":9,"author":{"gitId":"ZIZI-czh"},"content":"    public Event(String input) {","lastModifiedDate":"2023-02-14"},{"lineNumber":10,"author":{"gitId":"ZIZI-czh"},"content":"        super(input);","lastModifiedDate":"2023-02-14"},{"lineNumber":11,"author":{"gitId":"ZIZI-czh"},"content":"        this.input \u003d input;","lastModifiedDate":"2023-02-14"},{"lineNumber":12,"author":{"gitId":"ZIZI-czh"},"content":"        this.taskType \u003d \"E\";","lastModifiedDate":"2023-02-24"},{"lineNumber":13,"author":{"gitId":"ZIZI-czh"},"content":"        this.taskName \u003d input;","lastModifiedDate":"2023-03-05"},{"lineNumber":14,"author":{"gitId":"ZIZI-czh"},"content":"    }","lastModifiedDate":"2023-02-14"},{"lineNumber":15,"author":{"gitId":"ZIZI-czh"},"content":"","lastModifiedDate":"2023-02-16"},{"lineNumber":16,"author":{"gitId":"ZIZI-czh"},"content":"    @Override","lastModifiedDate":"2023-02-14"},{"lineNumber":17,"author":{"gitId":"ZIZI-czh"},"content":"    public String getState(){","lastModifiedDate":"2023-02-14"},{"lineNumber":18,"author":{"gitId":"ZIZI-czh"},"content":"        String wholeArrayOfEvent \u003d this.description.substring(description.indexOf(\" \") + 1);","lastModifiedDate":"2023-02-14"},{"lineNumber":19,"author":{"gitId":"ZIZI-czh"},"content":"        String[] arrayOfEvent \u003d wholeArrayOfEvent.split(\"/from\");","lastModifiedDate":"2023-02-14"},{"lineNumber":20,"author":{"gitId":"ZIZI-czh"},"content":"        String eventStart \u003d arrayOfEvent[1].split(\"/to\")[0].trim();","lastModifiedDate":"2023-02-14"},{"lineNumber":21,"author":{"gitId":"ZIZI-czh"},"content":"        String eventEnd \u003d arrayOfEvent[1].split(\"/to\")[1].trim();","lastModifiedDate":"2023-02-14"},{"lineNumber":22,"author":{"gitId":"ZIZI-czh"},"content":"","lastModifiedDate":"2023-02-14"},{"lineNumber":23,"author":{"gitId":"ZIZI-czh"},"content":"        String full;","lastModifiedDate":"2023-02-14"},{"lineNumber":24,"author":{"gitId":"ZIZI-czh"},"content":"        full \u003d \"      [E]\" + \"[\" + getStatusIcon() + \"]\" +  \" \"","lastModifiedDate":"2023-02-14"},{"lineNumber":25,"author":{"gitId":"ZIZI-czh"},"content":"                + arrayOfEvent[0] +","lastModifiedDate":"2023-02-14"},{"lineNumber":26,"author":{"gitId":"ZIZI-czh"},"content":"                \"(from: \" + eventStart + \" to: \"","lastModifiedDate":"2023-02-14"},{"lineNumber":27,"author":{"gitId":"ZIZI-czh"},"content":"                + eventEnd + \")\" + System.lineSeparator();","lastModifiedDate":"2023-02-14"},{"lineNumber":28,"author":{"gitId":"ZIZI-czh"},"content":"","lastModifiedDate":"2023-02-14"},{"lineNumber":29,"author":{"gitId":"ZIZI-czh"},"content":"        return full;","lastModifiedDate":"2023-02-14"},{"lineNumber":30,"author":{"gitId":"ZIZI-czh"},"content":"}","lastModifiedDate":"2023-02-14"},{"lineNumber":31,"author":{"gitId":"ZIZI-czh"},"content":"","lastModifiedDate":"2023-02-14"},{"lineNumber":32,"author":{"gitId":"ZIZI-czh"},"content":"@Override","lastModifiedDate":"2023-02-14"},{"lineNumber":33,"author":{"gitId":"ZIZI-czh"},"content":"    public String guideline(){","lastModifiedDate":"2023-02-14"},{"lineNumber":34,"author":{"gitId":"ZIZI-czh"},"content":"        return \"     Got it. I\u0027ve added this task: \"","lastModifiedDate":"2023-02-14"},{"lineNumber":35,"author":{"gitId":"ZIZI-czh"},"content":"                + System.lineSeparator();","lastModifiedDate":"2023-02-14"},{"lineNumber":36,"author":{"gitId":"ZIZI-czh"},"content":"    }","lastModifiedDate":"2023-02-14"},{"lineNumber":37,"author":{"gitId":"ZIZI-czh"},"content":"","lastModifiedDate":"2023-02-24"},{"lineNumber":38,"author":{"gitId":"ZIZI-czh"},"content":"","lastModifiedDate":"2023-02-24"},{"lineNumber":39,"author":{"gitId":"ZIZI-czh"},"content":"    @Override","lastModifiedDate":"2023-02-24"},{"lineNumber":40,"author":{"gitId":"ZIZI-czh"},"content":"    public String getTaskType() {","lastModifiedDate":"2023-02-24"},{"lineNumber":41,"author":{"gitId":"ZIZI-czh"},"content":"        return taskType;","lastModifiedDate":"2023-02-24"},{"lineNumber":42,"author":{"gitId":"ZIZI-czh"},"content":"    }","lastModifiedDate":"2023-02-24"},{"lineNumber":43,"author":{"gitId":"ZIZI-czh"},"content":"","lastModifiedDate":"2023-02-24"},{"lineNumber":44,"author":{"gitId":"ZIZI-czh"},"content":"    public void setTaskType(String taskType) {","lastModifiedDate":"2023-02-24"},{"lineNumber":45,"author":{"gitId":"ZIZI-czh"},"content":"        this.taskType \u003d taskType;","lastModifiedDate":"2023-02-24"},{"lineNumber":46,"author":{"gitId":"ZIZI-czh"},"content":"    }","lastModifiedDate":"2023-02-24"},{"lineNumber":47,"author":{"gitId":"ZIZI-czh"},"content":"    public String getTaskName(){","lastModifiedDate":"2023-03-05"},{"lineNumber":48,"author":{"gitId":"ZIZI-czh"},"content":"        return this.taskName;","lastModifiedDate":"2023-03-05"},{"lineNumber":49,"author":{"gitId":"ZIZI-czh"},"content":"    }","lastModifiedDate":"2023-03-05"},{"lineNumber":50,"author":{"gitId":"ZIZI-czh"},"content":"","lastModifiedDate":"2023-03-05"},{"lineNumber":51,"author":{"gitId":"ZIZI-czh"},"content":"","lastModifiedDate":"2023-02-25"},{"lineNumber":52,"author":{"gitId":"ZIZI-czh"},"content":"    @Override","lastModifiedDate":"2023-02-25"},{"lineNumber":53,"author":{"gitId":"ZIZI-czh"},"content":"    public String getTaskList(){","lastModifiedDate":"2023-02-25"},{"lineNumber":54,"author":{"gitId":"ZIZI-czh"},"content":"","lastModifiedDate":"2023-02-25"},{"lineNumber":55,"author":{"gitId":"ZIZI-czh"},"content":"        String wholeArrayOfEvent \u003d this.description.substring(description.indexOf(\" \") + 1);","lastModifiedDate":"2023-02-25"},{"lineNumber":56,"author":{"gitId":"ZIZI-czh"},"content":"        String[] arrayOfEvent \u003d wholeArrayOfEvent.split(\"/from\");","lastModifiedDate":"2023-02-25"},{"lineNumber":57,"author":{"gitId":"ZIZI-czh"},"content":"        String eventStart \u003d arrayOfEvent[1].split(\"/to\")[0].trim();","lastModifiedDate":"2023-02-25"},{"lineNumber":58,"author":{"gitId":"ZIZI-czh"},"content":"        String eventEnd \u003d arrayOfEvent[1].split(\"/to\")[1].trim();","lastModifiedDate":"2023-02-25"},{"lineNumber":59,"author":{"gitId":"ZIZI-czh"},"content":"","lastModifiedDate":"2023-02-25"},{"lineNumber":60,"author":{"gitId":"ZIZI-czh"},"content":"        return arrayOfEvent[0] +","lastModifiedDate":"2023-02-25"},{"lineNumber":61,"author":{"gitId":"ZIZI-czh"},"content":"                \" | \" + eventStart + \"-\"","lastModifiedDate":"2023-02-25"},{"lineNumber":62,"author":{"gitId":"ZIZI-czh"},"content":"                + eventEnd + System.lineSeparator();","lastModifiedDate":"2023-02-25"},{"lineNumber":63,"author":{"gitId":"ZIZI-czh"},"content":"    }","lastModifiedDate":"2023-02-25"},{"lineNumber":64,"author":{"gitId":"ZIZI-czh"},"content":"}","lastModifiedDate":"2023-02-14"}],"authorContributionMap":{"ZIZI-czh":64}},{"path":"src/main/java/duke/instructions/Storage.java","fileType":"java","lines":[{"lineNumber":1,"author":{"gitId":"ZIZI-czh"},"content":"package duke.instructions;","lastModifiedDate":"2023-03-05"},{"lineNumber":2,"author":{"gitId":"ZIZI-czh"},"content":"","lastModifiedDate":"2023-03-05"},{"lineNumber":3,"author":{"gitId":"ZIZI-czh"},"content":"import duke.DukeException;","lastModifiedDate":"2023-03-05"},{"lineNumber":4,"author":{"gitId":"ZIZI-czh"},"content":"","lastModifiedDate":"2023-03-05"},{"lineNumber":5,"author":{"gitId":"ZIZI-czh"},"content":"import java.io.File;","lastModifiedDate":"2023-03-05"},{"lineNumber":6,"author":{"gitId":"ZIZI-czh"},"content":"import java.io.FileNotFoundException;","lastModifiedDate":"2023-03-05"},{"lineNumber":7,"author":{"gitId":"ZIZI-czh"},"content":"import java.io.FileWriter;","lastModifiedDate":"2023-03-05"},{"lineNumber":8,"author":{"gitId":"ZIZI-czh"},"content":"import java.io.IOException;","lastModifiedDate":"2023-03-05"},{"lineNumber":9,"author":{"gitId":"ZIZI-czh"},"content":"import java.util.ArrayList;","lastModifiedDate":"2023-03-05"},{"lineNumber":10,"author":{"gitId":"ZIZI-czh"},"content":"","lastModifiedDate":"2023-03-05"},{"lineNumber":11,"author":{"gitId":"ZIZI-czh"},"content":"public class Storage {","lastModifiedDate":"2023-03-05"},{"lineNumber":12,"author":{"gitId":"ZIZI-czh"},"content":"    //static final String FILE_PATH \u003d \"data/tasks.txt\";","lastModifiedDate":"2023-03-05"},{"lineNumber":13,"author":{"gitId":"ZIZI-czh"},"content":"    protected static String filePath;","lastModifiedDate":"2023-03-05"},{"lineNumber":14,"author":{"gitId":"ZIZI-czh"},"content":"","lastModifiedDate":"2023-03-05"},{"lineNumber":15,"author":{"gitId":"ZIZI-czh"},"content":"    public Storage(String filePath) {","lastModifiedDate":"2023-03-05"},{"lineNumber":16,"author":{"gitId":"ZIZI-czh"},"content":"        this.filePath \u003d filePath;","lastModifiedDate":"2023-03-05"},{"lineNumber":17,"author":{"gitId":"ZIZI-czh"},"content":"    }","lastModifiedDate":"2023-03-05"},{"lineNumber":18,"author":{"gitId":"ZIZI-czh"},"content":"","lastModifiedDate":"2023-03-05"},{"lineNumber":19,"author":{"gitId":"ZIZI-czh"},"content":"","lastModifiedDate":"2023-03-05"},{"lineNumber":20,"author":{"gitId":"ZIZI-czh"},"content":"    public static void writeTaskToFile(String filePath, ArrayList\u003cTask\u003e taskNameList){","lastModifiedDate":"2023-03-05"},{"lineNumber":21,"author":{"gitId":"ZIZI-czh"},"content":"","lastModifiedDate":"2023-03-05"},{"lineNumber":22,"author":{"gitId":"ZIZI-czh"},"content":"        try{","lastModifiedDate":"2023-03-05"},{"lineNumber":23,"author":{"gitId":"ZIZI-czh"},"content":"            File savedFile \u003d new File(filePath);","lastModifiedDate":"2023-03-05"},{"lineNumber":24,"author":{"gitId":"ZIZI-czh"},"content":"            FileWriter writeFile \u003d new FileWriter(savedFile);","lastModifiedDate":"2023-03-05"},{"lineNumber":25,"author":{"gitId":"ZIZI-czh"},"content":"            for(Task tasks : taskNameList){","lastModifiedDate":"2023-03-05"},{"lineNumber":26,"author":{"gitId":"ZIZI-czh"},"content":"                String typeOfTask \u003d tasks.getTaskType();","lastModifiedDate":"2023-03-05"},{"lineNumber":27,"author":{"gitId":"ZIZI-czh"},"content":"                switch(typeOfTask){","lastModifiedDate":"2023-03-05"},{"lineNumber":28,"author":{"gitId":"ZIZI-czh"},"content":"                case \"D\":","lastModifiedDate":"2023-03-05"},{"lineNumber":29,"author":{"gitId":"ZIZI-czh"},"content":"                    Deadline newDeadline \u003d (Deadline) tasks;","lastModifiedDate":"2023-03-05"},{"lineNumber":30,"author":{"gitId":"ZIZI-czh"},"content":"                    writeFile.write(\"D | \" + newDeadline.getStatusIcon() + \" | \" + newDeadline.getTaskList());","lastModifiedDate":"2023-03-05"},{"lineNumber":31,"author":{"gitId":"ZIZI-czh"},"content":"                    break;","lastModifiedDate":"2023-03-05"},{"lineNumber":32,"author":{"gitId":"ZIZI-czh"},"content":"                case \"E\":","lastModifiedDate":"2023-03-05"},{"lineNumber":33,"author":{"gitId":"ZIZI-czh"},"content":"                    Event newEvent \u003d (Event) tasks;","lastModifiedDate":"2023-03-05"},{"lineNumber":34,"author":{"gitId":"ZIZI-czh"},"content":"                    writeFile.write(\"E | \" + newEvent.getStatusIcon() + \" | \" + newEvent.getTaskList());","lastModifiedDate":"2023-03-05"},{"lineNumber":35,"author":{"gitId":"ZIZI-czh"},"content":"                    break;","lastModifiedDate":"2023-03-05"},{"lineNumber":36,"author":{"gitId":"ZIZI-czh"},"content":"                case \"T\":","lastModifiedDate":"2023-03-05"},{"lineNumber":37,"author":{"gitId":"ZIZI-czh"},"content":"                    Todo newToDo \u003d (Todo) tasks;","lastModifiedDate":"2023-03-05"},{"lineNumber":38,"author":{"gitId":"ZIZI-czh"},"content":"                    writeFile.write(\"E | \" + newToDo.getStatusIcon() + \" | \" + newToDo.getTaskList());","lastModifiedDate":"2023-03-05"},{"lineNumber":39,"author":{"gitId":"ZIZI-czh"},"content":"                    break;","lastModifiedDate":"2023-03-05"},{"lineNumber":40,"author":{"gitId":"ZIZI-czh"},"content":"                default:","lastModifiedDate":"2023-03-05"},{"lineNumber":41,"author":{"gitId":"ZIZI-czh"},"content":"                    System.out.println(\"Invalid inout, please enetr a valid command\");","lastModifiedDate":"2023-03-05"},{"lineNumber":42,"author":{"gitId":"ZIZI-czh"},"content":"                }","lastModifiedDate":"2023-03-05"},{"lineNumber":43,"author":{"gitId":"ZIZI-czh"},"content":"","lastModifiedDate":"2023-03-05"},{"lineNumber":44,"author":{"gitId":"ZIZI-czh"},"content":"","lastModifiedDate":"2023-03-05"},{"lineNumber":45,"author":{"gitId":"ZIZI-czh"},"content":"            }","lastModifiedDate":"2023-03-05"},{"lineNumber":46,"author":{"gitId":"ZIZI-czh"},"content":"","lastModifiedDate":"2023-03-05"},{"lineNumber":47,"author":{"gitId":"ZIZI-czh"},"content":"        } catch (IOException e) {","lastModifiedDate":"2023-03-05"},{"lineNumber":48,"author":{"gitId":"ZIZI-czh"},"content":"            throw new RuntimeException(e);","lastModifiedDate":"2023-03-05"},{"lineNumber":49,"author":{"gitId":"ZIZI-czh"},"content":"        }","lastModifiedDate":"2023-03-05"},{"lineNumber":50,"author":{"gitId":"ZIZI-czh"},"content":"","lastModifiedDate":"2023-03-05"},{"lineNumber":51,"author":{"gitId":"ZIZI-czh"},"content":"","lastModifiedDate":"2023-03-05"},{"lineNumber":52,"author":{"gitId":"ZIZI-czh"},"content":"    }","lastModifiedDate":"2023-03-05"},{"lineNumber":53,"author":{"gitId":"ZIZI-czh"},"content":"","lastModifiedDate":"2023-03-05"},{"lineNumber":54,"author":{"gitId":"ZIZI-czh"},"content":"    public static void readFile(String filePath, ArrayList\u003cTask\u003e taskList) throws FileNotFoundException {","lastModifiedDate":"2023-03-05"},{"lineNumber":55,"author":{"gitId":"ZIZI-czh"},"content":"","lastModifiedDate":"2023-03-05"},{"lineNumber":56,"author":{"gitId":"ZIZI-czh"},"content":"        File savedFile \u003d new File(filePath);","lastModifiedDate":"2023-03-05"},{"lineNumber":57,"author":{"gitId":"ZIZI-czh"},"content":"        if(!savedFile.getParentFile().exists()){","lastModifiedDate":"2023-03-05"},{"lineNumber":58,"author":{"gitId":"ZIZI-czh"},"content":"            savedFile.getParentFile().mkdirs();","lastModifiedDate":"2023-03-05"},{"lineNumber":59,"author":{"gitId":"ZIZI-czh"},"content":"","lastModifiedDate":"2023-03-05"},{"lineNumber":60,"author":{"gitId":"ZIZI-czh"},"content":"        }","lastModifiedDate":"2023-03-05"},{"lineNumber":61,"author":{"gitId":"ZIZI-czh"},"content":"        try{","lastModifiedDate":"2023-03-05"},{"lineNumber":62,"author":{"gitId":"ZIZI-czh"},"content":"            if(!savedFile.exists()){","lastModifiedDate":"2023-03-05"},{"lineNumber":63,"author":{"gitId":"ZIZI-czh"},"content":"                savedFile.createNewFile();","lastModifiedDate":"2023-03-05"},{"lineNumber":64,"author":{"gitId":"ZIZI-czh"},"content":"            }","lastModifiedDate":"2023-03-05"},{"lineNumber":65,"author":{"gitId":"ZIZI-czh"},"content":"        } catch (IOException e) {","lastModifiedDate":"2023-03-05"},{"lineNumber":66,"author":{"gitId":"ZIZI-czh"},"content":"            System.out.println(\"Failed to create a new file!!!\");","lastModifiedDate":"2023-03-05"},{"lineNumber":67,"author":{"gitId":"ZIZI-czh"},"content":"        }","lastModifiedDate":"2023-03-05"},{"lineNumber":68,"author":{"gitId":"ZIZI-czh"},"content":"","lastModifiedDate":"2023-03-05"},{"lineNumber":69,"author":{"gitId":"ZIZI-czh"},"content":"","lastModifiedDate":"2023-03-05"},{"lineNumber":70,"author":{"gitId":"ZIZI-czh"},"content":"    }","lastModifiedDate":"2023-03-05"},{"lineNumber":71,"author":{"gitId":"ZIZI-czh"},"content":"    public static void loadTaskFromFile(String filePath, ArrayList\u003cTask\u003e taskList) throws DukeException {","lastModifiedDate":"2023-03-05"},{"lineNumber":72,"author":{"gitId":"ZIZI-czh"},"content":"        try{","lastModifiedDate":"2023-03-05"},{"lineNumber":73,"author":{"gitId":"ZIZI-czh"},"content":"            readFile(filePath, taskList);","lastModifiedDate":"2023-03-05"},{"lineNumber":74,"author":{"gitId":"ZIZI-czh"},"content":"        }catch(java.io.FileNotFoundException e) {","lastModifiedDate":"2023-03-05"},{"lineNumber":75,"author":{"gitId":"ZIZI-czh"},"content":"            System.out.println(\"Error loading tasks from the file \");","lastModifiedDate":"2023-03-05"},{"lineNumber":76,"author":{"gitId":"ZIZI-czh"},"content":"        }","lastModifiedDate":"2023-03-05"},{"lineNumber":77,"author":{"gitId":"ZIZI-czh"},"content":"","lastModifiedDate":"2023-03-05"},{"lineNumber":78,"author":{"gitId":"ZIZI-czh"},"content":"    }","lastModifiedDate":"2023-03-05"},{"lineNumber":79,"author":{"gitId":"ZIZI-czh"},"content":"","lastModifiedDate":"2023-03-05"},{"lineNumber":80,"author":{"gitId":"ZIZI-czh"},"content":"","lastModifiedDate":"2023-03-05"},{"lineNumber":81,"author":{"gitId":"ZIZI-czh"},"content":"","lastModifiedDate":"2023-03-05"},{"lineNumber":82,"author":{"gitId":"ZIZI-czh"},"content":"","lastModifiedDate":"2023-03-05"},{"lineNumber":83,"author":{"gitId":"ZIZI-czh"},"content":"}","lastModifiedDate":"2023-03-05"}],"authorContributionMap":{"ZIZI-czh":83}},{"path":"src/main/java/duke/instructions/Task.java","fileType":"java","lines":[{"lineNumber":1,"author":{"gitId":"ZIZI-czh"},"content":"package duke.instructions;","lastModifiedDate":"2023-02-16"},{"lineNumber":2,"author":{"gitId":"ZIZI-czh"},"content":"","lastModifiedDate":"2023-02-16"},{"lineNumber":3,"author":{"gitId":"ZIZI-czh"},"content":"public class Task {","lastModifiedDate":"2023-02-04"},{"lineNumber":4,"author":{"gitId":"ZIZI-czh"},"content":"","lastModifiedDate":"2023-02-24"},{"lineNumber":5,"author":{"gitId":"ZIZI-czh"},"content":"    protected String description;","lastModifiedDate":"2023-02-04"},{"lineNumber":6,"author":{"gitId":"ZIZI-czh"},"content":"    protected boolean isDone;","lastModifiedDate":"2023-02-04"},{"lineNumber":7,"author":{"gitId":"ZIZI-czh"},"content":"    protected String state;","lastModifiedDate":"2023-02-14"},{"lineNumber":8,"author":{"gitId":"ZIZI-czh"},"content":"    protected String checkComplete;","lastModifiedDate":"2023-02-14"},{"lineNumber":9,"author":{"gitId":"ZIZI-czh"},"content":"    protected String taskType;","lastModifiedDate":"2023-02-24"},{"lineNumber":10,"author":{"gitId":"ZIZI-czh"},"content":"","lastModifiedDate":"2023-02-14"},{"lineNumber":11,"author":{"gitId":"ZIZI-czh"},"content":"    protected String taskName;","lastModifiedDate":"2023-03-05"},{"lineNumber":12,"author":{"gitId":"ZIZI-czh"},"content":"    protected String taskList;","lastModifiedDate":"2023-02-25"},{"lineNumber":13,"author":{"gitId":"ZIZI-czh"},"content":"    public Task(String description) {","lastModifiedDate":"2023-02-04"},{"lineNumber":14,"author":{"gitId":"ZIZI-czh"},"content":"        this.description \u003d description;","lastModifiedDate":"2023-02-04"},{"lineNumber":15,"author":{"gitId":"ZIZI-czh"},"content":"    }","lastModifiedDate":"2023-02-04"},{"lineNumber":16,"author":{"gitId":"ZIZI-czh"},"content":"","lastModifiedDate":"2023-02-04"},{"lineNumber":17,"author":{"gitId":"ZIZI-czh"},"content":"    public void mark() {","lastModifiedDate":"2023-02-04"},{"lineNumber":18,"author":{"gitId":"ZIZI-czh"},"content":"        this.isDone \u003d true;","lastModifiedDate":"2023-02-04"},{"lineNumber":19,"author":{"gitId":"ZIZI-czh"},"content":"    }","lastModifiedDate":"2023-02-04"},{"lineNumber":20,"author":{"gitId":"ZIZI-czh"},"content":"","lastModifiedDate":"2023-02-04"},{"lineNumber":21,"author":{"gitId":"ZIZI-czh"},"content":"    public void unMark() {","lastModifiedDate":"2023-02-04"},{"lineNumber":22,"author":{"gitId":"ZIZI-czh"},"content":"        this.isDone \u003d false;","lastModifiedDate":"2023-02-04"},{"lineNumber":23,"author":{"gitId":"ZIZI-czh"},"content":"    }","lastModifiedDate":"2023-02-04"},{"lineNumber":24,"author":{"gitId":"ZIZI-czh"},"content":"","lastModifiedDate":"2023-02-04"},{"lineNumber":25,"author":{"gitId":"ZIZI-czh"},"content":"    public String getStatusIcon() {","lastModifiedDate":"2023-02-04"},{"lineNumber":26,"author":{"gitId":"ZIZI-czh"},"content":"        checkComplete \u003d (this.isDone ? \"X\" : \" \");","lastModifiedDate":"2023-02-14"},{"lineNumber":27,"author":{"gitId":"ZIZI-czh"},"content":"        return checkComplete; // mark done task with X","lastModifiedDate":"2023-02-14"},{"lineNumber":28,"author":{"gitId":"ZIZI-czh"},"content":"    }","lastModifiedDate":"2023-02-04"},{"lineNumber":29,"author":{"gitId":"ZIZI-czh"},"content":"    public String getState(){","lastModifiedDate":"2023-02-14"},{"lineNumber":30,"author":{"gitId":"ZIZI-czh"},"content":"        return state;","lastModifiedDate":"2023-02-14"},{"lineNumber":31,"author":{"gitId":"ZIZI-czh"},"content":"    }","lastModifiedDate":"2023-02-04"},{"lineNumber":32,"author":{"gitId":"ZIZI-czh"},"content":"    public String getTaskList(){","lastModifiedDate":"2023-02-25"},{"lineNumber":33,"author":{"gitId":"ZIZI-czh"},"content":"        return taskList;","lastModifiedDate":"2023-02-25"},{"lineNumber":34,"author":{"gitId":"ZIZI-czh"},"content":"    }","lastModifiedDate":"2023-02-25"},{"lineNumber":35,"author":{"gitId":"ZIZI-czh"},"content":"    public String getTaskType(){","lastModifiedDate":"2023-02-24"},{"lineNumber":36,"author":{"gitId":"ZIZI-czh"},"content":"        return taskType;","lastModifiedDate":"2023-02-24"},{"lineNumber":37,"author":{"gitId":"ZIZI-czh"},"content":"    }","lastModifiedDate":"2023-02-24"},{"lineNumber":38,"author":{"gitId":"ZIZI-czh"},"content":"","lastModifiedDate":"2023-03-05"},{"lineNumber":39,"author":{"gitId":"ZIZI-czh"},"content":"    public String getTaskName(){","lastModifiedDate":"2023-03-05"},{"lineNumber":40,"author":{"gitId":"ZIZI-czh"},"content":"        return taskName;","lastModifiedDate":"2023-03-05"},{"lineNumber":41,"author":{"gitId":"ZIZI-czh"},"content":"    }","lastModifiedDate":"2023-03-05"},{"lineNumber":42,"author":{"gitId":"ZIZI-czh"},"content":"    public String guideline(){","lastModifiedDate":"2023-02-14"},{"lineNumber":43,"author":{"gitId":"ZIZI-czh"},"content":"       return \"     Here are the task in your list: \"","lastModifiedDate":"2023-02-14"},{"lineNumber":44,"author":{"gitId":"ZIZI-czh"},"content":"               + System.lineSeparator();","lastModifiedDate":"2023-02-14"},{"lineNumber":45,"author":{"gitId":"ZIZI-czh"},"content":"    }","lastModifiedDate":"2023-02-14"},{"lineNumber":46,"author":{"gitId":"ZIZI-czh"},"content":"    public String numberOfTask(int length){","lastModifiedDate":"2023-02-14"},{"lineNumber":47,"author":{"gitId":"ZIZI-czh"},"content":"        return \"     Now you have \"","lastModifiedDate":"2023-02-16"},{"lineNumber":48,"author":{"gitId":"ZIZI-czh"},"content":"                + length + \" tasks in the list.\";","lastModifiedDate":"2023-02-16"},{"lineNumber":49,"author":{"gitId":"ZIZI-czh"},"content":"","lastModifiedDate":"2023-02-14"},{"lineNumber":50,"author":{"gitId":"ZIZI-czh"},"content":"    }","lastModifiedDate":"2023-02-14"},{"lineNumber":51,"author":{"gitId":"ZIZI-czh"},"content":"","lastModifiedDate":"2023-02-15"},{"lineNumber":52,"author":{"gitId":"ZIZI-czh"},"content":"}","lastModifiedDate":"2023-02-14"},{"lineNumber":53,"author":{"gitId":"ZIZI-czh"},"content":"","lastModifiedDate":"2023-02-14"}],"authorContributionMap":{"ZIZI-czh":53}},{"path":"src/main/java/duke/instructions/Todo.java","fileType":"java","lines":[{"lineNumber":1,"author":{"gitId":"ZIZI-czh"},"content":"package duke.instructions;","lastModifiedDate":"2023-02-16"},{"lineNumber":2,"author":{"gitId":"ZIZI-czh"},"content":"","lastModifiedDate":"2023-02-16"},{"lineNumber":3,"author":{"gitId":"ZIZI-czh"},"content":"public class Todo extends Task{","lastModifiedDate":"2023-02-14"},{"lineNumber":4,"author":{"gitId":"ZIZI-czh"},"content":"","lastModifiedDate":"2023-03-05"},{"lineNumber":5,"author":{"gitId":"ZIZI-czh"},"content":"    protected String taskType;","lastModifiedDate":"2023-03-05"},{"lineNumber":6,"author":{"gitId":"ZIZI-czh"},"content":"    public Todo(String description) {","lastModifiedDate":"2023-02-14"},{"lineNumber":7,"author":{"gitId":"ZIZI-czh"},"content":"        super(description);","lastModifiedDate":"2023-02-14"},{"lineNumber":8,"author":{"gitId":"ZIZI-czh"},"content":"        this.taskType \u003d description;","lastModifiedDate":"2023-03-05"},{"lineNumber":9,"author":{"gitId":"ZIZI-czh"},"content":"    }","lastModifiedDate":"2023-03-05"},{"lineNumber":10,"author":{"gitId":"ZIZI-czh"},"content":"","lastModifiedDate":"2023-03-05"},{"lineNumber":11,"author":{"gitId":"ZIZI-czh"},"content":"    @Override","lastModifiedDate":"2023-03-05"},{"lineNumber":12,"author":{"gitId":"ZIZI-czh"},"content":"    public String getTaskName(){","lastModifiedDate":"2023-03-05"},{"lineNumber":13,"author":{"gitId":"ZIZI-czh"},"content":"        return this.taskName;","lastModifiedDate":"2023-03-05"},{"lineNumber":14,"author":{"gitId":"ZIZI-czh"},"content":"    }","lastModifiedDate":"2023-02-14"},{"lineNumber":15,"author":{"gitId":"ZIZI-czh"},"content":"","lastModifiedDate":"2023-02-14"},{"lineNumber":16,"author":{"gitId":"ZIZI-czh"},"content":"    @Override","lastModifiedDate":"2023-02-14"},{"lineNumber":17,"author":{"gitId":"ZIZI-czh"},"content":"    public String getState(){","lastModifiedDate":"2023-02-14"},{"lineNumber":18,"author":{"gitId":"ZIZI-czh"},"content":"        String arrayOfTodo \u003d this.description.substring(description.indexOf(\" \") + 1);","lastModifiedDate":"2023-02-14"},{"lineNumber":19,"author":{"gitId":"ZIZI-czh"},"content":"        return \"      [T]\" + \"[\" + getStatusIcon() + \"]\" +  \" \"","lastModifiedDate":"2023-02-14"},{"lineNumber":20,"author":{"gitId":"ZIZI-czh"},"content":"                + arrayOfTodo + System.lineSeparator();","lastModifiedDate":"2023-02-14"},{"lineNumber":21,"author":{"gitId":"ZIZI-czh"},"content":"    }","lastModifiedDate":"2023-02-14"},{"lineNumber":22,"author":{"gitId":"ZIZI-czh"},"content":"","lastModifiedDate":"2023-02-14"},{"lineNumber":23,"author":{"gitId":"ZIZI-czh"},"content":"    @Override","lastModifiedDate":"2023-02-14"},{"lineNumber":24,"author":{"gitId":"ZIZI-czh"},"content":"    public String guideline(){","lastModifiedDate":"2023-02-14"},{"lineNumber":25,"author":{"gitId":"ZIZI-czh"},"content":"        return \"     Got it. I\u0027ve added this task: \"","lastModifiedDate":"2023-02-14"},{"lineNumber":26,"author":{"gitId":"ZIZI-czh"},"content":"                + System.lineSeparator();","lastModifiedDate":"2023-02-14"},{"lineNumber":27,"author":{"gitId":"ZIZI-czh"},"content":"    }","lastModifiedDate":"2023-02-14"},{"lineNumber":28,"author":{"gitId":"ZIZI-czh"},"content":"","lastModifiedDate":"2023-02-15"},{"lineNumber":29,"author":{"gitId":"ZIZI-czh"},"content":"    @Override","lastModifiedDate":"2023-02-24"},{"lineNumber":30,"author":{"gitId":"ZIZI-czh"},"content":"    public String getTaskType() {","lastModifiedDate":"2023-02-24"},{"lineNumber":31,"author":{"gitId":"ZIZI-czh"},"content":"        return taskType;","lastModifiedDate":"2023-02-24"},{"lineNumber":32,"author":{"gitId":"ZIZI-czh"},"content":"    }","lastModifiedDate":"2023-02-24"},{"lineNumber":33,"author":{"gitId":"ZIZI-czh"},"content":"","lastModifiedDate":"2023-02-24"},{"lineNumber":34,"author":{"gitId":"ZIZI-czh"},"content":"    public void setTaskType(String taskType) {","lastModifiedDate":"2023-02-24"},{"lineNumber":35,"author":{"gitId":"ZIZI-czh"},"content":"        this.taskType \u003d taskType;","lastModifiedDate":"2023-02-24"},{"lineNumber":36,"author":{"gitId":"ZIZI-czh"},"content":"    }","lastModifiedDate":"2023-02-24"},{"lineNumber":37,"author":{"gitId":"ZIZI-czh"},"content":"","lastModifiedDate":"2023-02-15"},{"lineNumber":38,"author":{"gitId":"ZIZI-czh"},"content":"","lastModifiedDate":"2023-03-05"},{"lineNumber":39,"author":{"gitId":"ZIZI-czh"},"content":"   @Override","lastModifiedDate":"2023-02-25"},{"lineNumber":40,"author":{"gitId":"ZIZI-czh"},"content":"    public String getTaskList(){","lastModifiedDate":"2023-02-25"},{"lineNumber":41,"author":{"gitId":"ZIZI-czh"},"content":"       String arrayOfTodo \u003d this.description.substring(description.indexOf(\" \") + 1);","lastModifiedDate":"2023-02-25"},{"lineNumber":42,"author":{"gitId":"ZIZI-czh"},"content":"        return arrayOfTodo;","lastModifiedDate":"2023-02-25"},{"lineNumber":43,"author":{"gitId":"ZIZI-czh"},"content":"   }","lastModifiedDate":"2023-02-14"},{"lineNumber":44,"author":{"gitId":"ZIZI-czh"},"content":"","lastModifiedDate":"2023-02-14"},{"lineNumber":45,"author":{"gitId":"ZIZI-czh"},"content":"}","lastModifiedDate":"2023-02-25"},{"lineNumber":46,"author":{"gitId":"ZIZI-czh"},"content":"","lastModifiedDate":"2023-02-25"},{"lineNumber":47,"author":{"gitId":"ZIZI-czh"},"content":"","lastModifiedDate":"2023-02-25"},{"lineNumber":48,"author":{"gitId":"ZIZI-czh"},"content":"","lastModifiedDate":"2023-02-14"}],"authorContributionMap":{"ZIZI-czh":48}},{"path":"text-ui-test/input.txt","fileType":"txt","lines":[{"lineNumber":1,"author":{"gitId":"ZIZI-czh"},"content":"todo borrow book","lastModifiedDate":"2023-02-14"},{"lineNumber":2,"author":{"gitId":"ZIZI-czh"},"content":"deadline return book /by Sunday","lastModifiedDate":"2023-02-14"},{"lineNumber":3,"author":{"gitId":"ZIZI-czh"},"content":"event project meeting /from Mon 2pm /to 4pm","lastModifiedDate":"2023-02-14"}],"authorContributionMap":{"ZIZI-czh":3}},{"path":"text-ui-test/runtest.bat","fileType":"bat","lines":[{"lineNumber":1,"author":{"gitId":"-"},"content":"@ECHO OFF","lastModifiedDate":"2020-05-25"},{"lineNumber":2,"author":{"gitId":"-"},"content":"","lastModifiedDate":"2020-05-25"},{"lineNumber":3,"author":{"gitId":"-"},"content":"REM create bin directory if it doesn\u0027t exist","lastModifiedDate":"2020-05-25"},{"lineNumber":4,"author":{"gitId":"-"},"content":"if not exist ..\\bin mkdir ..\\bin","lastModifiedDate":"2020-05-25"},{"lineNumber":5,"author":{"gitId":"-"},"content":"","lastModifiedDate":"2020-05-25"},{"lineNumber":6,"author":{"gitId":"-"},"content":"REM delete output from previous run","lastModifiedDate":"2020-05-25"},{"lineNumber":7,"author":{"gitId":"-"},"content":"if exist ACTUAL.TXT del ACTUAL.TXT","lastModifiedDate":"2020-08-25"},{"lineNumber":8,"author":{"gitId":"-"},"content":"","lastModifiedDate":"2020-05-25"},{"lineNumber":9,"author":{"gitId":"-"},"content":"REM compile the code into the bin folder","lastModifiedDate":"2020-05-25"},{"lineNumber":10,"author":{"gitId":"ZIZI-czh"},"content":"javac  -cp ..\\src\\main\\java -Xlint:none -d ..\\bin ..\\src\\main\\java\\duke\\*.java ..\\src\\main\\java\\duke\\instructions\\*.java","lastModifiedDate":"2023-02-16"},{"lineNumber":11,"author":{"gitId":"-"},"content":"IF ERRORLEVEL 1 (","lastModifiedDate":"2020-05-25"},{"lineNumber":12,"author":{"gitId":"-"},"content":"    echo ********** BUILD FAILURE **********","lastModifiedDate":"2020-05-25"},{"lineNumber":13,"author":{"gitId":"-"},"content":"    exit /b 1","lastModifiedDate":"2020-05-25"},{"lineNumber":14,"author":{"gitId":"-"},"content":")","lastModifiedDate":"2020-05-25"},{"lineNumber":15,"author":{"gitId":"-"},"content":"REM no error here, errorlevel \u003d\u003d 0","lastModifiedDate":"2020-05-25"},{"lineNumber":16,"author":{"gitId":"-"},"content":"","lastModifiedDate":"2020-05-25"},{"lineNumber":17,"author":{"gitId":"-"},"content":"REM run the program, feed commands from input.txt file and redirect the output to the ACTUAL.TXT","lastModifiedDate":"2020-05-25"},{"lineNumber":18,"author":{"gitId":"ZIZI-czh"},"content":"java -classpath ..\\bin duke.Duke \u003c input.txt \u003e ACTUAL.TXT","lastModifiedDate":"2023-02-16"},{"lineNumber":19,"author":{"gitId":"-"},"content":"","lastModifiedDate":"2020-05-25"},{"lineNumber":20,"author":{"gitId":"-"},"content":"REM compare the output to the expected output","lastModifiedDate":"2020-05-25"},{"lineNumber":21,"author":{"gitId":"-"},"content":"FC ACTUAL.TXT EXPECTED.TXT","lastModifiedDate":"2020-05-25"}],"authorContributionMap":{"ZIZI-czh":2,"-":19}}]
