{"authorDailyContributionsMap":{"ZIZI-czh":[{"date":"2023-01-31","commitResults":[{"hash":"1f8424645d26406490004084297cad31bac25d38","messageTitle":"This is greed for level0","messageBody":"","fileTypesAndContributionMap":{"java":{"insertions":5,"deletions":6}}},{"hash":"a1b47d950e7e513c6d645b98fdcdeae67de029f4","messageTitle":"edit duke","messageBody":"","fileTypesAndContributionMap":{"java":{"insertions":8,"deletions":0}}},{"hash":"150d2b1e0e18ba6852705e7d7f6aeb903b76ad50","messageTitle":"This is level 1 code","messageBody":"","tags":["level-1"],"fileTypesAndContributionMap":{"java":{"insertions":21,"deletions":11}}},{"hash":"9fb90732cb7824af2bb8ebbf9454b5df81296cee","messageTitle":"This is level 2","messageBody":"","tags":["Level-2"],"fileTypesAndContributionMap":{"java":{"insertions":37,"deletions":8}}}]},{"date":"2023-02-04","commitResults":[{"hash":"1948f115390761ac3bef918995b5d462c13d768b","messageTitle":"Level 3: Mark as Done","messageBody":"","tags":["Level-3"],"fileTypesAndContributionMap":{"java":{"insertions":69,"deletions":34}}}]}]},"authorFileTypeContributionMap":{"ZIZI-czh":{"java":85,"md":0,"fxml":0,"sh":0,"bat":0,"gradle":0,"txt":0}},"authorContributionVariance":{"ZIZI-czh":787.0964},"authorDisplayNameMap":{"ZIZI-czh":"CS2113-T14-1 CHEN.. HAN"}}
