[{"path":"src/main/java/Deadline.java","fileType":"java","lines":[{"lineNumber":1,"author":{"gitId":"azriellee"},"content":"public class Deadline extends Tasks {","lastModifiedDate":"2023-01-30"},{"lineNumber":2,"author":{"gitId":"azriellee"},"content":"    private String deadline;","lastModifiedDate":"2023-01-30"},{"lineNumber":3,"author":{"gitId":"azriellee"},"content":"    public Deadline(String task, String deadline) {","lastModifiedDate":"2023-01-30"},{"lineNumber":4,"author":{"gitId":"azriellee"},"content":"        super(task);","lastModifiedDate":"2023-01-30"},{"lineNumber":5,"author":{"gitId":"azriellee"},"content":"        this.deadline \u003d deadline;","lastModifiedDate":"2023-01-30"},{"lineNumber":6,"author":{"gitId":"azriellee"},"content":"    }","lastModifiedDate":"2023-01-30"},{"lineNumber":7,"author":{"gitId":"azriellee"},"content":"    public String getDeadline() {","lastModifiedDate":"2023-01-30"},{"lineNumber":8,"author":{"gitId":"azriellee"},"content":"        String[] d \u003d deadline.split(\"\\\\s+\");","lastModifiedDate":"2023-01-30"},{"lineNumber":9,"author":{"gitId":"azriellee"},"content":"        return \"(\" + d[0] + \": \" + d[1] + \")\";","lastModifiedDate":"2023-01-30"},{"lineNumber":10,"author":{"gitId":"azriellee"},"content":"    }","lastModifiedDate":"2023-01-30"},{"lineNumber":11,"author":{"gitId":"azriellee"},"content":"    @Override","lastModifiedDate":"2023-01-30"},{"lineNumber":12,"author":{"gitId":"azriellee"},"content":"    public String toString() {","lastModifiedDate":"2023-01-30"},{"lineNumber":13,"author":{"gitId":"azriellee"},"content":"        return \"[D]\" + super.toString() + this.getDeadline();","lastModifiedDate":"2023-01-30"},{"lineNumber":14,"author":{"gitId":"azriellee"},"content":"    }","lastModifiedDate":"2023-01-30"},{"lineNumber":15,"author":{"gitId":"azriellee"},"content":"}","lastModifiedDate":"2023-01-30"}],"authorContributionMap":{"azriellee":15}},{"path":"src/main/java/Duke.java","fileType":"java","lines":[{"lineNumber":1,"author":{"gitId":"azriellee"},"content":"import java.util.Scanner;","lastModifiedDate":"2023-01-23"},{"lineNumber":2,"author":{"gitId":"azriellee"},"content":"import java.util.ArrayList;","lastModifiedDate":"2023-01-23"},{"lineNumber":3,"author":{"gitId":"-"},"content":"public class Duke {","lastModifiedDate":"2019-07-29"},{"lineNumber":4,"author":{"gitId":"azriellee"},"content":"    private static String LINE \u003d \"____________________________________________________________\";","lastModifiedDate":"2023-01-30"},{"lineNumber":5,"author":{"gitId":"azriellee"},"content":"    private static ArrayList\u003cTasks\u003e list \u003d new ArrayList\u003cTasks\u003e();","lastModifiedDate":"2023-01-23"},{"lineNumber":6,"author":{"gitId":"azriellee"},"content":"    public static void greet() {","lastModifiedDate":"2023-01-17"},{"lineNumber":7,"author":{"gitId":"azriellee"},"content":"        System.out.println(LINE);","lastModifiedDate":"2023-01-30"},{"lineNumber":8,"author":{"gitId":"azriellee"},"content":"        System.out.println(\"Hello! I\u0027m Duke\");","lastModifiedDate":"2023-01-17"},{"lineNumber":9,"author":{"gitId":"azriellee"},"content":"        System.out.println(\"What can I do for you?\");","lastModifiedDate":"2023-01-17"},{"lineNumber":10,"author":{"gitId":"azriellee"},"content":"        System.out.println(LINE);","lastModifiedDate":"2023-01-30"},{"lineNumber":11,"author":{"gitId":"azriellee"},"content":"    }","lastModifiedDate":"2023-01-23"},{"lineNumber":12,"author":{"gitId":"azriellee"},"content":"    public static void bye() {","lastModifiedDate":"2023-01-23"},{"lineNumber":13,"author":{"gitId":"azriellee"},"content":"        System.out.println(LINE);","lastModifiedDate":"2023-01-30"},{"lineNumber":14,"author":{"gitId":"azriellee"},"content":"        System.out.println(\"Bye. Hope to see you again soon!\");","lastModifiedDate":"2023-01-17"},{"lineNumber":15,"author":{"gitId":"azriellee"},"content":"        System.out.println(LINE);","lastModifiedDate":"2023-01-30"},{"lineNumber":16,"author":{"gitId":"azriellee"},"content":"    }","lastModifiedDate":"2023-01-23"},{"lineNumber":17,"author":{"gitId":"azriellee"},"content":"    public static void processInput(String input) {","lastModifiedDate":"2023-01-23"},{"lineNumber":18,"author":{"gitId":"azriellee"},"content":"        String inst \u003d input.split(\"\\\\s+\")[0];","lastModifiedDate":"2023-01-30"},{"lineNumber":19,"author":{"gitId":"azriellee"},"content":"        if (input.equalsIgnoreCase(\"list\")) {","lastModifiedDate":"2023-01-23"},{"lineNumber":20,"author":{"gitId":"azriellee"},"content":"            printList();","lastModifiedDate":"2023-01-30"},{"lineNumber":21,"author":{"gitId":"azriellee"},"content":"            return;","lastModifiedDate":"2023-01-30"},{"lineNumber":22,"author":{"gitId":"azriellee"},"content":"        } else if (inst.equalsIgnoreCase(\"mark\")) {","lastModifiedDate":"2023-01-30"},{"lineNumber":23,"author":{"gitId":"azriellee"},"content":"            markTask(input);","lastModifiedDate":"2023-01-30"},{"lineNumber":24,"author":{"gitId":"azriellee"},"content":"        } else if (inst.equalsIgnoreCase(\"unmark\")) {","lastModifiedDate":"2023-01-30"},{"lineNumber":25,"author":{"gitId":"azriellee"},"content":"            unmarkTask(input);","lastModifiedDate":"2023-01-30"},{"lineNumber":26,"author":{"gitId":"azriellee"},"content":"        } else if (inst.equalsIgnoreCase(\"todo\")) {","lastModifiedDate":"2023-01-30"},{"lineNumber":27,"author":{"gitId":"azriellee"},"content":"            todoTask(input);","lastModifiedDate":"2023-01-30"},{"lineNumber":28,"author":{"gitId":"azriellee"},"content":"        } else if(inst.equalsIgnoreCase(\"deadline\")) {","lastModifiedDate":"2023-01-30"},{"lineNumber":29,"author":{"gitId":"azriellee"},"content":"            deadlineTask(input);","lastModifiedDate":"2023-01-30"},{"lineNumber":30,"author":{"gitId":"azriellee"},"content":"        } else if(inst.equalsIgnoreCase(\"event\")) {","lastModifiedDate":"2023-01-30"},{"lineNumber":31,"author":{"gitId":"azriellee"},"content":"            eventTask(input);","lastModifiedDate":"2023-01-30"},{"lineNumber":32,"author":{"gitId":"azriellee"},"content":"        } else {","lastModifiedDate":"2023-01-30"},{"lineNumber":33,"author":{"gitId":"azriellee"},"content":"            unrecognisedInput();","lastModifiedDate":"2023-01-30"},{"lineNumber":34,"author":{"gitId":"azriellee"},"content":"        }","lastModifiedDate":"2023-01-30"},{"lineNumber":35,"author":{"gitId":"azriellee"},"content":"    }","lastModifiedDate":"2023-01-30"},{"lineNumber":36,"author":{"gitId":"azriellee"},"content":"    private static void unrecognisedInput() {","lastModifiedDate":"2023-01-30"},{"lineNumber":37,"author":{"gitId":"azriellee"},"content":"        System.out.println(LINE);","lastModifiedDate":"2023-01-30"},{"lineNumber":38,"author":{"gitId":"azriellee"},"content":"        System.out.println(\"Key again! I don\u0027t recognise your input!\");","lastModifiedDate":"2023-01-30"},{"lineNumber":39,"author":{"gitId":"azriellee"},"content":"        System.out.println(LINE);","lastModifiedDate":"2023-01-30"},{"lineNumber":40,"author":{"gitId":"azriellee"},"content":"    }","lastModifiedDate":"2023-01-30"},{"lineNumber":41,"author":{"gitId":"azriellee"},"content":"    private static void eventTask(String input) {","lastModifiedDate":"2023-01-30"},{"lineNumber":42,"author":{"gitId":"azriellee"},"content":"        String[] tokens \u003d input.split(\"\\\\s+\", 2);","lastModifiedDate":"2023-01-30"},{"lineNumber":43,"author":{"gitId":"azriellee"},"content":"        String task \u003d tokens[1].split(\"/\")[0];","lastModifiedDate":"2023-01-30"},{"lineNumber":44,"author":{"gitId":"azriellee"},"content":"        String from \u003d tokens[1].split(\"/\")[1];","lastModifiedDate":"2023-01-30"},{"lineNumber":45,"author":{"gitId":"azriellee"},"content":"        String to \u003d tokens[1].split(\"/\")[2];","lastModifiedDate":"2023-01-30"},{"lineNumber":46,"author":{"gitId":"azriellee"},"content":"        Event e \u003d new Event(task, from, to);","lastModifiedDate":"2023-01-30"},{"lineNumber":47,"author":{"gitId":"azriellee"},"content":"        list.add(e);","lastModifiedDate":"2023-01-30"},{"lineNumber":48,"author":{"gitId":"azriellee"},"content":"        System.out.println(LINE);","lastModifiedDate":"2023-01-30"},{"lineNumber":49,"author":{"gitId":"azriellee"},"content":"        System.out.println(\"Got it. I\u0027ve added this task:\");","lastModifiedDate":"2023-01-30"},{"lineNumber":50,"author":{"gitId":"azriellee"},"content":"        System.out.println(e);","lastModifiedDate":"2023-01-30"},{"lineNumber":51,"author":{"gitId":"azriellee"},"content":"        System.out.println(\"Now you have \" + list.size() + \" tasks in the list\");","lastModifiedDate":"2023-01-30"},{"lineNumber":52,"author":{"gitId":"azriellee"},"content":"        System.out.println(LINE);","lastModifiedDate":"2023-01-30"},{"lineNumber":53,"author":{"gitId":"azriellee"},"content":"    }","lastModifiedDate":"2023-01-30"},{"lineNumber":54,"author":{"gitId":"azriellee"},"content":"    private static void deadlineTask(String input) {","lastModifiedDate":"2023-01-30"},{"lineNumber":55,"author":{"gitId":"azriellee"},"content":"        String[] tokens \u003d input.split(\"\\\\s+\", 2);","lastModifiedDate":"2023-01-30"},{"lineNumber":56,"author":{"gitId":"azriellee"},"content":"        String task \u003d tokens[1].split(\"/\")[0];","lastModifiedDate":"2023-01-30"},{"lineNumber":57,"author":{"gitId":"azriellee"},"content":"        String deadline \u003d tokens[1].split(\"/\")[1];","lastModifiedDate":"2023-01-30"},{"lineNumber":58,"author":{"gitId":"azriellee"},"content":"        Deadline d \u003d new Deadline(task, deadline);","lastModifiedDate":"2023-01-30"},{"lineNumber":59,"author":{"gitId":"azriellee"},"content":"        list.add(d);","lastModifiedDate":"2023-01-30"},{"lineNumber":60,"author":{"gitId":"azriellee"},"content":"        System.out.println(LINE);","lastModifiedDate":"2023-01-30"},{"lineNumber":61,"author":{"gitId":"azriellee"},"content":"        System.out.println(\"Got it. I\u0027ve added this task:\");","lastModifiedDate":"2023-01-30"},{"lineNumber":62,"author":{"gitId":"azriellee"},"content":"        System.out.println(d);","lastModifiedDate":"2023-01-30"},{"lineNumber":63,"author":{"gitId":"azriellee"},"content":"        System.out.println(\"Now you have \" + list.size() + \" tasks in the list\");","lastModifiedDate":"2023-01-30"},{"lineNumber":64,"author":{"gitId":"azriellee"},"content":"        System.out.println(LINE);","lastModifiedDate":"2023-01-30"},{"lineNumber":65,"author":{"gitId":"azriellee"},"content":"    }","lastModifiedDate":"2023-01-30"},{"lineNumber":66,"author":{"gitId":"azriellee"},"content":"    private static void todoTask(String input) {","lastModifiedDate":"2023-01-30"},{"lineNumber":67,"author":{"gitId":"azriellee"},"content":"        String[] tokens \u003d input.split(\"\\\\s+\", 2);","lastModifiedDate":"2023-01-30"},{"lineNumber":68,"author":{"gitId":"azriellee"},"content":"        String task \u003d tokens[1];","lastModifiedDate":"2023-01-30"},{"lineNumber":69,"author":{"gitId":"azriellee"},"content":"        ToDo t \u003d new ToDo(task);","lastModifiedDate":"2023-01-30"},{"lineNumber":70,"author":{"gitId":"azriellee"},"content":"        list.add(t);","lastModifiedDate":"2023-01-30"},{"lineNumber":71,"author":{"gitId":"azriellee"},"content":"        System.out.println(LINE);","lastModifiedDate":"2023-01-30"},{"lineNumber":72,"author":{"gitId":"azriellee"},"content":"        System.out.println(\"Got it. I\u0027ve added this task:\");","lastModifiedDate":"2023-01-30"},{"lineNumber":73,"author":{"gitId":"azriellee"},"content":"        System.out.println(t);","lastModifiedDate":"2023-01-30"},{"lineNumber":74,"author":{"gitId":"azriellee"},"content":"        System.out.println(\"Now you have \" + list.size() + \" tasks in the list\");","lastModifiedDate":"2023-01-30"},{"lineNumber":75,"author":{"gitId":"azriellee"},"content":"        System.out.println(LINE);","lastModifiedDate":"2023-01-30"},{"lineNumber":76,"author":{"gitId":"azriellee"},"content":"    }","lastModifiedDate":"2023-01-30"},{"lineNumber":77,"author":{"gitId":"azriellee"},"content":"    private static void unmarkTask(String input) {","lastModifiedDate":"2023-01-30"},{"lineNumber":78,"author":{"gitId":"azriellee"},"content":"        int itemNum \u003d Integer.parseInt(input.split(\"\\\\s+\")[1]) - 1;","lastModifiedDate":"2023-01-30"},{"lineNumber":79,"author":{"gitId":"azriellee"},"content":"        if (!exist(itemNum)) { return; }","lastModifiedDate":"2023-01-30"},{"lineNumber":80,"author":{"gitId":"azriellee"},"content":"        list.get(itemNum).unmarkDone();","lastModifiedDate":"2023-01-30"},{"lineNumber":81,"author":{"gitId":"azriellee"},"content":"        System.out.println(LINE);","lastModifiedDate":"2023-01-30"},{"lineNumber":82,"author":{"gitId":"azriellee"},"content":"        System.out.println(\"OK! I\u0027ve marked this task as not done yet:\");","lastModifiedDate":"2023-01-30"},{"lineNumber":83,"author":{"gitId":"azriellee"},"content":"        System.out.println(list.get(itemNum));","lastModifiedDate":"2023-01-30"},{"lineNumber":84,"author":{"gitId":"azriellee"},"content":"        System.out.println(LINE);","lastModifiedDate":"2023-01-30"},{"lineNumber":85,"author":{"gitId":"azriellee"},"content":"    }","lastModifiedDate":"2023-01-30"},{"lineNumber":86,"author":{"gitId":"azriellee"},"content":"    private static void markTask(String input) {","lastModifiedDate":"2023-01-30"},{"lineNumber":87,"author":{"gitId":"azriellee"},"content":"        int itemNum \u003d Integer.parseInt(input.split(\"\\\\s+\")[1]) - 1;","lastModifiedDate":"2023-01-30"},{"lineNumber":88,"author":{"gitId":"azriellee"},"content":"        if (!exist(itemNum)) { return; }","lastModifiedDate":"2023-01-30"},{"lineNumber":89,"author":{"gitId":"azriellee"},"content":"        list.get(itemNum).markDone();","lastModifiedDate":"2023-01-30"},{"lineNumber":90,"author":{"gitId":"azriellee"},"content":"        System.out.println(LINE);","lastModifiedDate":"2023-01-30"},{"lineNumber":91,"author":{"gitId":"azriellee"},"content":"        System.out.println(\"Nice! I\u0027ve marked this task as done:\");","lastModifiedDate":"2023-01-30"},{"lineNumber":92,"author":{"gitId":"azriellee"},"content":"        System.out.println(list.get(itemNum));","lastModifiedDate":"2023-01-30"},{"lineNumber":93,"author":{"gitId":"azriellee"},"content":"        System.out.println(LINE);","lastModifiedDate":"2023-01-30"},{"lineNumber":94,"author":{"gitId":"azriellee"},"content":"    }","lastModifiedDate":"2023-01-30"},{"lineNumber":95,"author":{"gitId":"azriellee"},"content":"    private static void printList() {","lastModifiedDate":"2023-01-30"},{"lineNumber":96,"author":{"gitId":"azriellee"},"content":"        if(list.size() \u003d\u003d 0) {","lastModifiedDate":"2023-01-23"},{"lineNumber":97,"author":{"gitId":"azriellee"},"content":"            System.out.println(LINE);","lastModifiedDate":"2023-01-30"},{"lineNumber":98,"author":{"gitId":"azriellee"},"content":"            System.out.println(\"Nothing on your list yet!\");","lastModifiedDate":"2023-01-23"},{"lineNumber":99,"author":{"gitId":"azriellee"},"content":"            System.out.println(LINE);","lastModifiedDate":"2023-01-30"},{"lineNumber":100,"author":{"gitId":"azriellee"},"content":"        } else {","lastModifiedDate":"2023-01-23"},{"lineNumber":101,"author":{"gitId":"azriellee"},"content":"            System.out.println(LINE);","lastModifiedDate":"2023-01-30"},{"lineNumber":102,"author":{"gitId":"azriellee"},"content":"            System.out.println(\"Here are the tasks in your list:\");","lastModifiedDate":"2023-01-23"},{"lineNumber":103,"author":{"gitId":"azriellee"},"content":"            for (int i \u003d 0; i \u003c list.size(); i +\u003d 1) {","lastModifiedDate":"2023-01-23"},{"lineNumber":104,"author":{"gitId":"azriellee"},"content":"                System.out.println(Integer.toString(i+1) + \".\" + list.get(i));","lastModifiedDate":"2023-01-30"},{"lineNumber":105,"author":{"gitId":"azriellee"},"content":"            }","lastModifiedDate":"2023-01-23"},{"lineNumber":106,"author":{"gitId":"azriellee"},"content":"            System.out.println(LINE);","lastModifiedDate":"2023-01-30"},{"lineNumber":107,"author":{"gitId":"azriellee"},"content":"        }","lastModifiedDate":"2023-01-23"},{"lineNumber":108,"author":{"gitId":"azriellee"},"content":"    }","lastModifiedDate":"2023-01-23"},{"lineNumber":109,"author":{"gitId":"azriellee"},"content":"","lastModifiedDate":"2023-01-30"},{"lineNumber":110,"author":{"gitId":"azriellee"},"content":"    private static boolean exist(int itemNum) {","lastModifiedDate":"2023-01-30"},{"lineNumber":111,"author":{"gitId":"azriellee"},"content":"        if(itemNum \u003e list.size()-1) {","lastModifiedDate":"2023-01-23"},{"lineNumber":112,"author":{"gitId":"azriellee"},"content":"            System.out.println(LINE);","lastModifiedDate":"2023-01-30"},{"lineNumber":113,"author":{"gitId":"azriellee"},"content":"            System.out.println(\"Item does not exist!\");","lastModifiedDate":"2023-01-23"},{"lineNumber":114,"author":{"gitId":"azriellee"},"content":"            System.out.println(LINE);","lastModifiedDate":"2023-01-30"},{"lineNumber":115,"author":{"gitId":"azriellee"},"content":"            return false;","lastModifiedDate":"2023-01-30"},{"lineNumber":116,"author":{"gitId":"azriellee"},"content":"        }","lastModifiedDate":"2023-01-23"},{"lineNumber":117,"author":{"gitId":"azriellee"},"content":"        return true;","lastModifiedDate":"2023-01-30"},{"lineNumber":118,"author":{"gitId":"azriellee"},"content":"    }","lastModifiedDate":"2023-01-23"},{"lineNumber":119,"author":{"gitId":"azriellee"},"content":"","lastModifiedDate":"2023-01-30"},{"lineNumber":120,"author":{"gitId":"-"},"content":"    public static void main(String[] args) {","lastModifiedDate":"2023-01-23"},{"lineNumber":121,"author":{"gitId":"azriellee"},"content":"        greet();","lastModifiedDate":"2023-01-23"},{"lineNumber":122,"author":{"gitId":"azriellee"},"content":"        while (true) {","lastModifiedDate":"2023-01-23"},{"lineNumber":123,"author":{"gitId":"azriellee"},"content":"            Scanner in \u003d new Scanner(System.in);","lastModifiedDate":"2023-01-23"},{"lineNumber":124,"author":{"gitId":"azriellee"},"content":"            String input \u003d in.nextLine();","lastModifiedDate":"2023-01-23"},{"lineNumber":125,"author":{"gitId":"azriellee"},"content":"            if(input.equalsIgnoreCase(\"bye\")) {","lastModifiedDate":"2023-01-23"},{"lineNumber":126,"author":{"gitId":"azriellee"},"content":"                bye();","lastModifiedDate":"2023-01-23"},{"lineNumber":127,"author":{"gitId":"azriellee"},"content":"                break;","lastModifiedDate":"2023-01-23"},{"lineNumber":128,"author":{"gitId":"azriellee"},"content":"            }","lastModifiedDate":"2023-01-23"},{"lineNumber":129,"author":{"gitId":"azriellee"},"content":"            processInput(input);","lastModifiedDate":"2023-01-23"},{"lineNumber":130,"author":{"gitId":"azriellee"},"content":"        }","lastModifiedDate":"2023-01-23"},{"lineNumber":131,"author":{"gitId":"-"},"content":"    }","lastModifiedDate":"2019-07-29"},{"lineNumber":132,"author":{"gitId":"-"},"content":"}","lastModifiedDate":"2019-07-29"}],"authorContributionMap":{"azriellee":128,"-":4}},{"path":"src/main/java/Event.java","fileType":"java","lines":[{"lineNumber":1,"author":{"gitId":"azriellee"},"content":"public class Event extends Tasks {","lastModifiedDate":"2023-01-30"},{"lineNumber":2,"author":{"gitId":"azriellee"},"content":"    private String from;","lastModifiedDate":"2023-01-30"},{"lineNumber":3,"author":{"gitId":"azriellee"},"content":"    private String to;","lastModifiedDate":"2023-01-30"},{"lineNumber":4,"author":{"gitId":"azriellee"},"content":"    public Event(String task, String from, String to) {","lastModifiedDate":"2023-01-30"},{"lineNumber":5,"author":{"gitId":"azriellee"},"content":"        super(task);","lastModifiedDate":"2023-01-30"},{"lineNumber":6,"author":{"gitId":"azriellee"},"content":"        this.from \u003d from;","lastModifiedDate":"2023-01-30"},{"lineNumber":7,"author":{"gitId":"azriellee"},"content":"        this.to \u003d to;","lastModifiedDate":"2023-01-30"},{"lineNumber":8,"author":{"gitId":"azriellee"},"content":"    }","lastModifiedDate":"2023-01-30"},{"lineNumber":9,"author":{"gitId":"azriellee"},"content":"    public String formatDate(String from, String to) {","lastModifiedDate":"2023-01-30"},{"lineNumber":10,"author":{"gitId":"azriellee"},"content":"        String f \u003d from.split(\"\\\\s+\", 2)[1];","lastModifiedDate":"2023-01-30"},{"lineNumber":11,"author":{"gitId":"azriellee"},"content":"        String t \u003d to.substring(to.lastIndexOf(\"to\") + 2);","lastModifiedDate":"2023-01-30"},{"lineNumber":12,"author":{"gitId":"azriellee"},"content":"        return \"(\" + \"from: \" + f + \"to \" + t + \")\";","lastModifiedDate":"2023-01-30"},{"lineNumber":13,"author":{"gitId":"azriellee"},"content":"    }","lastModifiedDate":"2023-01-30"},{"lineNumber":14,"author":{"gitId":"azriellee"},"content":"    @Override","lastModifiedDate":"2023-01-30"},{"lineNumber":15,"author":{"gitId":"azriellee"},"content":"    public String toString() {","lastModifiedDate":"2023-01-30"},{"lineNumber":16,"author":{"gitId":"azriellee"},"content":"        return \"[D]\" + super.toString() + formatDate(this.from, this.to);","lastModifiedDate":"2023-01-30"},{"lineNumber":17,"author":{"gitId":"azriellee"},"content":"    }","lastModifiedDate":"2023-01-30"},{"lineNumber":18,"author":{"gitId":"azriellee"},"content":"}","lastModifiedDate":"2023-01-30"}],"authorContributionMap":{"azriellee":18}},{"path":"src/main/java/Tasks.java","fileType":"java","lines":[{"lineNumber":1,"author":{"gitId":"azriellee"},"content":"public class Tasks {","lastModifiedDate":"2023-01-23"},{"lineNumber":2,"author":{"gitId":"azriellee"},"content":"    protected String task;","lastModifiedDate":"2023-01-30"},{"lineNumber":3,"author":{"gitId":"azriellee"},"content":"    protected boolean isDone;","lastModifiedDate":"2023-01-30"},{"lineNumber":4,"author":{"gitId":"azriellee"},"content":"    public Tasks(String task) {","lastModifiedDate":"2023-01-23"},{"lineNumber":5,"author":{"gitId":"azriellee"},"content":"        this.task \u003d task;","lastModifiedDate":"2023-01-23"},{"lineNumber":6,"author":{"gitId":"azriellee"},"content":"        this.isDone \u003d false;","lastModifiedDate":"2023-01-23"},{"lineNumber":7,"author":{"gitId":"azriellee"},"content":"    }","lastModifiedDate":"2023-01-23"},{"lineNumber":8,"author":{"gitId":"azriellee"},"content":"    public void markDone() {","lastModifiedDate":"2023-01-23"},{"lineNumber":9,"author":{"gitId":"azriellee"},"content":"        this.isDone \u003d true;","lastModifiedDate":"2023-01-23"},{"lineNumber":10,"author":{"gitId":"azriellee"},"content":"    }","lastModifiedDate":"2023-01-23"},{"lineNumber":11,"author":{"gitId":"azriellee"},"content":"    public void unmarkDone() {","lastModifiedDate":"2023-01-23"},{"lineNumber":12,"author":{"gitId":"azriellee"},"content":"        this.isDone \u003d false;","lastModifiedDate":"2023-01-23"},{"lineNumber":13,"author":{"gitId":"azriellee"},"content":"    }","lastModifiedDate":"2023-01-23"},{"lineNumber":14,"author":{"gitId":"azriellee"},"content":"    public String getTask() {","lastModifiedDate":"2023-01-23"},{"lineNumber":15,"author":{"gitId":"azriellee"},"content":"        return task;","lastModifiedDate":"2023-01-23"},{"lineNumber":16,"author":{"gitId":"azriellee"},"content":"    }","lastModifiedDate":"2023-01-23"},{"lineNumber":17,"author":{"gitId":"azriellee"},"content":"    public String getStatus() {","lastModifiedDate":"2023-01-23"},{"lineNumber":18,"author":{"gitId":"azriellee"},"content":"        return (isDone ? \"X\" : \" \");","lastModifiedDate":"2023-01-23"},{"lineNumber":19,"author":{"gitId":"azriellee"},"content":"    }","lastModifiedDate":"2023-01-23"},{"lineNumber":20,"author":{"gitId":"azriellee"},"content":"    @Override","lastModifiedDate":"2023-01-30"},{"lineNumber":21,"author":{"gitId":"azriellee"},"content":"    public String toString() {","lastModifiedDate":"2023-01-30"},{"lineNumber":22,"author":{"gitId":"azriellee"},"content":"        return \"[\" + this.getStatus() + \"] \" + this.getTask();","lastModifiedDate":"2023-01-30"},{"lineNumber":23,"author":{"gitId":"azriellee"},"content":"    }","lastModifiedDate":"2023-01-30"},{"lineNumber":24,"author":{"gitId":"azriellee"},"content":"}","lastModifiedDate":"2023-01-23"}],"authorContributionMap":{"azriellee":24}},{"path":"src/main/java/ToDo.java","fileType":"java","lines":[{"lineNumber":1,"author":{"gitId":"azriellee"},"content":"public class ToDo extends Tasks {","lastModifiedDate":"2023-01-30"},{"lineNumber":2,"author":{"gitId":"azriellee"},"content":"    public ToDo(String task) {","lastModifiedDate":"2023-01-30"},{"lineNumber":3,"author":{"gitId":"azriellee"},"content":"        super(task);","lastModifiedDate":"2023-01-30"},{"lineNumber":4,"author":{"gitId":"azriellee"},"content":"    }","lastModifiedDate":"2023-01-30"},{"lineNumber":5,"author":{"gitId":"azriellee"},"content":"    @Override","lastModifiedDate":"2023-01-30"},{"lineNumber":6,"author":{"gitId":"azriellee"},"content":"    public String toString() {","lastModifiedDate":"2023-01-30"},{"lineNumber":7,"author":{"gitId":"azriellee"},"content":"        return \"[T]\" + super.toString();","lastModifiedDate":"2023-01-30"},{"lineNumber":8,"author":{"gitId":"azriellee"},"content":"    }","lastModifiedDate":"2023-01-30"},{"lineNumber":9,"author":{"gitId":"azriellee"},"content":"}","lastModifiedDate":"2023-01-30"}],"authorContributionMap":{"azriellee":9}}]
