{"authorDailyContributionsMap":{"adzikrafi":[{"date":"2023-01-26","commitResults":[{"hash":"80ff922be40886a0463da0330113995f72e0d7a0","isMergeCommit":false,"messageTitle":"level 0 increment","messageBody":"","tags":["Level-0"],"fileTypesAndContributionMap":{"java":{"insertions":6,"deletions":6}}}]},{"date":"2023-01-30","commitResults":[{"hash":"f35ad2c230bb0be06d99ac072bb61610e97a7365","isMergeCommit":false,"messageTitle":"Level 1 commit","messageBody":"","tags":["Level-1"],"fileTypesAndContributionMap":{"java":{"insertions":16,"deletions":6}}},{"hash":"ee4542a5ff52fefb0e8815d585a529eb75a6e92b","isMergeCommit":false,"messageTitle":"Level 2","messageBody":"","tags":["Level-2"],"fileTypesAndContributionMap":{"java":{"insertions":20,"deletions":7}}},{"hash":"7c1833cf9dad0e1bdb771f41e02ddff48da8b48c","isMergeCommit":false,"messageTitle":"Level 3 commit","messageBody":"","tags":["Level-3"],"fileTypesAndContributionMap":{"java":{"insertions":53,"deletions":7}}},{"hash":"871b581165262d88c616c23f800f532492b623f1","isMergeCommit":false,"messageTitle":"Coding Standard","messageBody":"","tags":["A-CodingStandard"],"fileTypesAndContributionMap":{"java":{"insertions":38,"deletions":44}}},{"hash":"a7b0a5345b7a7a077ecb05abe92280c62748504a","isMergeCommit":false,"messageTitle":"Level 4","messageBody":"","tags":["Level-4"],"fileTypesAndContributionMap":{"java":{"insertions":89,"deletions":12}}}]},{"date":"2023-02-15","commitResults":[{"hash":"83a98cb0d042f881af940939fff00968c23e3950","isMergeCommit":false,"messageTitle":"Level 5 commit","messageBody":"","tags":["Level-5"],"fileTypesAndContributionMap":{"java":{"insertions":366,"deletions":29}}},{"hash":"b9d6cd4c00d0472c589238a1ce7e03f33f6c6d63","isMergeCommit":false,"messageTitle":"Level 6 Commit","messageBody":"","tags":["Level-6"],"fileTypesAndContributionMap":{"java":{"insertions":8,"deletions":0}}},{"hash":"c27a143f5158f5685cd9155efd56c08876114c3c","isMergeCommit":false,"messageTitle":"Level 7","messageBody":"","tags":["Level-7"],"fileTypesAndContributionMap":{"txt":{"insertions":2,"deletions":0},"java":{"insertions":50,"deletions":2}}}]},{"date":"2023-02-28","commitResults":[{"hash":"f02959311e560a417033af2c26d80cbb6c4c8162","isMergeCommit":false,"messageTitle":"AmoreOOP (Code Refactor)","messageBody":"","tags":["A-MoreOOP"],"fileTypesAndContributionMap":{"java":{"insertions":824,"deletions":87}}},{"hash":"32b86f4aa2f9d8bc5d12633caf74e6f087eced3a","isMergeCommit":false,"messageTitle":"Level 9","messageBody":"","fileTypesAndContributionMap":{"java":{"insertions":48,"deletions":334}}},{"hash":"33faf003d1362ad1206411c27af1f76274cabdab","isMergeCommit":true,"messageTitle":"Merge pull request #1 from adzikrafi/Level-9","messageBody":"Level 9","fileTypesAndContributionMap":{}},{"hash":"1d00764bdd3f242c201b3de9b2d77d4b72deda01","isMergeCommit":false,"messageTitle":"Update README.md","messageBody":"","tags":["v0.2"],"fileTypesAndContributionMap":{"md":{"insertions":10,"deletions":13}}}]}]},"authorFileTypeContributionMap":{"adzikrafi":{"java":991,"md":10,"fxml":0,"sh":0,"bat":0,"gradle":0,"txt":2}},"authorContributionVariance":{"adzikrafi":41155.895},"authorDisplayNameMap":{"adzikrafi":"CS2113-W12-4 MUHA..UJAI"}}
