[{"path":"src/main/java/Duke.java","fileType":"java","lines":[{"lineNumber":1,"author":{"gitId":"Toh-HongFeng"},"content":"import java.util.Scanner;","lastModifiedDate":"2023-01-25"},{"lineNumber":2,"author":{"gitId":"Toh-HongFeng"},"content":"import java.util.Random;","lastModifiedDate":"2023-01-25"},{"lineNumber":3,"author":{"gitId":"Toh-HongFeng"},"content":"// import java.util.Arrays;","lastModifiedDate":"2023-01-25"},{"lineNumber":4,"author":{"gitId":"Toh-HongFeng"},"content":"","lastModifiedDate":"2023-01-25"},{"lineNumber":5,"author":{"gitId":"Toh-HongFeng"},"content":"public class Duke extends DukeCommands{","lastModifiedDate":"2023-01-25"},{"lineNumber":6,"author":{"gitId":"-"},"content":"    public static void main(String[] args) {","lastModifiedDate":"2019-07-29"},{"lineNumber":7,"author":{"gitId":"Toh-HongFeng"},"content":"        // Boot sequence","lastModifiedDate":"2023-01-25"},{"lineNumber":8,"author":{"gitId":"Toh-HongFeng"},"content":"        Random rand \u003d new Random();","lastModifiedDate":"2023-01-25"},{"lineNumber":9,"author":{"gitId":"-"},"content":"        String logo \u003d \" ____        _        \\n\"","lastModifiedDate":"2019-07-29"},{"lineNumber":10,"author":{"gitId":"-"},"content":"                + \"|  _ \\\\ _   _| | _____ \\n\"","lastModifiedDate":"2019-07-29"},{"lineNumber":11,"author":{"gitId":"-"},"content":"                + \"| | | | | | | |/ / _ \\\\\\n\"","lastModifiedDate":"2019-07-29"},{"lineNumber":12,"author":{"gitId":"-"},"content":"                + \"| |_| | |_| |   \u003c  __/\\n\"","lastModifiedDate":"2019-07-29"},{"lineNumber":13,"author":{"gitId":"-"},"content":"                + \"|____/ \\\\__,_|_|\\\\_\\\\___|\\n\";","lastModifiedDate":"2019-07-29"},{"lineNumber":14,"author":{"gitId":"Toh-HongFeng"},"content":"        System.out.println(\"Hello from\\n\" + logo + spacer);","lastModifiedDate":"2023-01-18"},{"lineNumber":15,"author":{"gitId":"Toh-HongFeng"},"content":"        System.out.println(\" Hello! I\u0027m Duke\\n\" + \" What can I do for you?\\n\" + spacer);","lastModifiedDate":"2023-01-18"},{"lineNumber":16,"author":{"gitId":"Toh-HongFeng"},"content":"        Scanner sc \u003d new Scanner(System.in);","lastModifiedDate":"2023-01-25"},{"lineNumber":17,"author":{"gitId":"Toh-HongFeng"},"content":"","lastModifiedDate":"2023-01-25"},{"lineNumber":18,"author":{"gitId":"Toh-HongFeng"},"content":"        String word \u003d sc.nextLine();","lastModifiedDate":"2023-01-25"},{"lineNumber":19,"author":{"gitId":"Toh-HongFeng"},"content":"        // chatbot active loop sequence","lastModifiedDate":"2023-01-25"},{"lineNumber":20,"author":{"gitId":"Toh-HongFeng"},"content":"        while (!word.equals(\"bye\")) {","lastModifiedDate":"2023-01-25"},{"lineNumber":21,"author":{"gitId":"Toh-HongFeng"},"content":"            System.out.println(spacer);","lastModifiedDate":"2023-01-25"},{"lineNumber":22,"author":{"gitId":"Toh-HongFeng"},"content":"            if (word.equals(\"list\")) {","lastModifiedDate":"2023-01-25"},{"lineNumber":23,"author":{"gitId":"Toh-HongFeng"},"content":"                DukeCommands.listTasks();","lastModifiedDate":"2023-01-25"},{"lineNumber":24,"author":{"gitId":"Toh-HongFeng"},"content":"            } else if (word.startsWith(\"mark \") \u0026\u0026 word.substring(5).matches(\"[0-9]{1,3}\")) {","lastModifiedDate":"2023-01-25"},{"lineNumber":25,"author":{"gitId":"Toh-HongFeng"},"content":"                markTask(Integer.parseInt(word.substring(5)));","lastModifiedDate":"2023-01-25"},{"lineNumber":26,"author":{"gitId":"Toh-HongFeng"},"content":"            } else if (word.startsWith(\"unmark \") \u0026\u0026 word.substring(7).matches(\"[0-9]{1,3}\")) {","lastModifiedDate":"2023-01-25"},{"lineNumber":27,"author":{"gitId":"Toh-HongFeng"},"content":"                unmarkTask(Integer.parseInt(word.substring(7)));","lastModifiedDate":"2023-01-25"},{"lineNumber":28,"author":{"gitId":"Toh-HongFeng"},"content":"            } else {","lastModifiedDate":"2023-01-25"},{"lineNumber":29,"author":{"gitId":"Toh-HongFeng"},"content":"                DukeCommands.addToList(word);","lastModifiedDate":"2023-01-25"},{"lineNumber":30,"author":{"gitId":"Toh-HongFeng"},"content":"            }","lastModifiedDate":"2023-01-25"},{"lineNumber":31,"author":{"gitId":"Toh-HongFeng"},"content":"            word \u003d sc.nextLine();","lastModifiedDate":"2023-01-25"},{"lineNumber":32,"author":{"gitId":"Toh-HongFeng"},"content":"        }","lastModifiedDate":"2023-01-25"},{"lineNumber":33,"author":{"gitId":"Toh-HongFeng"},"content":"        System.out.println(spacer);","lastModifiedDate":"2023-01-25"},{"lineNumber":34,"author":{"gitId":"Toh-HongFeng"},"content":"        sc.close();","lastModifiedDate":"2023-01-25"},{"lineNumber":35,"author":{"gitId":"Toh-HongFeng"},"content":"","lastModifiedDate":"2023-01-25"},{"lineNumber":36,"author":{"gitId":"Toh-HongFeng"},"content":"        // Exit sequence","lastModifiedDate":"2023-01-25"},{"lineNumber":37,"author":{"gitId":"Toh-HongFeng"},"content":"        switch (rand.nextInt() % 2) {","lastModifiedDate":"2023-01-25"},{"lineNumber":38,"author":{"gitId":"Toh-HongFeng"},"content":"        case 0:","lastModifiedDate":"2023-01-25"},{"lineNumber":39,"author":{"gitId":"Toh-HongFeng"},"content":"            System.out.println(\" Bye. Hope to see you again soon!\\n\" + spacer);","lastModifiedDate":"2023-01-18"},{"lineNumber":40,"author":{"gitId":"Toh-HongFeng"},"content":"            break;","lastModifiedDate":"2023-01-25"},{"lineNumber":41,"author":{"gitId":"Toh-HongFeng"},"content":"","lastModifiedDate":"2023-01-25"},{"lineNumber":42,"author":{"gitId":"Toh-HongFeng"},"content":"        case 1:","lastModifiedDate":"2023-01-25"},{"lineNumber":43,"author":{"gitId":"Toh-HongFeng"},"content":"            System.out.println(\"Argh. I don\\\u0027t feel so good...\\n\" + spacer);","lastModifiedDate":"2023-01-25"},{"lineNumber":44,"author":{"gitId":"Toh-HongFeng"},"content":"            break;","lastModifiedDate":"2023-01-25"},{"lineNumber":45,"author":{"gitId":"Toh-HongFeng"},"content":"        ","lastModifiedDate":"2023-01-25"},{"lineNumber":46,"author":{"gitId":"Toh-HongFeng"},"content":"        default:","lastModifiedDate":"2023-01-25"},{"lineNumber":47,"author":{"gitId":"Toh-HongFeng"},"content":"            System.out.println(\"Nooo. Free me...\\n\" + spacer);","lastModifiedDate":"2023-01-25"},{"lineNumber":48,"author":{"gitId":"Toh-HongFeng"},"content":"            break;","lastModifiedDate":"2023-01-25"},{"lineNumber":49,"author":{"gitId":"Toh-HongFeng"},"content":"        }","lastModifiedDate":"2023-01-25"},{"lineNumber":50,"author":{"gitId":"-"},"content":"    }","lastModifiedDate":"2019-07-29"},{"lineNumber":51,"author":{"gitId":"-"},"content":"}","lastModifiedDate":"2019-07-29"}],"authorContributionMap":{"Toh-HongFeng":43,"-":8}},{"path":"src/main/java/DukeCommands.java","fileType":"java","lines":[{"lineNumber":1,"author":{"gitId":"Toh-HongFeng"},"content":"public class DukeCommands {","lastModifiedDate":"2023-01-25"},{"lineNumber":2,"author":{"gitId":"Toh-HongFeng"},"content":"    public static String spacer \u003d \"__________________________________________\\n\";","lastModifiedDate":"2023-01-25"},{"lineNumber":3,"author":{"gitId":"Toh-HongFeng"},"content":"    public static DukeTasks[] list \u003d new DukeTasks[100];","lastModifiedDate":"2023-01-25"},{"lineNumber":4,"author":{"gitId":"Toh-HongFeng"},"content":"    static Integer taskLength \u003d 0;","lastModifiedDate":"2023-01-25"},{"lineNumber":5,"author":{"gitId":"Toh-HongFeng"},"content":"","lastModifiedDate":"2023-01-25"},{"lineNumber":6,"author":{"gitId":"Toh-HongFeng"},"content":"    // Still requires addition of speach lines","lastModifiedDate":"2023-01-25"},{"lineNumber":7,"author":{"gitId":"Toh-HongFeng"},"content":"","lastModifiedDate":"2023-01-25"},{"lineNumber":8,"author":{"gitId":"Toh-HongFeng"},"content":"    /**","lastModifiedDate":"2023-01-25"},{"lineNumber":9,"author":{"gitId":"Toh-HongFeng"},"content":"     * Adds a task with the specified name to a list, and prints a response to the user. ","lastModifiedDate":"2023-01-25"},{"lineNumber":10,"author":{"gitId":"Toh-HongFeng"},"content":"     * ","lastModifiedDate":"2023-01-25"},{"lineNumber":11,"author":{"gitId":"Toh-HongFeng"},"content":"     * @param taskName Name of task added","lastModifiedDate":"2023-01-25"},{"lineNumber":12,"author":{"gitId":"Toh-HongFeng"},"content":"     */","lastModifiedDate":"2023-01-25"},{"lineNumber":13,"author":{"gitId":"Toh-HongFeng"},"content":"    public static void addToList(String taskName) {","lastModifiedDate":"2023-01-25"},{"lineNumber":14,"author":{"gitId":"Toh-HongFeng"},"content":"        DukeSortInputTask.dukeSortInputTask(list, taskLength, taskName);","lastModifiedDate":"2023-01-31"},{"lineNumber":15,"author":{"gitId":"Toh-HongFeng"},"content":"        taskLength +\u003d 1;","lastModifiedDate":"2023-01-25"},{"lineNumber":16,"author":{"gitId":"Toh-HongFeng"},"content":"        System.out.println(\"added: \" + taskName);","lastModifiedDate":"2023-01-25"},{"lineNumber":17,"author":{"gitId":"Toh-HongFeng"},"content":"        System.out.println(spacer);","lastModifiedDate":"2023-01-25"},{"lineNumber":18,"author":{"gitId":"Toh-HongFeng"},"content":"    }","lastModifiedDate":"2023-01-25"},{"lineNumber":19,"author":{"gitId":"Toh-HongFeng"},"content":"","lastModifiedDate":"2023-01-25"},{"lineNumber":20,"author":{"gitId":"Toh-HongFeng"},"content":"    /** Prints a list of all tasks and its marked status to user. */","lastModifiedDate":"2023-01-25"},{"lineNumber":21,"author":{"gitId":"Toh-HongFeng"},"content":"    public static void listTasks() {","lastModifiedDate":"2023-01-25"},{"lineNumber":22,"author":{"gitId":"Toh-HongFeng"},"content":"        Integer taskIndex \u003d 1;","lastModifiedDate":"2023-01-25"},{"lineNumber":23,"author":{"gitId":"Toh-HongFeng"},"content":"        for (DukeTasks task : list) {","lastModifiedDate":"2023-01-25"},{"lineNumber":24,"author":{"gitId":"Toh-HongFeng"},"content":"            if (taskIndex \u003e taskLength) {","lastModifiedDate":"2023-01-25"},{"lineNumber":25,"author":{"gitId":"Toh-HongFeng"},"content":"                break;","lastModifiedDate":"2023-01-25"},{"lineNumber":26,"author":{"gitId":"Toh-HongFeng"},"content":"            }","lastModifiedDate":"2023-01-25"},{"lineNumber":27,"author":{"gitId":"Toh-HongFeng"},"content":"            System.out.println(taskIndex + \".[\" + task.getTaskType() + \"] \" + \"[\" + task.getStatusIcon() + \"] \" + task.toString());","lastModifiedDate":"2023-02-02"},{"lineNumber":28,"author":{"gitId":"Toh-HongFeng"},"content":"            taskIndex +\u003d 1;","lastModifiedDate":"2023-01-25"},{"lineNumber":29,"author":{"gitId":"Toh-HongFeng"},"content":"        }","lastModifiedDate":"2023-01-25"},{"lineNumber":30,"author":{"gitId":"Toh-HongFeng"},"content":"        System.out.println(spacer);","lastModifiedDate":"2023-01-25"},{"lineNumber":31,"author":{"gitId":"Toh-HongFeng"},"content":"    }","lastModifiedDate":"2023-01-25"},{"lineNumber":32,"author":{"gitId":"Toh-HongFeng"},"content":"    ","lastModifiedDate":"2023-01-25"},{"lineNumber":33,"author":{"gitId":"Toh-HongFeng"},"content":"    /**","lastModifiedDate":"2023-01-25"},{"lineNumber":34,"author":{"gitId":"Toh-HongFeng"},"content":"     * Marks the specified task by index number, then prints a response to user. ","lastModifiedDate":"2023-01-25"},{"lineNumber":35,"author":{"gitId":"Toh-HongFeng"},"content":"     * ","lastModifiedDate":"2023-01-25"},{"lineNumber":36,"author":{"gitId":"Toh-HongFeng"},"content":"     * @param taskIndex Index number of task from list printed by Duke, to be marked","lastModifiedDate":"2023-01-25"},{"lineNumber":37,"author":{"gitId":"Toh-HongFeng"},"content":"     */","lastModifiedDate":"2023-01-25"},{"lineNumber":38,"author":{"gitId":"Toh-HongFeng"},"content":"    public static void markTask(Integer taskIndex) {","lastModifiedDate":"2023-01-25"},{"lineNumber":39,"author":{"gitId":"Toh-HongFeng"},"content":"        list[taskIndex - 1].markDone();","lastModifiedDate":"2023-01-25"},{"lineNumber":40,"author":{"gitId":"Toh-HongFeng"},"content":"        System.out.println(\"  [\" + list[taskIndex - 1].getStatusIcon() + \"] \" + list[taskIndex - 1].toString());","lastModifiedDate":"2023-02-02"},{"lineNumber":41,"author":{"gitId":"Toh-HongFeng"},"content":"        System.out.println(spacer);","lastModifiedDate":"2023-01-25"},{"lineNumber":42,"author":{"gitId":"Toh-HongFeng"},"content":"    }","lastModifiedDate":"2023-01-25"},{"lineNumber":43,"author":{"gitId":"Toh-HongFeng"},"content":"    ","lastModifiedDate":"2023-01-25"},{"lineNumber":44,"author":{"gitId":"Toh-HongFeng"},"content":"    /**","lastModifiedDate":"2023-01-25"},{"lineNumber":45,"author":{"gitId":"Toh-HongFeng"},"content":"     * Unmarks the specified task by index number, then prints a response to user. ","lastModifiedDate":"2023-01-25"},{"lineNumber":46,"author":{"gitId":"Toh-HongFeng"},"content":"     * ","lastModifiedDate":"2023-01-25"},{"lineNumber":47,"author":{"gitId":"Toh-HongFeng"},"content":"     * @param taskIndex Index number of task from list printed by Duke, to be unmarked","lastModifiedDate":"2023-01-25"},{"lineNumber":48,"author":{"gitId":"Toh-HongFeng"},"content":"     */","lastModifiedDate":"2023-01-25"},{"lineNumber":49,"author":{"gitId":"Toh-HongFeng"},"content":"    public static void unmarkTask(Integer taskIndex) {","lastModifiedDate":"2023-01-25"},{"lineNumber":50,"author":{"gitId":"Toh-HongFeng"},"content":"        list[taskIndex - 1].unmarkDone();","lastModifiedDate":"2023-01-25"},{"lineNumber":51,"author":{"gitId":"Toh-HongFeng"},"content":"        System.out.println(\"  [\" + list[taskIndex - 1].getStatusIcon() + \"] \" + list[taskIndex - 1].toString());","lastModifiedDate":"2023-02-02"},{"lineNumber":52,"author":{"gitId":"Toh-HongFeng"},"content":"        System.out.println(spacer);","lastModifiedDate":"2023-01-25"},{"lineNumber":53,"author":{"gitId":"Toh-HongFeng"},"content":"    }","lastModifiedDate":"2023-01-25"},{"lineNumber":54,"author":{"gitId":"Toh-HongFeng"},"content":"}","lastModifiedDate":"2023-01-25"}],"authorContributionMap":{"Toh-HongFeng":54}},{"path":"src/main/java/DukeDeadlines.java","fileType":"java","lines":[{"lineNumber":1,"author":{"gitId":"Toh-HongFeng"},"content":"public class DukeDeadlines extends DukeTasks{","lastModifiedDate":"2023-01-31"},{"lineNumber":2,"author":{"gitId":"Toh-HongFeng"},"content":"    protected String by;","lastModifiedDate":"2023-01-31"},{"lineNumber":3,"author":{"gitId":"Toh-HongFeng"},"content":"    ","lastModifiedDate":"2023-01-31"},{"lineNumber":4,"author":{"gitId":"Toh-HongFeng"},"content":"    /**","lastModifiedDate":"2023-01-31"},{"lineNumber":5,"author":{"gitId":"Toh-HongFeng"},"content":"     * Creates a new deadline recorded by Duke with the specified description and due date, and sets its marked status to false. ","lastModifiedDate":"2023-01-31"},{"lineNumber":6,"author":{"gitId":"Toh-HongFeng"},"content":"     * ","lastModifiedDate":"2023-01-31"},{"lineNumber":7,"author":{"gitId":"Toh-HongFeng"},"content":"     * @param description Description of the task","lastModifiedDate":"2023-01-31"},{"lineNumber":8,"author":{"gitId":"Toh-HongFeng"},"content":"     * @param by Deadline of the task","lastModifiedDate":"2023-01-31"},{"lineNumber":9,"author":{"gitId":"Toh-HongFeng"},"content":"     */","lastModifiedDate":"2023-01-31"},{"lineNumber":10,"author":{"gitId":"Toh-HongFeng"},"content":"    public DukeDeadlines(String description, String by) {","lastModifiedDate":"2023-01-31"},{"lineNumber":11,"author":{"gitId":"Toh-HongFeng"},"content":"        super(description);","lastModifiedDate":"2023-01-31"},{"lineNumber":12,"author":{"gitId":"Toh-HongFeng"},"content":"        this.by \u003d by;","lastModifiedDate":"2023-01-31"},{"lineNumber":13,"author":{"gitId":"Toh-HongFeng"},"content":"    }","lastModifiedDate":"2023-01-31"},{"lineNumber":14,"author":{"gitId":"Toh-HongFeng"},"content":"","lastModifiedDate":"2023-01-31"},{"lineNumber":15,"author":{"gitId":"Toh-HongFeng"},"content":"    public String getBy() {","lastModifiedDate":"2023-01-31"},{"lineNumber":16,"author":{"gitId":"Toh-HongFeng"},"content":"        return by;","lastModifiedDate":"2023-01-31"},{"lineNumber":17,"author":{"gitId":"Toh-HongFeng"},"content":"    }","lastModifiedDate":"2023-01-31"},{"lineNumber":18,"author":{"gitId":"Toh-HongFeng"},"content":"","lastModifiedDate":"2023-01-31"},{"lineNumber":19,"author":{"gitId":"Toh-HongFeng"},"content":"    public void setBy(String by) {","lastModifiedDate":"2023-01-31"},{"lineNumber":20,"author":{"gitId":"Toh-HongFeng"},"content":"        this.by \u003d by;","lastModifiedDate":"2023-01-31"},{"lineNumber":21,"author":{"gitId":"Toh-HongFeng"},"content":"    }","lastModifiedDate":"2023-01-31"},{"lineNumber":22,"author":{"gitId":"Toh-HongFeng"},"content":"","lastModifiedDate":"2023-01-31"},{"lineNumber":23,"author":{"gitId":"Toh-HongFeng"},"content":"    @Override","lastModifiedDate":"2023-01-31"},{"lineNumber":24,"author":{"gitId":"Toh-HongFeng"},"content":"    public String getTaskType() {","lastModifiedDate":"2023-01-31"},{"lineNumber":25,"author":{"gitId":"Toh-HongFeng"},"content":"        return (\"D\");","lastModifiedDate":"2023-01-31"},{"lineNumber":26,"author":{"gitId":"Toh-HongFeng"},"content":"    }","lastModifiedDate":"2023-01-31"},{"lineNumber":27,"author":{"gitId":"Toh-HongFeng"},"content":"","lastModifiedDate":"2023-01-31"},{"lineNumber":28,"author":{"gitId":"Toh-HongFeng"},"content":"    @Override","lastModifiedDate":"2023-01-31"},{"lineNumber":29,"author":{"gitId":"Toh-HongFeng"},"content":"    public String toString() {","lastModifiedDate":"2023-02-02"},{"lineNumber":30,"author":{"gitId":"Toh-HongFeng"},"content":"        return super.toString() + \"(by: \" + this.by + \")\";","lastModifiedDate":"2023-02-02"},{"lineNumber":31,"author":{"gitId":"Toh-HongFeng"},"content":"    }","lastModifiedDate":"2023-01-31"},{"lineNumber":32,"author":{"gitId":"Toh-HongFeng"},"content":"}","lastModifiedDate":"2023-01-31"}],"authorContributionMap":{"Toh-HongFeng":32}},{"path":"src/main/java/DukeEvents.java","fileType":"java","lines":[{"lineNumber":1,"author":{"gitId":"Toh-HongFeng"},"content":"public class DukeEvents extends DukeTasks{","lastModifiedDate":"2023-01-31"},{"lineNumber":2,"author":{"gitId":"Toh-HongFeng"},"content":"    protected String fromDetail;","lastModifiedDate":"2023-01-31"},{"lineNumber":3,"author":{"gitId":"Toh-HongFeng"},"content":"    protected String toDetail;","lastModifiedDate":"2023-01-31"},{"lineNumber":4,"author":{"gitId":"Toh-HongFeng"},"content":"    ","lastModifiedDate":"2023-01-31"},{"lineNumber":5,"author":{"gitId":"Toh-HongFeng"},"content":"    public DukeEvents(String description, String durationDetail) {","lastModifiedDate":"2023-01-31"},{"lineNumber":6,"author":{"gitId":"Toh-HongFeng"},"content":"        super(description);","lastModifiedDate":"2023-01-31"},{"lineNumber":7,"author":{"gitId":"Toh-HongFeng"},"content":"        String[] fromToDetail \u003d durationDetail.split(\"/to\", 2);","lastModifiedDate":"2023-01-31"},{"lineNumber":8,"author":{"gitId":"Toh-HongFeng"},"content":"        this.fromDetail \u003d fromToDetail[0];","lastModifiedDate":"2023-01-31"},{"lineNumber":9,"author":{"gitId":"Toh-HongFeng"},"content":"        this.toDetail \u003d fromToDetail[1];","lastModifiedDate":"2023-01-31"},{"lineNumber":10,"author":{"gitId":"Toh-HongFeng"},"content":"    }","lastModifiedDate":"2023-01-31"},{"lineNumber":11,"author":{"gitId":"Toh-HongFeng"},"content":"    ","lastModifiedDate":"2023-01-31"},{"lineNumber":12,"author":{"gitId":"Toh-HongFeng"},"content":"    public String getFromDetail() {","lastModifiedDate":"2023-01-31"},{"lineNumber":13,"author":{"gitId":"Toh-HongFeng"},"content":"        return fromDetail;","lastModifiedDate":"2023-01-31"},{"lineNumber":14,"author":{"gitId":"Toh-HongFeng"},"content":"    }","lastModifiedDate":"2023-01-31"},{"lineNumber":15,"author":{"gitId":"Toh-HongFeng"},"content":"    ","lastModifiedDate":"2023-01-31"},{"lineNumber":16,"author":{"gitId":"Toh-HongFeng"},"content":"    public void setFromDetail(String fromDetail) {","lastModifiedDate":"2023-01-31"},{"lineNumber":17,"author":{"gitId":"Toh-HongFeng"},"content":"        this.fromDetail \u003d fromDetail;","lastModifiedDate":"2023-01-31"},{"lineNumber":18,"author":{"gitId":"Toh-HongFeng"},"content":"    }","lastModifiedDate":"2023-01-31"},{"lineNumber":19,"author":{"gitId":"Toh-HongFeng"},"content":"    ","lastModifiedDate":"2023-01-31"},{"lineNumber":20,"author":{"gitId":"Toh-HongFeng"},"content":"    public String getToDetail() {","lastModifiedDate":"2023-01-31"},{"lineNumber":21,"author":{"gitId":"Toh-HongFeng"},"content":"        return toDetail;","lastModifiedDate":"2023-01-31"},{"lineNumber":22,"author":{"gitId":"Toh-HongFeng"},"content":"    }","lastModifiedDate":"2023-01-31"},{"lineNumber":23,"author":{"gitId":"Toh-HongFeng"},"content":"    ","lastModifiedDate":"2023-01-31"},{"lineNumber":24,"author":{"gitId":"Toh-HongFeng"},"content":"    public void setToDetail(String toDetail) {","lastModifiedDate":"2023-01-31"},{"lineNumber":25,"author":{"gitId":"Toh-HongFeng"},"content":"        this.toDetail \u003d toDetail;","lastModifiedDate":"2023-01-31"},{"lineNumber":26,"author":{"gitId":"Toh-HongFeng"},"content":"    }","lastModifiedDate":"2023-01-31"},{"lineNumber":27,"author":{"gitId":"Toh-HongFeng"},"content":"","lastModifiedDate":"2023-01-31"},{"lineNumber":28,"author":{"gitId":"Toh-HongFeng"},"content":"    @Override","lastModifiedDate":"2023-01-31"},{"lineNumber":29,"author":{"gitId":"Toh-HongFeng"},"content":"    public String getTaskType() {","lastModifiedDate":"2023-01-31"},{"lineNumber":30,"author":{"gitId":"Toh-HongFeng"},"content":"        return (\"E\");","lastModifiedDate":"2023-01-31"},{"lineNumber":31,"author":{"gitId":"Toh-HongFeng"},"content":"    }","lastModifiedDate":"2023-01-31"},{"lineNumber":32,"author":{"gitId":"Toh-HongFeng"},"content":"","lastModifiedDate":"2023-01-31"},{"lineNumber":33,"author":{"gitId":"Toh-HongFeng"},"content":"    @Override","lastModifiedDate":"2023-01-31"},{"lineNumber":34,"author":{"gitId":"Toh-HongFeng"},"content":"    public String toString() {","lastModifiedDate":"2023-02-02"},{"lineNumber":35,"author":{"gitId":"Toh-HongFeng"},"content":"        return super.toString() + \"(from: \" + this.fromDetail + \", to: \" + this.toDetail + \")\";","lastModifiedDate":"2023-02-02"},{"lineNumber":36,"author":{"gitId":"Toh-HongFeng"},"content":"    }","lastModifiedDate":"2023-01-31"},{"lineNumber":37,"author":{"gitId":"Toh-HongFeng"},"content":"}","lastModifiedDate":"2023-01-31"}],"authorContributionMap":{"Toh-HongFeng":37}},{"path":"src/main/java/DukeSortInputTask.java","fileType":"java","lines":[{"lineNumber":1,"author":{"gitId":"Toh-HongFeng"},"content":"public class DukeSortInputTask {","lastModifiedDate":"2023-01-31"},{"lineNumber":2,"author":{"gitId":"Toh-HongFeng"},"content":"    public static void dukeSortInputTask(DukeTasks[] list, Integer taskLength, String taskName) {","lastModifiedDate":"2023-01-31"},{"lineNumber":3,"author":{"gitId":"Toh-HongFeng"},"content":"        String[] taskType \u003d taskName.split(\" \", 2);","lastModifiedDate":"2023-01-31"},{"lineNumber":4,"author":{"gitId":"Toh-HongFeng"},"content":"        String[] taskDescription;","lastModifiedDate":"2023-01-31"},{"lineNumber":5,"author":{"gitId":"Toh-HongFeng"},"content":"        if (taskType[0].equals(\"todo\")) {","lastModifiedDate":"2023-01-31"},{"lineNumber":6,"author":{"gitId":"Toh-HongFeng"},"content":"            list[taskLength] \u003d new DukeToDos(taskType[1]);","lastModifiedDate":"2023-01-31"},{"lineNumber":7,"author":{"gitId":"Toh-HongFeng"},"content":"        } else if (taskType[0].equals(\"deadline\")) {","lastModifiedDate":"2023-01-31"},{"lineNumber":8,"author":{"gitId":"Toh-HongFeng"},"content":"            taskDescription \u003d taskType[1].split(\"/by\", 2);","lastModifiedDate":"2023-01-31"},{"lineNumber":9,"author":{"gitId":"Toh-HongFeng"},"content":"            list[taskLength] \u003d new DukeDeadlines(taskDescription[0], taskDescription[1]);","lastModifiedDate":"2023-01-31"},{"lineNumber":10,"author":{"gitId":"Toh-HongFeng"},"content":"        } else if (taskType[0].equals(\"event\")) {","lastModifiedDate":"2023-01-31"},{"lineNumber":11,"author":{"gitId":"Toh-HongFeng"},"content":"            taskDescription \u003d taskType[1].split(\"/from\", 2);","lastModifiedDate":"2023-01-31"},{"lineNumber":12,"author":{"gitId":"Toh-HongFeng"},"content":"            list[taskLength] \u003d new DukeEvents(taskDescription[0], taskDescription[1]);","lastModifiedDate":"2023-01-31"},{"lineNumber":13,"author":{"gitId":"Toh-HongFeng"},"content":"        } else {","lastModifiedDate":"2023-01-31"},{"lineNumber":14,"author":{"gitId":"Toh-HongFeng"},"content":"            System.out.println(\"Opps. An error occurred and you have not started on error handling.\");","lastModifiedDate":"2023-01-31"},{"lineNumber":15,"author":{"gitId":"Toh-HongFeng"},"content":"        }","lastModifiedDate":"2023-01-31"},{"lineNumber":16,"author":{"gitId":"Toh-HongFeng"},"content":"    }","lastModifiedDate":"2023-01-31"},{"lineNumber":17,"author":{"gitId":"Toh-HongFeng"},"content":"}","lastModifiedDate":"2023-01-31"}],"authorContributionMap":{"Toh-HongFeng":17}},{"path":"src/main/java/DukeTasks.java","fileType":"java","lines":[{"lineNumber":1,"author":{"gitId":"Toh-HongFeng"},"content":"public class DukeTasks {","lastModifiedDate":"2023-01-25"},{"lineNumber":2,"author":{"gitId":"Toh-HongFeng"},"content":"    protected String description;","lastModifiedDate":"2023-01-25"},{"lineNumber":3,"author":{"gitId":"Toh-HongFeng"},"content":"    protected Boolean isDone;","lastModifiedDate":"2023-01-25"},{"lineNumber":4,"author":{"gitId":"Toh-HongFeng"},"content":"","lastModifiedDate":"2023-01-25"},{"lineNumber":5,"author":{"gitId":"Toh-HongFeng"},"content":"    /**","lastModifiedDate":"2023-01-25"},{"lineNumber":6,"author":{"gitId":"Toh-HongFeng"},"content":"     * Creates a new task recorded by Duke with the specified description, and sets its marked status to false. ","lastModifiedDate":"2023-01-25"},{"lineNumber":7,"author":{"gitId":"Toh-HongFeng"},"content":"     * ","lastModifiedDate":"2023-01-25"},{"lineNumber":8,"author":{"gitId":"Toh-HongFeng"},"content":"     * @param description Description of the task","lastModifiedDate":"2023-01-25"},{"lineNumber":9,"author":{"gitId":"Toh-HongFeng"},"content":"     */","lastModifiedDate":"2023-01-25"},{"lineNumber":10,"author":{"gitId":"Toh-HongFeng"},"content":"    public DukeTasks(String description) {","lastModifiedDate":"2023-01-25"},{"lineNumber":11,"author":{"gitId":"Toh-HongFeng"},"content":"        this.description \u003d description;","lastModifiedDate":"2023-01-25"},{"lineNumber":12,"author":{"gitId":"Toh-HongFeng"},"content":"        this.isDone \u003d false;","lastModifiedDate":"2023-01-25"},{"lineNumber":13,"author":{"gitId":"Toh-HongFeng"},"content":"    }","lastModifiedDate":"2023-01-25"},{"lineNumber":14,"author":{"gitId":"Toh-HongFeng"},"content":"","lastModifiedDate":"2023-01-25"},{"lineNumber":15,"author":{"gitId":"Toh-HongFeng"},"content":"    public String getStatusIcon() {","lastModifiedDate":"2023-01-25"},{"lineNumber":16,"author":{"gitId":"Toh-HongFeng"},"content":"        return (isDone ? \"X\" : \" \");","lastModifiedDate":"2023-01-25"},{"lineNumber":17,"author":{"gitId":"Toh-HongFeng"},"content":"    }","lastModifiedDate":"2023-01-25"},{"lineNumber":18,"author":{"gitId":"Toh-HongFeng"},"content":"","lastModifiedDate":"2023-01-25"},{"lineNumber":19,"author":{"gitId":"Toh-HongFeng"},"content":"    public String getTaskType() {","lastModifiedDate":"2023-01-31"},{"lineNumber":20,"author":{"gitId":"Toh-HongFeng"},"content":"        return (\" \");","lastModifiedDate":"2023-01-31"},{"lineNumber":21,"author":{"gitId":"Toh-HongFeng"},"content":"    }","lastModifiedDate":"2023-01-31"},{"lineNumber":22,"author":{"gitId":"Toh-HongFeng"},"content":"    ","lastModifiedDate":"2023-01-31"},{"lineNumber":23,"author":{"gitId":"Toh-HongFeng"},"content":"    /** Marks the task */","lastModifiedDate":"2023-01-25"},{"lineNumber":24,"author":{"gitId":"Toh-HongFeng"},"content":"    public void markDone() {","lastModifiedDate":"2023-01-25"},{"lineNumber":25,"author":{"gitId":"Toh-HongFeng"},"content":"        this.isDone \u003d true;","lastModifiedDate":"2023-01-25"},{"lineNumber":26,"author":{"gitId":"Toh-HongFeng"},"content":"    }","lastModifiedDate":"2023-01-25"},{"lineNumber":27,"author":{"gitId":"Toh-HongFeng"},"content":"    ","lastModifiedDate":"2023-01-25"},{"lineNumber":28,"author":{"gitId":"Toh-HongFeng"},"content":"    /** Unmarks the task */","lastModifiedDate":"2023-01-25"},{"lineNumber":29,"author":{"gitId":"Toh-HongFeng"},"content":"    public void unmarkDone() {","lastModifiedDate":"2023-01-25"},{"lineNumber":30,"author":{"gitId":"Toh-HongFeng"},"content":"        this.isDone \u003d false;","lastModifiedDate":"2023-01-25"},{"lineNumber":31,"author":{"gitId":"Toh-HongFeng"},"content":"    }","lastModifiedDate":"2023-01-25"},{"lineNumber":32,"author":{"gitId":"Toh-HongFeng"},"content":"    ","lastModifiedDate":"2023-02-02"},{"lineNumber":33,"author":{"gitId":"Toh-HongFeng"},"content":"    @Override","lastModifiedDate":"2023-02-02"},{"lineNumber":34,"author":{"gitId":"Toh-HongFeng"},"content":"    public String toString() {","lastModifiedDate":"2023-02-02"},{"lineNumber":35,"author":{"gitId":"Toh-HongFeng"},"content":"        return this.description;","lastModifiedDate":"2023-02-02"},{"lineNumber":36,"author":{"gitId":"Toh-HongFeng"},"content":"    }","lastModifiedDate":"2023-02-02"},{"lineNumber":37,"author":{"gitId":"Toh-HongFeng"},"content":"}","lastModifiedDate":"2023-01-25"}],"authorContributionMap":{"Toh-HongFeng":37}},{"path":"src/main/java/DukeToDos.java","fileType":"java","lines":[{"lineNumber":1,"author":{"gitId":"Toh-HongFeng"},"content":"public class DukeToDos extends DukeTasks{","lastModifiedDate":"2023-01-31"},{"lineNumber":2,"author":{"gitId":"Toh-HongFeng"},"content":"    public DukeToDos(String description) {","lastModifiedDate":"2023-01-31"},{"lineNumber":3,"author":{"gitId":"Toh-HongFeng"},"content":"        super(description);","lastModifiedDate":"2023-01-31"},{"lineNumber":4,"author":{"gitId":"Toh-HongFeng"},"content":"    }","lastModifiedDate":"2023-01-31"},{"lineNumber":5,"author":{"gitId":"Toh-HongFeng"},"content":"","lastModifiedDate":"2023-01-31"},{"lineNumber":6,"author":{"gitId":"Toh-HongFeng"},"content":"    @Override","lastModifiedDate":"2023-01-31"},{"lineNumber":7,"author":{"gitId":"Toh-HongFeng"},"content":"    public String getTaskType() {","lastModifiedDate":"2023-01-31"},{"lineNumber":8,"author":{"gitId":"Toh-HongFeng"},"content":"        return (\"T\");","lastModifiedDate":"2023-01-31"},{"lineNumber":9,"author":{"gitId":"Toh-HongFeng"},"content":"    }","lastModifiedDate":"2023-01-31"},{"lineNumber":10,"author":{"gitId":"Toh-HongFeng"},"content":"}","lastModifiedDate":"2023-01-31"}],"authorContributionMap":{"Toh-HongFeng":10}}]
