{"authorDailyContributionsMap":{"Toh-HongFeng":[{"date":"2023-01-18","commitResults":[{"hash":"601c2de060ab274d2b73aceeb1bd1d6f392ff9b6","isMergeCommit":false,"messageTitle":"add skeletal greeting feature","messageBody":"","fileTypesAndContributionMap":{"java":{"insertions":8,"deletions":1}}}]},{"date":"2023-01-25","commitResults":[{"hash":"e164b24d874d56723ac1123d62f821663252714f","isMergeCommit":false,"messageTitle":"add Level-1","messageBody":"","tags":["Level-1"],"fileTypesAndContributionMap":{"java":{"insertions":28,"deletions":1}}},{"hash":"76929416b9997db314b4426ece4a913f07543ca9","isMergeCommit":false,"messageTitle":"add Level-2 and ignore *.class files","messageBody":"","tags":["Level-2"],"fileTypesAndContributionMap":{"java":{"insertions":36,"deletions":8}}},{"hash":"d07dece0435ec213f3cfcde68a3757d64bf64c7f","isMergeCommit":false,"messageTitle":"add Level-3","messageBody":"","tags":["Level-3"],"fileTypesAndContributionMap":{"java":{"insertions":53,"deletions":11}}},{"hash":"39a10cbbdf61243a3cc4e2374839ee13dfd81312","isMergeCommit":false,"messageTitle":"add A-CodingStandard","messageBody":"","tags":["A-CodingStandard"],"fileTypesAndContributionMap":{"java":{"insertions":25,"deletions":2}}}]},{"date":"2023-01-31","commitResults":[{"hash":"0060ffc144390fa28fd42064fc64c91706271592","isMergeCommit":false,"messageTitle":"add Level-4","messageBody":"","tags":["Level-4"],"fileTypesAndContributionMap":{"java":{"insertions":102,"deletions":2}}}]},{"date":"2023-02-02","commitResults":[{"hash":"325486ec6dfb80298a1176765daa08016e6f1e9f","isMergeCommit":false,"messageTitle":"fix incorrect getDescription function for list","messageBody":"","tags":["A-CodeQuality"],"fileTypesAndContributionMap":{"java":{"insertions":14,"deletions":13}}}]},{"date":"2023-02-08","commitResults":[{"hash":"8ac43e0d1faff479ef416b119b1f3b163c630c29","isMergeCommit":false,"messageTitle":"add increment Level-5","messageBody":"","tags":["Level-5"],"fileTypesAndContributionMap":{"java":{"insertions":33,"deletions":5}}},{"hash":"96a69247296c8e1327f7b11c1cee6a8d2718005e","isMergeCommit":false,"messageTitle":"add A-Exceptions","messageBody":"","tags":["A-Exceptions"],"fileTypesAndContributionMap":{"java":{"insertions":5,"deletions":1}}},{"hash":"5859702da98e709cedd2024b1826638f042b3823","isMergeCommit":true,"messageTitle":"Merge branch \u0027branch-Level-5\u0027","messageBody":"","fileTypesAndContributionMap":{}},{"hash":"6dba0b8f6ea455589c7df7a4cf57ccff1ef7846a","isMergeCommit":false,"messageTitle":"add A-Packages","messageBody":"","tags":["A-Packages"],"fileTypesAndContributionMap":{"java":{"insertions":8,"deletions":0}}},{"hash":"9757aab221aad47d26067ae8ea5e7fd5161c5ae2","isMergeCommit":true,"messageTitle":"Merge branch \u0027branch-A-Packages\u0027","messageBody":"","fileTypesAndContributionMap":{}}]},{"date":"2023-02-11","commitResults":[{"hash":"071fd7cc8c4f9be1707496e9640b6e788b7aefae","isMergeCommit":false,"messageTitle":"add A-Collections","messageBody":"","tags":["A-Collections"],"fileTypesAndContributionMap":{"java":{"insertions":15,"deletions":12}}},{"hash":"eb05d0536071adc1daeb4e318df1dd5176f92a27","isMergeCommit":true,"messageTitle":"Merge branch \u0027branch-A-Collections\u0027","messageBody":"","fileTypesAndContributionMap":{}},{"hash":"c107d6d04530ed84fefc12807b2f529deef5470e","isMergeCommit":false,"messageTitle":"add Level-6","messageBody":"","tags":["Level-6"],"fileTypesAndContributionMap":{"java":{"insertions":16,"deletions":0}}}]},{"date":"2023-02-13","commitResults":[{"hash":"719794e91c567c2dd5d27e747af9d4ad27479f40","isMergeCommit":false,"messageTitle":"add Level-7","messageBody":"","tags":["Level-7"],"fileTypesAndContributionMap":{"java":{"insertions":4,"deletions":0}}},{"hash":"28fab36d291c0969c30da5eb3766f702227b0092","isMergeCommit":false,"messageTitle":"update Level-7","messageBody":"","fileTypesAndContributionMap":{"java":{"insertions":96,"deletions":0}}},{"hash":"82b6eb42d0aa6dd46def50c8f655a039d1462025","isMergeCommit":true,"messageTitle":"Merge branch \u0027branch-Level-6\u0027","messageBody":"","fileTypesAndContributionMap":{}},{"hash":"d7d74cf09579b780d9e0aaf36ff4e89e3f4472bb","isMergeCommit":true,"messageTitle":"Merge branch \u0027branch-Level-7\u0027","messageBody":"","tags":["A-Jar"],"fileTypesAndContributionMap":{}}]},{"date":"2023-02-23","commitResults":[{"hash":"89ce6cf3942c082093ef27341eafb3a671b155ec","isMergeCommit":false,"messageTitle":"add Level 9","messageBody":"","tags":["Level-9","A-MoreOOP"],"fileTypesAndContributionMap":{"java":{"insertions":13,"deletions":0}}},{"hash":"a3d42375a23b98574e435912ed5410fc0ab7976c","isMergeCommit":true,"messageTitle":"Merge pull request #1 from Toh-HongFeng/branch-Level-9","messageBody":"add Level 9","fileTypesAndContributionMap":{}},{"hash":"fab4c154cb3fe61aa5f237cf89538fc6b3517a99","isMergeCommit":false,"messageTitle":"add A-JavaDoc","messageBody":"","tags":["A-JavaDoc"],"fileTypesAndContributionMap":{"java":{"insertions":76,"deletions":1}}},{"hash":"b4a646134d5b1a180f3f7fb9bf704d24f7ba7a02","isMergeCommit":true,"messageTitle":"Merge pull request #2 from Toh-HongFeng/branch-A-JavaDoc","messageBody":"add A-JavaDoc","fileTypesAndContributionMap":{}},{"hash":"570e70f6f430eb19fd7d8088868e5192915bf946","isMergeCommit":false,"messageTitle":"add A-UserGuide","messageBody":"","tags":["A-UserGuide"],"fileTypesAndContributionMap":{"md":{"insertions":7,"deletions":5}}}]}]},"authorFileTypeContributionMap":{"Toh-HongFeng":{"java":477,"md":7,"fxml":0,"sh":0,"bat":0,"gradle":0,"txt":0}},"authorContributionVariance":{"Toh-HongFeng":1306.642},"authorDisplayNameMap":{"Toh-HongFeng":"CS2113-T15-3 TOH ..FENG"}}
