{"authorDailyContributionsMap":{"Richardtok":[{"date":"2023-01-26","commitResults":[{"hash":"8460868370b12f6d5e3931500592092d22765d3c","messageTitle":"Level 0","messageBody":"","fileTypesAndContributionMap":{"java":{"insertions":2,"deletions":6}}},{"hash":"545958084ae574eb48a52fc137e126e0b15324b2","messageTitle":"Revert \"Level 0\"","messageBody":"This reverts commit 8460868370b12f6d5e3931500592092d22765d3c.\n","fileTypesAndContributionMap":{"java":{"insertions":6,"deletions":2}}},{"hash":"bf6d388ffc015ff0050e074078ad99913c999114","messageTitle":"level 0","messageBody":"","fileTypesAndContributionMap":{"java":{"insertions":1,"deletions":5}}}]},{"date":"2023-01-30","commitResults":[{"hash":"46634c678bdf796c11b55cbf3eecd3a986124421","messageTitle":"Level 0","messageBody":"","fileTypesAndContributionMap":{"java":{"insertions":1,"deletions":1}}},{"hash":"814b3e9c5ecf6b1c9dd2ddd2425e6c270bea7e33","messageTitle":"Level 1","messageBody":"","tags":["Level-1"],"fileTypesAndContributionMap":{"java":{"insertions":15,"deletions":1}}},{"hash":"9ba351c4c8fa2a675d0949ce04fc614f00eb2312","messageTitle":"Level 2","messageBody":"","tags":["Level-2"],"fileTypesAndContributionMap":{"java":{"insertions":14,"deletions":3}}}]},{"date":"2023-02-01","commitResults":[{"hash":"00962ebe6baf47a6f3da6b375a21ef2dd9a72e74","messageTitle":"level 3","messageBody":"","tags":["Level-3"],"fileTypesAndContributionMap":{"java":{"insertions":61,"deletions":13}}}]},{"date":"2023-02-05","commitResults":[{"hash":"38830df00e8382f38978cd284a4e8e2ba4bcd82b","messageTitle":"level 4","messageBody":"","tags":["Level-4"],"fileTypesAndContributionMap":{"java":{"insertions":108,"deletions":48}}}]},{"date":"2023-02-09","commitResults":[{"hash":"7efb60b6ac575c066f74d7ee871fbff93de8ae47","messageTitle":"A-CodingStandard","messageBody":"","tags":["A-CodingStandard","A-CodeQuality"],"fileTypesAndContributionMap":{"java":{"insertions":4,"deletions":6}}},{"hash":"a008bb7462670c61eb8c52e9cb3dd5c1d86316eb","messageTitle":"Level 5","messageBody":"","tags":["Level-5","A-Exceptions"],"fileTypesAndContributionMap":{"java":{"insertions":74,"deletions":54}}}]},{"date":"2023-02-16","commitResults":[{"hash":"977697c891f4e181a8b0b4562e358a2bbc064780","messageTitle":"branch-level-6","messageBody":"","tags":["A-Collections"],"fileTypesAndContributionMap":{"java":{"insertions":27,"deletions":10}}},{"hash":"cff42bd972daa1078acd09ac11546d1dba820000","messageTitle":"Improvise Delete","messageBody":"","fileTypesAndContributionMap":{"java":{"insertions":40,"deletions":11}}},{"hash":"5794d61affbfbd0dd8294a4888060737ebcfefe3","messageTitle":"imporving the code","messageBody":"","fileTypesAndContributionMap":{"java":{"insertions":12,"deletions":2}}}]}]},"authorFileTypeContributionMap":{"Richardtok":{"java":210,"md":0,"fxml":0,"sh":0,"bat":0,"gradle":0,"txt":0}},"authorContributionVariance":{"Richardtok":1515.2539},"authorDisplayNameMap":{"Richardtok":"CS2113-T14-1 RICH..AWAN"}}
