{"authorDailyContributionsMap":{"yixuann02":[{"date":"2023-01-29","commitResults":[{"hash":"63a88540cfe58458ccaef974a0a8a488faf25a7c","messageTitle":"Add increment Level 0 Greet","messageBody":"","tags":["Level-0"],"fileTypesAndContributionMap":{"java":{"insertions":4,"deletions":6}}},{"hash":"eb699688f4e82382091c002bb50329ada2b3631f","messageTitle":"Add increment Level 1 Greet Echo Exit","messageBody":"","tags":["Level-1"],"fileTypesAndContributionMap":{"java":{"insertions":22,"deletions":2}}},{"hash":"8363b245778537715096ec8c4524af6c32289384","messageTitle":"Add increment Level 2 Add List","messageBody":"","tags":["Level-2"],"fileTypesAndContributionMap":{"java":{"insertions":15,"deletions":1}}},{"hash":"ea4fa81e4542d3e855c78cbd1efee0f5395f39a5","messageTitle":"Add Task class","messageBody":"","fileTypesAndContributionMap":{"java":{"insertions":33,"deletions":0}}}]},{"date":"2023-01-31","commitResults":[{"hash":"6c9ca91bf19fe063255f0df683b5f4a0c65dbef5","messageTitle":"Add increment Level 3 Mark as Done","messageBody":"","tags":["Level-3"],"fileTypesAndContributionMap":{"java":{"insertions":27,"deletions":5}}}]},{"date":"2023-02-01","commitResults":[{"hash":"1053a66baad4a4b977534b7b3caf4af924b97dd8","messageTitle":"Refactor code - constants","messageBody":"","tags":["A-CodingStandard"],"fileTypesAndContributionMap":{"java":{"insertions":24,"deletions":22}}}]},{"date":"2023-02-03","commitResults":[{"hash":"c3543b80ab61adb8db0ff3abc8b6b7b993e77ce6","messageTitle":"Add increment Level 4 ToDo Event Deadline","messageBody":"","tags":["Level-4"],"fileTypesAndContributionMap":{"java":{"insertions":85,"deletions":4}}}]},{"date":"2023-02-06","commitResults":[{"hash":"94999bb6053a63466feb076114269ebd531526d6","messageTitle":"Update text-ui-testing","messageBody":"","tags":["A-TextUiTesting"],"fileTypesAndContributionMap":{"bat":{"insertions":2,"deletions":2}}},{"hash":"24479941de6bdca0c8b8b214b4345bd027deeb3f","messageTitle":"Update Code quality","messageBody":"","tags":["A-CodeQuality"],"fileTypesAndContributionMap":{"java":{"insertions":133,"deletions":82}}}]},{"date":"2023-02-14","commitResults":[{"hash":"b9ebee8ce0740c31f731ea6bba01fd67c7d7334b","messageTitle":"Add new IllegalCommandException class","messageBody":"","tags":["A-Exceptions"],"fileTypesAndContributionMap":{"java":{"insertions":5,"deletions":0}}},{"hash":"7565df90958cb0267a27cc2b5e0fc448b435abd6","messageTitle":"Add increment Level 5 Handle Errors","messageBody":"","tags":["Level-5"],"fileTypesAndContributionMap":{"java":{"insertions":133,"deletions":80}}}]}]},"authorFileTypeContributionMap":{"yixuann02":{"java":284,"md":0,"fxml":0,"sh":0,"bat":1,"gradle":0,"txt":0}},"authorContributionVariance":{"yixuann02":3004.0278},"authorDisplayNameMap":{"yixuann02":"CS2113-T13-4 GOH ..XUAN"}}
