{"authorDailyContributionsMap":{"iantenkai":[{"date":"2023-01-26","commitResults":[{"hash":"a0d0446ea1e214fec263575f4e419ed25f5f076b","messageTitle":"add level 0 greet","messageBody":"","fileTypesAndContributionMap":{"java":{"insertions":8,"deletions":6}}}]},{"date":"2023-01-27","commitResults":[{"hash":"489e53d715d97fa94d4516833ee40977fa6b35ee","messageTitle":"add scanner","messageBody":"","fileTypesAndContributionMap":{"java":{"insertions":9,"deletions":2}}},{"hash":"769bc3c28b2c1a13e9d06afe3349e0eac34099d3","messageTitle":"add level 1 greet echo exit","messageBody":"","tags":["level-1"],"fileTypesAndContributionMap":{"java":{"insertions":12,"deletions":4}}},{"hash":"40fd7a08bba137c7d66fdae0e35f59b016626a84","messageTitle":"add level 2 add waifu material","messageBody":"","tags":["level-2"],"fileTypesAndContributionMap":{"java":{"insertions":18,"deletions":9}}},{"hash":"9dad5e3dffe8f3e5dd6f6e28c0d3ca7abf88f5e7","messageTitle":"level 3 added disappointment","messageBody":"","tags":["level-3"],"fileTypesAndContributionMap":{"java":{"insertions":44,"deletions":5}}}]},{"date":"2023-02-03","commitResults":[{"hash":"b217951566fa47be44e9751db5b7c9f5943e5516","messageTitle":"add todo add deadline","messageBody":"seperated class and main file\n","fileTypesAndContributionMap":{"java":{"insertions":97,"deletions":32}}},{"hash":"3563b41ced67ff6c6c8a6aa46607265d3aa72bc5","messageTitle":"add level 4 functionalities","messageBody":"","tags":["level-4"],"fileTypesAndContributionMap":{"java":{"insertions":158,"deletions":92}}}]},{"date":"2023-02-12","commitResults":[{"hash":"ae1b44244d2af7e4a788772ad1334fd924f4275b","messageTitle":"add level 5","messageBody":"","fileTypesAndContributionMap":{"java":{"insertions":84,"deletions":65}}}]},{"date":"2023-02-13","commitResults":[{"hash":"04ced990c1609a4da121fac73886a049ffd3dd20","messageTitle":"refactor into packages","messageBody":"","tags":["level-5"],"fileTypesAndContributionMap":{"java":{"insertions":19,"deletions":1}}}]},{"date":"2023-02-18","commitResults":[{"hash":"d02fab988b3f364188d1f9479cc90d14b09b25a2","messageTitle":"level-7","messageBody":"","tags":["level-7"],"fileTypesAndContributionMap":{"txt":{"insertions":6,"deletions":0},"java":{"insertions":106,"deletions":13}}},{"hash":"bc6cad909136efe7d2f9137798917645b3c36b2d","messageTitle":"change to use arrayutil","messageBody":"","fileTypesAndContributionMap":{"java":{"insertions":28,"deletions":27}}},{"hash":"3e5c8bb2876e9e8520ef89135def93f08226e45f","messageTitle":"level-6 added delete","messageBody":"","tags":["level-6"],"fileTypesAndContributionMap":{"java":{"insertions":11,"deletions":0}}},{"hash":"f20890993e8d60a5e796ca321ba3a96dc28a9b4b","messageTitle":"finish merge and add clear","messageBody":"","tags":["A-Jar"],"fileTypesAndContributionMap":{"txt":{"insertions":0,"deletions":7},"java":{"insertions":6,"deletions":10}}}]},{"date":"2023-02-26","commitResults":[{"hash":"a9142075dd884936517408196aefd412b33ada7c","messageTitle":"refactored code for more OOP","messageBody":"","tags":["A-MoreOOP"],"fileTypesAndContributionMap":{"java":{"insertions":409,"deletions":187}}},{"hash":"b183bb67f9cf70d91769c5a53691cbef6d8b4614","messageTitle":"added find function","messageBody":"","fileTypesAndContributionMap":{"java":{"insertions":33,"deletions":4}}},{"hash":"084b8e0802013d0b0c71083925b6f5cdbbfde53a","messageTitle":"test commit","messageBody":"","fileTypesAndContributionMap":{"java":{"insertions":1,"deletions":0}}},{"hash":"57eef6252a076c29b67a212d9931d68c38164610","messageTitle":"added javadoc comments","messageBody":"","fileTypesAndContributionMap":{"java":{"insertions":184,"deletions":28}}}]}]},"authorFileTypeContributionMap":{"iantenkai":{"java":749,"md":0,"fxml":0,"sh":0,"bat":0,"gradle":0,"txt":0}},"authorContributionVariance":{"iantenkai":19387.42},"authorDisplayNameMap":{"iantenkai":"CS2113-F10-1 TENG..-KAI"}}
