[{"path":"src/main/java/hina/HinaBot.java","fileType":"java","lines":[{"lineNumber":1,"author":{"gitId":"waiter-palypoo"},"content":"package hina;","lastModifiedDate":"2023-02-14"},{"lineNumber":2,"author":{"gitId":"waiter-palypoo"},"content":"","lastModifiedDate":"2023-02-14"},{"lineNumber":3,"author":{"gitId":"waiter-palypoo"},"content":"import hina.exceptions.HinaException;","lastModifiedDate":"2023-02-14"},{"lineNumber":4,"author":{"gitId":"waiter-palypoo"},"content":"import hina.task.Deadline;","lastModifiedDate":"2023-02-14"},{"lineNumber":5,"author":{"gitId":"waiter-palypoo"},"content":"import hina.task.Event;","lastModifiedDate":"2023-02-14"},{"lineNumber":6,"author":{"gitId":"waiter-palypoo"},"content":"import hina.task.Task;","lastModifiedDate":"2023-02-14"},{"lineNumber":7,"author":{"gitId":"waiter-palypoo"},"content":"","lastModifiedDate":"2023-02-14"},{"lineNumber":8,"author":{"gitId":"waiter-palypoo"},"content":"import java.util.Scanner;","lastModifiedDate":"2023-01-27"},{"lineNumber":9,"author":{"gitId":"waiter-palypoo"},"content":"","lastModifiedDate":"2023-01-27"},{"lineNumber":10,"author":{"gitId":"waiter-palypoo"},"content":"public class HinaBot {","lastModifiedDate":"2023-01-26"},{"lineNumber":11,"author":{"gitId":"waiter-palypoo"},"content":"    protected static Task[] taskList \u003d new Task[100];","lastModifiedDate":"2023-02-01"},{"lineNumber":12,"author":{"gitId":"waiter-palypoo"},"content":"    protected static int taskCount \u003d 0;","lastModifiedDate":"2023-02-01"},{"lineNumber":13,"author":{"gitId":"waiter-palypoo"},"content":"","lastModifiedDate":"2023-02-14"},{"lineNumber":14,"author":{"gitId":"waiter-palypoo"},"content":"    public static void main(String[] args) {","lastModifiedDate":"2023-01-26"},{"lineNumber":15,"author":{"gitId":"waiter-palypoo"},"content":"        String line;","lastModifiedDate":"2023-01-27"},{"lineNumber":16,"author":{"gitId":"waiter-palypoo"},"content":"        Scanner in \u003d new Scanner(System.in);","lastModifiedDate":"2023-01-27"},{"lineNumber":17,"author":{"gitId":"waiter-palypoo"},"content":"        showGreeting();","lastModifiedDate":"2023-01-27"},{"lineNumber":18,"author":{"gitId":"waiter-palypoo"},"content":"        while (true) {","lastModifiedDate":"2023-01-27"},{"lineNumber":19,"author":{"gitId":"waiter-palypoo"},"content":"            try {","lastModifiedDate":"2023-02-14"},{"lineNumber":20,"author":{"gitId":"waiter-palypoo"},"content":"                line \u003d in.nextLine();","lastModifiedDate":"2023-01-27"},{"lineNumber":21,"author":{"gitId":"waiter-palypoo"},"content":"                handleCommand(line);","lastModifiedDate":"2023-01-27"},{"lineNumber":22,"author":{"gitId":"waiter-palypoo"},"content":"            } catch (HinaException cmdException) {","lastModifiedDate":"2023-02-14"},{"lineNumber":23,"author":{"gitId":"waiter-palypoo"},"content":"                System.out.println(\"\u003e.\u003c Hina does not recognise this command!\");","lastModifiedDate":"2023-02-14"},{"lineNumber":24,"author":{"gitId":"waiter-palypoo"},"content":"            } catch (StringIndexOutOfBoundsException argException) {","lastModifiedDate":"2023-02-14"},{"lineNumber":25,"author":{"gitId":"waiter-palypoo"},"content":"                System.out.println(\"@_@ Please give Hina more details!\");","lastModifiedDate":"2023-02-14"},{"lineNumber":26,"author":{"gitId":"waiter-palypoo"},"content":"            }","lastModifiedDate":"2023-02-14"},{"lineNumber":27,"author":{"gitId":"waiter-palypoo"},"content":"        }","lastModifiedDate":"2023-01-27"},{"lineNumber":28,"author":{"gitId":"waiter-palypoo"},"content":"    }","lastModifiedDate":"2023-01-27"},{"lineNumber":29,"author":{"gitId":"waiter-palypoo"},"content":"","lastModifiedDate":"2023-01-27"},{"lineNumber":30,"author":{"gitId":"waiter-palypoo"},"content":"    private static void showGreeting() {","lastModifiedDate":"2023-01-27"},{"lineNumber":31,"author":{"gitId":"waiter-palypoo"},"content":"        System.out.println(\"Hello master!\");","lastModifiedDate":"2023-01-26"},{"lineNumber":32,"author":{"gitId":"waiter-palypoo"},"content":"        System.out.println(\"What are your orders?\");","lastModifiedDate":"2023-01-26"},{"lineNumber":33,"author":{"gitId":"waiter-palypoo"},"content":"    }","lastModifiedDate":"2023-01-27"},{"lineNumber":34,"author":{"gitId":"waiter-palypoo"},"content":"","lastModifiedDate":"2023-01-27"},{"lineNumber":35,"author":{"gitId":"waiter-palypoo"},"content":"    public static void handleCommand(String command) throws HinaException {","lastModifiedDate":"2023-02-14"},{"lineNumber":36,"author":{"gitId":"waiter-palypoo"},"content":"        if (command.equalsIgnoreCase(\"bye\")) {","lastModifiedDate":"2023-02-01"},{"lineNumber":37,"author":{"gitId":"waiter-palypoo"},"content":"            System.out.println(\"Goodbye master, let\u0027s meet again soon...\");","lastModifiedDate":"2023-01-26"},{"lineNumber":38,"author":{"gitId":"waiter-palypoo"},"content":"            System.exit(0);","lastModifiedDate":"2023-01-27"},{"lineNumber":39,"author":{"gitId":"waiter-palypoo"},"content":"        } else if (command.equalsIgnoreCase(\"list\")) {","lastModifiedDate":"2023-02-14"},{"lineNumber":40,"author":{"gitId":"waiter-palypoo"},"content":"            listTasks();","lastModifiedDate":"2023-02-01"},{"lineNumber":41,"author":{"gitId":"waiter-palypoo"},"content":"        } else if (command.split(\" \")[0].equalsIgnoreCase(\"mark\")) {","lastModifiedDate":"2023-02-14"},{"lineNumber":42,"author":{"gitId":"waiter-palypoo"},"content":"            int taskIndex \u003d Integer.parseInt(command.split(\" \")[1]);","lastModifiedDate":"2023-02-01"},{"lineNumber":43,"author":{"gitId":"waiter-palypoo"},"content":"            markTask(taskIndex);","lastModifiedDate":"2023-02-01"},{"lineNumber":44,"author":{"gitId":"waiter-palypoo"},"content":"        } else if (command.split(\" \")[0].equalsIgnoreCase(\"unmark\")) {","lastModifiedDate":"2023-02-14"},{"lineNumber":45,"author":{"gitId":"waiter-palypoo"},"content":"            int taskIndex \u003d Integer.parseInt(command.split(\" \")[1]);","lastModifiedDate":"2023-02-01"},{"lineNumber":46,"author":{"gitId":"waiter-palypoo"},"content":"            unmarkTask(taskIndex);","lastModifiedDate":"2023-02-01"},{"lineNumber":47,"author":{"gitId":"waiter-palypoo"},"content":"        } else if (command.split(\" \")[0].equalsIgnoreCase(\"todo\")) {","lastModifiedDate":"2023-02-14"},{"lineNumber":48,"author":{"gitId":"waiter-palypoo"},"content":"            addTask(command.substring(5));","lastModifiedDate":"2023-02-01"},{"lineNumber":49,"author":{"gitId":"waiter-palypoo"},"content":"        } else if (command.split(\" \")[0].equalsIgnoreCase(\"deadline\")) {","lastModifiedDate":"2023-02-14"},{"lineNumber":50,"author":{"gitId":"waiter-palypoo"},"content":"            addDeadline(command.substring(9));","lastModifiedDate":"2023-02-01"},{"lineNumber":51,"author":{"gitId":"waiter-palypoo"},"content":"        } else if (command.split(\" \")[0].equalsIgnoreCase(\"event\")) {","lastModifiedDate":"2023-02-14"},{"lineNumber":52,"author":{"gitId":"waiter-palypoo"},"content":"            addEvent(command.substring(6));","lastModifiedDate":"2023-02-01"},{"lineNumber":53,"author":{"gitId":"waiter-palypoo"},"content":"        } else {","lastModifiedDate":"2023-02-14"},{"lineNumber":54,"author":{"gitId":"waiter-palypoo"},"content":"            throw new HinaException();","lastModifiedDate":"2023-02-14"},{"lineNumber":55,"author":{"gitId":"waiter-palypoo"},"content":"        }","lastModifiedDate":"2023-02-01"},{"lineNumber":56,"author":{"gitId":"waiter-palypoo"},"content":"    }","lastModifiedDate":"2023-02-01"},{"lineNumber":57,"author":{"gitId":"waiter-palypoo"},"content":"","lastModifiedDate":"2023-02-01"},{"lineNumber":58,"author":{"gitId":"waiter-palypoo"},"content":"    public static void addTask(String description) {","lastModifiedDate":"2023-02-01"},{"lineNumber":59,"author":{"gitId":"waiter-palypoo"},"content":"        Task newTask \u003d new Task(description);","lastModifiedDate":"2023-02-01"},{"lineNumber":60,"author":{"gitId":"waiter-palypoo"},"content":"        taskList[taskCount] \u003d newTask;","lastModifiedDate":"2023-02-01"},{"lineNumber":61,"author":{"gitId":"waiter-palypoo"},"content":"        taskCount++;","lastModifiedDate":"2023-02-01"},{"lineNumber":62,"author":{"gitId":"waiter-palypoo"},"content":"        System.out.println(\"Noted! This task has been added:\");","lastModifiedDate":"2023-02-01"},{"lineNumber":63,"author":{"gitId":"waiter-palypoo"},"content":"        System.out.println(newTask.toString());","lastModifiedDate":"2023-02-01"},{"lineNumber":64,"author":{"gitId":"waiter-palypoo"},"content":"        getTaskCount();","lastModifiedDate":"2023-02-01"},{"lineNumber":65,"author":{"gitId":"waiter-palypoo"},"content":"    }","lastModifiedDate":"2023-02-01"},{"lineNumber":66,"author":{"gitId":"waiter-palypoo"},"content":"","lastModifiedDate":"2023-02-01"},{"lineNumber":67,"author":{"gitId":"waiter-palypoo"},"content":"    public static void listTasks() {","lastModifiedDate":"2023-02-01"},{"lineNumber":68,"author":{"gitId":"waiter-palypoo"},"content":"        for (int i \u003d 0; i \u003c taskCount; i++) {","lastModifiedDate":"2023-02-01"},{"lineNumber":69,"author":{"gitId":"waiter-palypoo"},"content":"            System.out.print(i + 1);","lastModifiedDate":"2023-02-01"},{"lineNumber":70,"author":{"gitId":"waiter-palypoo"},"content":"            System.out.print(\". \");","lastModifiedDate":"2023-02-01"},{"lineNumber":71,"author":{"gitId":"waiter-palypoo"},"content":"            System.out.println(taskList[i].toString());","lastModifiedDate":"2023-02-01"},{"lineNumber":72,"author":{"gitId":"waiter-palypoo"},"content":"        }","lastModifiedDate":"2023-02-01"},{"lineNumber":73,"author":{"gitId":"waiter-palypoo"},"content":"    }","lastModifiedDate":"2023-01-26"},{"lineNumber":74,"author":{"gitId":"waiter-palypoo"},"content":"","lastModifiedDate":"2023-02-01"},{"lineNumber":75,"author":{"gitId":"waiter-palypoo"},"content":"    public static void markTask(int taskIndex) {","lastModifiedDate":"2023-02-01"},{"lineNumber":76,"author":{"gitId":"waiter-palypoo"},"content":"        taskList[taskIndex - 1].setDone(true);","lastModifiedDate":"2023-02-01"},{"lineNumber":77,"author":{"gitId":"waiter-palypoo"},"content":"        System.out.println(\"Roger that! This task is marked as done: \");","lastModifiedDate":"2023-02-01"},{"lineNumber":78,"author":{"gitId":"waiter-palypoo"},"content":"        System.out.println(taskList[taskIndex - 1].toString());","lastModifiedDate":"2023-02-01"},{"lineNumber":79,"author":{"gitId":"waiter-palypoo"},"content":"    }","lastModifiedDate":"2023-02-01"},{"lineNumber":80,"author":{"gitId":"waiter-palypoo"},"content":"","lastModifiedDate":"2023-02-01"},{"lineNumber":81,"author":{"gitId":"waiter-palypoo"},"content":"    public static void unmarkTask(int taskIndex) {","lastModifiedDate":"2023-02-01"},{"lineNumber":82,"author":{"gitId":"waiter-palypoo"},"content":"        taskList[taskIndex - 1].setDone(false);","lastModifiedDate":"2023-02-01"},{"lineNumber":83,"author":{"gitId":"waiter-palypoo"},"content":"        System.out.println(\"Roger that! This task is marked as not done: \");","lastModifiedDate":"2023-02-01"},{"lineNumber":84,"author":{"gitId":"waiter-palypoo"},"content":"        System.out.println(taskList[taskIndex - 1].toString());","lastModifiedDate":"2023-02-01"},{"lineNumber":85,"author":{"gitId":"waiter-palypoo"},"content":"    }","lastModifiedDate":"2023-02-01"},{"lineNumber":86,"author":{"gitId":"waiter-palypoo"},"content":"","lastModifiedDate":"2023-02-01"},{"lineNumber":87,"author":{"gitId":"waiter-palypoo"},"content":"    public static void addDeadline(String deadline) {","lastModifiedDate":"2023-02-01"},{"lineNumber":88,"author":{"gitId":"waiter-palypoo"},"content":"        String[] details \u003d deadline.split(\"/\");","lastModifiedDate":"2023-02-01"},{"lineNumber":89,"author":{"gitId":"waiter-palypoo"},"content":"        if (details.length \u003c 2) {","lastModifiedDate":"2023-02-14"},{"lineNumber":90,"author":{"gitId":"waiter-palypoo"},"content":"            System.out.println(\"Hina needs to know the deadline for this task!\");","lastModifiedDate":"2023-02-14"},{"lineNumber":91,"author":{"gitId":"waiter-palypoo"},"content":"        } else {","lastModifiedDate":"2023-02-14"},{"lineNumber":92,"author":{"gitId":"waiter-palypoo"},"content":"            Deadline newDeadline \u003d new Deadline(details[0], details[1].substring(3));","lastModifiedDate":"2023-02-01"},{"lineNumber":93,"author":{"gitId":"waiter-palypoo"},"content":"            taskList[taskCount] \u003d newDeadline;","lastModifiedDate":"2023-02-01"},{"lineNumber":94,"author":{"gitId":"waiter-palypoo"},"content":"            taskCount++;","lastModifiedDate":"2023-02-01"},{"lineNumber":95,"author":{"gitId":"waiter-palypoo"},"content":"            System.out.println(\"Noted! This task has been added:\");","lastModifiedDate":"2023-02-01"},{"lineNumber":96,"author":{"gitId":"waiter-palypoo"},"content":"            System.out.println(newDeadline.toString());","lastModifiedDate":"2023-02-01"},{"lineNumber":97,"author":{"gitId":"waiter-palypoo"},"content":"            getTaskCount();","lastModifiedDate":"2023-02-01"},{"lineNumber":98,"author":{"gitId":"waiter-palypoo"},"content":"        }","lastModifiedDate":"2023-02-01"},{"lineNumber":99,"author":{"gitId":"waiter-palypoo"},"content":"    }","lastModifiedDate":"2023-02-14"},{"lineNumber":100,"author":{"gitId":"waiter-palypoo"},"content":"","lastModifiedDate":"2023-02-01"},{"lineNumber":101,"author":{"gitId":"waiter-palypoo"},"content":"    public static void addEvent(String event) {","lastModifiedDate":"2023-02-01"},{"lineNumber":102,"author":{"gitId":"waiter-palypoo"},"content":"        String[] details \u003d event.split(\"/\");","lastModifiedDate":"2023-02-01"},{"lineNumber":103,"author":{"gitId":"waiter-palypoo"},"content":"        if (details.length \u003c 3) {","lastModifiedDate":"2023-02-14"},{"lineNumber":104,"author":{"gitId":"waiter-palypoo"},"content":"            System.out.println(\"Please tell Hina when this event starts and ends!\");","lastModifiedDate":"2023-02-14"},{"lineNumber":105,"author":{"gitId":"waiter-palypoo"},"content":"        } else {","lastModifiedDate":"2023-02-14"},{"lineNumber":106,"author":{"gitId":"waiter-palypoo"},"content":"            Event newEvent \u003d new Event(details[0], details[1].substring(5).trim(), details[2].substring(3));","lastModifiedDate":"2023-02-01"},{"lineNumber":107,"author":{"gitId":"waiter-palypoo"},"content":"            taskList[taskCount] \u003d newEvent;","lastModifiedDate":"2023-02-01"},{"lineNumber":108,"author":{"gitId":"waiter-palypoo"},"content":"            taskCount++;","lastModifiedDate":"2023-02-01"},{"lineNumber":109,"author":{"gitId":"waiter-palypoo"},"content":"            System.out.println(\"Noted! This task has been added:\");","lastModifiedDate":"2023-02-01"},{"lineNumber":110,"author":{"gitId":"waiter-palypoo"},"content":"            System.out.println(newEvent.toString());","lastModifiedDate":"2023-02-01"},{"lineNumber":111,"author":{"gitId":"waiter-palypoo"},"content":"            getTaskCount();","lastModifiedDate":"2023-02-01"},{"lineNumber":112,"author":{"gitId":"waiter-palypoo"},"content":"        }","lastModifiedDate":"2023-02-01"},{"lineNumber":113,"author":{"gitId":"waiter-palypoo"},"content":"    }","lastModifiedDate":"2023-02-14"},{"lineNumber":114,"author":{"gitId":"waiter-palypoo"},"content":"","lastModifiedDate":"2023-02-01"},{"lineNumber":115,"author":{"gitId":"waiter-palypoo"},"content":"    public static void getTaskCount() {","lastModifiedDate":"2023-02-01"},{"lineNumber":116,"author":{"gitId":"waiter-palypoo"},"content":"        System.out.printf(\"There are %d items on your list.\\n\", taskCount);","lastModifiedDate":"2023-02-01"},{"lineNumber":117,"author":{"gitId":"waiter-palypoo"},"content":"    }","lastModifiedDate":"2023-02-01"},{"lineNumber":118,"author":{"gitId":"waiter-palypoo"},"content":"}","lastModifiedDate":"2023-01-26"}],"authorContributionMap":{"waiter-palypoo":118}},{"path":"src/main/java/hina/exceptions/HinaException.java","fileType":"java","lines":[{"lineNumber":1,"author":{"gitId":"waiter-palypoo"},"content":"package hina.exceptions;","lastModifiedDate":"2023-02-14"},{"lineNumber":2,"author":{"gitId":"waiter-palypoo"},"content":"","lastModifiedDate":"2023-02-14"},{"lineNumber":3,"author":{"gitId":"waiter-palypoo"},"content":"public class HinaException extends Throwable {","lastModifiedDate":"2023-02-14"},{"lineNumber":4,"author":{"gitId":"waiter-palypoo"},"content":"}","lastModifiedDate":"2023-02-14"}],"authorContributionMap":{"waiter-palypoo":4}},{"path":"src/main/java/hina/task/Deadline.java","fileType":"java","lines":[{"lineNumber":1,"author":{"gitId":"waiter-palypoo"},"content":"package hina.task;","lastModifiedDate":"2023-02-14"},{"lineNumber":2,"author":{"gitId":"waiter-palypoo"},"content":"","lastModifiedDate":"2023-02-14"},{"lineNumber":3,"author":{"gitId":"waiter-palypoo"},"content":"import hina.task.Task;","lastModifiedDate":"2023-02-14"},{"lineNumber":4,"author":{"gitId":"waiter-palypoo"},"content":"","lastModifiedDate":"2023-02-14"},{"lineNumber":5,"author":{"gitId":"waiter-palypoo"},"content":"public class Deadline extends Task {","lastModifiedDate":"2023-02-01"},{"lineNumber":6,"author":{"gitId":"waiter-palypoo"},"content":"    private String by;","lastModifiedDate":"2023-02-01"},{"lineNumber":7,"author":{"gitId":"waiter-palypoo"},"content":"    public Deadline(String description, String by) {","lastModifiedDate":"2023-02-01"},{"lineNumber":8,"author":{"gitId":"waiter-palypoo"},"content":"        super(description);","lastModifiedDate":"2023-02-01"},{"lineNumber":9,"author":{"gitId":"waiter-palypoo"},"content":"        this.by \u003d by;","lastModifiedDate":"2023-02-01"},{"lineNumber":10,"author":{"gitId":"waiter-palypoo"},"content":"    }","lastModifiedDate":"2023-02-01"},{"lineNumber":11,"author":{"gitId":"waiter-palypoo"},"content":"","lastModifiedDate":"2023-02-01"},{"lineNumber":12,"author":{"gitId":"waiter-palypoo"},"content":"    public String toString() {","lastModifiedDate":"2023-02-01"},{"lineNumber":13,"author":{"gitId":"waiter-palypoo"},"content":"        String mark;","lastModifiedDate":"2023-02-01"},{"lineNumber":14,"author":{"gitId":"waiter-palypoo"},"content":"        if (super.isDone()) {","lastModifiedDate":"2023-02-01"},{"lineNumber":15,"author":{"gitId":"waiter-palypoo"},"content":"            mark \u003d \"X\";","lastModifiedDate":"2023-02-01"},{"lineNumber":16,"author":{"gitId":"waiter-palypoo"},"content":"        }","lastModifiedDate":"2023-02-01"},{"lineNumber":17,"author":{"gitId":"waiter-palypoo"},"content":"        else {","lastModifiedDate":"2023-02-01"},{"lineNumber":18,"author":{"gitId":"waiter-palypoo"},"content":"            mark \u003d \" \";","lastModifiedDate":"2023-02-01"},{"lineNumber":19,"author":{"gitId":"waiter-palypoo"},"content":"        }","lastModifiedDate":"2023-02-01"},{"lineNumber":20,"author":{"gitId":"waiter-palypoo"},"content":"        return String.format(\"[D][%s] %s (by: %s)\", mark, super.getDescription(), by);","lastModifiedDate":"2023-02-01"},{"lineNumber":21,"author":{"gitId":"waiter-palypoo"},"content":"    }","lastModifiedDate":"2023-02-01"},{"lineNumber":22,"author":{"gitId":"waiter-palypoo"},"content":"}","lastModifiedDate":"2023-02-01"}],"authorContributionMap":{"waiter-palypoo":22}},{"path":"src/main/java/hina/task/Event.java","fileType":"java","lines":[{"lineNumber":1,"author":{"gitId":"waiter-palypoo"},"content":"package hina.task;","lastModifiedDate":"2023-02-14"},{"lineNumber":2,"author":{"gitId":"waiter-palypoo"},"content":"","lastModifiedDate":"2023-02-14"},{"lineNumber":3,"author":{"gitId":"waiter-palypoo"},"content":"import hina.task.Task;","lastModifiedDate":"2023-02-14"},{"lineNumber":4,"author":{"gitId":"waiter-palypoo"},"content":"","lastModifiedDate":"2023-02-14"},{"lineNumber":5,"author":{"gitId":"waiter-palypoo"},"content":"public class Event extends Task {","lastModifiedDate":"2023-02-01"},{"lineNumber":6,"author":{"gitId":"waiter-palypoo"},"content":"    private String from;","lastModifiedDate":"2023-02-01"},{"lineNumber":7,"author":{"gitId":"waiter-palypoo"},"content":"    private String to;","lastModifiedDate":"2023-02-01"},{"lineNumber":8,"author":{"gitId":"waiter-palypoo"},"content":"    public Event(String description, String from, String to) {","lastModifiedDate":"2023-02-01"},{"lineNumber":9,"author":{"gitId":"waiter-palypoo"},"content":"        super(description);","lastModifiedDate":"2023-02-01"},{"lineNumber":10,"author":{"gitId":"waiter-palypoo"},"content":"        this.from \u003d from;","lastModifiedDate":"2023-02-01"},{"lineNumber":11,"author":{"gitId":"waiter-palypoo"},"content":"        this.to \u003d to;","lastModifiedDate":"2023-02-01"},{"lineNumber":12,"author":{"gitId":"waiter-palypoo"},"content":"    }","lastModifiedDate":"2023-02-01"},{"lineNumber":13,"author":{"gitId":"waiter-palypoo"},"content":"","lastModifiedDate":"2023-02-01"},{"lineNumber":14,"author":{"gitId":"waiter-palypoo"},"content":"    public String toString() {","lastModifiedDate":"2023-02-01"},{"lineNumber":15,"author":{"gitId":"waiter-palypoo"},"content":"        String mark;","lastModifiedDate":"2023-02-01"},{"lineNumber":16,"author":{"gitId":"waiter-palypoo"},"content":"        if (super.isDone()) {","lastModifiedDate":"2023-02-01"},{"lineNumber":17,"author":{"gitId":"waiter-palypoo"},"content":"            mark \u003d \"X\";","lastModifiedDate":"2023-02-01"},{"lineNumber":18,"author":{"gitId":"waiter-palypoo"},"content":"        }","lastModifiedDate":"2023-02-01"},{"lineNumber":19,"author":{"gitId":"waiter-palypoo"},"content":"        else {","lastModifiedDate":"2023-02-01"},{"lineNumber":20,"author":{"gitId":"waiter-palypoo"},"content":"            mark \u003d \" \";","lastModifiedDate":"2023-02-01"},{"lineNumber":21,"author":{"gitId":"waiter-palypoo"},"content":"        }","lastModifiedDate":"2023-02-01"},{"lineNumber":22,"author":{"gitId":"waiter-palypoo"},"content":"        return String.format(\"[D][%s] %s(from: %s to: %s)\", mark, super.getDescription(), from, to);","lastModifiedDate":"2023-02-01"},{"lineNumber":23,"author":{"gitId":"waiter-palypoo"},"content":"    }","lastModifiedDate":"2023-02-01"},{"lineNumber":24,"author":{"gitId":"waiter-palypoo"},"content":"}","lastModifiedDate":"2023-02-01"}],"authorContributionMap":{"waiter-palypoo":24}},{"path":"src/main/java/hina/task/Task.java","fileType":"java","lines":[{"lineNumber":1,"author":{"gitId":"waiter-palypoo"},"content":"package hina.task;","lastModifiedDate":"2023-02-14"},{"lineNumber":2,"author":{"gitId":"waiter-palypoo"},"content":"","lastModifiedDate":"2023-02-14"},{"lineNumber":3,"author":{"gitId":"waiter-palypoo"},"content":"public class Task {","lastModifiedDate":"2023-02-01"},{"lineNumber":4,"author":{"gitId":"waiter-palypoo"},"content":"    private String description;","lastModifiedDate":"2023-02-01"},{"lineNumber":5,"author":{"gitId":"waiter-palypoo"},"content":"    private boolean isDone;","lastModifiedDate":"2023-02-01"},{"lineNumber":6,"author":{"gitId":"waiter-palypoo"},"content":"    public boolean isDone() {","lastModifiedDate":"2023-02-01"},{"lineNumber":7,"author":{"gitId":"waiter-palypoo"},"content":"        return isDone;","lastModifiedDate":"2023-02-01"},{"lineNumber":8,"author":{"gitId":"waiter-palypoo"},"content":"    }","lastModifiedDate":"2023-02-01"},{"lineNumber":9,"author":{"gitId":"waiter-palypoo"},"content":"","lastModifiedDate":"2023-02-01"},{"lineNumber":10,"author":{"gitId":"waiter-palypoo"},"content":"    public void setDone(boolean done) {","lastModifiedDate":"2023-02-01"},{"lineNumber":11,"author":{"gitId":"waiter-palypoo"},"content":"        isDone \u003d done;","lastModifiedDate":"2023-02-01"},{"lineNumber":12,"author":{"gitId":"waiter-palypoo"},"content":"    }","lastModifiedDate":"2023-02-01"},{"lineNumber":13,"author":{"gitId":"waiter-palypoo"},"content":"","lastModifiedDate":"2023-02-01"},{"lineNumber":14,"author":{"gitId":"waiter-palypoo"},"content":"    public Task(String description) {","lastModifiedDate":"2023-02-01"},{"lineNumber":15,"author":{"gitId":"waiter-palypoo"},"content":"        this.description \u003d description;","lastModifiedDate":"2023-02-01"},{"lineNumber":16,"author":{"gitId":"waiter-palypoo"},"content":"        isDone \u003d false;","lastModifiedDate":"2023-02-01"},{"lineNumber":17,"author":{"gitId":"waiter-palypoo"},"content":"    }","lastModifiedDate":"2023-02-01"},{"lineNumber":18,"author":{"gitId":"waiter-palypoo"},"content":"","lastModifiedDate":"2023-02-01"},{"lineNumber":19,"author":{"gitId":"waiter-palypoo"},"content":"    public String getDescription() {","lastModifiedDate":"2023-02-01"},{"lineNumber":20,"author":{"gitId":"waiter-palypoo"},"content":"        return description;","lastModifiedDate":"2023-02-01"},{"lineNumber":21,"author":{"gitId":"waiter-palypoo"},"content":"    }","lastModifiedDate":"2023-02-01"},{"lineNumber":22,"author":{"gitId":"waiter-palypoo"},"content":"","lastModifiedDate":"2023-02-01"},{"lineNumber":23,"author":{"gitId":"waiter-palypoo"},"content":"    public void setDescription(String description) {","lastModifiedDate":"2023-02-01"},{"lineNumber":24,"author":{"gitId":"waiter-palypoo"},"content":"        this.description \u003d description;","lastModifiedDate":"2023-02-01"},{"lineNumber":25,"author":{"gitId":"waiter-palypoo"},"content":"    }","lastModifiedDate":"2023-02-01"},{"lineNumber":26,"author":{"gitId":"waiter-palypoo"},"content":"","lastModifiedDate":"2023-02-01"},{"lineNumber":27,"author":{"gitId":"waiter-palypoo"},"content":"    public String toString() {","lastModifiedDate":"2023-02-01"},{"lineNumber":28,"author":{"gitId":"waiter-palypoo"},"content":"        String mark;","lastModifiedDate":"2023-02-01"},{"lineNumber":29,"author":{"gitId":"waiter-palypoo"},"content":"        if (isDone) {","lastModifiedDate":"2023-02-01"},{"lineNumber":30,"author":{"gitId":"waiter-palypoo"},"content":"            mark \u003d \"X\";","lastModifiedDate":"2023-02-01"},{"lineNumber":31,"author":{"gitId":"waiter-palypoo"},"content":"        }","lastModifiedDate":"2023-02-01"},{"lineNumber":32,"author":{"gitId":"waiter-palypoo"},"content":"        else {","lastModifiedDate":"2023-02-01"},{"lineNumber":33,"author":{"gitId":"waiter-palypoo"},"content":"            mark \u003d \" \";","lastModifiedDate":"2023-02-01"},{"lineNumber":34,"author":{"gitId":"waiter-palypoo"},"content":"        }","lastModifiedDate":"2023-02-01"},{"lineNumber":35,"author":{"gitId":"waiter-palypoo"},"content":"        return String.format(\"[T][%s] %s\", mark, description);","lastModifiedDate":"2023-02-01"},{"lineNumber":36,"author":{"gitId":"waiter-palypoo"},"content":"    }","lastModifiedDate":"2023-02-01"},{"lineNumber":37,"author":{"gitId":"waiter-palypoo"},"content":"}","lastModifiedDate":"2023-02-01"}],"authorContributionMap":{"waiter-palypoo":37}}]
