[{"path":"src/main/java/Deadline.java","fileType":"java","lines":[{"lineNumber":1,"author":{"gitId":"Zeno-Zr"},"content":"public class Deadline extends Task {","lastModifiedDate":"2023-01-29"},{"lineNumber":2,"author":{"gitId":"Zeno-Zr"},"content":"    String date;","lastModifiedDate":"2023-01-29"},{"lineNumber":3,"author":{"gitId":"Zeno-Zr"},"content":"    public Deadline(String description, int index, String date) {","lastModifiedDate":"2023-01-29"},{"lineNumber":4,"author":{"gitId":"Zeno-Zr"},"content":"        super(description, index, TypeOfTask.DEADLINE);","lastModifiedDate":"2023-01-29"},{"lineNumber":5,"author":{"gitId":"Zeno-Zr"},"content":"        this.date \u003d date;","lastModifiedDate":"2023-01-29"},{"lineNumber":6,"author":{"gitId":"Zeno-Zr"},"content":"    }","lastModifiedDate":"2023-01-29"},{"lineNumber":7,"author":{"gitId":"Zeno-Zr"},"content":"","lastModifiedDate":"2023-01-29"},{"lineNumber":8,"author":{"gitId":"Zeno-Zr"},"content":"    @Override","lastModifiedDate":"2023-01-29"},{"lineNumber":9,"author":{"gitId":"Zeno-Zr"},"content":"    public void printTask() {","lastModifiedDate":"2023-01-29"},{"lineNumber":10,"author":{"gitId":"Zeno-Zr"},"content":"        System.out.println((this.index + 1) +","lastModifiedDate":"2023-01-29"},{"lineNumber":11,"author":{"gitId":"Zeno-Zr"},"content":"                            \".[\" + this.getStatusForTypeOfTask() + \"]\" +","lastModifiedDate":"2023-01-29"},{"lineNumber":12,"author":{"gitId":"Zeno-Zr"},"content":"                            \"[\" + this.getStatusIcon() + \"] \" +","lastModifiedDate":"2023-01-29"},{"lineNumber":13,"author":{"gitId":"Zeno-Zr"},"content":"                            this.getDescription() +","lastModifiedDate":"2023-01-29"},{"lineNumber":14,"author":{"gitId":"Zeno-Zr"},"content":"                            \"(by: \" + this.date + \")\");","lastModifiedDate":"2023-01-29"},{"lineNumber":15,"author":{"gitId":"Zeno-Zr"},"content":"    }","lastModifiedDate":"2023-01-29"},{"lineNumber":16,"author":{"gitId":"Zeno-Zr"},"content":"","lastModifiedDate":"2023-01-29"},{"lineNumber":17,"author":{"gitId":"Zeno-Zr"},"content":"}","lastModifiedDate":"2023-01-29"}],"authorContributionMap":{"Zeno-Zr":17}},{"path":"src/main/java/Duke.java","fileType":"java","lines":[{"lineNumber":1,"author":{"gitId":"Zeno-Zr"},"content":"import java.util.ArrayList;","lastModifiedDate":"2023-01-28"},{"lineNumber":2,"author":{"gitId":"Zeno-Zr"},"content":"import java.util.Scanner;","lastModifiedDate":"2023-01-22"},{"lineNumber":3,"author":{"gitId":"-"},"content":"public class Duke {","lastModifiedDate":"2019-07-29"},{"lineNumber":4,"author":{"gitId":"Zeno-Zr"},"content":"    /** Language state of the program. */","lastModifiedDate":"2023-01-26"},{"lineNumber":5,"author":{"gitId":"Zeno-Zr"},"content":"    public static boolean isSinglish \u003d false;","lastModifiedDate":"2023-01-22"},{"lineNumber":6,"author":{"gitId":"Zeno-Zr"},"content":"    /** A fixed sized array to store all the tasks entered from the user. */","lastModifiedDate":"2023-01-26"},{"lineNumber":7,"author":{"gitId":"Zeno-Zr"},"content":"    public static ArrayList\u003cTask\u003e tasks \u003d new ArrayList\u003c\u003e();","lastModifiedDate":"2023-01-28"},{"lineNumber":8,"author":{"gitId":"Zeno-Zr"},"content":"","lastModifiedDate":"2023-01-22"},{"lineNumber":9,"author":{"gitId":"Zeno-Zr"},"content":"    /**","lastModifiedDate":"2023-01-26"},{"lineNumber":10,"author":{"gitId":"Zeno-Zr"},"content":"     * Toggles the language setting between normal and Singlish mode.","lastModifiedDate":"2023-01-26"},{"lineNumber":11,"author":{"gitId":"Zeno-Zr"},"content":"     * Prints to the output the changes made.","lastModifiedDate":"2023-01-26"},{"lineNumber":12,"author":{"gitId":"Zeno-Zr"},"content":"     */","lastModifiedDate":"2023-01-26"},{"lineNumber":13,"author":{"gitId":"Zeno-Zr"},"content":"    public static void changeLanguage() {","lastModifiedDate":"2023-01-22"},{"lineNumber":14,"author":{"gitId":"Zeno-Zr"},"content":"        if (isSinglish) {","lastModifiedDate":"2023-01-22"},{"lineNumber":15,"author":{"gitId":"Zeno-Zr"},"content":"            isSinglish \u003d false;","lastModifiedDate":"2023-01-22"},{"lineNumber":16,"author":{"gitId":"Zeno-Zr"},"content":"            System.out.println(\"You want Duke to help you instead? Can can I go call him now\");","lastModifiedDate":"2023-01-22"},{"lineNumber":17,"author":{"gitId":"Zeno-Zr"},"content":"            System.out.println(\"Singlish mode \u003d OFF\");","lastModifiedDate":"2023-01-22"},{"lineNumber":18,"author":{"gitId":"Zeno-Zr"},"content":"            sayHello();","lastModifiedDate":"2023-01-22"},{"lineNumber":19,"author":{"gitId":"Zeno-Zr"},"content":"        } else {","lastModifiedDate":"2023-01-22"},{"lineNumber":20,"author":{"gitId":"Zeno-Zr"},"content":"            isSinglish \u003d true;","lastModifiedDate":"2023-01-22"},{"lineNumber":21,"author":{"gitId":"Zeno-Zr"},"content":"            System.out.println(\"Changing language mode to Singlish...\");","lastModifiedDate":"2023-01-22"},{"lineNumber":22,"author":{"gitId":"Zeno-Zr"},"content":"            System.out.println(\"Singlish mode \u003d ON\");","lastModifiedDate":"2023-01-22"},{"lineNumber":23,"author":{"gitId":"Zeno-Zr"},"content":"            sayHello();","lastModifiedDate":"2023-01-22"},{"lineNumber":24,"author":{"gitId":"Zeno-Zr"},"content":"        }","lastModifiedDate":"2023-01-22"},{"lineNumber":25,"author":{"gitId":"Zeno-Zr"},"content":"    }","lastModifiedDate":"2023-01-22"},{"lineNumber":26,"author":{"gitId":"Zeno-Zr"},"content":"","lastModifiedDate":"2023-01-22"},{"lineNumber":27,"author":{"gitId":"Zeno-Zr"},"content":"    /**","lastModifiedDate":"2023-01-26"},{"lineNumber":28,"author":{"gitId":"Zeno-Zr"},"content":"     * Prints out horizontal lines for formatting.","lastModifiedDate":"2023-01-26"},{"lineNumber":29,"author":{"gitId":"Zeno-Zr"},"content":"     */","lastModifiedDate":"2023-01-26"},{"lineNumber":30,"author":{"gitId":"Zeno-Zr"},"content":"    public static void printHorizontalLines() {","lastModifiedDate":"2023-01-26"},{"lineNumber":31,"author":{"gitId":"Zeno-Zr"},"content":"        if (isSinglish) {","lastModifiedDate":"2023-01-22"},{"lineNumber":32,"author":{"gitId":"Zeno-Zr"},"content":"            System.out.println(\"************************************************************\");","lastModifiedDate":"2023-01-22"},{"lineNumber":33,"author":{"gitId":"Zeno-Zr"},"content":"        } else {","lastModifiedDate":"2023-01-22"},{"lineNumber":34,"author":{"gitId":"Zeno-Zr"},"content":"            System.out.println(\"____________________________________________________________\");","lastModifiedDate":"2023-01-17"},{"lineNumber":35,"author":{"gitId":"Zeno-Zr"},"content":"        }","lastModifiedDate":"2023-01-17"},{"lineNumber":36,"author":{"gitId":"Zeno-Zr"},"content":"    }","lastModifiedDate":"2023-01-22"},{"lineNumber":37,"author":{"gitId":"Zeno-Zr"},"content":"","lastModifiedDate":"2023-01-22"},{"lineNumber":38,"author":{"gitId":"Zeno-Zr"},"content":"    /**","lastModifiedDate":"2023-01-26"},{"lineNumber":39,"author":{"gitId":"Zeno-Zr"},"content":"     * Prints out the greeting message.","lastModifiedDate":"2023-01-26"},{"lineNumber":40,"author":{"gitId":"Zeno-Zr"},"content":"     */","lastModifiedDate":"2023-01-26"},{"lineNumber":41,"author":{"gitId":"Zeno-Zr"},"content":"    public static void sayHello() {","lastModifiedDate":"2023-01-24"},{"lineNumber":42,"author":{"gitId":"Zeno-Zr"},"content":"        printHorizontalLines();","lastModifiedDate":"2023-01-26"},{"lineNumber":43,"author":{"gitId":"Zeno-Zr"},"content":"        if (isSinglish) {","lastModifiedDate":"2023-01-24"},{"lineNumber":44,"author":{"gitId":"Zeno-Zr"},"content":"            System.out.println(\"Hello, my name is Uncle Simon, call me Simon can liao\");","lastModifiedDate":"2023-01-24"},{"lineNumber":45,"author":{"gitId":"Zeno-Zr"},"content":"            System.out.println(\"You need my help?\");","lastModifiedDate":"2023-01-24"},{"lineNumber":46,"author":{"gitId":"Zeno-Zr"},"content":"            System.out.println(\"(To turn off Singlish mode, type \\\"change lang\\\")\");","lastModifiedDate":"2023-01-24"},{"lineNumber":47,"author":{"gitId":"Zeno-Zr"},"content":"        } else {","lastModifiedDate":"2023-01-24"},{"lineNumber":48,"author":{"gitId":"Zeno-Zr"},"content":"            System.out.println(\"Hello, I\u0027m Duke.\");","lastModifiedDate":"2023-01-24"},{"lineNumber":49,"author":{"gitId":"Zeno-Zr"},"content":"            System.out.println(\"What can I do for you?\");","lastModifiedDate":"2023-01-24"},{"lineNumber":50,"author":{"gitId":"Zeno-Zr"},"content":"            System.out.println(\"(To turn on Singlish mode, type \\\"change lang\\\").\");","lastModifiedDate":"2023-01-24"},{"lineNumber":51,"author":{"gitId":"Zeno-Zr"},"content":"        }","lastModifiedDate":"2023-01-24"},{"lineNumber":52,"author":{"gitId":"Zeno-Zr"},"content":"        printHorizontalLines();","lastModifiedDate":"2023-01-26"},{"lineNumber":53,"author":{"gitId":"Zeno-Zr"},"content":"    }","lastModifiedDate":"2023-01-24"},{"lineNumber":54,"author":{"gitId":"Zeno-Zr"},"content":"","lastModifiedDate":"2023-01-24"},{"lineNumber":55,"author":{"gitId":"Zeno-Zr"},"content":"    /**","lastModifiedDate":"2023-01-26"},{"lineNumber":56,"author":{"gitId":"Zeno-Zr"},"content":"     * Prints out the farewell message.","lastModifiedDate":"2023-01-26"},{"lineNumber":57,"author":{"gitId":"Zeno-Zr"},"content":"     */","lastModifiedDate":"2023-01-26"},{"lineNumber":58,"author":{"gitId":"Zeno-Zr"},"content":"    public static void sayGoodbye() {","lastModifiedDate":"2023-01-22"},{"lineNumber":59,"author":{"gitId":"Zeno-Zr"},"content":"        if (isSinglish) {","lastModifiedDate":"2023-01-22"},{"lineNumber":60,"author":{"gitId":"Zeno-Zr"},"content":"            System.out.println(\"Ok bye bye, come back soon ah!\");","lastModifiedDate":"2023-01-22"},{"lineNumber":61,"author":{"gitId":"Zeno-Zr"},"content":"        } else {","lastModifiedDate":"2023-01-22"},{"lineNumber":62,"author":{"gitId":"Zeno-Zr"},"content":"            System.out.println(\"Bye. Hope to see you again soon!\");","lastModifiedDate":"2023-01-22"},{"lineNumber":63,"author":{"gitId":"Zeno-Zr"},"content":"        }","lastModifiedDate":"2023-01-22"},{"lineNumber":64,"author":{"gitId":"Zeno-Zr"},"content":"        printHorizontalLines();","lastModifiedDate":"2023-01-26"},{"lineNumber":65,"author":{"gitId":"Zeno-Zr"},"content":"    }","lastModifiedDate":"2023-01-22"},{"lineNumber":66,"author":{"gitId":"Zeno-Zr"},"content":"","lastModifiedDate":"2023-01-22"},{"lineNumber":67,"author":{"gitId":"Zeno-Zr"},"content":"    /**","lastModifiedDate":"2023-01-26"},{"lineNumber":68,"author":{"gitId":"Zeno-Zr"},"content":"     * Adds the entered task to the list of tasks.","lastModifiedDate":"2023-01-26"},{"lineNumber":69,"author":{"gitId":"Zeno-Zr"},"content":"     * if the list of tasks is full, informs the user that the task list is full and no new tasks can be added.","lastModifiedDate":"2023-01-26"},{"lineNumber":70,"author":{"gitId":"Zeno-Zr"},"content":"     *","lastModifiedDate":"2023-01-26"},{"lineNumber":71,"author":{"gitId":"Zeno-Zr"},"content":"     * @param line The task entered by the user.","lastModifiedDate":"2023-01-26"},{"lineNumber":72,"author":{"gitId":"Zeno-Zr"},"content":"     */","lastModifiedDate":"2023-01-26"},{"lineNumber":73,"author":{"gitId":"Zeno-Zr"},"content":"    public static void addToList(String line, TypeOfTask typeOfTask, String startDate, String endDate) {","lastModifiedDate":"2023-01-29"},{"lineNumber":74,"author":{"gitId":"Zeno-Zr"},"content":"        if (typeOfTask.equals(TypeOfTask.TODO)) {","lastModifiedDate":"2023-01-29"},{"lineNumber":75,"author":{"gitId":"Zeno-Zr"},"content":"            Todo item \u003d new Todo(line, tasks.size());","lastModifiedDate":"2023-01-29"},{"lineNumber":76,"author":{"gitId":"Zeno-Zr"},"content":"            tasks.add(item);","lastModifiedDate":"2023-01-28"},{"lineNumber":77,"author":{"gitId":"Zeno-Zr"},"content":"        } else if (typeOfTask.equals(TypeOfTask.DEADLINE)) {","lastModifiedDate":"2023-01-29"},{"lineNumber":78,"author":{"gitId":"Zeno-Zr"},"content":"            Deadline item \u003d new Deadline(line, tasks.size(), startDate);","lastModifiedDate":"2023-01-29"},{"lineNumber":79,"author":{"gitId":"Zeno-Zr"},"content":"            tasks.add(item);","lastModifiedDate":"2023-01-29"},{"lineNumber":80,"author":{"gitId":"Zeno-Zr"},"content":"        } else if (typeOfTask.equals(TypeOfTask.EVENT))  {","lastModifiedDate":"2023-01-29"},{"lineNumber":81,"author":{"gitId":"Zeno-Zr"},"content":"            Event item \u003d new Event(line, tasks.size(), startDate, endDate);","lastModifiedDate":"2023-01-29"},{"lineNumber":82,"author":{"gitId":"Zeno-Zr"},"content":"            tasks.add(item);","lastModifiedDate":"2023-01-29"},{"lineNumber":83,"author":{"gitId":"Zeno-Zr"},"content":"        }","lastModifiedDate":"2023-01-29"},{"lineNumber":84,"author":{"gitId":"Zeno-Zr"},"content":"        printHorizontalLines();","lastModifiedDate":"2023-01-26"},{"lineNumber":85,"author":{"gitId":"Zeno-Zr"},"content":"    }","lastModifiedDate":"2023-01-22"},{"lineNumber":86,"author":{"gitId":"Zeno-Zr"},"content":"","lastModifiedDate":"2023-01-22"},{"lineNumber":87,"author":{"gitId":"Zeno-Zr"},"content":"    /**","lastModifiedDate":"2023-01-29"},{"lineNumber":88,"author":{"gitId":"Zeno-Zr"},"content":"     * Prints out the task passed into it","lastModifiedDate":"2023-01-29"},{"lineNumber":89,"author":{"gitId":"Zeno-Zr"},"content":"     */","lastModifiedDate":"2023-01-29"},{"lineNumber":90,"author":{"gitId":"Zeno-Zr"},"content":"    public static void printTask(Task task) {","lastModifiedDate":"2023-01-29"},{"lineNumber":91,"author":{"gitId":"Zeno-Zr"},"content":"        task.printTask();","lastModifiedDate":"2023-01-29"},{"lineNumber":92,"author":{"gitId":"Zeno-Zr"},"content":"    }","lastModifiedDate":"2023-01-29"},{"lineNumber":93,"author":{"gitId":"Zeno-Zr"},"content":"","lastModifiedDate":"2023-01-29"},{"lineNumber":94,"author":{"gitId":"Zeno-Zr"},"content":"    /**","lastModifiedDate":"2023-01-26"},{"lineNumber":95,"author":{"gitId":"Zeno-Zr"},"content":"     * Prints out the entire list of tasks entered by the user.","lastModifiedDate":"2023-01-26"},{"lineNumber":96,"author":{"gitId":"Zeno-Zr"},"content":"     */","lastModifiedDate":"2023-01-26"},{"lineNumber":97,"author":{"gitId":"Zeno-Zr"},"content":"    public static void printList() {","lastModifiedDate":"2023-01-26"},{"lineNumber":98,"author":{"gitId":"Zeno-Zr"},"content":"        for (Task task : tasks) {","lastModifiedDate":"2023-01-28"},{"lineNumber":99,"author":{"gitId":"Zeno-Zr"},"content":"            printTask(task);","lastModifiedDate":"2023-01-29"},{"lineNumber":100,"author":{"gitId":"Zeno-Zr"},"content":"        }","lastModifiedDate":"2023-01-22"},{"lineNumber":101,"author":{"gitId":"Zeno-Zr"},"content":"        printHorizontalLines();","lastModifiedDate":"2023-01-26"},{"lineNumber":102,"author":{"gitId":"Zeno-Zr"},"content":"    }","lastModifiedDate":"2023-01-22"},{"lineNumber":103,"author":{"gitId":"Zeno-Zr"},"content":"","lastModifiedDate":"2023-01-24"},{"lineNumber":104,"author":{"gitId":"Zeno-Zr"},"content":"    /**","lastModifiedDate":"2023-01-28"},{"lineNumber":105,"author":{"gitId":"Zeno-Zr"},"content":"     * Prints out a message informing the user that it has typed a command with invalid syntax","lastModifiedDate":"2023-01-28"},{"lineNumber":106,"author":{"gitId":"Zeno-Zr"},"content":"     */","lastModifiedDate":"2023-01-28"},{"lineNumber":107,"author":{"gitId":"Zeno-Zr"},"content":"    public static void warnWrongSyntax() {","lastModifiedDate":"2023-01-28"},{"lineNumber":108,"author":{"gitId":"Zeno-Zr"},"content":"        if (isSinglish) {","lastModifiedDate":"2023-01-28"},{"lineNumber":109,"author":{"gitId":"Zeno-Zr"},"content":"            System.out.println(\"Eh you typed wrongly, can try typing again?\");","lastModifiedDate":"2023-01-28"},{"lineNumber":110,"author":{"gitId":"Zeno-Zr"},"content":"        } else {","lastModifiedDate":"2023-01-28"},{"lineNumber":111,"author":{"gitId":"Zeno-Zr"},"content":"            System.out.println(\"Invalid syntax, please try again\");","lastModifiedDate":"2023-01-28"},{"lineNumber":112,"author":{"gitId":"Zeno-Zr"},"content":"        }","lastModifiedDate":"2023-01-28"},{"lineNumber":113,"author":{"gitId":"Zeno-Zr"},"content":"    }","lastModifiedDate":"2023-01-28"},{"lineNumber":114,"author":{"gitId":"Zeno-Zr"},"content":"","lastModifiedDate":"2023-01-28"},{"lineNumber":115,"author":{"gitId":"Zeno-Zr"},"content":"    /**","lastModifiedDate":"2023-01-26"},{"lineNumber":116,"author":{"gitId":"Zeno-Zr"},"content":"     * Marks or Unmark the selected task whether it is done, prints out the selected task alongside its state.","lastModifiedDate":"2023-01-26"},{"lineNumber":117,"author":{"gitId":"Zeno-Zr"},"content":"     * If the user gives an invalid index, informs the user about it.","lastModifiedDate":"2023-01-26"},{"lineNumber":118,"author":{"gitId":"Zeno-Zr"},"content":"     * Does nothing if the user trys to mark a marked task and vice versa/","lastModifiedDate":"2023-01-26"},{"lineNumber":119,"author":{"gitId":"Zeno-Zr"},"content":"     *","lastModifiedDate":"2023-01-26"},{"lineNumber":120,"author":{"gitId":"Zeno-Zr"},"content":"     * @param index The index of the task selected to be marked or unmarked.","lastModifiedDate":"2023-01-26"},{"lineNumber":121,"author":{"gitId":"Zeno-Zr"},"content":"     * @param isMark Whether to mark or unmark the task.","lastModifiedDate":"2023-01-26"},{"lineNumber":122,"author":{"gitId":"Zeno-Zr"},"content":"     */","lastModifiedDate":"2023-01-26"},{"lineNumber":123,"author":{"gitId":"Zeno-Zr"},"content":"    public static void markTask(int index, boolean isMark) {","lastModifiedDate":"2023-01-24"},{"lineNumber":124,"author":{"gitId":"Zeno-Zr"},"content":"        index--;","lastModifiedDate":"2023-01-24"},{"lineNumber":125,"author":{"gitId":"Zeno-Zr"},"content":"        if (index \u003c 0 || index \u003e\u003d tasks.size()) {","lastModifiedDate":"2023-01-28"},{"lineNumber":126,"author":{"gitId":"Zeno-Zr"},"content":"            if (isSinglish) {","lastModifiedDate":"2023-01-24"},{"lineNumber":127,"author":{"gitId":"Zeno-Zr"},"content":"                System.out.println(\"Eh, your list dun have a task at that index lah\");","lastModifiedDate":"2023-01-24"},{"lineNumber":128,"author":{"gitId":"Zeno-Zr"},"content":"            } else {","lastModifiedDate":"2023-01-24"},{"lineNumber":129,"author":{"gitId":"Zeno-Zr"},"content":"                System.out.println((\"The list does not have a task of that index\"));","lastModifiedDate":"2023-01-24"},{"lineNumber":130,"author":{"gitId":"Zeno-Zr"},"content":"            }","lastModifiedDate":"2023-01-24"},{"lineNumber":131,"author":{"gitId":"Zeno-Zr"},"content":"        } else {","lastModifiedDate":"2023-01-24"},{"lineNumber":132,"author":{"gitId":"Zeno-Zr"},"content":"            if (tasks.get(index).getIsDone() !\u003d isMark) {","lastModifiedDate":"2023-01-28"},{"lineNumber":133,"author":{"gitId":"Zeno-Zr"},"content":"                tasks.get(index).switchIsDone();","lastModifiedDate":"2023-01-28"},{"lineNumber":134,"author":{"gitId":"Zeno-Zr"},"content":"            }","lastModifiedDate":"2023-01-24"},{"lineNumber":135,"author":{"gitId":"Zeno-Zr"},"content":"","lastModifiedDate":"2023-01-24"},{"lineNumber":136,"author":{"gitId":"Zeno-Zr"},"content":"            if (isSinglish) {","lastModifiedDate":"2023-01-24"},{"lineNumber":137,"author":{"gitId":"Zeno-Zr"},"content":"                System.out.println(\"Ok I updated it:\");","lastModifiedDate":"2023-01-24"},{"lineNumber":138,"author":{"gitId":"Zeno-Zr"},"content":"            } else {","lastModifiedDate":"2023-01-24"},{"lineNumber":139,"author":{"gitId":"Zeno-Zr"},"content":"                System.out.println(\"Updated the following task:\");","lastModifiedDate":"2023-01-24"},{"lineNumber":140,"author":{"gitId":"Zeno-Zr"},"content":"            }","lastModifiedDate":"2023-01-24"},{"lineNumber":141,"author":{"gitId":"Zeno-Zr"},"content":"            tasks.get(index).printTask();","lastModifiedDate":"2023-01-29"},{"lineNumber":142,"author":{"gitId":"Zeno-Zr"},"content":"        }","lastModifiedDate":"2023-01-24"},{"lineNumber":143,"author":{"gitId":"Zeno-Zr"},"content":"    }","lastModifiedDate":"2023-01-24"},{"lineNumber":144,"author":{"gitId":"Zeno-Zr"},"content":"","lastModifiedDate":"2023-01-24"},{"lineNumber":145,"author":{"gitId":"-"},"content":"    public static void main(String[] args) {","lastModifiedDate":"2023-01-22"},{"lineNumber":146,"author":{"gitId":"Zeno-Zr"},"content":"        sayHello();","lastModifiedDate":"2023-01-22"},{"lineNumber":147,"author":{"gitId":"Zeno-Zr"},"content":"","lastModifiedDate":"2023-01-22"},{"lineNumber":148,"author":{"gitId":"Zeno-Zr"},"content":"        while (true) {","lastModifiedDate":"2023-01-22"},{"lineNumber":149,"author":{"gitId":"Zeno-Zr"},"content":"            Scanner in \u003d new Scanner(System.in);","lastModifiedDate":"2023-01-22"},{"lineNumber":150,"author":{"gitId":"Zeno-Zr"},"content":"            String line \u003d in.nextLine();","lastModifiedDate":"2023-01-22"},{"lineNumber":151,"author":{"gitId":"Zeno-Zr"},"content":"","lastModifiedDate":"2023-01-22"},{"lineNumber":152,"author":{"gitId":"Zeno-Zr"},"content":"            String[] commands \u003d line.split(\" \");","lastModifiedDate":"2023-01-22"},{"lineNumber":153,"author":{"gitId":"Zeno-Zr"},"content":"            if (commands[0].equals(\"bye\")) {","lastModifiedDate":"2023-01-22"},{"lineNumber":154,"author":{"gitId":"Zeno-Zr"},"content":"                sayGoodbye();","lastModifiedDate":"2023-01-22"},{"lineNumber":155,"author":{"gitId":"Zeno-Zr"},"content":"                break;","lastModifiedDate":"2023-01-22"},{"lineNumber":156,"author":{"gitId":"Zeno-Zr"},"content":"            } else if (commands[0].equals(\"change\") \u0026\u0026 commands.length \u003d\u003d 2 \u0026\u0026 commands[1].equals(\"lang\")) {","lastModifiedDate":"2023-01-22"},{"lineNumber":157,"author":{"gitId":"Zeno-Zr"},"content":"                changeLanguage();","lastModifiedDate":"2023-01-22"},{"lineNumber":158,"author":{"gitId":"Zeno-Zr"},"content":"            } else if (commands[0].equals(\"list\") \u0026\u0026 commands.length \u003d\u003d 1) {","lastModifiedDate":"2023-01-22"},{"lineNumber":159,"author":{"gitId":"Zeno-Zr"},"content":"                printList();","lastModifiedDate":"2023-01-26"},{"lineNumber":160,"author":{"gitId":"Zeno-Zr"},"content":"            } else if ((commands[0].equals(\"mark\") || commands[0].equals(\"unmark\")) \u0026\u0026 commands.length \u003d\u003d 2) {","lastModifiedDate":"2023-01-24"},{"lineNumber":161,"author":{"gitId":"Zeno-Zr"},"content":"                if (commands[1].matches(\"\\\\d+?\")) {","lastModifiedDate":"2023-01-24"},{"lineNumber":162,"author":{"gitId":"Zeno-Zr"},"content":"                    boolean isMark \u003d commands[0].equals(\"mark\");","lastModifiedDate":"2023-01-24"},{"lineNumber":163,"author":{"gitId":"Zeno-Zr"},"content":"                    markTask(Integer.parseInt(commands[1]), isMark);","lastModifiedDate":"2023-01-24"},{"lineNumber":164,"author":{"gitId":"Zeno-Zr"},"content":"                } else {","lastModifiedDate":"2023-01-22"},{"lineNumber":165,"author":{"gitId":"Zeno-Zr"},"content":"                    warnWrongSyntax();","lastModifiedDate":"2023-01-26"},{"lineNumber":166,"author":{"gitId":"Zeno-Zr"},"content":"                }","lastModifiedDate":"2023-01-22"},{"lineNumber":167,"author":{"gitId":"Zeno-Zr"},"content":"            } else if (commands[0].equals(\"todo\") ) {","lastModifiedDate":"2023-01-29"},{"lineNumber":168,"author":{"gitId":"Zeno-Zr"},"content":"                // 6 for \"deadline \" length","lastModifiedDate":"2023-01-29"},{"lineNumber":169,"author":{"gitId":"Zeno-Zr"},"content":"                String desc \u003d line.substring(6, line.length());","lastModifiedDate":"2023-01-29"},{"lineNumber":170,"author":{"gitId":"Zeno-Zr"},"content":"                addToList(desc, TypeOfTask.TODO, null, null);","lastModifiedDate":"2023-01-29"},{"lineNumber":171,"author":{"gitId":"Zeno-Zr"},"content":"            } else if (commands[0].equals(\"deadline\") ) {","lastModifiedDate":"2023-01-29"},{"lineNumber":172,"author":{"gitId":"Zeno-Zr"},"content":"                int indexOfDate \u003d line.indexOf(\"/by\");","lastModifiedDate":"2023-01-29"},{"lineNumber":173,"author":{"gitId":"Zeno-Zr"},"content":"                if (indexOfDate \u003d\u003d -1) {","lastModifiedDate":"2023-01-29"},{"lineNumber":174,"author":{"gitId":"Zeno-Zr"},"content":"                    warnWrongSyntax();","lastModifiedDate":"2023-01-29"},{"lineNumber":175,"author":{"gitId":"Zeno-Zr"},"content":"                } else {","lastModifiedDate":"2023-01-29"},{"lineNumber":176,"author":{"gitId":"Zeno-Zr"},"content":"                    // +4 for \"/by \" length","lastModifiedDate":"2023-01-29"},{"lineNumber":177,"author":{"gitId":"Zeno-Zr"},"content":"                    String startOfDate \u003d line.substring(indexOfDate + 4, line.length());","lastModifiedDate":"2023-01-29"},{"lineNumber":178,"author":{"gitId":"Zeno-Zr"},"content":"                    // 10 for \"deadline \" length","lastModifiedDate":"2023-01-29"},{"lineNumber":179,"author":{"gitId":"Zeno-Zr"},"content":"                    String descOfTask \u003d line.substring(10, indexOfDate);","lastModifiedDate":"2023-01-29"},{"lineNumber":180,"author":{"gitId":"Zeno-Zr"},"content":"                    addToList(descOfTask, TypeOfTask.DEADLINE, startOfDate, null);","lastModifiedDate":"2023-01-29"},{"lineNumber":181,"author":{"gitId":"Zeno-Zr"},"content":"                }","lastModifiedDate":"2023-01-29"},{"lineNumber":182,"author":{"gitId":"Zeno-Zr"},"content":"            } else if (commands[0].equals(\"event\") ) {","lastModifiedDate":"2023-01-29"},{"lineNumber":183,"author":{"gitId":"Zeno-Zr"},"content":"                int indexOfStartDate \u003d line.indexOf(\"/from\");","lastModifiedDate":"2023-01-29"},{"lineNumber":184,"author":{"gitId":"Zeno-Zr"},"content":"                int indexOfEndDate \u003d line.indexOf(\"/to\");","lastModifiedDate":"2023-01-29"},{"lineNumber":185,"author":{"gitId":"Zeno-Zr"},"content":"                if (indexOfStartDate \u003d\u003d -1 || indexOfEndDate \u003d\u003d -1) {","lastModifiedDate":"2023-01-29"},{"lineNumber":186,"author":{"gitId":"Zeno-Zr"},"content":"                    warnWrongSyntax();","lastModifiedDate":"2023-01-29"},{"lineNumber":187,"author":{"gitId":"Zeno-Zr"},"content":"                } else {","lastModifiedDate":"2023-01-29"},{"lineNumber":188,"author":{"gitId":"Zeno-Zr"},"content":"                    // +6 for \"/from \" length","lastModifiedDate":"2023-01-29"},{"lineNumber":189,"author":{"gitId":"Zeno-Zr"},"content":"                    String startOfDate \u003d line.substring(indexOfStartDate + 6, indexOfEndDate);","lastModifiedDate":"2023-01-29"},{"lineNumber":190,"author":{"gitId":"Zeno-Zr"},"content":"                    // +5 for \"/to ? length","lastModifiedDate":"2023-01-29"},{"lineNumber":191,"author":{"gitId":"Zeno-Zr"},"content":"                    String endOfDate \u003d line.substring(indexOfEndDate + 4);","lastModifiedDate":"2023-01-29"},{"lineNumber":192,"author":{"gitId":"Zeno-Zr"},"content":"                    // 7 for \"event \" length","lastModifiedDate":"2023-01-29"},{"lineNumber":193,"author":{"gitId":"Zeno-Zr"},"content":"                    String descOfTask \u003d line.substring(7, indexOfStartDate);","lastModifiedDate":"2023-01-29"},{"lineNumber":194,"author":{"gitId":"Zeno-Zr"},"content":"                    addToList(descOfTask, TypeOfTask.EVENT, startOfDate, endOfDate);","lastModifiedDate":"2023-01-29"},{"lineNumber":195,"author":{"gitId":"Zeno-Zr"},"content":"                }","lastModifiedDate":"2023-01-29"},{"lineNumber":196,"author":{"gitId":"Zeno-Zr"},"content":"            } else {","lastModifiedDate":"2023-01-29"},{"lineNumber":197,"author":{"gitId":"Zeno-Zr"},"content":"                warnWrongSyntax();","lastModifiedDate":"2023-01-29"},{"lineNumber":198,"author":{"gitId":"Zeno-Zr"},"content":"            }","lastModifiedDate":"2023-01-22"},{"lineNumber":199,"author":{"gitId":"Zeno-Zr"},"content":"        }","lastModifiedDate":"2023-01-22"},{"lineNumber":200,"author":{"gitId":"-"},"content":"    }","lastModifiedDate":"2019-07-29"},{"lineNumber":201,"author":{"gitId":"-"},"content":"}","lastModifiedDate":"2019-07-29"}],"authorContributionMap":{"Zeno-Zr":197,"-":4}},{"path":"src/main/java/Event.java","fileType":"java","lines":[{"lineNumber":1,"author":{"gitId":"Zeno-Zr"},"content":"public class Event extends Task{","lastModifiedDate":"2023-01-29"},{"lineNumber":2,"author":{"gitId":"Zeno-Zr"},"content":"    String startDate;","lastModifiedDate":"2023-01-29"},{"lineNumber":3,"author":{"gitId":"Zeno-Zr"},"content":"    String endDate;","lastModifiedDate":"2023-01-29"},{"lineNumber":4,"author":{"gitId":"Zeno-Zr"},"content":"    public Event(String description, int index, String startDate, String endDate) {","lastModifiedDate":"2023-01-29"},{"lineNumber":5,"author":{"gitId":"Zeno-Zr"},"content":"        super(description, index, TypeOfTask.EVENT);","lastModifiedDate":"2023-01-29"},{"lineNumber":6,"author":{"gitId":"Zeno-Zr"},"content":"        this.startDate \u003d startDate;","lastModifiedDate":"2023-01-29"},{"lineNumber":7,"author":{"gitId":"Zeno-Zr"},"content":"        this.endDate \u003d endDate;","lastModifiedDate":"2023-01-29"},{"lineNumber":8,"author":{"gitId":"Zeno-Zr"},"content":"    }","lastModifiedDate":"2023-01-29"},{"lineNumber":9,"author":{"gitId":"Zeno-Zr"},"content":"","lastModifiedDate":"2023-01-29"},{"lineNumber":10,"author":{"gitId":"Zeno-Zr"},"content":"    @Override","lastModifiedDate":"2023-01-29"},{"lineNumber":11,"author":{"gitId":"Zeno-Zr"},"content":"    public void printTask() {","lastModifiedDate":"2023-01-29"},{"lineNumber":12,"author":{"gitId":"Zeno-Zr"},"content":"        System.out.println((this.index + 1) +","lastModifiedDate":"2023-01-29"},{"lineNumber":13,"author":{"gitId":"Zeno-Zr"},"content":"                            \".[\" + this.getStatusForTypeOfTask() + \"]\" +","lastModifiedDate":"2023-01-29"},{"lineNumber":14,"author":{"gitId":"Zeno-Zr"},"content":"                            \"[\" + this.getStatusIcon() + \"] \" +","lastModifiedDate":"2023-01-29"},{"lineNumber":15,"author":{"gitId":"Zeno-Zr"},"content":"                            this.getDescription() +","lastModifiedDate":"2023-01-29"},{"lineNumber":16,"author":{"gitId":"Zeno-Zr"},"content":"                            \"(from: \" + this.startDate + \"to: \" + this.endDate + \")\");","lastModifiedDate":"2023-01-29"},{"lineNumber":17,"author":{"gitId":"Zeno-Zr"},"content":"    }","lastModifiedDate":"2023-01-29"},{"lineNumber":18,"author":{"gitId":"Zeno-Zr"},"content":"","lastModifiedDate":"2023-01-29"},{"lineNumber":19,"author":{"gitId":"Zeno-Zr"},"content":"}","lastModifiedDate":"2023-01-29"}],"authorContributionMap":{"Zeno-Zr":19}},{"path":"src/main/java/Task.java","fileType":"java","lines":[{"lineNumber":1,"author":{"gitId":"Zeno-Zr"},"content":"public class Task {","lastModifiedDate":"2023-01-24"},{"lineNumber":2,"author":{"gitId":"Zeno-Zr"},"content":"    /** The description of the task entered by the user. */","lastModifiedDate":"2023-01-26"},{"lineNumber":3,"author":{"gitId":"Zeno-Zr"},"content":"    protected String description;","lastModifiedDate":"2023-01-24"},{"lineNumber":4,"author":{"gitId":"Zeno-Zr"},"content":"    /** The state of the task, whether it is done or not. */","lastModifiedDate":"2023-01-26"},{"lineNumber":5,"author":{"gitId":"Zeno-Zr"},"content":"    protected boolean isDone;","lastModifiedDate":"2023-01-24"},{"lineNumber":6,"author":{"gitId":"Zeno-Zr"},"content":"    /** The index of the task in the list */","lastModifiedDate":"2023-01-28"},{"lineNumber":7,"author":{"gitId":"Zeno-Zr"},"content":"    protected int index;","lastModifiedDate":"2023-01-28"},{"lineNumber":8,"author":{"gitId":"Zeno-Zr"},"content":"    /** The type of task the following task is","lastModifiedDate":"2023-01-29"},{"lineNumber":9,"author":{"gitId":"Zeno-Zr"},"content":"     * Possible values: TODO, DEADLINE, EVENT","lastModifiedDate":"2023-01-29"},{"lineNumber":10,"author":{"gitId":"Zeno-Zr"},"content":"     * */","lastModifiedDate":"2023-01-29"},{"lineNumber":11,"author":{"gitId":"Zeno-Zr"},"content":"    protected TypeOfTask typeOfTask;","lastModifiedDate":"2023-01-29"},{"lineNumber":12,"author":{"gitId":"Zeno-Zr"},"content":"","lastModifiedDate":"2023-01-24"},{"lineNumber":13,"author":{"gitId":"Zeno-Zr"},"content":"    public Task(String description, int index, TypeOfTask typeOfTask) {","lastModifiedDate":"2023-01-29"},{"lineNumber":14,"author":{"gitId":"Zeno-Zr"},"content":"        this.description \u003d description;","lastModifiedDate":"2023-01-24"},{"lineNumber":15,"author":{"gitId":"Zeno-Zr"},"content":"        this.index \u003d index;","lastModifiedDate":"2023-01-28"},{"lineNumber":16,"author":{"gitId":"Zeno-Zr"},"content":"        this.isDone \u003d false;","lastModifiedDate":"2023-01-24"},{"lineNumber":17,"author":{"gitId":"Zeno-Zr"},"content":"        this.typeOfTask \u003d typeOfTask;","lastModifiedDate":"2023-01-29"},{"lineNumber":18,"author":{"gitId":"Zeno-Zr"},"content":"    }","lastModifiedDate":"2023-01-24"},{"lineNumber":19,"author":{"gitId":"Zeno-Zr"},"content":"","lastModifiedDate":"2023-01-26"},{"lineNumber":20,"author":{"gitId":"Zeno-Zr"},"content":"    /**","lastModifiedDate":"2023-01-26"},{"lineNumber":21,"author":{"gitId":"Zeno-Zr"},"content":"     * Returns the symbol to be printed depends on whether the task is marked as done or not.","lastModifiedDate":"2023-01-26"},{"lineNumber":22,"author":{"gitId":"Zeno-Zr"},"content":"     * @return The symbol whether the task is done or not.","lastModifiedDate":"2023-01-26"},{"lineNumber":23,"author":{"gitId":"Zeno-Zr"},"content":"     */","lastModifiedDate":"2023-01-26"},{"lineNumber":24,"author":{"gitId":"Zeno-Zr"},"content":"    public String getStatusIcon() {","lastModifiedDate":"2023-01-24"},{"lineNumber":25,"author":{"gitId":"Zeno-Zr"},"content":"        return (isDone ? \"X\" : \" \"); // mark done task with X","lastModifiedDate":"2023-01-24"},{"lineNumber":26,"author":{"gitId":"Zeno-Zr"},"content":"    }","lastModifiedDate":"2023-01-24"},{"lineNumber":27,"author":{"gitId":"Zeno-Zr"},"content":"","lastModifiedDate":"2023-01-26"},{"lineNumber":28,"author":{"gitId":"Zeno-Zr"},"content":"    /**","lastModifiedDate":"2023-01-26"},{"lineNumber":29,"author":{"gitId":"Zeno-Zr"},"content":"     * Returns the state of the task: whether is it done or not.","lastModifiedDate":"2023-01-26"},{"lineNumber":30,"author":{"gitId":"Zeno-Zr"},"content":"     * @return isDone The state of the task.","lastModifiedDate":"2023-01-26"},{"lineNumber":31,"author":{"gitId":"Zeno-Zr"},"content":"     */","lastModifiedDate":"2023-01-26"},{"lineNumber":32,"author":{"gitId":"Zeno-Zr"},"content":"    public boolean getIsDone() {","lastModifiedDate":"2023-01-24"},{"lineNumber":33,"author":{"gitId":"Zeno-Zr"},"content":"        return isDone;","lastModifiedDate":"2023-01-24"},{"lineNumber":34,"author":{"gitId":"Zeno-Zr"},"content":"    }","lastModifiedDate":"2023-01-24"},{"lineNumber":35,"author":{"gitId":"Zeno-Zr"},"content":"","lastModifiedDate":"2023-01-24"},{"lineNumber":36,"author":{"gitId":"Zeno-Zr"},"content":"    /**","lastModifiedDate":"2023-01-26"},{"lineNumber":37,"author":{"gitId":"Zeno-Zr"},"content":"     * Toggles the state of the task between done and not done.","lastModifiedDate":"2023-01-26"},{"lineNumber":38,"author":{"gitId":"Zeno-Zr"},"content":"     */","lastModifiedDate":"2023-01-26"},{"lineNumber":39,"author":{"gitId":"Zeno-Zr"},"content":"    public void switchIsDone() {","lastModifiedDate":"2023-01-24"},{"lineNumber":40,"author":{"gitId":"Zeno-Zr"},"content":"        isDone \u003d !isDone;","lastModifiedDate":"2023-01-24"},{"lineNumber":41,"author":{"gitId":"Zeno-Zr"},"content":"    }","lastModifiedDate":"2023-01-24"},{"lineNumber":42,"author":{"gitId":"Zeno-Zr"},"content":"","lastModifiedDate":"2023-01-24"},{"lineNumber":43,"author":{"gitId":"Zeno-Zr"},"content":"    /**","lastModifiedDate":"2023-01-26"},{"lineNumber":44,"author":{"gitId":"Zeno-Zr"},"content":"     * Returns the description of the task that the user entered.","lastModifiedDate":"2023-01-26"},{"lineNumber":45,"author":{"gitId":"Zeno-Zr"},"content":"     * @return description The description of the task.","lastModifiedDate":"2023-01-26"},{"lineNumber":46,"author":{"gitId":"Zeno-Zr"},"content":"     */","lastModifiedDate":"2023-01-26"},{"lineNumber":47,"author":{"gitId":"Zeno-Zr"},"content":"    public String getDescription() {","lastModifiedDate":"2023-01-24"},{"lineNumber":48,"author":{"gitId":"Zeno-Zr"},"content":"        return description;","lastModifiedDate":"2023-01-24"},{"lineNumber":49,"author":{"gitId":"Zeno-Zr"},"content":"    }","lastModifiedDate":"2023-01-24"},{"lineNumber":50,"author":{"gitId":"Zeno-Zr"},"content":"","lastModifiedDate":"2023-01-29"},{"lineNumber":51,"author":{"gitId":"Zeno-Zr"},"content":"    /**","lastModifiedDate":"2023-01-29"},{"lineNumber":52,"author":{"gitId":"Zeno-Zr"},"content":"     * Returns the index of the task in the list","lastModifiedDate":"2023-01-29"},{"lineNumber":53,"author":{"gitId":"Zeno-Zr"},"content":"     * @return index","lastModifiedDate":"2023-01-29"},{"lineNumber":54,"author":{"gitId":"Zeno-Zr"},"content":"     */","lastModifiedDate":"2023-01-29"},{"lineNumber":55,"author":{"gitId":"Zeno-Zr"},"content":"    public int getIndex() {","lastModifiedDate":"2023-01-29"},{"lineNumber":56,"author":{"gitId":"Zeno-Zr"},"content":"        return index;","lastModifiedDate":"2023-01-29"},{"lineNumber":57,"author":{"gitId":"Zeno-Zr"},"content":"    }","lastModifiedDate":"2023-01-29"},{"lineNumber":58,"author":{"gitId":"Zeno-Zr"},"content":"","lastModifiedDate":"2023-01-29"},{"lineNumber":59,"author":{"gitId":"Zeno-Zr"},"content":"    /**","lastModifiedDate":"2023-01-29"},{"lineNumber":60,"author":{"gitId":"Zeno-Zr"},"content":"     * Returns the type of task","lastModifiedDate":"2023-01-29"},{"lineNumber":61,"author":{"gitId":"Zeno-Zr"},"content":"     * @return typeOfTask","lastModifiedDate":"2023-01-29"},{"lineNumber":62,"author":{"gitId":"Zeno-Zr"},"content":"     */","lastModifiedDate":"2023-01-29"},{"lineNumber":63,"author":{"gitId":"Zeno-Zr"},"content":"    public TypeOfTask getTypeOfTask() {","lastModifiedDate":"2023-01-29"},{"lineNumber":64,"author":{"gitId":"Zeno-Zr"},"content":"        return typeOfTask;","lastModifiedDate":"2023-01-29"},{"lineNumber":65,"author":{"gitId":"Zeno-Zr"},"content":"    }","lastModifiedDate":"2023-01-29"},{"lineNumber":66,"author":{"gitId":"Zeno-Zr"},"content":"","lastModifiedDate":"2023-01-29"},{"lineNumber":67,"author":{"gitId":"Zeno-Zr"},"content":"    /** Returns the symbol to be printed based on the type of task","lastModifiedDate":"2023-01-29"},{"lineNumber":68,"author":{"gitId":"Zeno-Zr"},"content":"     * @return The symbol depending on whether it\u0027s a TODO, DEADLINE, or EVENT task","lastModifiedDate":"2023-01-29"},{"lineNumber":69,"author":{"gitId":"Zeno-Zr"},"content":"     */","lastModifiedDate":"2023-01-29"},{"lineNumber":70,"author":{"gitId":"Zeno-Zr"},"content":"    public String getStatusForTypeOfTask() {","lastModifiedDate":"2023-01-29"},{"lineNumber":71,"author":{"gitId":"Zeno-Zr"},"content":"        if (typeOfTask.equals(TypeOfTask.TODO)) {","lastModifiedDate":"2023-01-29"},{"lineNumber":72,"author":{"gitId":"Zeno-Zr"},"content":"            return \"T\";","lastModifiedDate":"2023-01-29"},{"lineNumber":73,"author":{"gitId":"Zeno-Zr"},"content":"        } else if (typeOfTask.equals(TypeOfTask.DEADLINE)) {","lastModifiedDate":"2023-01-29"},{"lineNumber":74,"author":{"gitId":"Zeno-Zr"},"content":"            return \"D\";","lastModifiedDate":"2023-01-29"},{"lineNumber":75,"author":{"gitId":"Zeno-Zr"},"content":"        } else if (typeOfTask.equals(TypeOfTask.EVENT)) {","lastModifiedDate":"2023-01-29"},{"lineNumber":76,"author":{"gitId":"Zeno-Zr"},"content":"            return \"E\";","lastModifiedDate":"2023-01-29"},{"lineNumber":77,"author":{"gitId":"Zeno-Zr"},"content":"        }","lastModifiedDate":"2023-01-29"},{"lineNumber":78,"author":{"gitId":"Zeno-Zr"},"content":"        return \"ERROR\";","lastModifiedDate":"2023-01-29"},{"lineNumber":79,"author":{"gitId":"Zeno-Zr"},"content":"    }","lastModifiedDate":"2023-01-29"},{"lineNumber":80,"author":{"gitId":"Zeno-Zr"},"content":"","lastModifiedDate":"2023-01-29"},{"lineNumber":81,"author":{"gitId":"Zeno-Zr"},"content":"    public void printTask() {","lastModifiedDate":"2023-01-29"},{"lineNumber":82,"author":{"gitId":"Zeno-Zr"},"content":"        System.out.println((this.index + 1) +","lastModifiedDate":"2023-01-29"},{"lineNumber":83,"author":{"gitId":"Zeno-Zr"},"content":"                            \".[\" + this.getStatusForTypeOfTask() + \"]\" +","lastModifiedDate":"2023-01-29"},{"lineNumber":84,"author":{"gitId":"Zeno-Zr"},"content":"                            \"[\" + this.getStatusIcon() + \"] \" +","lastModifiedDate":"2023-01-29"},{"lineNumber":85,"author":{"gitId":"Zeno-Zr"},"content":"                            this.getDescription());","lastModifiedDate":"2023-01-29"},{"lineNumber":86,"author":{"gitId":"Zeno-Zr"},"content":"    }","lastModifiedDate":"2023-01-29"},{"lineNumber":87,"author":{"gitId":"Zeno-Zr"},"content":"","lastModifiedDate":"2023-01-29"},{"lineNumber":88,"author":{"gitId":"Zeno-Zr"},"content":"}","lastModifiedDate":"2023-01-24"},{"lineNumber":89,"author":{"gitId":"Zeno-Zr"},"content":"","lastModifiedDate":"2023-01-24"}],"authorContributionMap":{"Zeno-Zr":89}},{"path":"src/main/java/Todo.java","fileType":"java","lines":[{"lineNumber":1,"author":{"gitId":"Zeno-Zr"},"content":"public class Todo extends Task {","lastModifiedDate":"2023-01-29"},{"lineNumber":2,"author":{"gitId":"Zeno-Zr"},"content":"    public Todo(String description, int index) {","lastModifiedDate":"2023-01-29"},{"lineNumber":3,"author":{"gitId":"Zeno-Zr"},"content":"        super(description, index, TypeOfTask.TODO);","lastModifiedDate":"2023-01-29"},{"lineNumber":4,"author":{"gitId":"Zeno-Zr"},"content":"    }","lastModifiedDate":"2023-01-29"},{"lineNumber":5,"author":{"gitId":"Zeno-Zr"},"content":"}","lastModifiedDate":"2023-01-29"}],"authorContributionMap":{"Zeno-Zr":5}},{"path":"src/main/java/TypeOfTask.java","fileType":"java","lines":[{"lineNumber":1,"author":{"gitId":"Zeno-Zr"},"content":"public enum TypeOfTask {","lastModifiedDate":"2023-01-29"},{"lineNumber":2,"author":{"gitId":"Zeno-Zr"},"content":"    TODO, DEADLINE, EVENT","lastModifiedDate":"2023-01-29"},{"lineNumber":3,"author":{"gitId":"Zeno-Zr"},"content":"}","lastModifiedDate":"2023-01-29"}],"authorContributionMap":{"Zeno-Zr":3}},{"path":"text-ui-test/runtest.bat","fileType":"bat","lines":[{"lineNumber":1,"author":{"gitId":"-"},"content":"@ECHO OFF","lastModifiedDate":"2020-05-25"},{"lineNumber":2,"author":{"gitId":"-"},"content":"","lastModifiedDate":"2020-05-25"},{"lineNumber":3,"author":{"gitId":"-"},"content":"REM create bin directory if it doesn\u0027t exist","lastModifiedDate":"2020-05-25"},{"lineNumber":4,"author":{"gitId":"-"},"content":"if not exist ..\\bin mkdir ..\\bin","lastModifiedDate":"2020-05-25"},{"lineNumber":5,"author":{"gitId":"-"},"content":"","lastModifiedDate":"2020-05-25"},{"lineNumber":6,"author":{"gitId":"-"},"content":"REM delete output from previous run","lastModifiedDate":"2020-05-25"},{"lineNumber":7,"author":{"gitId":"Zeno-Zr"},"content":"del ACTUAL.TXT","lastModifiedDate":"2023-01-29"},{"lineNumber":8,"author":{"gitId":"-"},"content":"","lastModifiedDate":"2020-05-25"},{"lineNumber":9,"author":{"gitId":"-"},"content":"REM compile the code into the bin folder","lastModifiedDate":"2020-05-25"},{"lineNumber":10,"author":{"gitId":"Zeno-Zr"},"content":"javac  -cp ..\\src\\Duke\\java -Xlint:none -d ..\\bin ..\\src\\Duke\\java\\*.java","lastModifiedDate":"2023-01-29"},{"lineNumber":11,"author":{"gitId":"-"},"content":"IF ERRORLEVEL 1 (","lastModifiedDate":"2020-05-25"},{"lineNumber":12,"author":{"gitId":"-"},"content":"    echo ********** BUILD FAILURE **********","lastModifiedDate":"2020-05-25"},{"lineNumber":13,"author":{"gitId":"-"},"content":"    exit /b 1","lastModifiedDate":"2020-05-25"},{"lineNumber":14,"author":{"gitId":"-"},"content":")","lastModifiedDate":"2020-05-25"},{"lineNumber":15,"author":{"gitId":"-"},"content":"REM no error here, errorlevel \u003d\u003d 0","lastModifiedDate":"2020-05-25"},{"lineNumber":16,"author":{"gitId":"-"},"content":"","lastModifiedDate":"2020-05-25"},{"lineNumber":17,"author":{"gitId":"-"},"content":"REM run the program, feed commands from input.txt file and redirect the output to the ACTUAL.TXT","lastModifiedDate":"2020-05-25"},{"lineNumber":18,"author":{"gitId":"-"},"content":"java -classpath ..\\bin Duke \u003c input.txt \u003e ACTUAL.TXT","lastModifiedDate":"2020-05-25"},{"lineNumber":19,"author":{"gitId":"-"},"content":"","lastModifiedDate":"2020-05-25"},{"lineNumber":20,"author":{"gitId":"-"},"content":"REM compare the output to the expected output","lastModifiedDate":"2020-05-25"},{"lineNumber":21,"author":{"gitId":"-"},"content":"FC ACTUAL.TXT EXPECTED.TXT","lastModifiedDate":"2020-05-25"}],"authorContributionMap":{"Zeno-Zr":2,"-":19}}]
