{"authorDailyContributionsMap":{"EthanYidong":[{"date":"2023-01-22","commitResults":[{"hash":"c9aa4f9f4bc96accb55c0f3c8096c36d3478313f","messageTitle":"Add greeting and exit messages","messageBody":"","tags":["Level-0"],"fileTypesAndContributionMap":{"java":{"insertions":7,"deletions":0}}},{"hash":"5772d48d4afcde4c0356aa1c3dddd58bae852c25","messageTitle":"Extract message formatting to functions","messageBody":"","fileTypesAndContributionMap":{"java":{"insertions":31,"deletions":7}}},{"hash":"dcf6305651a72adeddcfc990046ae2df46de5fcd","messageTitle":"Extract print formatting to BunnySession class Rename bot to Bunny","messageBody":"","fileTypesAndContributionMap":{"java":{"insertions":26,"deletions":41},"bat":{"insertions":1,"deletions":1},"md":{"insertions":2,"deletions":2}}},{"hash":"98b34d5e78cba254841f02160933e3a445180d5f","messageTitle":"Implement user command echoing","messageBody":"Wrote a basic REPL which takes input and prints it out\nScans for input equalling “bye” to signal a quit\n","tags":["Level-1"],"fileTypesAndContributionMap":{"java":{"insertions":14,"deletions":1}}},{"hash":"643d8117819b35ec8f700b8975859112553ac0a1","messageTitle":"Implement adding and printing to a list of items","messageBody":"Created a Todo class to encapsulate the data of a Todo element\nBunnySession stores an ArrayList of Todos\nUpdated the REPL to handle the list command\n","tags":["Level-2"],"fileTypesAndContributionMap":{"java":{"insertions":56,"deletions":5}}},{"hash":"54636ad2de3f1bcb833d1ff43408f54af11d344f","messageTitle":"Implement marking and unmarking TODOs as done","messageBody":"Override toString() for Todo class\nAdd markAsDone and markAsNotDone  to Todo class\n\nAdd mark and unmark handlers to REPL\n","tags":["Level-3"],"fileTypesAndContributionMap":{"java":{"insertions":41,"deletions":1}}},{"hash":"cc1a4d985d4454318bbe4cb3f170c7a94cdf6d86","messageTitle":"Format code to follow SE-EDU standards","messageBody":"Added spacing\nRenamed constants to follow screaming snake case\n","tags":["A-CodingStandard"],"fileTypesAndContributionMap":{"java":{"insertions":10,"deletions":11}}}]},{"date":"2023-02-01","commitResults":[{"hash":"457ca3ba6ff35901512605e9d37cb0172d097c96","messageTitle":"Extract command parsing responsibility to a separate class","messageBody":"","fileTypesAndContributionMap":{"java":{"insertions":53,"deletions":8}}},{"hash":"22b2d19f61954668c3fcd15db93675935b6899dc","messageTitle":"Refractor Todo to inherit from new abstract class Task","messageBody":"","fileTypesAndContributionMap":{"java":{"insertions":21,"deletions":12}}},{"hash":"0fc7b01103d8626a9929e90fd51e20560544496f","messageTitle":"Refractor to move \"done\" functionality to the Task class.","messageBody":"","fileTypesAndContributionMap":{"java":{"insertions":21,"deletions":19}}}]},{"date":"2023-02-02","commitResults":[{"hash":"ff610fa247a19ef3d829521d02449bb9771d006a","messageTitle":"Implement Deadline and Event types of Task.","messageBody":"Added task count to list\n","tags":["Level-4"],"fileTypesAndContributionMap":{"java":{"insertions":88,"deletions":17}}},{"hash":"559de275baf6d47373793fa31d59025ec519fd66","messageTitle":"Create test case for text-based testing","messageBody":"","tags":["A-TextUiTesting"],"fileTypesAndContributionMap":{"txt":{"insertions":17,"deletions":0},"sh":{"insertions":1,"deletions":1}}},{"hash":"93ed45d415dc43b916f4bab2ff539eb4af72fb20","messageTitle":"Refractor code to delegate command validation to separate classes","messageBody":"Move all code to the com.ethanyidong.bunny package\nCreate ArgumentValidator and CommandValidator interfaces\nImplement PositionalArgumentCommandValidator and FlagArgumentCommandValidator\nImplement IntegerArgumentValidator, TaskIndexArgumentValidator, and NotEmptyArgumentValidator\nMake commands an enum instead of a String\nImplement per-command validation setup\n\nTODO: Fix regression in which specific errors are no longer reported (e.x. \"should be a number\")\n","fileTypesAndContributionMap":{"java":{"insertions":298,"deletions":70},"bat":{"insertions":2,"deletions":2},"sh":{"insertions":1,"deletions":1},"md":{"insertions":5,"deletions":7}}},{"hash":"063544799c785e64c15ed1e18972db0fd4c9d1a0","messageTitle":"Provide helpful messages for invalid commands","messageBody":"Refractor Validators to throw errors for invalid inputs instead of returning false\n","fileTypesAndContributionMap":{"txt":{"insertions":7,"deletions":0},"java":{"insertions":57,"deletions":29},"sh":{"insertions":2,"deletions":2}}},{"hash":"a011361e306de133e22b36c6f89f7a685e16dc40","messageTitle":"Implement choosing between singular and plural nouns","messageBody":"Updated tests to reflect this change\nFixed issue with Windows testing\n","fileTypesAndContributionMap":{"java":{"insertions":28,"deletions":3},"bat":{"insertions":1,"deletions":1}}},{"hash":"60dfc7135ca42e9bfffee9c2a4e92339b3b2ba3b","messageTitle":"Refractor to separate command functionality into different classes","messageBody":"Create ExecutableCommand class\nRename ParsedCommand to TokenizedCommand for clarity\nShifted validation, parsing, and execution responsibilities to the ExecutableCommand class and its respective children\n","fileTypesAndContributionMap":{"java":{"insertions":313,"deletions":152}}},{"hash":"ab36307df9d73239b8451d8789f36b33f57c6594","messageTitle":"Fix argument passing bugs causing extra spaces to be entered into arguments","messageBody":"Updated text test to match\n","fileTypesAndContributionMap":{"java":{"insertions":1,"deletions":1}}},{"hash":"10a7000ffe32f246000abb05804537a97ddfdd50","messageTitle":"Cleanup code via IntelliJ","messageBody":"","tags":["A-CodeQuality"],"fileTypesAndContributionMap":{"java":{"insertions":37,"deletions":41}}},{"hash":"cb71d5cba601f8dd1b14fb36b72cab1283dd6af0","messageTitle":"Delete unused code comment","messageBody":"","fileTypesAndContributionMap":{"java":{"insertions":0,"deletions":56}}}]},{"date":"2023-02-07","commitResults":[{"hash":"03545e13833089abececa995ef162d5ebbb01949","messageTitle":"Update README.md for token commit to create branch for Level-5","messageBody":"Exceptions have already been implemented and handled\n","fileTypesAndContributionMap":{"md":{"insertions":2,"deletions":2}}},{"hash":"9c74d6a1b8f236f190f026c8d169ae91869e8366","messageTitle":"Update README.md for token commit to create branch for A-Packages","messageBody":"Packages were already created\n","fileTypesAndContributionMap":{"md":{"insertions":1,"deletions":1}}}]},{"date":"2023-02-15","commitResults":[{"hash":"a2e648b553c48b9da603d4bdf0a67a8c0bfa9781","messageTitle":"Implement deleteing tasks Add DeleteTaskCommand Update text-ui-test","messageBody":"","fileTypesAndContributionMap":{"txt":{"insertions":2,"deletions":0},"java":{"insertions":35,"deletions":0}}},{"hash":"931e02aba5136ac82261f286ef785a999f1f51a8","messageTitle":"Implement saving","messageBody":"Update text-ui-test framework to disable saving in that environment\n","fileTypesAndContributionMap":{"java":{"insertions":79,"deletions":19},"sh":{"insertions":1,"deletions":1}}}]},{"date":"2023-03-01","commitResults":[{"hash":"2da5e873b905c13f50d468dae5d08a074f3f3585","messageTitle":"Refractor code to extract save file, UI, and state functionality","messageBody":"Create BunnyTaskList to handle state\nCreate BunnyUI to handle user interaction\nCreate BunnyStorage to handle save file\nModified command classes to utilize new abstractions\n","tags":["A-MoreOOP"],"fileTypesAndContributionMap":{"java":{"insertions":211,"deletions":126}}},{"hash":"1b4f1bd4f98bbd73cd47e1455334e1e16033f5db","messageTitle":"Implement recognizing and formatting ISO dates","messageBody":"Create FlexibleDate class to represent dates which may or may not be formatted\nUpdate Deadline and Event classes to use FlexibleDate instead of String to store dates\nUpdate test to test formatted dates\n","fileTypesAndContributionMap":{"txt":{"insertions":3,"deletions":0},"java":{"insertions":42,"deletions":30}}},{"hash":"8ee95a64a004d0d05bbb57522e6d3928aa167fe5","messageTitle":"Implement find command","messageBody":"Create FindCommand class\nAdd find command to ExecutableCommand list\n","fileTypesAndContributionMap":{"java":{"insertions":43,"deletions":0}}},{"hash":"d7723c6cc1d6dfc389d22aeeac6cb227ede08b84","messageTitle":"Add documentation to most methods","messageBody":"Refractor: reduce visibility for some public methods which did not need to be public\nRefractor: delete unused delete methods\n","fileTypesAndContributionMap":{"java":{"insertions":368,"deletions":31}}},{"hash":"5f2fd572d15a98e4ebd9abcb120f281ee28522b8","messageTitle":"Add documentation to the FindCommand class","messageBody":"Fixed typo in ListCommand documentation\nSmall refractor to the visibility of methods in the FindCommand class\n","fileTypesAndContributionMap":{"java":{"insertions":14,"deletions":2}}},{"hash":"838bb746be09206a29315755ef76ebb8d65b7e78","messageTitle":"Update user guide to list all current features and commands","messageBody":"","tags":["A-UserGuide"],"fileTypesAndContributionMap":{"md":{"insertions":195,"deletions":11}}},{"hash":"0abacd0dbb701c42c7ec1f6a8962d7effffbf628","messageTitle":"Add links to user guide","messageBody":"","fileTypesAndContributionMap":{"md":{"insertions":7,"deletions":7}}},{"hash":"53ae27669257302de1cd03862744c06b1218f3da","messageTitle":"Refractor for code quality","messageBody":"Ran IntelliJ autoformatting on all code\nRename variables to align with coding standards\nExtract output strings and output errors to constant format strings in UI class\n","fileTypesAndContributionMap":{"txt":{"insertions":2,"deletions":0},"java":{"insertions":133,"deletions":73}}},{"hash":"6f6a51d84b08d9832af2b9e779c60ab634a1c5fe","messageTitle":"Continue running if writing to save file fails","messageBody":"","fileTypesAndContributionMap":{"java":{"insertions":41,"deletions":22}}},{"hash":"8d6ea03937755e6e12bacbf1eb00bba5d972c2c4","messageTitle":"Change file storage to be relative to JAR file","messageBody":"","fileTypesAndContributionMap":{"java":{"insertions":6,"deletions":9}}},{"hash":"3191b3d8ed47716af3901a07ca2ebefb25509749","messageTitle":"Fix bug where a command with positional argument / would crash the program Fix bug where state is not saved if the buffer is not flushed","messageBody":"","fileTypesAndContributionMap":{"java":{"insertions":4,"deletions":0}}},{"hash":"942622f4da6cbc30b2886843f4e85475e70ee4b0","messageTitle":"Swap saving and running commands to prevent unusable states in the presense of bugs","messageBody":"","tags":["A-Release"],"fileTypesAndContributionMap":{"java":{"insertions":1,"deletions":1}}}]}]},"authorFileTypeContributionMap":{"EthanYidong":{"java":1318,"md":202,"fxml":0,"sh":2,"bat":3,"gradle":0,"txt":31}},"authorContributionVariance":{"EthanYidong":69691.15},"authorDisplayNameMap":{"EthanYidong":"CS2113T-T09-3 TANG..DONG"}}
