{"authorDailyContributionsMap":{"Arif-Khalid":[{"date":"2023-01-24","commitResults":[{"hash":"2a3f0972481526e58929a072566aaf654635184e","messageTitle":"Add Greeting","messageBody":"","tags":["Level-0"],"fileTypesAndContributionMap":{"java":{"insertions":3,"deletions":6}}},{"hash":"0423aa41e98dcd18be68e48cee6908d5bddbb141","messageTitle":"Add echo functionality","messageBody":"","tags":["Level-1"],"fileTypesAndContributionMap":{"java":{"insertions":19,"deletions":1}}}]},{"date":"2023-01-25","commitResults":[{"hash":"fa84b5c9f4ea521c2009387aee579baf7d2ba860","messageTitle":"Add list functionality","messageBody":"","tags":["Level-2"],"fileTypesAndContributionMap":{"java":{"insertions":25,"deletions":1}}},{"hash":"94e5e25317cc54f5fc987f1efb1768a11c648a73","messageTitle":"Add Task class and mark/unmark functionality","messageBody":"","tags":["Level-3"],"fileTypesAndContributionMap":{"java":{"insertions":90,"deletions":14}}},{"hash":"055c07a7332d289eda9d8d825f24bea82b6a8e18","messageTitle":"Add exception handling for invalid task numbers","messageBody":"","tags":["A-CodingStandard"],"fileTypesAndContributionMap":{"java":{"insertions":9,"deletions":2}}}]},{"date":"2023-02-01","commitResults":[{"hash":"c561e1b96f6521ce3d9095dd876d0f00308c0d34","messageTitle":"Add Todo, Event, Deadline Tasks, Parser and Command Classes","messageBody":"","tags":["Level-4"],"fileTypesAndContributionMap":{"java":{"insertions":291,"deletions":44}}}]},{"date":"2023-02-02","commitResults":[{"hash":"c03931968320edebcb8a663ac57df76fb3685cdb","messageTitle":"Remove unnecessary spaces and create text-ui-testing","messageBody":"","tags":["A-TextUiTesting"],"fileTypesAndContributionMap":{"txt":{"insertions":12,"deletions":0},"java":{"insertions":2,"deletions":2},"bat":{"insertions":2,"deletions":2}}},{"hash":"19a3988fefe273aa7f26a120bf8012d44741d6e2","messageTitle":"Add constant for max tasks","messageBody":"","fileTypesAndContributionMap":{"java":{"insertions":2,"deletions":1}}}]},{"date":"2023-02-03","commitResults":[{"hash":"d3e214259c2dcf83172cc99a9bdaf35702c2a8fd","messageTitle":"Refactorization for code quality","messageBody":"","tags":["A-CodeQuality"],"fileTypesAndContributionMap":{"java":{"insertions":25,"deletions":21}}}]},{"date":"2023-02-08","commitResults":[{"hash":"c4962cb3fb7bc4baef498e973a8ed83720863a07","messageTitle":"Add Name, Date and Command exceptions","messageBody":"","fileTypesAndContributionMap":{"java":{"insertions":55,"deletions":34}}},{"hash":"21123ab3b2972732b174b13ce1358efc8221814e","messageTitle":"Add Task Number Exception and parent Duke Exception","messageBody":"","fileTypesAndContributionMap":{"java":{"insertions":4,"deletions":0}}},{"hash":"35116d712793e59c08f14405eab9e0b2c91e7899","messageTitle":"Add Task Number Exception and parent Duke Exception implementation","messageBody":"","fileTypesAndContributionMap":{"java":{"insertions":57,"deletions":57}}},{"hash":"16872690c7ba33da3262dff3bbb868e9192616ab","messageTitle":"Add packages for duke and task","messageBody":"","fileTypesAndContributionMap":{"java":{"insertions":35,"deletions":3}}}]}]},"authorFileTypeContributionMap":{"Arif-Khalid":{"java":438,"md":0,"fxml":0,"sh":0,"bat":2,"gradle":0,"txt":12}},"authorContributionVariance":{"Arif-Khalid":6324.963},"authorDisplayNameMap":{"Arif-Khalid":"CS2113-T13-1 ARIF..ALID"}}
