{"authorDailyContributionsMap":{"Arif-Khalid":[{"date":"2023-01-24","commitResults":[{"hash":"2a3f0972481526e58929a072566aaf654635184e","messageTitle":"Add Greeting","messageBody":"","tags":["Level-0"],"fileTypesAndContributionMap":{"java":{"insertions":3,"deletions":6}}},{"hash":"0423aa41e98dcd18be68e48cee6908d5bddbb141","messageTitle":"Add echo functionality","messageBody":"","tags":["Level-1"],"fileTypesAndContributionMap":{"java":{"insertions":19,"deletions":1}}}]},{"date":"2023-01-25","commitResults":[{"hash":"fa84b5c9f4ea521c2009387aee579baf7d2ba860","messageTitle":"Add list functionality","messageBody":"","tags":["Level-2"],"fileTypesAndContributionMap":{"java":{"insertions":25,"deletions":1}}},{"hash":"94e5e25317cc54f5fc987f1efb1768a11c648a73","messageTitle":"Add Task class and mark/unmark functionality","messageBody":"","tags":["Level-3"],"fileTypesAndContributionMap":{"java":{"insertions":90,"deletions":14}}},{"hash":"055c07a7332d289eda9d8d825f24bea82b6a8e18","messageTitle":"Add exception handling for invalid task numbers","messageBody":"","tags":["A-CodingStandard"],"fileTypesAndContributionMap":{"java":{"insertions":9,"deletions":2}}}]},{"date":"2023-02-01","commitResults":[{"hash":"c561e1b96f6521ce3d9095dd876d0f00308c0d34","messageTitle":"Add Todo, Event, Deadline Tasks, Parser and Command Classes","messageBody":"","tags":["Level-4"],"fileTypesAndContributionMap":{"java":{"insertions":291,"deletions":44}}}]}]},"authorFileTypeContributionMap":{"Arif-Khalid":{"java":374,"md":0,"fxml":0,"sh":0,"bat":0,"gradle":0,"txt":0}},"authorContributionVariance":{"Arif-Khalid":6009.7876},"authorDisplayNameMap":{"Arif-Khalid":"CS2113-T13-1 ARIF..ALID"}}
