{"authorDailyContributionsMap":{"adenteo":[{"date":"2023-01-15","commitResults":[{"hash":"d9461bd63e179f6495a58f5f635f95988a61f109","messageTitle":"Update Duke.java","messageBody":"","fileTypesAndContributionMap":{"java":{"insertions":2,"deletions":0}}}]},{"date":"2023-01-23","commitResults":[{"hash":"7b3aae419fefa199b3a734392008a9902bf9ad07","messageTitle":"Update Duke.java","messageBody":"Add Greet, Echo, Exit functionality\n","tags":["Level-1"],"fileTypesAndContributionMap":{"java":{"insertions":11,"deletions":0}}},{"hash":"23bc8b6817735f288eca75d91ec638fe0f8eba00","messageTitle":"Update Duke.java","messageBody":"Add Level-2: Add, List functionality\n","tags":["Level-2"],"fileTypesAndContributionMap":{"java":{"insertions":10,"deletions":1}}},{"hash":"d9e1a8686679b75d2039dba0a3dc1d427bb8ec12","messageTitle":"Functionality: Add Level 3 functions","messageBody":"","tags":["Level-3"],"fileTypesAndContributionMap":{"java":{"insertions":51,"deletions":6}}}]},{"date":"2023-01-30","commitResults":[{"hash":"b40dcc77ebe844dfd432afdcdfea2570666c112c","messageTitle":"Improve formatting of output","messageBody":"","fileTypesAndContributionMap":{"java":{"insertions":44,"deletions":30}}},{"hash":"13cdeacdfe653487716158c6c3cb406fdac4c28d","messageTitle":"Add individual functions for every action","messageBody":"","tags":["A-CodingStandard"],"fileTypesAndContributionMap":{"java":{"insertions":70,"deletions":41}}},{"hash":"e3b262f31901bfac19ca21f3aa8429ce0c658c7a","messageTitle":"Add handling of exception when marking/unmarking task","messageBody":"","fileTypesAndContributionMap":{"java":{"insertions":28,"deletions":18}}}]},{"date":"2023-01-31","commitResults":[{"hash":"2af620cc9a7a51391c10b23a51acc0aa3a5ea986","messageTitle":"Add Deadline.java","messageBody":"Add support for different task types\n","fileTypesAndContributionMap":{"java":{"insertions":97,"deletions":12}}},{"hash":"858f60146640275a2f3e692b363471c2ad76135d","messageTitle":"Add Event.java file","messageBody":"","fileTypesAndContributionMap":{"java":{"insertions":23,"deletions":4}}},{"hash":"7466d05170797d5032b60b94c3992a4e35aedc2d","messageTitle":"Finalise functionalities of all task types","messageBody":"","tags":["Level-4","A-CodeQuality"],"fileTypesAndContributionMap":{"java":{"insertions":141,"deletions":58}}},{"hash":"07b029c6ad8787d20691a660c7edfcac854b8e72","messageTitle":"Fix error java.util.NoSuchElementException: No line found","messageBody":"","tags":["A-TextUiTesting"],"fileTypesAndContributionMap":{"java":{"insertions":3,"deletions":3}}},{"hash":"c1670a6caa546920ff2b14af11fa1545a967284b","messageTitle":"Update Duke.java","messageBody":"","fileTypesAndContributionMap":{"java":{"insertions":8,"deletions":4}}}]},{"date":"2023-02-01","commitResults":[{"hash":"df77ffb2da0fa41e27233aec3749a2d8724ea93d","messageTitle":"Improve general code quality","messageBody":"","fileTypesAndContributionMap":{"java":{"insertions":12,"deletions":10}}},{"hash":"f2fa68014e937e9cf2f8b7f6efa3d3cc5c6d067e","messageTitle":"Optimise tasks\u0027 code quality","messageBody":"","fileTypesAndContributionMap":{"java":{"insertions":21,"deletions":73}}}]},{"date":"2023-02-04","commitResults":[{"hash":"8c0795656aed23af54e2b75dc3cabc85d62a37b4","messageTitle":"Re-organise code for task types","messageBody":"Shift code for adding of each task type into their respective classes\n","fileTypesAndContributionMap":{"java":{"insertions":52,"deletions":75}}},{"hash":"a0af77f11ff36105fc08948b1dea372568271c21","messageTitle":"Handle invalid commands from user","messageBody":"","tags":["Level-5"],"fileTypesAndContributionMap":{"java":{"insertions":8,"deletions":7}}},{"hash":"389199dee731c4037902d7ee992643eefac2efc9","messageTitle":"Add custom MissingCommandException class","messageBody":"","tags":["A-Exceptions"],"fileTypesAndContributionMap":{"java":{"insertions":25,"deletions":11}}},{"hash":"dc691b79a362adfb27ddd656bf3d348b5719e591","messageTitle":"Add duke package","messageBody":"","tags":["A-Packages"],"fileTypesAndContributionMap":{"java":{"insertions":14,"deletions":1}}}]},{"date":"2023-02-12","commitResults":[{"hash":"861dc4a65e7a45ae174b6558e09887ef95d57d62","messageTitle":"Add delete feature","messageBody":"Implement ArrayList to keep track of user tasks\n","tags":["Level-6","A-Collections"],"fileTypesAndContributionMap":{"java":{"insertions":27,"deletions":14}}},{"hash":"bf07ba23b11e917f508205a66b42543c23b29fb5","messageTitle":"Add save tasks feature","messageBody":"","tags":["Level-7"],"fileTypesAndContributionMap":{"java":{"insertions":31,"deletions":5}}}]},{"date":"2023-02-13","commitResults":[{"hash":"19ad24ff1ef401792885078ea59bde7273b2d969","messageTitle":"Update Level-7 requirements","messageBody":"","fileTypesAndContributionMap":{"txt":{"insertions":2,"deletions":0},"java":{"insertions":169,"deletions":9}}},{"hash":"d7825832495804726bc494e879193d401e5782a0","messageTitle":"Remove files to be ignored","messageBody":"","fileTypesAndContributionMap":{"txt":{"insertions":0,"deletions":2}}}]}]},"authorFileTypeContributionMap":{"adenteo":{"java":474,"md":0,"fxml":0,"sh":0,"bat":0,"gradle":0,"txt":0}},"authorContributionVariance":{"adenteo":7076.9985},"authorDisplayNameMap":{"adenteo":"CS2113-W15-2 TEO ..ADEN"}}
