{"authorDailyContributionsMap":{"adenteo":[{"date":"2023-01-15","commitResults":[{"hash":"d9461bd63e179f6495a58f5f635f95988a61f109","messageTitle":"Update Duke.java","messageBody":"","fileTypesAndContributionMap":{"java":{"insertions":2,"deletions":0}}}]},{"date":"2023-01-23","commitResults":[{"hash":"7b3aae419fefa199b3a734392008a9902bf9ad07","messageTitle":"Update Duke.java","messageBody":"Add Greet, Echo, Exit functionality\n","tags":["Level-1"],"fileTypesAndContributionMap":{"java":{"insertions":11,"deletions":0}}},{"hash":"23bc8b6817735f288eca75d91ec638fe0f8eba00","messageTitle":"Update Duke.java","messageBody":"Add Level-2: Add, List functionality\n","tags":["Level-2"],"fileTypesAndContributionMap":{"java":{"insertions":10,"deletions":1}}},{"hash":"d9e1a8686679b75d2039dba0a3dc1d427bb8ec12","messageTitle":"Functionality: Add Level 3 functions","messageBody":"","tags":["Level-3"],"fileTypesAndContributionMap":{"java":{"insertions":51,"deletions":6}}}]},{"date":"2023-01-30","commitResults":[{"hash":"b40dcc77ebe844dfd432afdcdfea2570666c112c","messageTitle":"Improve formatting of output","messageBody":"","fileTypesAndContributionMap":{"java":{"insertions":44,"deletions":30}}},{"hash":"13cdeacdfe653487716158c6c3cb406fdac4c28d","messageTitle":"Add individual functions for every action","messageBody":"","tags":["A-CodingStandard"],"fileTypesAndContributionMap":{"java":{"insertions":70,"deletions":41}}},{"hash":"e3b262f31901bfac19ca21f3aa8429ce0c658c7a","messageTitle":"Add handling of exception when marking/unmarking task","messageBody":"","fileTypesAndContributionMap":{"java":{"insertions":28,"deletions":18}}}]},{"date":"2023-01-31","commitResults":[{"hash":"2af620cc9a7a51391c10b23a51acc0aa3a5ea986","messageTitle":"Add Deadline.java","messageBody":"Add support for different task types\n","fileTypesAndContributionMap":{"java":{"insertions":97,"deletions":12}}}]}]},"authorFileTypeContributionMap":{"adenteo":{"java":207,"md":0,"fxml":0,"sh":0,"bat":0,"gradle":0,"txt":0}},"authorContributionVariance":{"adenteo":3271.5015},"authorDisplayNameMap":{"adenteo":"CS2113-W15-2 TEO ..ADEN"}}
