[{"path":"src/main/java/Duke.java","fileType":"java","lines":[{"lineNumber":1,"author":{"gitId":"anthea-pr0g"},"content":"import duke.Task;","lastModifiedDate":"2023-02-08"},{"lineNumber":2,"author":{"gitId":"anthea-pr0g"},"content":"import duke.Deadline;","lastModifiedDate":"2023-02-08"},{"lineNumber":3,"author":{"gitId":"anthea-pr0g"},"content":"import duke.Todo;","lastModifiedDate":"2023-02-08"},{"lineNumber":4,"author":{"gitId":"anthea-pr0g"},"content":"import duke.Event;","lastModifiedDate":"2023-02-08"},{"lineNumber":5,"author":{"gitId":"anthea-pr0g"},"content":"import duke.DukeException;","lastModifiedDate":"2023-02-08"},{"lineNumber":6,"author":{"gitId":"anthea-pr0g"},"content":"import java.util.ArrayList;","lastModifiedDate":"2023-02-08"},{"lineNumber":7,"author":{"gitId":"anthea-pr0g"},"content":"import java.io.*;","lastModifiedDate":"2023-02-16"},{"lineNumber":8,"author":{"gitId":"anthea-pr0g"},"content":"import java.util.Scanner;","lastModifiedDate":"2023-02-08"},{"lineNumber":9,"author":{"gitId":"anthea-pr0g"},"content":"","lastModifiedDate":"2023-01-23"},{"lineNumber":10,"author":{"gitId":"-"},"content":"public class Duke {","lastModifiedDate":"2019-07-29"},{"lineNumber":11,"author":{"gitId":"anthea-pr0g"},"content":"    private static void appendToFile(String filePath, String textToAppend) throws IOException {","lastModifiedDate":"2023-02-16"},{"lineNumber":12,"author":{"gitId":"anthea-pr0g"},"content":"        FileWriter fw \u003d new FileWriter(filePath, true); // create a FileWriter in append mode","lastModifiedDate":"2023-02-16"},{"lineNumber":13,"author":{"gitId":"anthea-pr0g"},"content":"        fw.write(textToAppend);","lastModifiedDate":"2023-02-16"},{"lineNumber":14,"author":{"gitId":"anthea-pr0g"},"content":"        fw.close();","lastModifiedDate":"2023-02-16"},{"lineNumber":15,"author":{"gitId":"anthea-pr0g"},"content":"    }","lastModifiedDate":"2023-02-16"},{"lineNumber":16,"author":{"gitId":"anthea-pr0g"},"content":"","lastModifiedDate":"2023-02-16"},{"lineNumber":17,"author":{"gitId":"anthea-pr0g"},"content":"    private static void writeToFile(String filePath, String textToAdd) throws IOException {","lastModifiedDate":"2023-02-16"},{"lineNumber":18,"author":{"gitId":"anthea-pr0g"},"content":"        FileWriter fw \u003d new FileWriter(filePath);","lastModifiedDate":"2023-02-16"},{"lineNumber":19,"author":{"gitId":"anthea-pr0g"},"content":"        fw.write(textToAdd);","lastModifiedDate":"2023-02-16"},{"lineNumber":20,"author":{"gitId":"anthea-pr0g"},"content":"        fw.close();","lastModifiedDate":"2023-02-16"},{"lineNumber":21,"author":{"gitId":"anthea-pr0g"},"content":"    }","lastModifiedDate":"2023-02-16"},{"lineNumber":22,"author":{"gitId":"anthea-pr0g"},"content":"","lastModifiedDate":"2023-01-23"},{"lineNumber":23,"author":{"gitId":"anthea-pr0g"},"content":"","lastModifiedDate":"2023-01-23"},{"lineNumber":24,"author":{"gitId":"anthea-pr0g"},"content":"    public static void main(String[] args) throws Exception {","lastModifiedDate":"2023-02-16"},{"lineNumber":25,"author":{"gitId":"-"},"content":"        String logo \u003d \" ____        _        \\n\"","lastModifiedDate":"2019-07-29"},{"lineNumber":26,"author":{"gitId":"-"},"content":"                + \"|  _ \\\\ _   _| | _____ \\n\"","lastModifiedDate":"2019-07-29"},{"lineNumber":27,"author":{"gitId":"-"},"content":"                + \"| | | | | | | |/ / _ \\\\\\n\"","lastModifiedDate":"2019-07-29"},{"lineNumber":28,"author":{"gitId":"-"},"content":"                + \"| |_| | |_| |   \u003c  __/\\n\"","lastModifiedDate":"2019-07-29"},{"lineNumber":29,"author":{"gitId":"-"},"content":"                + \"|____/ \\\\__,_|_|\\\\_\\\\___|\\n\";","lastModifiedDate":"2019-07-29"},{"lineNumber":30,"author":{"gitId":"-"},"content":"        System.out.println(\"Hello from\\n\" + logo);","lastModifiedDate":"2019-07-29"},{"lineNumber":31,"author":{"gitId":"anthea-pr0g"},"content":"","lastModifiedDate":"2023-01-17"},{"lineNumber":32,"author":{"gitId":"anthea-pr0g"},"content":"","lastModifiedDate":"2023-01-17"},{"lineNumber":33,"author":{"gitId":"anthea-pr0g"},"content":"        String greeting \u003d \"____________________________________________________________\\n\"","lastModifiedDate":"2023-01-17"},{"lineNumber":34,"author":{"gitId":"anthea-pr0g"},"content":"                + \" Hello! I\u0027m Duke\\n\"","lastModifiedDate":"2023-01-17"},{"lineNumber":35,"author":{"gitId":"anthea-pr0g"},"content":"                + \" What can I do for you?\\n\"","lastModifiedDate":"2023-01-17"},{"lineNumber":36,"author":{"gitId":"anthea-pr0g"},"content":"                + \"____________________________________________________________\\n\";","lastModifiedDate":"2023-01-17"},{"lineNumber":37,"author":{"gitId":"anthea-pr0g"},"content":"","lastModifiedDate":"2023-01-17"},{"lineNumber":38,"author":{"gitId":"anthea-pr0g"},"content":"        System.out.println(greeting);","lastModifiedDate":"2023-01-17"},{"lineNumber":39,"author":{"gitId":"anthea-pr0g"},"content":"        Scanner in \u003d new Scanner(System.in);","lastModifiedDate":"2023-01-20"},{"lineNumber":40,"author":{"gitId":"anthea-pr0g"},"content":"","lastModifiedDate":"2023-02-16"},{"lineNumber":41,"author":{"gitId":"anthea-pr0g"},"content":"        ArrayList\u003cTask\u003e tasks \u003d new ArrayList\u003c\u003e();","lastModifiedDate":"2023-02-08"},{"lineNumber":42,"author":{"gitId":"anthea-pr0g"},"content":"","lastModifiedDate":"2023-01-28"},{"lineNumber":43,"author":{"gitId":"anthea-pr0g"},"content":"","lastModifiedDate":"2023-02-04"},{"lineNumber":44,"author":{"gitId":"anthea-pr0g"},"content":"        int index_for_mark \u003d 1;","lastModifiedDate":"2023-02-04"},{"lineNumber":45,"author":{"gitId":"anthea-pr0g"},"content":"        int i \u003d 0;","lastModifiedDate":"2023-01-20"},{"lineNumber":46,"author":{"gitId":"anthea-pr0g"},"content":"","lastModifiedDate":"2023-01-28"},{"lineNumber":47,"author":{"gitId":"anthea-pr0g"},"content":"        while (true) {","lastModifiedDate":"2023-02-04"},{"lineNumber":48,"author":{"gitId":"anthea-pr0g"},"content":"","lastModifiedDate":"2023-02-04"},{"lineNumber":49,"author":{"gitId":"anthea-pr0g"},"content":"            String line \u003d in.nextLine();","lastModifiedDate":"2023-01-20"},{"lineNumber":50,"author":{"gitId":"anthea-pr0g"},"content":"            //if bye","lastModifiedDate":"2023-01-28"},{"lineNumber":51,"author":{"gitId":"anthea-pr0g"},"content":"            if (line.equalsIgnoreCase(\"bye\")) {","lastModifiedDate":"2023-02-04"},{"lineNumber":52,"author":{"gitId":"anthea-pr0g"},"content":"                break;","lastModifiedDate":"2023-01-20"},{"lineNumber":53,"author":{"gitId":"anthea-pr0g"},"content":"            }","lastModifiedDate":"2023-01-20"},{"lineNumber":54,"author":{"gitId":"anthea-pr0g"},"content":"","lastModifiedDate":"2023-02-04"},{"lineNumber":55,"author":{"gitId":"anthea-pr0g"},"content":"            //getting index for mark and delete","lastModifiedDate":"2023-02-08"},{"lineNumber":56,"author":{"gitId":"anthea-pr0g"},"content":"            String[] find_index \u003d line.split(\" \");","lastModifiedDate":"2023-01-28"},{"lineNumber":57,"author":{"gitId":"anthea-pr0g"},"content":"","lastModifiedDate":"2023-01-28"},{"lineNumber":58,"author":{"gitId":"anthea-pr0g"},"content":"            //Task description","lastModifiedDate":"2023-01-28"},{"lineNumber":59,"author":{"gitId":"anthea-pr0g"},"content":"            String desc;","lastModifiedDate":"2023-01-28"},{"lineNumber":60,"author":{"gitId":"anthea-pr0g"},"content":"            desc \u003d line;","lastModifiedDate":"2023-01-28"},{"lineNumber":61,"author":{"gitId":"anthea-pr0g"},"content":"            Task t \u003d new Task(desc);","lastModifiedDate":"2023-01-28"},{"lineNumber":62,"author":{"gitId":"anthea-pr0g"},"content":"","lastModifiedDate":"2023-01-28"},{"lineNumber":63,"author":{"gitId":"anthea-pr0g"},"content":"            if (line.toLowerCase().contains(\"unmark\") || (line.toLowerCase().contains(\"mark\")) || line.toLowerCase().contains(\"delete\"))","lastModifiedDate":"2023-02-16"},{"lineNumber":64,"author":{"gitId":"anthea-pr0g"},"content":"            {","lastModifiedDate":"2023-02-16"},{"lineNumber":65,"author":{"gitId":"anthea-pr0g"},"content":"                if (line.toLowerCase().contains(\"unmark\")) {","lastModifiedDate":"2023-02-04"},{"lineNumber":66,"author":{"gitId":"anthea-pr0g"},"content":"                    index_for_mark \u003d Integer.parseInt(find_index[1]);","lastModifiedDate":"2023-02-04"},{"lineNumber":67,"author":{"gitId":"anthea-pr0g"},"content":"                    tasks.get(index_for_mark - 1).markAsUnDone();","lastModifiedDate":"2023-02-08"},{"lineNumber":68,"author":{"gitId":"anthea-pr0g"},"content":"","lastModifiedDate":"2023-01-23"},{"lineNumber":69,"author":{"gitId":"anthea-pr0g"},"content":"                    System.out.println(\"____________________________________________________________\\n\"","lastModifiedDate":"2023-02-04"},{"lineNumber":70,"author":{"gitId":"anthea-pr0g"},"content":"                            + \"OK, I\u0027ve marked this task as not done yet:\\n\"","lastModifiedDate":"2023-02-04"},{"lineNumber":71,"author":{"gitId":"anthea-pr0g"},"content":"                            + tasks.get(index_for_mark - 1) + \"\\n\"","lastModifiedDate":"2023-02-08"},{"lineNumber":72,"author":{"gitId":"anthea-pr0g"},"content":"                            + \"____________________________________________________________\\n\");","lastModifiedDate":"2023-02-04"},{"lineNumber":73,"author":{"gitId":"anthea-pr0g"},"content":"","lastModifiedDate":"2023-01-28"},{"lineNumber":74,"author":{"gitId":"anthea-pr0g"},"content":"","lastModifiedDate":"2023-01-28"},{"lineNumber":75,"author":{"gitId":"anthea-pr0g"},"content":"                } else if (line.toLowerCase().contains(\"mark\")) {","lastModifiedDate":"2023-02-04"},{"lineNumber":76,"author":{"gitId":"anthea-pr0g"},"content":"                    index_for_mark \u003d Integer.parseInt(find_index[1]);","lastModifiedDate":"2023-02-04"},{"lineNumber":77,"author":{"gitId":"anthea-pr0g"},"content":"                    tasks.get(index_for_mark - 1).markAsDone();","lastModifiedDate":"2023-02-08"},{"lineNumber":78,"author":{"gitId":"anthea-pr0g"},"content":"                    System.out.println(\"____________________________________________________________\\n\"","lastModifiedDate":"2023-02-08"},{"lineNumber":79,"author":{"gitId":"anthea-pr0g"},"content":"                            + \"Nice! I\u0027ve marked this task as done:\\n\"","lastModifiedDate":"2023-02-08"},{"lineNumber":80,"author":{"gitId":"anthea-pr0g"},"content":"                            + tasks.get(index_for_mark - 1) + \"\\n\"","lastModifiedDate":"2023-02-08"},{"lineNumber":81,"author":{"gitId":"anthea-pr0g"},"content":"                            + \"____________________________________________________________\\n\");","lastModifiedDate":"2023-02-08"},{"lineNumber":82,"author":{"gitId":"anthea-pr0g"},"content":"","lastModifiedDate":"2023-02-08"},{"lineNumber":83,"author":{"gitId":"anthea-pr0g"},"content":"","lastModifiedDate":"2023-02-16"},{"lineNumber":84,"author":{"gitId":"anthea-pr0g"},"content":"                } else if (line.toLowerCase().contains(\"delete\")) {","lastModifiedDate":"2023-02-08"},{"lineNumber":85,"author":{"gitId":"anthea-pr0g"},"content":"                    int index_for_delete \u003d Integer.parseInt(find_index[1]);","lastModifiedDate":"2023-02-08"},{"lineNumber":86,"author":{"gitId":"anthea-pr0g"},"content":"                    System.out.println(\"____________________________________________________________\\n\"","lastModifiedDate":"2023-02-04"},{"lineNumber":87,"author":{"gitId":"anthea-pr0g"},"content":"                            + \" Noted. I\u0027ve removed this task:\\n\" +","lastModifiedDate":"2023-02-08"},{"lineNumber":88,"author":{"gitId":"anthea-pr0g"},"content":"                            \"  \" + tasks.get(index_for_delete - 1) + \"\\n\" +","lastModifiedDate":"2023-02-08"},{"lineNumber":89,"author":{"gitId":"anthea-pr0g"},"content":"                            \"Now you have \" + (i - 1) + \" tasks in the list.\\n\"","lastModifiedDate":"2023-02-08"},{"lineNumber":90,"author":{"gitId":"anthea-pr0g"},"content":"                            + \"____________________________________________________________\\n\");","lastModifiedDate":"2023-02-04"},{"lineNumber":91,"author":{"gitId":"anthea-pr0g"},"content":"                    i -\u003d 1;","lastModifiedDate":"2023-02-08"},{"lineNumber":92,"author":{"gitId":"anthea-pr0g"},"content":"                    tasks.remove(tasks.get(index_for_delete - 1));","lastModifiedDate":"2023-02-08"},{"lineNumber":93,"author":{"gitId":"anthea-pr0g"},"content":"","lastModifiedDate":"2023-02-08"},{"lineNumber":94,"author":{"gitId":"anthea-pr0g"},"content":"                }","lastModifiedDate":"2023-02-08"},{"lineNumber":95,"author":{"gitId":"anthea-pr0g"},"content":"                String newString \u003d \"\";","lastModifiedDate":"2023-02-16"},{"lineNumber":96,"author":{"gitId":"anthea-pr0g"},"content":"                String filePath \u003d \"Duke.txt\";","lastModifiedDate":"2023-02-16"},{"lineNumber":97,"author":{"gitId":"anthea-pr0g"},"content":"","lastModifiedDate":"2023-02-08"},{"lineNumber":98,"author":{"gitId":"anthea-pr0g"},"content":"                for (int m \u003d 0; m \u003c i; m +\u003d 1) {","lastModifiedDate":"2023-02-16"},{"lineNumber":99,"author":{"gitId":"anthea-pr0g"},"content":"                    int index \u003d m + 1;","lastModifiedDate":"2023-02-16"},{"lineNumber":100,"author":{"gitId":"anthea-pr0g"},"content":"                    newString +\u003d (index + \".\" + tasks.get(m) + \"\\n\");","lastModifiedDate":"2023-02-16"},{"lineNumber":101,"author":{"gitId":"anthea-pr0g"},"content":"                }","lastModifiedDate":"2023-02-16"},{"lineNumber":102,"author":{"gitId":"anthea-pr0g"},"content":"","lastModifiedDate":"2023-01-28"},{"lineNumber":103,"author":{"gitId":"anthea-pr0g"},"content":"","lastModifiedDate":"2023-02-08"},{"lineNumber":104,"author":{"gitId":"anthea-pr0g"},"content":"                try {","lastModifiedDate":"2023-02-16"},{"lineNumber":105,"author":{"gitId":"anthea-pr0g"},"content":"                    writeToFile(\"Duke.txt\", newString);","lastModifiedDate":"2023-02-16"},{"lineNumber":106,"author":{"gitId":"anthea-pr0g"},"content":"                } catch (IOException e) {","lastModifiedDate":"2023-02-16"},{"lineNumber":107,"author":{"gitId":"anthea-pr0g"},"content":"                    System.out.println(\"Something went wrong\\n\"","lastModifiedDate":"2023-02-16"},{"lineNumber":108,"author":{"gitId":"anthea-pr0g"},"content":"                            + \"____________________________________________________________\");","lastModifiedDate":"2023-02-16"},{"lineNumber":109,"author":{"gitId":"anthea-pr0g"},"content":"                }","lastModifiedDate":"2023-02-16"},{"lineNumber":110,"author":{"gitId":"anthea-pr0g"},"content":"            }","lastModifiedDate":"2023-02-16"},{"lineNumber":111,"author":{"gitId":"anthea-pr0g"},"content":"","lastModifiedDate":"2023-02-08"},{"lineNumber":112,"author":{"gitId":"anthea-pr0g"},"content":"            else if (line.toLowerCase().contains(\"todo\") || line.toLowerCase().contains(\"deadline\") || line.toLowerCase().contains(\"event\")) {","lastModifiedDate":"2023-02-08"},{"lineNumber":113,"author":{"gitId":"anthea-pr0g"},"content":"","lastModifiedDate":"2023-02-16"},{"lineNumber":114,"author":{"gitId":"anthea-pr0g"},"content":"                boolean empty;","lastModifiedDate":"2023-02-04"},{"lineNumber":115,"author":{"gitId":"anthea-pr0g"},"content":"                empty \u003d false;","lastModifiedDate":"2023-02-04"},{"lineNumber":116,"author":{"gitId":"anthea-pr0g"},"content":"","lastModifiedDate":"2023-01-23"},{"lineNumber":117,"author":{"gitId":"anthea-pr0g"},"content":"                if (line.toLowerCase().contains(\"todo\")) {","lastModifiedDate":"2023-02-04"},{"lineNumber":118,"author":{"gitId":"anthea-pr0g"},"content":"                    String[] ToSplitTodo \u003d line.split(\" \");","lastModifiedDate":"2023-02-04"},{"lineNumber":119,"author":{"gitId":"anthea-pr0g"},"content":"                    try {","lastModifiedDate":"2023-02-04"},{"lineNumber":120,"author":{"gitId":"anthea-pr0g"},"content":"","lastModifiedDate":"2023-02-08"},{"lineNumber":121,"author":{"gitId":"anthea-pr0g"},"content":"                        String TodoTask \u003d line.toLowerCase().replaceAll(\"todo\",\"\");","lastModifiedDate":"2023-02-04"},{"lineNumber":122,"author":{"gitId":"anthea-pr0g"},"content":"                        tasks.add(new Todo(TodoTask,ToSplitTodo.length));","lastModifiedDate":"2023-02-08"},{"lineNumber":123,"author":{"gitId":"anthea-pr0g"},"content":"","lastModifiedDate":"2023-01-23"},{"lineNumber":124,"author":{"gitId":"anthea-pr0g"},"content":"","lastModifiedDate":"2023-01-23"},{"lineNumber":125,"author":{"gitId":"anthea-pr0g"},"content":"                    } catch (DukeException ex) {","lastModifiedDate":"2023-02-04"},{"lineNumber":126,"author":{"gitId":"anthea-pr0g"},"content":"                        empty \u003d true;","lastModifiedDate":"2023-02-04"},{"lineNumber":127,"author":{"gitId":"anthea-pr0g"},"content":"                        System.out.println(\"____________________________________________________________\\n\"","lastModifiedDate":"2023-02-04"},{"lineNumber":128,"author":{"gitId":"anthea-pr0g"},"content":"                                + \"OOPS!!! The description of a todo cannot be empty.\\n\"","lastModifiedDate":"2023-02-04"},{"lineNumber":129,"author":{"gitId":"anthea-pr0g"},"content":"                                + \"____________________________________________________________\\n\");","lastModifiedDate":"2023-02-04"},{"lineNumber":130,"author":{"gitId":"anthea-pr0g"},"content":"                    }","lastModifiedDate":"2023-01-23"},{"lineNumber":131,"author":{"gitId":"anthea-pr0g"},"content":"","lastModifiedDate":"2023-01-23"},{"lineNumber":132,"author":{"gitId":"anthea-pr0g"},"content":"                    //sample : deadline return book /by Sunday","lastModifiedDate":"2023-02-04"},{"lineNumber":133,"author":{"gitId":"anthea-pr0g"},"content":"                } else if (line.toLowerCase().contains(\"deadline\")) {","lastModifiedDate":"2023-02-04"},{"lineNumber":134,"author":{"gitId":"anthea-pr0g"},"content":"                    String[] ToSplitDeadline \u003d line.split(\"/\");","lastModifiedDate":"2023-01-28"},{"lineNumber":135,"author":{"gitId":"anthea-pr0g"},"content":"                    String DeadlineTask \u003d ToSplitDeadline[0].toLowerCase().substring(9, ToSplitDeadline[0].length() - 1);","lastModifiedDate":"2023-01-28"},{"lineNumber":136,"author":{"gitId":"anthea-pr0g"},"content":"                    tasks.add(new Deadline(DeadlineTask, ToSplitDeadline[1].substring(3, ToSplitDeadline[1].length())));","lastModifiedDate":"2023-02-08"},{"lineNumber":137,"author":{"gitId":"anthea-pr0g"},"content":"","lastModifiedDate":"2023-02-04"},{"lineNumber":138,"author":{"gitId":"anthea-pr0g"},"content":"                    //sample:event project meeting /from Mon 2pm /to 4pm","lastModifiedDate":"2023-02-04"},{"lineNumber":139,"author":{"gitId":"anthea-pr0g"},"content":"                } else if (line.toLowerCase().contains(\"event\")) {","lastModifiedDate":"2023-02-04"},{"lineNumber":140,"author":{"gitId":"anthea-pr0g"},"content":"                    String[] ToSplitEvent \u003d line.split(\"/\");","lastModifiedDate":"2023-01-28"},{"lineNumber":141,"author":{"gitId":"anthea-pr0g"},"content":"                    String EventTask \u003d ToSplitEvent[0].toLowerCase().substring(6, ToSplitEvent[0].length());","lastModifiedDate":"2023-01-28"},{"lineNumber":142,"author":{"gitId":"anthea-pr0g"},"content":"                    tasks.add(new Event(EventTask, ToSplitEvent[1].substring(5, ToSplitEvent[1].length()), ToSplitEvent[2].substring(3, ToSplitEvent[2].length())));","lastModifiedDate":"2023-02-08"},{"lineNumber":143,"author":{"gitId":"anthea-pr0g"},"content":"","lastModifiedDate":"2023-01-23"},{"lineNumber":144,"author":{"gitId":"anthea-pr0g"},"content":"                }","lastModifiedDate":"2023-01-23"},{"lineNumber":145,"author":{"gitId":"anthea-pr0g"},"content":"","lastModifiedDate":"2023-01-23"},{"lineNumber":146,"author":{"gitId":"anthea-pr0g"},"content":"                if(!empty) {","lastModifiedDate":"2023-02-04"},{"lineNumber":147,"author":{"gitId":"anthea-pr0g"},"content":"                    System.out.println(\"____________________________________________________________\\n\"","lastModifiedDate":"2023-02-04"},{"lineNumber":148,"author":{"gitId":"anthea-pr0g"},"content":"                            +\"Got it. I\u0027ve added this task:\\n\" +","lastModifiedDate":"2023-02-04"},{"lineNumber":149,"author":{"gitId":"anthea-pr0g"},"content":"                            \"  \" + tasks.get(i) + \"\\n\" +","lastModifiedDate":"2023-02-08"},{"lineNumber":150,"author":{"gitId":"anthea-pr0g"},"content":"                            \"Now you have \" + (i + 1) + \" tasks in the list.\\n\"","lastModifiedDate":"2023-02-08"},{"lineNumber":151,"author":{"gitId":"anthea-pr0g"},"content":"                            + \"____________________________________________________________\\n\");","lastModifiedDate":"2023-02-04"},{"lineNumber":152,"author":{"gitId":"anthea-pr0g"},"content":"                    i +\u003d 1;","lastModifiedDate":"2023-01-28"},{"lineNumber":153,"author":{"gitId":"anthea-pr0g"},"content":"","lastModifiedDate":"2023-01-23"},{"lineNumber":154,"author":{"gitId":"anthea-pr0g"},"content":"                    try {","lastModifiedDate":"2023-02-16"},{"lineNumber":155,"author":{"gitId":"anthea-pr0g"},"content":"                        appendToFile(\"Duke.txt\", (i + 1)+\". \"+ tasks.get(i - 1).toString() + \"\\n\");","lastModifiedDate":"2023-02-16"},{"lineNumber":156,"author":{"gitId":"anthea-pr0g"},"content":"                    } catch (IOException e) {","lastModifiedDate":"2023-02-16"},{"lineNumber":157,"author":{"gitId":"anthea-pr0g"},"content":"                        System.out.println(\"Something went wrong\\n\"","lastModifiedDate":"2023-02-16"},{"lineNumber":158,"author":{"gitId":"anthea-pr0g"},"content":"                                + \"____________________________________________________________\");","lastModifiedDate":"2023-02-16"},{"lineNumber":159,"author":{"gitId":"anthea-pr0g"},"content":"                    }","lastModifiedDate":"2023-02-16"},{"lineNumber":160,"author":{"gitId":"anthea-pr0g"},"content":"                }","lastModifiedDate":"2023-01-28"},{"lineNumber":161,"author":{"gitId":"anthea-pr0g"},"content":"","lastModifiedDate":"2023-01-23"},{"lineNumber":162,"author":{"gitId":"anthea-pr0g"},"content":"            } else if (line.equalsIgnoreCase(\"list\")) {","lastModifiedDate":"2023-02-04"},{"lineNumber":163,"author":{"gitId":"anthea-pr0g"},"content":"","lastModifiedDate":"2023-01-23"},{"lineNumber":164,"author":{"gitId":"anthea-pr0g"},"content":"                System.out.println(\"____________________________________________________________\\n\" +","lastModifiedDate":"2023-01-23"},{"lineNumber":165,"author":{"gitId":"anthea-pr0g"},"content":"                        \"Here are the tasks in your list:\");","lastModifiedDate":"2023-01-23"},{"lineNumber":166,"author":{"gitId":"anthea-pr0g"},"content":"","lastModifiedDate":"2023-01-23"},{"lineNumber":167,"author":{"gitId":"anthea-pr0g"},"content":"                for (int m \u003d 0; m \u003c i; m +\u003d 1) {","lastModifiedDate":"2023-02-04"},{"lineNumber":168,"author":{"gitId":"anthea-pr0g"},"content":"                    int index \u003d m + 1;","lastModifiedDate":"2023-01-20"},{"lineNumber":169,"author":{"gitId":"anthea-pr0g"},"content":"","lastModifiedDate":"2023-02-16"},{"lineNumber":170,"author":{"gitId":"anthea-pr0g"},"content":"                    System.out.println(index + \".\" + tasks.get(m));","lastModifiedDate":"2023-02-08"},{"lineNumber":171,"author":{"gitId":"anthea-pr0g"},"content":"","lastModifiedDate":"2023-01-28"},{"lineNumber":172,"author":{"gitId":"anthea-pr0g"},"content":"                }","lastModifiedDate":"2023-01-20"},{"lineNumber":173,"author":{"gitId":"anthea-pr0g"},"content":"                System.out.println(\"____________________________________________________________\");","lastModifiedDate":"2023-01-20"},{"lineNumber":174,"author":{"gitId":"anthea-pr0g"},"content":"","lastModifiedDate":"2023-01-20"},{"lineNumber":175,"author":{"gitId":"anthea-pr0g"},"content":"            } else {","lastModifiedDate":"2023-02-04"},{"lineNumber":176,"author":{"gitId":"anthea-pr0g"},"content":"                System.out.println(\"____________________________________________________________\\n\"","lastModifiedDate":"2023-02-04"},{"lineNumber":177,"author":{"gitId":"anthea-pr0g"},"content":"                        + \"OOPS!!! The description of a todo cannot be empty.\\n\"","lastModifiedDate":"2023-02-04"},{"lineNumber":178,"author":{"gitId":"anthea-pr0g"},"content":"                        + \"____________________________________________________________\\n\");","lastModifiedDate":"2023-02-04"},{"lineNumber":179,"author":{"gitId":"anthea-pr0g"},"content":"            }","lastModifiedDate":"2023-01-23"},{"lineNumber":180,"author":{"gitId":"anthea-pr0g"},"content":"","lastModifiedDate":"2023-01-20"},{"lineNumber":181,"author":{"gitId":"anthea-pr0g"},"content":"        }","lastModifiedDate":"2023-01-20"},{"lineNumber":182,"author":{"gitId":"anthea-pr0g"},"content":"","lastModifiedDate":"2023-01-20"},{"lineNumber":183,"author":{"gitId":"anthea-pr0g"},"content":"","lastModifiedDate":"2023-01-20"},{"lineNumber":184,"author":{"gitId":"anthea-pr0g"},"content":"        System.out.println(\"____________________________________________________________\\n\"","lastModifiedDate":"2023-01-20"},{"lineNumber":185,"author":{"gitId":"anthea-pr0g"},"content":"                + \" Bye. Hope to see you again soon!\\n\"","lastModifiedDate":"2023-01-20"},{"lineNumber":186,"author":{"gitId":"anthea-pr0g"},"content":"                + \"____________________________________________________________\\n\");","lastModifiedDate":"2023-01-20"},{"lineNumber":187,"author":{"gitId":"anthea-pr0g"},"content":"","lastModifiedDate":"2023-01-20"},{"lineNumber":188,"author":{"gitId":"anthea-pr0g"},"content":"","lastModifiedDate":"2023-01-20"},{"lineNumber":189,"author":{"gitId":"-"},"content":"    }","lastModifiedDate":"2019-07-29"},{"lineNumber":190,"author":{"gitId":"-"},"content":"}","lastModifiedDate":"2019-07-29"},{"lineNumber":191,"author":{"gitId":"anthea-pr0g"},"content":"","lastModifiedDate":"2023-02-16"},{"lineNumber":192,"author":{"gitId":"anthea-pr0g"},"content":"","lastModifiedDate":"2023-02-16"}],"authorContributionMap":{"anthea-pr0g":183,"-":9}},{"path":"src/main/java/duke/Deadline.java","fileType":"java","lines":[{"lineNumber":1,"author":{"gitId":"anthea-pr0g"},"content":"package duke;","lastModifiedDate":"2023-02-08"},{"lineNumber":2,"author":{"gitId":"anthea-pr0g"},"content":"public class Deadline extends Task {","lastModifiedDate":"2023-01-28"},{"lineNumber":3,"author":{"gitId":"anthea-pr0g"},"content":"","lastModifiedDate":"2023-01-28"},{"lineNumber":4,"author":{"gitId":"anthea-pr0g"},"content":"    protected String by;","lastModifiedDate":"2023-01-28"},{"lineNumber":5,"author":{"gitId":"anthea-pr0g"},"content":"","lastModifiedDate":"2023-01-28"},{"lineNumber":6,"author":{"gitId":"anthea-pr0g"},"content":"    public Deadline(String description, String by) {","lastModifiedDate":"2023-01-28"},{"lineNumber":7,"author":{"gitId":"anthea-pr0g"},"content":"        super(description);","lastModifiedDate":"2023-01-28"},{"lineNumber":8,"author":{"gitId":"anthea-pr0g"},"content":"        this.by \u003d by;","lastModifiedDate":"2023-01-28"},{"lineNumber":9,"author":{"gitId":"anthea-pr0g"},"content":"    }","lastModifiedDate":"2023-01-28"},{"lineNumber":10,"author":{"gitId":"anthea-pr0g"},"content":"","lastModifiedDate":"2023-01-28"},{"lineNumber":11,"author":{"gitId":"anthea-pr0g"},"content":"    @Override","lastModifiedDate":"2023-01-28"},{"lineNumber":12,"author":{"gitId":"anthea-pr0g"},"content":"    public String toString() {","lastModifiedDate":"2023-01-28"},{"lineNumber":13,"author":{"gitId":"anthea-pr0g"},"content":"","lastModifiedDate":"2023-01-28"},{"lineNumber":14,"author":{"gitId":"anthea-pr0g"},"content":"        return \"[D]\" + super.toString() + \" (by: \" + by + \")\";","lastModifiedDate":"2023-01-28"},{"lineNumber":15,"author":{"gitId":"anthea-pr0g"},"content":"    }","lastModifiedDate":"2023-01-28"},{"lineNumber":16,"author":{"gitId":"anthea-pr0g"},"content":"}","lastModifiedDate":"2023-01-28"},{"lineNumber":17,"author":{"gitId":"anthea-pr0g"},"content":"","lastModifiedDate":"2023-01-28"}],"authorContributionMap":{"anthea-pr0g":17}},{"path":"src/main/java/duke/DukeException.java","fileType":"java","lines":[{"lineNumber":1,"author":{"gitId":"anthea-pr0g"},"content":"package duke;","lastModifiedDate":"2023-02-08"},{"lineNumber":2,"author":{"gitId":"anthea-pr0g"},"content":"public class DukeException extends Exception {","lastModifiedDate":"2023-02-08"},{"lineNumber":3,"author":{"gitId":"anthea-pr0g"},"content":"      }","lastModifiedDate":"2023-02-08"}],"authorContributionMap":{"anthea-pr0g":3}},{"path":"src/main/java/duke/Event.java","fileType":"java","lines":[{"lineNumber":1,"author":{"gitId":"anthea-pr0g"},"content":"package duke;","lastModifiedDate":"2023-02-08"},{"lineNumber":2,"author":{"gitId":"anthea-pr0g"},"content":"public class Event extends Task {","lastModifiedDate":"2023-01-28"},{"lineNumber":3,"author":{"gitId":"anthea-pr0g"},"content":"","lastModifiedDate":"2023-01-28"},{"lineNumber":4,"author":{"gitId":"anthea-pr0g"},"content":"    protected String from;","lastModifiedDate":"2023-01-28"},{"lineNumber":5,"author":{"gitId":"anthea-pr0g"},"content":"    protected String to;","lastModifiedDate":"2023-01-28"},{"lineNumber":6,"author":{"gitId":"anthea-pr0g"},"content":"","lastModifiedDate":"2023-01-28"},{"lineNumber":7,"author":{"gitId":"anthea-pr0g"},"content":"    public Event(String description, String from, String to) {","lastModifiedDate":"2023-01-28"},{"lineNumber":8,"author":{"gitId":"anthea-pr0g"},"content":"        super(description);","lastModifiedDate":"2023-01-28"},{"lineNumber":9,"author":{"gitId":"anthea-pr0g"},"content":"        this.from \u003d from;","lastModifiedDate":"2023-01-28"},{"lineNumber":10,"author":{"gitId":"anthea-pr0g"},"content":"        this.to\u003dto;","lastModifiedDate":"2023-01-28"},{"lineNumber":11,"author":{"gitId":"anthea-pr0g"},"content":"    }","lastModifiedDate":"2023-01-28"},{"lineNumber":12,"author":{"gitId":"anthea-pr0g"},"content":"","lastModifiedDate":"2023-01-28"},{"lineNumber":13,"author":{"gitId":"anthea-pr0g"},"content":"    @Override","lastModifiedDate":"2023-01-28"},{"lineNumber":14,"author":{"gitId":"anthea-pr0g"},"content":"    public String toString() {","lastModifiedDate":"2023-01-28"},{"lineNumber":15,"author":{"gitId":"anthea-pr0g"},"content":"","lastModifiedDate":"2023-01-28"},{"lineNumber":16,"author":{"gitId":"anthea-pr0g"},"content":"        return \"[E]\"+ super.toString()+ \" (from: \" + from +\"to: \" + to + \")\";","lastModifiedDate":"2023-01-28"},{"lineNumber":17,"author":{"gitId":"anthea-pr0g"},"content":"    }","lastModifiedDate":"2023-01-28"},{"lineNumber":18,"author":{"gitId":"anthea-pr0g"},"content":"}","lastModifiedDate":"2023-01-28"},{"lineNumber":19,"author":{"gitId":"anthea-pr0g"},"content":"","lastModifiedDate":"2023-01-28"}],"authorContributionMap":{"anthea-pr0g":19}},{"path":"src/main/java/duke/Task.java","fileType":"java","lines":[{"lineNumber":1,"author":{"gitId":"anthea-pr0g"},"content":"package duke;","lastModifiedDate":"2023-02-08"},{"lineNumber":2,"author":{"gitId":"anthea-pr0g"},"content":"public class Task {","lastModifiedDate":"2023-01-23"},{"lineNumber":3,"author":{"gitId":"anthea-pr0g"},"content":"        protected String description;","lastModifiedDate":"2023-01-23"},{"lineNumber":4,"author":{"gitId":"anthea-pr0g"},"content":"        protected boolean isDone;","lastModifiedDate":"2023-01-23"},{"lineNumber":5,"author":{"gitId":"anthea-pr0g"},"content":"","lastModifiedDate":"2023-01-23"},{"lineNumber":6,"author":{"gitId":"anthea-pr0g"},"content":"        public Task(String description) {","lastModifiedDate":"2023-01-23"},{"lineNumber":7,"author":{"gitId":"anthea-pr0g"},"content":"            this.description \u003d description;","lastModifiedDate":"2023-01-23"},{"lineNumber":8,"author":{"gitId":"anthea-pr0g"},"content":"            this.isDone \u003d false;","lastModifiedDate":"2023-01-23"},{"lineNumber":9,"author":{"gitId":"anthea-pr0g"},"content":"        }","lastModifiedDate":"2023-01-23"},{"lineNumber":10,"author":{"gitId":"anthea-pr0g"},"content":"","lastModifiedDate":"2023-01-23"},{"lineNumber":11,"author":{"gitId":"anthea-pr0g"},"content":"        public String getStatusIcon() {","lastModifiedDate":"2023-01-23"},{"lineNumber":12,"author":{"gitId":"anthea-pr0g"},"content":"            return (isDone ? \"X\" : \" \"); // mark done task with X","lastModifiedDate":"2023-01-23"},{"lineNumber":13,"author":{"gitId":"anthea-pr0g"},"content":"        }","lastModifiedDate":"2023-01-23"},{"lineNumber":14,"author":{"gitId":"anthea-pr0g"},"content":"","lastModifiedDate":"2023-01-23"},{"lineNumber":15,"author":{"gitId":"anthea-pr0g"},"content":"        public void markAsDone() {","lastModifiedDate":"2023-02-04"},{"lineNumber":16,"author":{"gitId":"anthea-pr0g"},"content":"            this.isDone\u003dtrue;","lastModifiedDate":"2023-01-23"},{"lineNumber":17,"author":{"gitId":"anthea-pr0g"},"content":"        }","lastModifiedDate":"2023-01-23"},{"lineNumber":18,"author":{"gitId":"anthea-pr0g"},"content":"        public void markAsUnDone() {","lastModifiedDate":"2023-02-04"},{"lineNumber":19,"author":{"gitId":"anthea-pr0g"},"content":"            this.isDone\u003dfalse;","lastModifiedDate":"2023-01-23"},{"lineNumber":20,"author":{"gitId":"anthea-pr0g"},"content":"        }","lastModifiedDate":"2023-01-23"},{"lineNumber":21,"author":{"gitId":"anthea-pr0g"},"content":"","lastModifiedDate":"2023-01-28"},{"lineNumber":22,"author":{"gitId":"anthea-pr0g"},"content":"        public String toString() {","lastModifiedDate":"2023-02-04"},{"lineNumber":23,"author":{"gitId":"anthea-pr0g"},"content":"            return \"[\"+ getStatusIcon() +\"] \" + description;","lastModifiedDate":"2023-01-28"},{"lineNumber":24,"author":{"gitId":"anthea-pr0g"},"content":"        }","lastModifiedDate":"2023-01-28"},{"lineNumber":25,"author":{"gitId":"anthea-pr0g"},"content":"","lastModifiedDate":"2023-01-28"},{"lineNumber":26,"author":{"gitId":"anthea-pr0g"},"content":"        public String File() {","lastModifiedDate":"2023-02-16"},{"lineNumber":27,"author":{"gitId":"anthea-pr0g"},"content":"            return description;","lastModifiedDate":"2023-02-16"},{"lineNumber":28,"author":{"gitId":"anthea-pr0g"},"content":"        }","lastModifiedDate":"2023-02-16"},{"lineNumber":29,"author":{"gitId":"anthea-pr0g"},"content":"","lastModifiedDate":"2023-02-16"},{"lineNumber":30,"author":{"gitId":"anthea-pr0g"},"content":"}","lastModifiedDate":"2023-01-23"},{"lineNumber":31,"author":{"gitId":"anthea-pr0g"},"content":"","lastModifiedDate":"2023-01-23"}],"authorContributionMap":{"anthea-pr0g":31}},{"path":"src/main/java/duke/Todo.java","fileType":"java","lines":[{"lineNumber":1,"author":{"gitId":"anthea-pr0g"},"content":"package duke;","lastModifiedDate":"2023-02-08"},{"lineNumber":2,"author":{"gitId":"anthea-pr0g"},"content":"public class Todo extends Task {","lastModifiedDate":"2023-01-28"},{"lineNumber":3,"author":{"gitId":"anthea-pr0g"},"content":"    protected int length;","lastModifiedDate":"2023-02-04"},{"lineNumber":4,"author":{"gitId":"anthea-pr0g"},"content":"","lastModifiedDate":"2023-01-28"},{"lineNumber":5,"author":{"gitId":"anthea-pr0g"},"content":"    public Todo(String description, int length) throws DukeException {","lastModifiedDate":"2023-02-04"},{"lineNumber":6,"author":{"gitId":"anthea-pr0g"},"content":"","lastModifiedDate":"2023-01-28"},{"lineNumber":7,"author":{"gitId":"anthea-pr0g"},"content":"        super(description);","lastModifiedDate":"2023-01-28"},{"lineNumber":8,"author":{"gitId":"anthea-pr0g"},"content":"        this.length\u003dlength;","lastModifiedDate":"2023-02-04"},{"lineNumber":9,"author":{"gitId":"anthea-pr0g"},"content":"","lastModifiedDate":"2023-01-28"},{"lineNumber":10,"author":{"gitId":"anthea-pr0g"},"content":"        if(length\u003c2) {","lastModifiedDate":"2023-02-04"},{"lineNumber":11,"author":{"gitId":"anthea-pr0g"},"content":"            throw new DukeException();","lastModifiedDate":"2023-02-04"},{"lineNumber":12,"author":{"gitId":"anthea-pr0g"},"content":"        }","lastModifiedDate":"2023-02-04"},{"lineNumber":13,"author":{"gitId":"anthea-pr0g"},"content":"    }","lastModifiedDate":"2023-01-28"},{"lineNumber":14,"author":{"gitId":"anthea-pr0g"},"content":"    @Override","lastModifiedDate":"2023-01-28"},{"lineNumber":15,"author":{"gitId":"anthea-pr0g"},"content":"    public String toString() {","lastModifiedDate":"2023-01-28"},{"lineNumber":16,"author":{"gitId":"anthea-pr0g"},"content":"        return \"[T]\"+ super.toString();","lastModifiedDate":"2023-01-28"},{"lineNumber":17,"author":{"gitId":"anthea-pr0g"},"content":"    }","lastModifiedDate":"2023-01-28"},{"lineNumber":18,"author":{"gitId":"anthea-pr0g"},"content":"}","lastModifiedDate":"2023-01-28"},{"lineNumber":19,"author":{"gitId":"anthea-pr0g"},"content":"","lastModifiedDate":"2023-01-28"}],"authorContributionMap":{"anthea-pr0g":19}}]
