{"authorDailyContributionsMap":{"anthea-pr0g":[{"date":"2023-01-17","commitResults":[{"hash":"e51cffacd2eb794fcba9d4e6741637f272f98395","messageTitle":"level-0","messageBody":"","tags":["Level-0"],"fileTypesAndContributionMap":{"java":{"insertions":10,"deletions":0}}}]},{"date":"2023-01-20","commitResults":[{"hash":"6b8c509d6fc9a66c37435a0382945c60d6cc0dfb","messageTitle":"Level-1","messageBody":"","fileTypesAndContributionMap":{"java":{"insertions":40,"deletions":3}}}]},{"date":"2023-01-23","commitResults":[{"hash":"b02bac3409dda0f0df89777b49fa13b472e0fc01","messageTitle":"Level-3","messageBody":"","tags":["Level-3","A-CodingStandard"],"fileTypesAndContributionMap":{"java":{"insertions":109,"deletions":5}}}]},{"date":"2023-01-28","commitResults":[{"hash":"6e6bc71456f6ea3bd3359be758e27f7194b4c358","messageTitle":"Level-4","messageBody":"","tags":["A-CodeQuality"],"fileTypesAndContributionMap":{"java":{"insertions":125,"deletions":50}}}]},{"date":"2023-02-04","commitResults":[{"hash":"79739c4fba9a98888ff712b78f39c3cb55c5330a","messageTitle":"Level-5","messageBody":"","tags":["Level-5","A-Exceptions"],"fileTypesAndContributionMap":{"java":{"insertions":100,"deletions":101}}}]},{"date":"2023-02-08","commitResults":[{"hash":"4dd39fc192f7d0929ff20d3c426a1e9b4c37bf10","messageTitle":"A-Package Excercise","messageBody":"","tags":["A-Package"],"fileTypesAndContributionMap":{"java":{"insertions":14,"deletions":15}}},{"hash":"42acc5c0564179e920eaf1351fccecdecb39cfcc","messageTitle":"branch-Level-6","messageBody":"","tags":["branch-Level-6","A-Collections"],"fileTypesAndContributionMap":{"java":{"insertions":31,"deletions":29}}}]},{"date":"2023-02-16","commitResults":[{"hash":"4ebb3d189dd602f3bb115f43c068bcf59c6cad0e","messageTitle":"Packages","messageBody":"","fileTypesAndContributionMap":{"java":{"insertions":80,"deletions":26}}},{"hash":"a3b23a1143858c2c5f705a16befcbc1f030213f0","messageTitle":"Resolved conflict for branch level 7","messageBody":"","tags":["A-Jar"],"fileTypesAndContributionMap":{"txt":{"insertions":0,"deletions":1},"java":{"insertions":1,"deletions":1}}}]},{"date":"2023-02-17","commitResults":[{"hash":"13fe27fdae9dbbab414f456eb49d2c11d723fc93","messageTitle":"Fixed Load file issue faced in tutorial","messageBody":"","fileTypesAndContributionMap":{"java":{"insertions":44,"deletions":8}}}]},{"date":"2023-02-24","commitResults":[{"hash":"f65b275326287b5f21be6db11a93d02ebdec828c","messageTitle":"A-MoreOOP","messageBody":"","tags":["A-MoreOOP"],"fileTypesAndContributionMap":{"java":{"insertions":430,"deletions":201}}}]},{"date":"2023-02-25","commitResults":[{"hash":"32c87ea8357bf21d15f7a67d98d29bb43bd0db5b","messageTitle":"Level-9","messageBody":"","fileTypesAndContributionMap":{"java":{"insertions":74,"deletions":31}}}]},{"date":"2023-02-26","commitResults":[{"hash":"14ee85436bb4636f00989e0a4ea393b14be41647","messageTitle":"A-JavaDoc","messageBody":"","tags":["A-JavaDoc"],"fileTypesAndContributionMap":{"java":{"insertions":203,"deletions":88}}},{"hash":"5d3e7a21a1984c775cb510594bf76231cb907174","messageTitle":"Update README.md","messageBody":"Features added","fileTypesAndContributionMap":{"md":{"insertions":109,"deletions":14}}},{"hash":"3fa26baa9365711fe645ab1e91730ba5464f7f3a","messageTitle":"Update README.md","messageBody":"formatting edited","fileTypesAndContributionMap":{"md":{"insertions":20,"deletions":7}}},{"hash":"e60a53ec5a5335ffe145eb28d2202c7bff4dc03b","messageTitle":"Update README.md","messageBody":"add bolded texts","fileTypesAndContributionMap":{"md":{"insertions":12,"deletions":12}}},{"hash":"87e437a0b301009e33e4329b53082a2817e305fa","messageTitle":"Update README.md","messageBody":"adding line breaks","fileTypesAndContributionMap":{"md":{"insertions":10,"deletions":1}}},{"hash":"cb7d5780adec7b62fdc1af35ef0a2f56fbace9ff","messageTitle":"Update README.md","messageBody":"last details","tags":["A-UserGuide"],"fileTypesAndContributionMap":{"md":{"insertions":1,"deletions":1}}},{"hash":"7c2efd7ced3dc2a37c262fa7f1ac1bae84e3f680","messageTitle":"Modified ProcessLine.java to not change task description to lowercase all the time","messageBody":"","fileTypesAndContributionMap":{"java":{"insertions":3,"deletions":3}}},{"hash":"c00ba23266ba05757637e83347fe99c6d6852932","messageTitle":"Fixing the appendtofile function and adding a error message","messageBody":"","fileTypesAndContributionMap":{"java":{"insertions":23,"deletions":17}}},{"hash":"b23314f16cc86625a557b3bb0f2a0f2245f141f8","messageTitle":"adding exceptions for deadline and event","messageBody":"","tags":["A-Release"],"fileTypesAndContributionMap":{"java":{"insertions":94,"deletions":20}}}]},{"date":"2023-02-28","commitResults":[{"hash":"733c0d9c84117ec37126246c8c3e49318184f586","messageTitle":"edited java docs","messageBody":"","fileTypesAndContributionMap":{"java":{"insertions":50,"deletions":23}}}]}]},"authorFileTypeContributionMap":{"anthea-pr0g":{"java":808,"md":123,"fxml":0,"sh":0,"bat":0,"gradle":0,"txt":0}},"authorContributionVariance":{"anthea-pr0g":17516.566},"authorDisplayNameMap":{"anthea-pr0g":"CS2113T-T09-4 ANTH.. YIP"}}
