[{"path":"src/main/java/Deadline.java","fileType":"java","lines":[{"lineNumber":1,"author":{"gitId":"BenjaminPoh"},"content":"public class Deadline extends Task{","lastModifiedDate":"2023-01-29"},{"lineNumber":2,"author":{"gitId":"BenjaminPoh"},"content":"    protected String by;","lastModifiedDate":"2023-01-29"},{"lineNumber":3,"author":{"gitId":"BenjaminPoh"},"content":"","lastModifiedDate":"2023-01-29"},{"lineNumber":4,"author":{"gitId":"BenjaminPoh"},"content":"    public Deadline(String description, String by) {","lastModifiedDate":"2023-01-29"},{"lineNumber":5,"author":{"gitId":"BenjaminPoh"},"content":"        super(description);","lastModifiedDate":"2023-01-29"},{"lineNumber":6,"author":{"gitId":"BenjaminPoh"},"content":"        this.by \u003d by;","lastModifiedDate":"2023-01-29"},{"lineNumber":7,"author":{"gitId":"BenjaminPoh"},"content":"    }","lastModifiedDate":"2023-01-29"},{"lineNumber":8,"author":{"gitId":"BenjaminPoh"},"content":"","lastModifiedDate":"2023-01-29"},{"lineNumber":9,"author":{"gitId":"BenjaminPoh"},"content":"    @Override","lastModifiedDate":"2023-01-29"},{"lineNumber":10,"author":{"gitId":"BenjaminPoh"},"content":"    public String toString() {","lastModifiedDate":"2023-01-29"},{"lineNumber":11,"author":{"gitId":"BenjaminPoh"},"content":"        return \"[D][\" + getComplete() + \"] \" + getTask() + \" (By: \" + by + \")\";","lastModifiedDate":"2023-01-29"},{"lineNumber":12,"author":{"gitId":"BenjaminPoh"},"content":"    }","lastModifiedDate":"2023-01-29"},{"lineNumber":13,"author":{"gitId":"BenjaminPoh"},"content":"}","lastModifiedDate":"2023-01-29"}],"authorContributionMap":{"BenjaminPoh":13}},{"path":"src/main/java/Duke.java","fileType":"java","lines":[{"lineNumber":1,"author":{"gitId":"BenjaminPoh"},"content":"import java.util.Scanner;","lastModifiedDate":"2023-01-24"},{"lineNumber":2,"author":{"gitId":"BenjaminPoh"},"content":"import java.util.ArrayList;","lastModifiedDate":"2023-01-24"},{"lineNumber":3,"author":{"gitId":"BenjaminPoh"},"content":"","lastModifiedDate":"2023-01-24"},{"lineNumber":4,"author":{"gitId":"-"},"content":"public class Duke {","lastModifiedDate":"2019-07-29"},{"lineNumber":5,"author":{"gitId":"BenjaminPoh"},"content":"","lastModifiedDate":"2023-01-24"},{"lineNumber":6,"author":{"gitId":"BenjaminPoh"},"content":"    public static void printErrorMessage() {","lastModifiedDate":"2023-01-26"},{"lineNumber":7,"author":{"gitId":"BenjaminPoh"},"content":"        System.out.println(","lastModifiedDate":"2023-01-26"},{"lineNumber":8,"author":{"gitId":"BenjaminPoh"},"content":"                \"⠀⠀⠀⠀⠀⠀⠀⠀⠀⠀⠀⠀⠀⠀⠀⠀⠀⠀⠀⠀⠀⠀⠀⠀⠀⠀⠀⠀⠀⠀⠀⠀⠀⠀⠀⠀⠀⠀⠀⠀⠀⠀⠀⠀⠀⠀⠀⠀⠀⠀⠀⠀⠀⠀⠀⠀⠀⠀⠀⠀⠀⠀⠀⠀⠀⠀⠀⠀⠀⢿⣇⠀⠀⠀⠀⠀⠀⠀⠀⠀⠀⠀⠀⠀⠀⠀⠀⠀\\n\" +","lastModifiedDate":"2023-01-26"},{"lineNumber":9,"author":{"gitId":"BenjaminPoh"},"content":"                \"⠀⠀⠀⠀⠀⠀⠀⠀⠀⠀⠀⠀⠀⠀⠀⠀⠀⠀⠀⠀⠀⠀⠀⠀⠀⠀⠀⠀⠀⠀⠀⠀⠀⠀⠀⠀⠀⠀⠀⠀⠀⠀⠀⠀⠀⠀⠀⠀⠀⠀⠀⠀⠀⠀⠀⠀⠰⣶⣆⠀⠀⠀⠀⠀⠀⠀⠀⠀⠀⠺⣟⣶⠀⠀⠀⠀⠀⠀⠀⠀⠀⠀⠀⠀⠀⠀⠀⠀\\n\" +","lastModifiedDate":"2023-01-24"},{"lineNumber":10,"author":{"gitId":"BenjaminPoh"},"content":"                \"⠀⠀⠀⠀⠀⠀⠀⠀⠀⠀⠀⠀⠀⠀⠀⠀⠀⠀⠀⠀⠀⠀⠀⠀⠀⠀⠀⠀⠀⠀⠀⠀⠀⠀⠀⠀⠀⠀⠀⠀⠀⠀⠀⠀⠀⠀⠀⠀⠀⠀⠀⠀⠀⠀⠀⠀⠀⢹⣿⣆⡀⠀⠀⠀⠀⠀⠀⠀⠀⠀⢹⡈⣇⠀⠀⠀⠀⠀⠀⠀⠀⠀⠀⠀⠀⠀⠀⠀\\n\" +","lastModifiedDate":"2023-01-24"},{"lineNumber":11,"author":{"gitId":"BenjaminPoh"},"content":"                \"⠀⠀⠀⠀⠀⠀⠀⠀⠀⠀⠀⠀⠀⠀⠀⠀⠀⠀⠀⠀⠀⠀⠀⠀⠀⠀⠀⠀⠀⠀⠀⠀⠀⠀⠀⠀⠀⠀⠀⠀⠀⠀⠀⠀⠀⠀⠀⠀⠀⠀⠀⠀⠀⠀⠀⠀⠀⠀⠘⢮⡻⣦⡀⠀⠀⠀⢀⣀⣀⣀⣘⡇⢸⡆⠀⠀⠀⠀⠀⠀⠀⠀⠀⠀⠀⠀⠀⠀\\n\" +","lastModifiedDate":"2023-01-24"},{"lineNumber":12,"author":{"gitId":"BenjaminPoh"},"content":"                \"⠀⠀⠀⠀⠀⠀⠀⠀⠀⠀⠀⠀⠀⠀⠀⠀⠀⠀⠀⠀⠀⠀⠀⠀⠀⠀⠀⠀⠀⠀⠀⠀⠀⠀⠀⠀⠀⠀⠀⠀⠀⠀⠀⠀⠀⠀⠀⠀⠀⠀⣀⣀⣴⣿⠃⠀⠀⠀⠀⠈⠳⣄⠙⠲⣴⡟⢋⣉⣭⣭⣭⣑⠲⢧⣀⠀⠀⠀⠀⠀⠀⠀⠀⠀⠀⠀⠀⠀\\n\" +","lastModifiedDate":"2023-01-24"},{"lineNumber":13,"author":{"gitId":"BenjaminPoh"},"content":"                \"⠀⠀⠀⠀⠀⠀⠀⠀⠀⠀⠀⠀⠀⠀⠀⠀⠀⠀⠀⠀⠀⠀⠀⠀⠀⠀⠀⠀⠀⠀⠀⠀⠀⠀⠀⠀⠀⠀⠀⠀⠀⢀⣀⡤⠶⠖⠛⠋⠉⠉⠉⣠⢃⠋⠉⠙⠒⠒⠲⠤⢤⣸⣦⣄⠈⠙⠲⢭⣻⢿⣿⣿⣷⢤⣝⢷⣄⠀⠀⠀⠀⠀⠀⠀⠀⠀⠀⠀\\n\" +","lastModifiedDate":"2023-01-24"},{"lineNumber":14,"author":{"gitId":"BenjaminPoh"},"content":"                \"⠀⠀⠀⠀⠀⠀⠀⠀⠀⠀⠀⠀⠀⠀⠀⠀⠀⠀⠀⠀⠀⠀⠀⠀⠀⠀⠀⠀⠀⠀⠀⠀⠀⠀⠀⠀⠀⠀⣀⡴⠞⠋⠁⠀⠀⠀⠀⡀⠀⠀⣴⠃⢸⠀⠀⠀⠀⠀⠀⢀⣀⠀⠉⠛⠷⣵⣀⠀⣸⡆⠙⣿⣿⣬⣿⣿⢻⣦⠀⠀⠀⠀⠀⠀⠀⠀⠀⠀\\n\" +","lastModifiedDate":"2023-01-24"},{"lineNumber":15,"author":{"gitId":"BenjaminPoh"},"content":"                \"⠀⠀⠀⠀⠀⠀⠀⠀⠀⠀⠀⠀⠀⠀⠀⠀⠀⠀⠀⠀⠀⠀⠀⠀⠀⠀⠀⠀⠀⠀⠀⠀⠀⠀⠀⢀⡴⠟⡩⠀⠀⠀⠀⠀⠀⠀⠀⠀⠀⠰⡑⠀⠘⠈⠁⠀⠀⠀⠀⠀⠀⠀⡉⠀⠀⢿⣿⣿⣿⣧⠀⡘⣟⠀⣼⠛⢿⣿⣆⠀⠀⠀⠀⠀⠀⠀⠀⠀\\n\" +","lastModifiedDate":"2023-01-24"},{"lineNumber":16,"author":{"gitId":"BenjaminPoh"},"content":"                \"⠀⠀⠀⠀⠀⠀⠀⠀⠀⠀⠀⠀⠀⠀⠀⠀⠀⠀⠀⠀⠀⠀⠀⠀⠀⠀⠀⠀⠀⠀⠀⠀⠀⢀⡴⠋⡠⠊⠀⠀⠀⠀⠀⠀⠀⠀⠀⠀⣤⠳⠀⠀⠀⠀⠀⠀⠀⠀⠀⠀⠀⠀⠀⠳⡄⠈⢿⣿⣿⣿⠀⠁⠘⣾⡏⠀⠀⢡⣍⣳⡄⠀⠀⠀⠀⠀⠀⠀\\n\" +","lastModifiedDate":"2023-01-24"},{"lineNumber":17,"author":{"gitId":"BenjaminPoh"},"content":"                \"⠀⠀⠀⠀⠀⠀⠀⠀⠀⠀⠀⠀⠀⠀⠀⠀⠀⠀⠀⠀⠀⠀⠀⠀⠀⠀⠀⠀⠀⠀⠀⠀⣴⠏⠀⢈⠎⠀⠀⠀⠀⠀⠀⠀⢀⠔⣡⠊⠇⠀⠀⠀⠃⠀⠀⠀⠀⠀⠀⠀⠀⠀⠀⠀⠈⠢⡀⢻⣿⣿⡇⠀⠀⠸⣿⣦⣄⠈⣿⣿⣿⡆⠀⠀⠀⠀⠀⠀\\n\" +","lastModifiedDate":"2023-01-24"},{"lineNumber":18,"author":{"gitId":"BenjaminPoh"},"content":"                \"⠀⠀⠀⠀⠀⠀⠀⠀⠀⠀⠀⠀⠀⠀⠀⠀⠀⠀⠀⠀⠀⠀⠀⠀⠀⠀⠀⠀⠀⠀⢀⡾⠃⢀⠔⠁⠀⠀⠀⠀⠀⠀⠀⠀⢁⡼⠁⡸⠀⠀⠀⠀⡆⠀⠀⠀⠀⠀⠀⠀⠀⠀⠀⠀⢆⠀⠘⡬⣿⣿⡇⠀⠀⠀⢿⠥⠤⢾⣿⡿⣿⣷⠄⠀⠀⠀⠀⠀\\n\" +","lastModifiedDate":"2023-01-24"},{"lineNumber":19,"author":{"gitId":"BenjaminPoh"},"content":"                \"⠀⠀⠀⠀⠀⠀⠀⠀⠀⠀⠀⠀⠀⠀⠀⠀⠀⠀⠀⠀⠀⠀⠀⠀⠀⠀⠀⠀⠀⢠⡟⠁⡰⠁⠀⠀⠀⠀⠀⠀⠀⠀⠀⣠⠏⠀⠀⡇⠀⠀⠀⠀⡇⠀⠀⠀⠀⠀⠀⠀⠀⠀⠀⠀⠈⣧⠀⢁⠸⣿⡇⠀⠀⠀⠘⠛⡿⡿⢿⣧⡽⢻⡆⠀⠀⠀⠀⠀\\n\" +","lastModifiedDate":"2023-01-24"},{"lineNumber":20,"author":{"gitId":"BenjaminPoh"},"content":"                \"⠀⠀⠀⠀⠀⠀⠀⠀⠀⠀⠀⠀⠀⠀⠀⠀⠀⠀⠀⠀⠀⠀⠀⠀⠀⣠⢶⠶⢒⢛⡦⢬⠀⠀⠀⠀⠀⠀⠀⠀⠀⠀⡰⢱⠀⠀⣦⡀⣠⣶⠗⠀⢇⢀⡆⠀⠀⠀⠀⠀⠀⠀⠀⠀⠀⢸⡆⠸⠀⣻⠇⠀⠀⡄⢸⣷⡓⠃⠶⢶⣿⣿⡆⠀⠀⠀⠀⠀\\n\" +","lastModifiedDate":"2023-01-24"},{"lineNumber":21,"author":{"gitId":"BenjaminPoh"},"content":"                \"⠀⠀⠀⠀⠀⠀⠀⠀⠀⠀⠀⠀⠀⠀⠀⠀⠀⠀⠀⠀⠀⠀⠀⠀⡴⠁⢸⡼⠀⣼⡿⡞⠀⠀⡀⠀⠀⠀⠀⠀⠀⡼⠁⠀⢣⠀⢸⠟⠉⠀⠀⠀⢸⡞⠀⠀⠀⠀⠀⠀⠀⠀⠀⠀⠀⠀⣿⡀⠀⠟⠀⠀⠠⠁⢸⣿⣝⡒⣖⣯⣿⣿⡇⠀⠀⠀⠀⠀\\n\" +","lastModifiedDate":"2023-01-24"},{"lineNumber":22,"author":{"gitId":"BenjaminPoh"},"content":"                \"⠀⠀⠀⠀⠀⠀⠀⠀⠀⠀⠀⠀⠀⠀⠀⠀⠀⠀⠀⠀⠀⠀⢠⣾⢠⣇⠸⡙⣠⡟⢠⠇⠀⠔⠉⠀⠀⠀⠀⠀⡜⠁⠀⠀⠈⣆⣘⣟⠁⠀⠀⠀⡼⠀⠀⣸⠀⠀⠀⠀⠀⠀⠀⠀⠀⢰⢱⣇⡼⠀⠀⠀⠀⣀⡜⠿⣿⣿⣿⣿⣿⣿⡇⠀⠀⠀⠀⠀\\n\" +","lastModifiedDate":"2023-01-24"},{"lineNumber":23,"author":{"gitId":"BenjaminPoh"},"content":"                \"⠀⠀⠀⠀⠀⠀⠀⠀⠀⠀⠀⠀⠀⠀⠀⠀⠀⠀⠀⠀⠀⠀⣼⡇⡌⡟⣆⢳⡝⠂⢸⠤⠒⠀⢀⠒⠦⣀⠀⡜⠀⠀⠀⠀⢰⠋⡇⡌⣦⡀⢀⢰⠃⠀⢀⡏⠀⠀⠀⠀⠀⠀⠀⠀⠀⢸⠈⢸⣷⣾⣿⣿⣿⣿⠀⠀⡎⢿⣿⡿⠛⠿⠃⠀⠀⠀⠀⠀\\n\" +","lastModifiedDate":"2023-01-24"},{"lineNumber":24,"author":{"gitId":"BenjaminPoh"},"content":"                \"⠀⠀⠀⠀⠀⠀⠀⠀⠀⠀⠀⠀⠀⠀⠀⠀⠀⠀⠀⠀⠀⠀⣿⡇⠃⡇⠀⣗⠻⡶⠁⡀⢐⠩⠀⠀⠂⠉⡶⠁⡰⠀⠀⢀⠄⠀⡇⠘⡏⠍⠊⢸⠀⠀⣸⠁⠀⠀⠀⠀⠀⠀⠀⠀⠀⢸⣷⢸⣾⣿⣿⣿⡟⠁⠀⢂⢱⠸⣦⡀⠀⠀⠀⠀⠀⠀⠀⠀\\n\" +","lastModifiedDate":"2023-01-24"},{"lineNumber":25,"author":{"gitId":"BenjaminPoh"},"content":"                \"⠀⠀⠀⠀⠀⠀⠀⠀⠀⠀⠀⠀⠀⠀⠀⠀⠀⠀⠀⠀⠀⠀⠸⡝⠄⠱⣸⡎⢀⡧⢪⠞⠁⠀⠀⠀⠱⢰⠁⣰⠇⠀⠰⠁⡠⠁⡇⢸⠀⠀⠀⢸⠀⢀⠇⡄⠀⠀⠀⠀⠀⠀⠀⠀⠀⢸⣿⢸⠙⠛⠟⡇⠀⠀⠀⠈⡌⡼⢌⢷⠀⠀⠀⠀⠀⠀⠀⠀\\n\" +","lastModifiedDate":"2023-01-24"},{"lineNumber":26,"author":{"gitId":"BenjaminPoh"},"content":"                \"⠀⠀⠀⠀⠀⠀⠀⠀⠀⠀⠀⠀⠀⠀⠀⠀⠀⠀⠀⠀⠀⠀⠀⢻⡄⢀⡿⡄⠎⣷⠙⢄⢆⠀⠀⠀⣠⠇⣰⠟⠀⠀⠀⠰⠁⣸⠻⢸⠒⠢⢤⣼⠀⡘⠀⢣⠀⠘⡀⠀⠀⠀⠀⠀⢰⢸⢹⡇⠀⢠⠀⠃⠀⠀⢠⠀⢡⠇⢸⣿⡆⠀⠀⠀⠀⠀⠀⠀\\n\" +","lastModifiedDate":"2023-01-24"},{"lineNumber":27,"author":{"gitId":"BenjaminPoh"},"content":"                \"⠀⠀⠀⠀⠀⠀⠀⠀⠀⠀⠀⠀⠀⠀⠀⠀⠀⠀⠀⠀⠀⠀⠀⠈⣿⢠⢤⣼⠗⠁⠑⣤⡍⠊⠤⠤⡏⡔⣽⠀⠀⠀⠀⠇⡰⠃⠀⢻⡄⠀⠀⠈⡄⡿⠂⢌⣆⠀⣧⠀⢀⠀⠀⠀⢸⣼⢸⠇⡀⢸⠀⢸⠀⠀⠀⠀⠸⠸⢞⣹⣿⡀⠀⠀⠀⠀⠀⠀\\n\" +","lastModifiedDate":"2023-01-24"},{"lineNumber":28,"author":{"gitId":"BenjaminPoh"},"content":"                \"⠀⠀⠀⠀⠀⠀⠀⠀⠀⠀⠀⠀⠀⠀⠀⠀⠀⠀⠀⠀⠀⠀⠀⣸⠃⡟⡞⡈⠅⠒⣾⣿⡗⠚⠁⢀⡞⡼⠇⢘⡀⠀⢰⡰⠁⠀⠨⠤⠕⣀⡀⢸⠐⣇⠑⢄⠙⠓⠏⠢⡈⡆⠀⠀⣾⡟⡹⠉⡟⢙⡇⢸⠀⠀⠀⠀⡄⡇⠈⡏⢸⠇⠀⠀⠀⠀⠀⠀\\n\" +","lastModifiedDate":"2023-01-24"},{"lineNumber":29,"author":{"gitId":"BenjaminPoh"},"content":"                \"⠀⠀⠀⠀⠀⠀⠀⠀⠀⠀⠀⠀⠀⠀⠀⠀⠀⠀⠀⠀⠀⠀⢠⠏⠀⢰⠱⢰⠀⣼⣿⣽⣧⢀⣇⠸⢰⠃⡇⣸⠘⠄⢸⣁⠀⠀⠀⠀⠀⠀⠈⠑⡆⠈⠢⠈⠀⠁⠒⠠⡈⠚⡶⠄⡸⠁⠃⡰⣡⣟⢱⡾⠀⠀⠀⠀⡇⡇⣈⠇⣼⠃⠀⠀⠀⠀⠀⠀\\n\" +","lastModifiedDate":"2023-01-24"},{"lineNumber":30,"author":{"gitId":"BenjaminPoh"},"content":"                \"⠀⠀⠀⠀⠀⠀⠀⠀⠀⠀⠀⠀⠀⠀⠀⠀⠀⠀⠀⠀⠀⢀⡟⠀⢰⡏⠀⡸⡺⡟⣿⣿⣿⡼⢹⠀⡏⠀⢰⢷⣆⠀⢸⡟⠛⠿⢷⣶⣶⣦⣤⣤⡄⠀⠀⠀⠀⠀⠀⠀⠙⠈⠀⡖⠂⠐⠂⢱⠇⠤⢠⡇⢀⢠⢰⠀⠁⣇⣝⣴⠇⠀⠀⠀⠀⠀⠀⠀\\n\" +","lastModifiedDate":"2023-01-24"},{"lineNumber":31,"author":{"gitId":"BenjaminPoh"},"content":"                \"⠀⠀⠀⠀⠀⠀⠀⠀⠀⠀⠀⠀⠀⠀⠀⠀⠀⠀⠀⠀⢀⣼⠁⡀⢸⠁⠀⢱⢹⣿⣧⣿⢿⢳⠀⢠⠘⡄⠀⢸⡏⠦⡀⢯⠀⢸⣿⢿⣿⢿⣿⡏⠉⠂⠀⠀⠀⠀⠀⠀⠀⠀⢈⣠⣤⣀⣀⣁⣀⡀⢀⠃⡌⠘⠀⠀⢠⣿⡟⠁⠀⠀⠀⠀⠀⠀⠀⠀\\n\" +","lastModifiedDate":"2023-01-24"},{"lineNumber":32,"author":{"gitId":"BenjaminPoh"},"content":"                \"⠀⠀⠀⠀⠀⠀⠀⠀⠀⠀⠀⠀⠀⠀⠀⠀⠀⠀⠀⠀⢸⠇⠀⠀⠇⠀⢀⠇⢸⣿⣿⢻⠘⣷⣷⡄⠀⢰⢠⡈⡃⢀⠈⠙⠓⠚⠿⠦⠾⠽⠊⠀⠀⠀⠀⠀⠀⠀⠀⠀⠀⠀⠙⢛⣻⣿⣿⣿⠟⣿⠾⡸⠀⠀⢰⠀⢸⣿⣷⠀⠀⠀⠀⠀⠀⠀⠀⠀\\n\" +","lastModifiedDate":"2023-01-24"},{"lineNumber":33,"author":{"gitId":"BenjaminPoh"},"content":"                \"⠀⠀⠀⠀⠀⠀⠀⠀⠀⠀⠀⠀⠀⠀⠀⠀⠀⠀⠀⠀⡿⢀⠀⠀⡀⠀⣼⡴⠈⠛⠛⠦⠤⡼⣼⠃⠀⠈⡇⠀⢸⠀⠑⠄⠀⠀⠀⠀⠀⠀⠀⠀⠀⠀⠀⠀⠀⠀⠀⠀⠀⠀⠀⠸⣟⣿⢽⣻⠀⢡⡷⠁⠃⠀⠀⠀⢸⣻⢻⡀⠀⠀⠀⠀⠀⠀⠀⠀\\n\" +","lastModifiedDate":"2023-01-24"},{"lineNumber":34,"author":{"gitId":"BenjaminPoh"},"content":"                \"⠀⠀⠀⠀⠀⠀⠀⠀⠀⠀⠀⠀⠀⠀⠀⠀⠀⠀⠀⢰⠇⡎⠀⠀⡇⣴⡏⠀⠀⠀⠀⠀⢰⢠⡿⠀⠀⠀⢷⠀⢸⠀⠀⠀⠀⠀⠀⠀⠀⠀⠀⠀⠀⠀⠀⠀⠀⠀⠀⠀⠀⠀⠀⠀⠀⠉⠋⠁⠀⡞⢡⢰⠀⠀⠀⠀⢸⡙⣿⡇⠀⠀⠀⠀⠀⠀⠀⠀\\n\" +","lastModifiedDate":"2023-01-24"},{"lineNumber":35,"author":{"gitId":"BenjaminPoh"},"content":"                \"⠀⠀⠀⠀⠀⠀⠀⠀⠀⠀⠀⠀⠀⠀⠀⠀⠀⠀⠀⢸⢰⡅⠀⠀⣧⠋⠀⠀⠀⠀⠀⠀⠘⣜⡇⠀⠀⠰⢸⢁⢀⡀⠀⠀⠀⠀⠀⠀⠀⠀⠀⠀⠀⠀⠀⠀⠀⠀⠀⠀⠀⠀⠀⠀⠀⠀⠀⠀⣼⣴⢣⠃⠀⠀⠀⠀⡎⣿⡍⣧⠀⠀⠀⠀⠀⠀⠀⠀\\n\" +","lastModifiedDate":"2023-01-24"},{"lineNumber":36,"author":{"gitId":"BenjaminPoh"},"content":"                \"⠀⠀⠀⠀⠀⠀⠀⠀⠀⠀⠀⠀⠀⠀⠀⠀⠀⠀⠀⢸⢸⡇⠀⠀⡇⠀⠀⠀⠀⠀⠀⠀⢴⢹⡇⣲⠀⠀⠃⢸⡀⢇⠀⠀⠀⠀⠀⠀⠀⠀⠀⠀⠀⠀⠀⠀⠀⠀⠀⠀⠀⠀⠀⠀⠀⠀⠴⠛⡿⣷⠃⠀⢰⠀⡇⠀⡇⢿⣿⣿⠀⠀⠀⠀⠀⠀⠀⠀\\n\" +","lastModifiedDate":"2023-01-24"},{"lineNumber":37,"author":{"gitId":"BenjaminPoh"},"content":"                \"⠀⠀⠀⠀⠀⠀⠀⠀⠀⠀⠀⠀⠀⠀⠀⠀⠀⠀⠀⢸⡌⢱⠀⠀⠇⠀⠀⠀⠀⠀⡀⠀⡇⢸⢇⣿⣧⠀⠀⠇⢣⠘⡄⠀⠀⠀⠀⠀⠀⠀⠀⠀⠀⠒⠒⠒⠒⠂⠄⠀⠀⠀⠀⠀⠀⠀⢀⡟⡽⠙⠀⠀⣾⠀⡇⢀⠓⢻⠉⡿⠀⠀⠀⠀⠀⠀⠀⠀\\n\" +","lastModifiedDate":"2023-01-24"},{"lineNumber":38,"author":{"gitId":"BenjaminPoh"},"content":"                \"⠀⠀⠀⠀⠀⠀⠀⠀⠀⠀⠀⠀⠀⠀⠀⠀⠀⠀⢠⠿⢳⢟⡆⠄⠀⠀⠀⠀⠀⣠⠃⢰⠁⡎⢸⡏⠻⣣⡀⠘⡈⠑⢜⣦⣀⠀⠀⠀⠀⠀⠀⠀⠀⠀⠀⠀⠀⠀⠀⠀⠀⠀⠀⠀⠀⡠⡎⠈⠀⠇⢀⠴⠿⠤⠧⠼⠠⠼⠀⠳⠤⠤⠤⢤⣄⠀⠀⠀\\n\" +","lastModifiedDate":"2023-01-24"},{"lineNumber":39,"author":{"gitId":"BenjaminPoh"},"content":"                \"⠀⠀⠀⠀⠀⠀⠀⠀⠀⠀⠀⠀⠀⠀⠀⠀⠀⣴⢏⣴⣿⡏⠘⡄⢠⠀⠀⠀⡴⣿⠀⡼⡆⢰⠈⣇⠀⠙⢕⢄⠘⡆⠘⡝⠢⢑⠢⣄⠀⠀⠀⠀⠀⠀⠀⠀⠀⠀⠀⠀⠀⢀⡠⠒⠉⢠⠁⠂⠄⢀⢃⡎⠀⠀⠈⠉⠉⠉⠉⠉⠉⠉⠉⠁⡿⠀⠀⠀\\n\" +","lastModifiedDate":"2023-01-24"},{"lineNumber":40,"author":{"gitId":"BenjaminPoh"},"content":"                \"⠀⠀⠀⠀⠀⠀⠀⠀⠀⠀⠀⠀⠀⠀⠀⢀⡾⣣⡾⣿⠟⣧⠀⠈⡄⡆⠀⡞⢰⣿⠀⠃⢱⠸⡄⡁⠑⣼⢠⠹⣷⣜⢆⢳⠀⠀⠀⠀⠈⠒⠤⣀⠀⠀⠀⠀⠀⢀⡠⠔⠈⠀⠀⠀⠀⡎⠀⣸⢀⠇⡜⠀⠀⠀⠀⠀⠀⠀⠀⠀⠀⠀⠀⣼⠁⠀⠀⠀\\n\" +","lastModifiedDate":"2023-01-24"},{"lineNumber":41,"author":{"gitId":"BenjaminPoh"},"content":"                \"⠀⠀⠀⠀⠀⠀⠀⠀⠀⠀⠀⠀⠀⠀⣰⢋⣾⠋⣰⠏⠀⠘⣆⢰⠉⢿⡞⠀⣾⣿⠀⠀⣤⠀⣿⡇⢠⠈⡗⢵⠀⠛⠣⣙⢄⡀⠀⠀⠀⠀⠀⠀⠉⠒⠤⡖⠊⠁⠀⠀⠀⠀⠀⠀⡰⢠⢀⡇⡞⡰⠀⠀⣰⣶⣶⣶⣶⣶⣶⣶⣾⣿⣷⠇⠀⠀⠀⠀\\n\" +","lastModifiedDate":"2023-01-24"},{"lineNumber":42,"author":{"gitId":"BenjaminPoh"},"content":"                \"⠀⠀⠀⠀⠀⠀⠀⠀⠀⠀⠀⠀⣠⢞⡵⠟⠁⣰⠏⠀⠀⠀⠈⡟⠀⡼⠛⢠⡏⢹⠀⠀⢿⡄⡇⠱⠀⢆⢣⠀⢠⠀⠀⠀⡏⠉⠂⠀⠀⠀⠀⠀⠀⠀⢸⡀⠀⠀⠀⠀⡆⠀⠀⢀⢣⠃⡼⣰⢁⠃⠀⠀⠿⠿⠟⠛⠛⠛⠛⠛⠛⢻⡏⠀⠀⠀⠀⠀\\n\" +","lastModifiedDate":"2023-01-24"},{"lineNumber":43,"author":{"gitId":"BenjaminPoh"},"content":"                \"⠀⠀⠀⠀⠀⠀⠀⠀⠀⠀⢀⡼⢫⡞⠁⠀⣰⠏⠀⠀⠀⠀⣸⡇⢠⡇⠀⢸⡇⢸⡀⠀⢸⡇⡇⠀⠀⠈⠘⡇⢸⣆⣀⣤⡇⠀⠀⠀⠀⠀⠀⠀⠀⠀⢸⣇⠀⠀⠀⢠⡇⠀⠀⠘⠀⡰⢡⠃⡈⠀⠀⠀⠀⠀⠀⠀⠀⠀⠀⠀⢀⡟⠀⠀⠀⠀⠀⠀\\n\" +","lastModifiedDate":"2023-01-24"},{"lineNumber":44,"author":{"gitId":"BenjaminPoh"},"content":"                \"⠀⠀⠀⠀⠀⠀⠀⠀⢀⣴⢋⡴⠋⠀⠀⣰⠏⠀⠀⠀⠀⢠⡏⢧⢀⣄⠠⠾⠓⠚⠣⠤⠼⣿⡇⠀⠀⠀⠀⢻⣿⣿⣿⣿⡇⠀⠀⠀⠀⠀⠀⠀⠀⠀⣸⣿⡀⠀⠀⣸⡇⠀⠀⠂⢠⢗⡝⡰⠀⠀⠀⠀⠀⠀⠀⠀⠀⠀⠀⠀⡾⠁⠀⠀⠀⠀⠀⠀\\n\" +","lastModifiedDate":"2023-01-24"},{"lineNumber":45,"author":{"gitId":"BenjaminPoh"},"content":"                \"⠀⠀⠀⠀⠀⠀⠀⣠⠞⣡⠞⠁⠀⠀⢠⠟⠀⠀⠀⠀⢀⡞⢀⡼⠊⠁⠀⠀⠀⠀⠀⠀⠀⠀⢧⠀⠀⠀⠀⢜⣿⣿⣿⡇⠏⠀⠀⠀⠀⠀⠀⠀⠀⠀⢹⣿⣿⣷⣦⣿⡇⠀⠀⡄⣆⡸⠤⠧⠀⠀⠀⠀⢀⣀⠀⠀⠀⠀⠀⣰⠃⠀⠀⠀⠀⠀⠀⠀\\n\" +","lastModifiedDate":"2023-01-24"},{"lineNumber":46,"author":{"gitId":"BenjaminPoh"},"content":"                \"⠀⠀⣀⡴⠚⠋⡻⠋⡴⢯⣀⠀⠀⢰⠏⠀⠀⠀⠀⠄⡞⡠⠋⠀⠀⠀⠀⠀⠀⠀⠀⠀⠀⠀⢸⠀⠀⠀⠀⠀⢻⣿⣿⣧⠀⠀⠀⠀⠀⠀⠀⠀⠀⠀⠀⣿⣿⣿⣿⣿⡗⠤⣀⣙⣿⢓⢤⣀⠀⠀⠀⠀⠀⠀⠑⢄⠀⠀⢠⡏⠀⠀⠀⠀⠀⠀⠀⠀\\n\" +","lastModifiedDate":"2023-01-24"},{"lineNumber":47,"author":{"gitId":"BenjaminPoh"},"content":"                \"⢀⠾⠃⠀⣠⠎⢀⠞⠀⠀⠙⣿⣿⠏⠀⠀⠀⢀⠎⡜⡰⠁⠀⠀⠀⠀⠀⠀⠀⠀⠀⠀⠀⠀⠀⠆⠀⠀⠀⠀⠘⣿⣿⣿⣇⠀⠀⠀⠀⠀⠀⠀⠀⠀⠀⣿⣿⣿⣿⣿⣧⡀⠄⢊⠃⡜⠀⢀⢉⣑⣒⡒⠒⣄⠀⠈⠳⣀⡾⠀⠀⠀⠀⠀⠀⠀⠀⠀\\n\" +","lastModifiedDate":"2023-01-24"},{"lineNumber":48,"author":{"gitId":"BenjaminPoh"},"content":"                \"⠃⠀⢀⠜⠁⡰⠁⠀⠀⠀⢠⣿⠏⠀⠀⠀⢠⠊⣰⠙⠀⠀⠀⠀⠀⠀⠀⠀⠀⠀⠀⠀⠀⠀⠀⠠⡈⡠⡀⠀⠀⢻⣿⣿⣿⣆⠀⠀⠀⠀⠀⠀⠀⠀⢠⣿⣿⣿⠿⠛⠉⢀⠸⡁⠀⠁⠀⠀⠀⠀⠀⠈⠑⠾⣗⢄⡀⠙⢷⡀⠀⠀⠀⠀⠀⠀⠀⠀\\n\" +","lastModifiedDate":"2023-01-24"},{"lineNumber":49,"author":{"gitId":"BenjaminPoh"},"content":"                \"⣄⣠⠂⣠⠊⠀⠀⢀⣀⣤⣿⢯⠀⠀⠀⢠⠃⢠⣿⠀⠀⠀⠀⠀⠀⠀⠀⠀⠀⠀⠀⠀⠀⠀⠀⠀⣷⡀⢈⠀⠑⣼⣿⣿⣿⣿⡄⠀⠀⠀⠀⠀⠀⢀⠼⠛⠉⣀⠠⢐⣨⣴⢺⡹⣉⣐⣒⣒⠒⠒⢦⣄⡀⠀⠈⠓⢌⡒⢄⠹⣦⡀⠀⠀⠀⠀⠀⠀\\n\" +","lastModifiedDate":"2023-01-24"},{"lineNumber":50,"author":{"gitId":"BenjaminPoh"},"content":"                \"⡜⠁⣴⡥⠶⠛⠋⠉⠙⣿⠃⠃⠀⠀⢀⠃⢠⣿⠃⠀⠀⠀⠀⠀⠀⠀⠀⠀⠀⢀⠀⠀⠀⠀⠀⢴⣿⣷⡀⢢⠐⢌⠛⢿⣿⣿⣿⡄⠀⠀⠀⢀⠔⠁⠀⣀⣀⠀⠉⠻⢿⣿⠏⣦⡀⠀⠀⠀⠀⠉⠒⢽⡪⣢⢀⠀⠀⠉⠚⠀⡆⠙⣦⡀⠀⠀⠀⠀\\n\" +","lastModifiedDate":"2023-01-24"},{"lineNumber":51,"author":{"gitId":"BenjaminPoh"},"content":"                \"⢀⣼⣿⠁⠀⠀⠀⠀⣼⠃⣶⣶⣶⣤⣦⣄⣞⣆⠀⠀⠀⠀⠀⠀⠀⠀⠀⠀⢀⠎⠀⠀⠀⢀⢊⣿⣿⣿⣷⡀⡆⠀⢈⣷⣾⣿⣿⣿⡄⠀⡰⠁⠀⠀⠀⠉⠒⠤⡉⠀⠐⢹⡸⣇⠙⠓⠢⢤⣤⢀⡀⠀⠈⠙⠿⣷⠀⠀⠀⠀⡇⠀⠸⣿⢷⣤⣦⣤\\n\" +","lastModifiedDate":"2023-01-24"},{"lineNumber":52,"author":{"gitId":"BenjaminPoh"},"content":"                \"⣾⠟⠁⠀⠀⠀⠀⣼⢃⣀⣿⣿⣿⣿⣿⣿⣿⣿⣿⣷⣶⣤⣄⣀⠀⠀⠀⢀⠎⠀⠀⠀⠀⢠⣾⣿⣿⣿⣿⣧⣿⠀⣸⣿⣿⣿⣿⣿⣿⠞⠀⠀⠀⠈⠪⡁⠐⠒⢘⡄⠀⣧⢃⣈⣢⣄⠀⠀⠈⠑⠪⣶⣤⣄⡀⠀⠀⠀⠀⢠⣅⠀⠀⣿⣆⠙⢿⣿\\n\" +","lastModifiedDate":"2023-01-24"},{"lineNumber":53,"author":{"gitId":"BenjaminPoh"},"content":"                \"⠁⠀⠀⠀⠀⠀⣼⠃⣼⣿⣿⣿⣿⣿⣿⣿⣿⣿⣿⣿⣿⣿⣿⣿⣿⣷⣶⣤⣄⡀⠀⠀⢠⣾⣿⣿⣿⣿⣿⣿⣿⣧⣿⣿⣿⣿⣿⣿⠏⠀⠀⢀⡤⠄⣀⣈⡆⠀⢸⢀⡼⠀⠀⢀⣴⡙⡏⠢⣄⡀⠀⠀⠉⠓⠞⠀⠀⠀⢀⡟⠉⠻⣶⣿⣿⡆⠈⢿\\n\" +","lastModifiedDate":"2023-01-24"},{"lineNumber":54,"author":{"gitId":"BenjaminPoh"},"content":"                \"⠀⠀⠀⠀⠀⣼⢃⢠⣿⣿⣿⣿⣿⣿⣿⣿⠿⣟⣿⣿⣿⣿⠿⣿⣿⣿⣿⣿⣿⣿⣿⣶⣿⣿⣿⣿⣿⣿⣿⣿⣿⣿⣿⣿⣿⣿⣿⠏⠀⠀⢠⠧⣟⠳⠂⣠⠇⠒⠉⠉⠀⢀⣴⣿⣿⣷⡆⣴⠀⢉⣗⡠⠀⠀⠀⠀⠀⣰⡏⠀⠀⢀⣙⣿⣿⣿⡀⠈\\n\" +","lastModifiedDate":"2023-01-24"},{"lineNumber":55,"author":{"gitId":"BenjaminPoh"},"content":"                \"⠀⠀⠀⠀⣼⠃⢌⣼⣿⣿⣿⣿⠿⣛⣭⣶⣿⡿⠟⢋⣭⣶⣿⣿⣿⣿⣿⣿⣿⣿⣿⣿⣿⣿⣿⣿⣿⣿⣿⣿⣿⣿⣿⣿⣿⣿⡟⠀⠀⠀⠈⡄⠈⠉⠙⠁⠀⠀⠀⠀⣠⣾⣿⣿⣿⣿⣎⢸⢔⠝⠉⠀⠀⠀⠀⠀⠰⣙⣷⣶⣿⣿⣿⣿⣿⣿⣷⣀\\n\" +","lastModifiedDate":"2023-01-24"},{"lineNumber":56,"author":{"gitId":"BenjaminPoh"},"content":"                \"⠀⠀⠀⣼⣃⣴⣿⡿⠟⣋⣥⣶⣿⡿⠟⣋⣥⣶⣿⣷⣝⠻⣿⣿⣿⣿⣿⣿⣿⣿⣿⣿⣿⣿⣿⣿⣿⣿⣿⣿⣿⣿⣿⣿⣿⣿⠁⠀⠀⠀⠀⠃⡜⠀⠀⠀⠀⠀⣠⣶⣿⣿⣿⣿⣿⣿⣿⡦⠂⠀⠀⠀⠀⠀⠀⣠⣿⣿⣿⣿⣿⣿⣿⣿⣼⣿⣿⡟\\n\" +","lastModifiedDate":"2023-01-24"},{"lineNumber":57,"author":{"gitId":"BenjaminPoh"},"content":"                \"⠀⠀⣼⣿⡿⣛⣭⣶⣿⡿⢟⣫⣵⣶⣿⣿⣿⣿⣿⣿⣿⣷⣌⠻⣿⣿⣿⣿⣿⣿⣿⣿⣿⣿⣿⣿⣿⣿⣿⣿⣿⣿⣿⣿⣿⡇⠀⠀⠀⠀⠀⡰⠁⠀⠀⢀⣤⣾⣿⣿⣿⣿⣿⣿⣿⣿⣿⡇⠀⠀⠀⠀⠀⠀⡰⠙⣿⣿⣿⣿⣿⣿⣿⣿⣿⣿⠀⠀\\n\" +","lastModifiedDate":"2023-01-24"},{"lineNumber":58,"author":{"gitId":"BenjaminPoh"},"content":"                \"⠀⣼⡿⣻⣾⣿⡿⢛⣥⣾⣿⣿⣿⣿⣿⠿⣋⣴⡙⣿⣿⣿⣿⣷⣍⠻⣿⣿⣿⣿⣿⣿⣿⣿⣿⣿⣿⣿⣿⣿⣿⣿⣿⣿⡿⠀⠀⠀⠀⠀⠘⠁⠀⣤⣾⣿⣿⣿⣿⣿⣿⣿⣿⣿⣿⣿⣿⣿⡀⠀⠀⠀⠀⠰⠁⠀⠹⣿⣿⣿⣿⣿⣧⣽⣿⢸⠀\");","lastModifiedDate":"2023-01-24"},{"lineNumber":59,"author":{"gitId":"BenjaminPoh"},"content":"    }","lastModifiedDate":"2023-01-24"},{"lineNumber":60,"author":{"gitId":"BenjaminPoh"},"content":"","lastModifiedDate":"2023-01-24"},{"lineNumber":61,"author":{"gitId":"BenjaminPoh"},"content":"    public static String[] processInputMessage(Scanner in) {","lastModifiedDate":"2023-01-29"},{"lineNumber":62,"author":{"gitId":"BenjaminPoh"},"content":"        String input \u003d in.nextLine();","lastModifiedDate":"2023-01-29"},{"lineNumber":63,"author":{"gitId":"BenjaminPoh"},"content":"        String[] newInput \u003d input.split(\" \", 2);","lastModifiedDate":"2023-01-29"},{"lineNumber":64,"author":{"gitId":"BenjaminPoh"},"content":"        return newInput;","lastModifiedDate":"2023-01-29"},{"lineNumber":65,"author":{"gitId":"BenjaminPoh"},"content":"    }","lastModifiedDate":"2023-01-29"},{"lineNumber":66,"author":{"gitId":"BenjaminPoh"},"content":"","lastModifiedDate":"2023-01-29"},{"lineNumber":67,"author":{"gitId":"BenjaminPoh"},"content":"    public static String[] processEventMessage(String input) {","lastModifiedDate":"2023-01-29"},{"lineNumber":68,"author":{"gitId":"BenjaminPoh"},"content":"        String[] eventArray \u003d new String[3];","lastModifiedDate":"2023-01-29"},{"lineNumber":69,"author":{"gitId":"BenjaminPoh"},"content":"        String[] inputArray \u003d input.split(\" /from \", 2);","lastModifiedDate":"2023-01-29"},{"lineNumber":70,"author":{"gitId":"BenjaminPoh"},"content":"        if(inputArray.length \u003d\u003d 1) {","lastModifiedDate":"2023-01-29"},{"lineNumber":71,"author":{"gitId":"BenjaminPoh"},"content":"            eventArray[0] \u003d \"\";","lastModifiedDate":"2023-01-29"},{"lineNumber":72,"author":{"gitId":"BenjaminPoh"},"content":"            return eventArray;","lastModifiedDate":"2023-01-29"},{"lineNumber":73,"author":{"gitId":"BenjaminPoh"},"content":"        }","lastModifiedDate":"2023-01-29"},{"lineNumber":74,"author":{"gitId":"BenjaminPoh"},"content":"        eventArray[0] \u003d inputArray[0];","lastModifiedDate":"2023-01-29"},{"lineNumber":75,"author":{"gitId":"BenjaminPoh"},"content":"        inputArray \u003d inputArray[1].split(\" /to \", 2);","lastModifiedDate":"2023-01-29"},{"lineNumber":76,"author":{"gitId":"BenjaminPoh"},"content":"        if(inputArray.length \u003d\u003d 1) {","lastModifiedDate":"2023-01-29"},{"lineNumber":77,"author":{"gitId":"BenjaminPoh"},"content":"            eventArray[0] \u003d \"\";","lastModifiedDate":"2023-01-29"},{"lineNumber":78,"author":{"gitId":"BenjaminPoh"},"content":"            return eventArray;","lastModifiedDate":"2023-01-29"},{"lineNumber":79,"author":{"gitId":"BenjaminPoh"},"content":"        }","lastModifiedDate":"2023-01-29"},{"lineNumber":80,"author":{"gitId":"BenjaminPoh"},"content":"        eventArray[1] \u003d inputArray[0];","lastModifiedDate":"2023-01-29"},{"lineNumber":81,"author":{"gitId":"BenjaminPoh"},"content":"        eventArray[2] \u003d inputArray[1];","lastModifiedDate":"2023-01-29"},{"lineNumber":82,"author":{"gitId":"BenjaminPoh"},"content":"        return eventArray;","lastModifiedDate":"2023-01-29"},{"lineNumber":83,"author":{"gitId":"BenjaminPoh"},"content":"    }","lastModifiedDate":"2023-01-29"},{"lineNumber":84,"author":{"gitId":"BenjaminPoh"},"content":"","lastModifiedDate":"2023-01-29"},{"lineNumber":85,"author":{"gitId":"BenjaminPoh"},"content":"    public static String[] processDeadlineMessage(String input) {","lastModifiedDate":"2023-01-29"},{"lineNumber":86,"author":{"gitId":"BenjaminPoh"},"content":"        String[] deadlineArray \u003d input.split(\" /by \", 2);","lastModifiedDate":"2023-01-29"},{"lineNumber":87,"author":{"gitId":"BenjaminPoh"},"content":"        if(deadlineArray .length \u003d\u003d 1) {","lastModifiedDate":"2023-01-29"},{"lineNumber":88,"author":{"gitId":"BenjaminPoh"},"content":"            deadlineArray [0] \u003d \"\";","lastModifiedDate":"2023-01-29"},{"lineNumber":89,"author":{"gitId":"BenjaminPoh"},"content":"        }","lastModifiedDate":"2023-01-29"},{"lineNumber":90,"author":{"gitId":"BenjaminPoh"},"content":"        return deadlineArray ;","lastModifiedDate":"2023-01-29"},{"lineNumber":91,"author":{"gitId":"BenjaminPoh"},"content":"    }","lastModifiedDate":"2023-01-29"},{"lineNumber":92,"author":{"gitId":"BenjaminPoh"},"content":"","lastModifiedDate":"2023-01-29"},{"lineNumber":93,"author":{"gitId":"-"},"content":"    public static void main(String[] args) {","lastModifiedDate":"2019-07-29"},{"lineNumber":94,"author":{"gitId":"BenjaminPoh"},"content":"        System.out.println(\"Hai, Ningensama-tachi! Kon-Nakiri!\\n\");","lastModifiedDate":"2023-01-24"},{"lineNumber":95,"author":{"gitId":"BenjaminPoh"},"content":"","lastModifiedDate":"2023-01-24"},{"lineNumber":96,"author":{"gitId":"BenjaminPoh"},"content":"        ArrayList\u003cTask\u003e todoList \u003d new ArrayList\u003cTask\u003e();","lastModifiedDate":"2023-01-26"},{"lineNumber":97,"author":{"gitId":"BenjaminPoh"},"content":"        int sizeOfTodoList \u003d 0;","lastModifiedDate":"2023-01-26"},{"lineNumber":98,"author":{"gitId":"BenjaminPoh"},"content":"        Task currentTask;","lastModifiedDate":"2023-01-26"},{"lineNumber":99,"author":{"gitId":"BenjaminPoh"},"content":"","lastModifiedDate":"2023-01-26"},{"lineNumber":100,"author":{"gitId":"BenjaminPoh"},"content":"        Scanner in \u003d new Scanner(System.in);","lastModifiedDate":"2023-01-29"},{"lineNumber":101,"author":{"gitId":"BenjaminPoh"},"content":"        String[] inputMessage \u003d processInputMessage(in);","lastModifiedDate":"2023-01-29"},{"lineNumber":102,"author":{"gitId":"BenjaminPoh"},"content":"        while(!inputMessage[0].equals(\"bye\")) {","lastModifiedDate":"2023-01-29"},{"lineNumber":103,"author":{"gitId":"BenjaminPoh"},"content":"            switch (inputMessage[0]) {","lastModifiedDate":"2023-01-29"},{"lineNumber":104,"author":{"gitId":"BenjaminPoh"},"content":"            case \"list\":","lastModifiedDate":"2023-01-29"},{"lineNumber":105,"author":{"gitId":"BenjaminPoh"},"content":"                for(int i \u003d 0; i \u003c sizeOfTodoList; i +\u003d 1) {","lastModifiedDate":"2023-01-26"},{"lineNumber":106,"author":{"gitId":"BenjaminPoh"},"content":"                    currentTask \u003d todoList.get(i);","lastModifiedDate":"2023-01-26"},{"lineNumber":107,"author":{"gitId":"BenjaminPoh"},"content":"                    String printedMessage \u003d String.format(\"%d.%s\", i+1, currentTask);","lastModifiedDate":"2023-01-29"},{"lineNumber":108,"author":{"gitId":"BenjaminPoh"},"content":"                    System.out.println(printedMessage);","lastModifiedDate":"2023-01-26"},{"lineNumber":109,"author":{"gitId":"BenjaminPoh"},"content":"                }","lastModifiedDate":"2023-01-24"},{"lineNumber":110,"author":{"gitId":"BenjaminPoh"},"content":"                inputMessage \u003d processInputMessage(in);","lastModifiedDate":"2023-01-29"},{"lineNumber":111,"author":{"gitId":"BenjaminPoh"},"content":"                break;","lastModifiedDate":"2023-01-29"},{"lineNumber":112,"author":{"gitId":"BenjaminPoh"},"content":"            case \"mark\":","lastModifiedDate":"2023-01-29"},{"lineNumber":113,"author":{"gitId":"BenjaminPoh"},"content":"                int taskIndex \u003d Integer.parseInt(inputMessage[1]);","lastModifiedDate":"2023-01-29"},{"lineNumber":114,"author":{"gitId":"BenjaminPoh"},"content":"                if(taskIndex \u003e sizeOfTodoList) {","lastModifiedDate":"2023-01-26"},{"lineNumber":115,"author":{"gitId":"BenjaminPoh"},"content":"                    printErrorMessage();","lastModifiedDate":"2023-01-26"},{"lineNumber":116,"author":{"gitId":"BenjaminPoh"},"content":"                } else {","lastModifiedDate":"2023-01-24"},{"lineNumber":117,"author":{"gitId":"BenjaminPoh"},"content":"                    currentTask \u003d todoList.get(taskIndex - 1);","lastModifiedDate":"2023-01-26"},{"lineNumber":118,"author":{"gitId":"BenjaminPoh"},"content":"                    currentTask.setComplete();","lastModifiedDate":"2023-01-26"},{"lineNumber":119,"author":{"gitId":"BenjaminPoh"},"content":"                    System.out.println(\"Nice! I\u0027ve marked this task as done!\");","lastModifiedDate":"2023-01-24"},{"lineNumber":120,"author":{"gitId":"BenjaminPoh"},"content":"                    System.out.println(currentTask);","lastModifiedDate":"2023-01-29"},{"lineNumber":121,"author":{"gitId":"BenjaminPoh"},"content":"                }","lastModifiedDate":"2023-01-24"},{"lineNumber":122,"author":{"gitId":"BenjaminPoh"},"content":"                inputMessage \u003d processInputMessage(in);","lastModifiedDate":"2023-01-29"},{"lineNumber":123,"author":{"gitId":"BenjaminPoh"},"content":"                break;","lastModifiedDate":"2023-01-29"},{"lineNumber":124,"author":{"gitId":"BenjaminPoh"},"content":"            case \"unmark\":","lastModifiedDate":"2023-01-29"},{"lineNumber":125,"author":{"gitId":"BenjaminPoh"},"content":"                taskIndex \u003d Integer.parseInt(inputMessage[1]);","lastModifiedDate":"2023-01-29"},{"lineNumber":126,"author":{"gitId":"BenjaminPoh"},"content":"                if (taskIndex \u003e sizeOfTodoList) {","lastModifiedDate":"2023-01-26"},{"lineNumber":127,"author":{"gitId":"BenjaminPoh"},"content":"                    printErrorMessage();","lastModifiedDate":"2023-01-26"},{"lineNumber":128,"author":{"gitId":"BenjaminPoh"},"content":"                } else {","lastModifiedDate":"2023-01-24"},{"lineNumber":129,"author":{"gitId":"BenjaminPoh"},"content":"                    currentTask \u003d todoList.get(taskIndex - 1);","lastModifiedDate":"2023-01-26"},{"lineNumber":130,"author":{"gitId":"BenjaminPoh"},"content":"                    currentTask.setIncomplete();","lastModifiedDate":"2023-01-26"},{"lineNumber":131,"author":{"gitId":"BenjaminPoh"},"content":"                    System.out.println(\"Why are you being lazy? \u003e:(\");","lastModifiedDate":"2023-01-24"},{"lineNumber":132,"author":{"gitId":"BenjaminPoh"},"content":"                    System.out.println(currentTask);","lastModifiedDate":"2023-01-29"},{"lineNumber":133,"author":{"gitId":"BenjaminPoh"},"content":"                }","lastModifiedDate":"2023-01-24"},{"lineNumber":134,"author":{"gitId":"BenjaminPoh"},"content":"                inputMessage \u003d processInputMessage(in);","lastModifiedDate":"2023-01-29"},{"lineNumber":135,"author":{"gitId":"BenjaminPoh"},"content":"                break;","lastModifiedDate":"2023-01-29"},{"lineNumber":136,"author":{"gitId":"BenjaminPoh"},"content":"            case \"todo\":","lastModifiedDate":"2023-01-29"},{"lineNumber":137,"author":{"gitId":"BenjaminPoh"},"content":"                Task newTask \u003d new Task(inputMessage[1]);","lastModifiedDate":"2023-01-29"},{"lineNumber":138,"author":{"gitId":"BenjaminPoh"},"content":"                todoList.add(newTask);","lastModifiedDate":"2023-01-26"},{"lineNumber":139,"author":{"gitId":"BenjaminPoh"},"content":"                sizeOfTodoList +\u003d 1;","lastModifiedDate":"2023-01-26"},{"lineNumber":140,"author":{"gitId":"BenjaminPoh"},"content":"                System.out.println(\"Done! Added: \" + newTask);","lastModifiedDate":"2023-01-29"},{"lineNumber":141,"author":{"gitId":"BenjaminPoh"},"content":"                inputMessage \u003d processInputMessage(in);","lastModifiedDate":"2023-01-29"},{"lineNumber":142,"author":{"gitId":"BenjaminPoh"},"content":"                break;","lastModifiedDate":"2023-01-29"},{"lineNumber":143,"author":{"gitId":"BenjaminPoh"},"content":"            case \"deadline\":","lastModifiedDate":"2023-01-29"},{"lineNumber":144,"author":{"gitId":"BenjaminPoh"},"content":"                inputMessage \u003d processDeadlineMessage(inputMessage[1]);","lastModifiedDate":"2023-01-29"},{"lineNumber":145,"author":{"gitId":"BenjaminPoh"},"content":"                if (inputMessage[0].equals(\"\")){","lastModifiedDate":"2023-01-29"},{"lineNumber":146,"author":{"gitId":"BenjaminPoh"},"content":"                    printErrorMessage();","lastModifiedDate":"2023-01-29"},{"lineNumber":147,"author":{"gitId":"BenjaminPoh"},"content":"                } else {","lastModifiedDate":"2023-01-29"},{"lineNumber":148,"author":{"gitId":"BenjaminPoh"},"content":"                    sizeOfTodoList +\u003d 1;","lastModifiedDate":"2023-01-29"},{"lineNumber":149,"author":{"gitId":"BenjaminPoh"},"content":"                    Deadline newDeadline \u003d new Deadline(inputMessage[0], inputMessage[1]);","lastModifiedDate":"2023-01-29"},{"lineNumber":150,"author":{"gitId":"BenjaminPoh"},"content":"                    todoList.add(newDeadline);","lastModifiedDate":"2023-01-29"},{"lineNumber":151,"author":{"gitId":"BenjaminPoh"},"content":"                    System.out.println(\"Done! Added: \" + newDeadline);","lastModifiedDate":"2023-01-29"},{"lineNumber":152,"author":{"gitId":"BenjaminPoh"},"content":"                }","lastModifiedDate":"2023-01-29"},{"lineNumber":153,"author":{"gitId":"BenjaminPoh"},"content":"                inputMessage \u003d processInputMessage(in);","lastModifiedDate":"2023-01-29"},{"lineNumber":154,"author":{"gitId":"BenjaminPoh"},"content":"                break;","lastModifiedDate":"2023-01-29"},{"lineNumber":155,"author":{"gitId":"BenjaminPoh"},"content":"            case \"event\":","lastModifiedDate":"2023-01-29"},{"lineNumber":156,"author":{"gitId":"BenjaminPoh"},"content":"                inputMessage \u003d processEventMessage(inputMessage[1]);","lastModifiedDate":"2023-01-29"},{"lineNumber":157,"author":{"gitId":"BenjaminPoh"},"content":"                if (inputMessage[0].equals(\"\")){","lastModifiedDate":"2023-01-29"},{"lineNumber":158,"author":{"gitId":"BenjaminPoh"},"content":"                    printErrorMessage();","lastModifiedDate":"2023-01-29"},{"lineNumber":159,"author":{"gitId":"BenjaminPoh"},"content":"                } else {","lastModifiedDate":"2023-01-29"},{"lineNumber":160,"author":{"gitId":"BenjaminPoh"},"content":"                    sizeOfTodoList +\u003d 1;","lastModifiedDate":"2023-01-29"},{"lineNumber":161,"author":{"gitId":"BenjaminPoh"},"content":"                    Event newEvent \u003d new Event(inputMessage[0], inputMessage[1], inputMessage[2]);","lastModifiedDate":"2023-01-29"},{"lineNumber":162,"author":{"gitId":"BenjaminPoh"},"content":"                    todoList.add(newEvent);","lastModifiedDate":"2023-01-29"},{"lineNumber":163,"author":{"gitId":"BenjaminPoh"},"content":"                    System.out.println(\"Done! Added: \" + newEvent);","lastModifiedDate":"2023-01-29"},{"lineNumber":164,"author":{"gitId":"BenjaminPoh"},"content":"                }","lastModifiedDate":"2023-01-29"},{"lineNumber":165,"author":{"gitId":"BenjaminPoh"},"content":"                inputMessage \u003d processInputMessage(in);","lastModifiedDate":"2023-01-29"},{"lineNumber":166,"author":{"gitId":"BenjaminPoh"},"content":"                break;","lastModifiedDate":"2023-01-29"},{"lineNumber":167,"author":{"gitId":"BenjaminPoh"},"content":"            default:","lastModifiedDate":"2023-01-29"},{"lineNumber":168,"author":{"gitId":"BenjaminPoh"},"content":"                printErrorMessage();","lastModifiedDate":"2023-01-29"},{"lineNumber":169,"author":{"gitId":"BenjaminPoh"},"content":"                inputMessage \u003d processInputMessage(in);","lastModifiedDate":"2023-01-29"},{"lineNumber":170,"author":{"gitId":"BenjaminPoh"},"content":"            }","lastModifiedDate":"2023-01-24"},{"lineNumber":171,"author":{"gitId":"BenjaminPoh"},"content":"        }","lastModifiedDate":"2023-01-24"},{"lineNumber":172,"author":{"gitId":"BenjaminPoh"},"content":"        System.out.println(\"Otsu-Nakiri!\");","lastModifiedDate":"2023-01-24"},{"lineNumber":173,"author":{"gitId":"BenjaminPoh"},"content":"        //CS2113T will not let students customise chatbots next sem onwards because of me","lastModifiedDate":"2023-01-24"},{"lineNumber":174,"author":{"gitId":"-"},"content":"    }","lastModifiedDate":"2019-07-29"},{"lineNumber":175,"author":{"gitId":"-"},"content":"}","lastModifiedDate":"2019-07-29"}],"authorContributionMap":{"BenjaminPoh":171,"-":4}},{"path":"src/main/java/Event.java","fileType":"java","lines":[{"lineNumber":1,"author":{"gitId":"BenjaminPoh"},"content":"public class Event extends Task{","lastModifiedDate":"2023-01-29"},{"lineNumber":2,"author":{"gitId":"BenjaminPoh"},"content":"    protected String from;","lastModifiedDate":"2023-01-29"},{"lineNumber":3,"author":{"gitId":"BenjaminPoh"},"content":"    protected String to;","lastModifiedDate":"2023-01-29"},{"lineNumber":4,"author":{"gitId":"BenjaminPoh"},"content":"","lastModifiedDate":"2023-01-29"},{"lineNumber":5,"author":{"gitId":"BenjaminPoh"},"content":"","lastModifiedDate":"2023-01-29"},{"lineNumber":6,"author":{"gitId":"BenjaminPoh"},"content":"    public Event(String description, String from, String to) {","lastModifiedDate":"2023-01-29"},{"lineNumber":7,"author":{"gitId":"BenjaminPoh"},"content":"        super(description);","lastModifiedDate":"2023-01-29"},{"lineNumber":8,"author":{"gitId":"BenjaminPoh"},"content":"        this.from \u003d from;","lastModifiedDate":"2023-01-29"},{"lineNumber":9,"author":{"gitId":"BenjaminPoh"},"content":"        this.to \u003d to;","lastModifiedDate":"2023-01-29"},{"lineNumber":10,"author":{"gitId":"BenjaminPoh"},"content":"    }","lastModifiedDate":"2023-01-29"},{"lineNumber":11,"author":{"gitId":"BenjaminPoh"},"content":"","lastModifiedDate":"2023-01-29"},{"lineNumber":12,"author":{"gitId":"BenjaminPoh"},"content":"    @Override","lastModifiedDate":"2023-01-29"},{"lineNumber":13,"author":{"gitId":"BenjaminPoh"},"content":"    public String toString() {","lastModifiedDate":"2023-01-29"},{"lineNumber":14,"author":{"gitId":"BenjaminPoh"},"content":"        return \"[E][\" + getComplete() + \"] \" + getTask() + \" (From: \" + from + \" To: \" + to + \")\";","lastModifiedDate":"2023-01-29"},{"lineNumber":15,"author":{"gitId":"BenjaminPoh"},"content":"    }","lastModifiedDate":"2023-01-29"},{"lineNumber":16,"author":{"gitId":"BenjaminPoh"},"content":"}","lastModifiedDate":"2023-01-29"}],"authorContributionMap":{"BenjaminPoh":16}},{"path":"src/main/java/Task.java","fileType":"java","lines":[{"lineNumber":1,"author":{"gitId":"BenjaminPoh"},"content":"public class Task {","lastModifiedDate":"2023-01-24"},{"lineNumber":2,"author":{"gitId":"BenjaminPoh"},"content":"    private String task;","lastModifiedDate":"2023-01-24"},{"lineNumber":3,"author":{"gitId":"BenjaminPoh"},"content":"    private boolean complete;","lastModifiedDate":"2023-01-26"},{"lineNumber":4,"author":{"gitId":"BenjaminPoh"},"content":"","lastModifiedDate":"2023-01-26"},{"lineNumber":5,"author":{"gitId":"BenjaminPoh"},"content":"    public Task(String name) {","lastModifiedDate":"2023-01-24"},{"lineNumber":6,"author":{"gitId":"BenjaminPoh"},"content":"        this.task \u003d name;","lastModifiedDate":"2023-01-24"},{"lineNumber":7,"author":{"gitId":"BenjaminPoh"},"content":"        this.complete \u003d false;","lastModifiedDate":"2023-01-26"},{"lineNumber":8,"author":{"gitId":"BenjaminPoh"},"content":"    }","lastModifiedDate":"2023-01-24"},{"lineNumber":9,"author":{"gitId":"BenjaminPoh"},"content":"","lastModifiedDate":"2023-01-29"},{"lineNumber":10,"author":{"gitId":"BenjaminPoh"},"content":"    public String getTask() {","lastModifiedDate":"2023-01-24"},{"lineNumber":11,"author":{"gitId":"BenjaminPoh"},"content":"        return this.task;","lastModifiedDate":"2023-01-24"},{"lineNumber":12,"author":{"gitId":"BenjaminPoh"},"content":"    }","lastModifiedDate":"2023-01-24"},{"lineNumber":13,"author":{"gitId":"BenjaminPoh"},"content":"","lastModifiedDate":"2023-01-29"},{"lineNumber":14,"author":{"gitId":"BenjaminPoh"},"content":"    public char getComplete() {","lastModifiedDate":"2023-01-24"},{"lineNumber":15,"author":{"gitId":"BenjaminPoh"},"content":"        if(this.complete) {","lastModifiedDate":"2023-01-26"},{"lineNumber":16,"author":{"gitId":"BenjaminPoh"},"content":"            return \u0027X\u0027;","lastModifiedDate":"2023-01-26"},{"lineNumber":17,"author":{"gitId":"BenjaminPoh"},"content":"        }","lastModifiedDate":"2023-01-26"},{"lineNumber":18,"author":{"gitId":"BenjaminPoh"},"content":"        return \u0027 \u0027;","lastModifiedDate":"2023-01-26"},{"lineNumber":19,"author":{"gitId":"BenjaminPoh"},"content":"    }","lastModifiedDate":"2023-01-24"},{"lineNumber":20,"author":{"gitId":"BenjaminPoh"},"content":"","lastModifiedDate":"2023-01-29"},{"lineNumber":21,"author":{"gitId":"BenjaminPoh"},"content":"    public void setComplete() {","lastModifiedDate":"2023-01-24"},{"lineNumber":22,"author":{"gitId":"BenjaminPoh"},"content":"        this.complete \u003d true;","lastModifiedDate":"2023-01-26"},{"lineNumber":23,"author":{"gitId":"BenjaminPoh"},"content":"    }","lastModifiedDate":"2023-01-24"},{"lineNumber":24,"author":{"gitId":"BenjaminPoh"},"content":"","lastModifiedDate":"2023-01-29"},{"lineNumber":25,"author":{"gitId":"BenjaminPoh"},"content":"    public void setIncomplete() {","lastModifiedDate":"2023-01-24"},{"lineNumber":26,"author":{"gitId":"BenjaminPoh"},"content":"        this.complete \u003d false;","lastModifiedDate":"2023-01-26"},{"lineNumber":27,"author":{"gitId":"BenjaminPoh"},"content":"    }","lastModifiedDate":"2023-01-24"},{"lineNumber":28,"author":{"gitId":"BenjaminPoh"},"content":"","lastModifiedDate":"2023-01-29"},{"lineNumber":29,"author":{"gitId":"BenjaminPoh"},"content":"    @Override","lastModifiedDate":"2023-01-29"},{"lineNumber":30,"author":{"gitId":"BenjaminPoh"},"content":"    public String toString() {","lastModifiedDate":"2023-01-29"},{"lineNumber":31,"author":{"gitId":"BenjaminPoh"},"content":"        return \"[T][\" + getComplete() + \"] \" + getTask();","lastModifiedDate":"2023-01-29"},{"lineNumber":32,"author":{"gitId":"BenjaminPoh"},"content":"    }","lastModifiedDate":"2023-01-29"},{"lineNumber":33,"author":{"gitId":"BenjaminPoh"},"content":"}","lastModifiedDate":"2023-01-24"},{"lineNumber":34,"author":{"gitId":"BenjaminPoh"},"content":"","lastModifiedDate":"2023-01-24"}],"authorContributionMap":{"BenjaminPoh":34}}]
