[{"path":"src/main/java/Duke.java","fileType":"java","lines":[{"lineNumber":1,"author":{"gitId":"nigelhao"},"content":"import java.util.Scanner;","lastModifiedDate":"2023-01-27"},{"lineNumber":2,"author":{"gitId":"nigelhao"},"content":"import java.util.ArrayList;","lastModifiedDate":"2023-01-27"},{"lineNumber":3,"author":{"gitId":"nigelhao"},"content":"","lastModifiedDate":"2023-01-27"},{"lineNumber":4,"author":{"gitId":"-"},"content":"public class Duke {","lastModifiedDate":"2019-07-29"},{"lineNumber":5,"author":{"gitId":"nigelhao"},"content":"    final static String HORIZONTAL_LINE \u003d \"____________________________________________________________\";","lastModifiedDate":"2023-01-27"},{"lineNumber":6,"author":{"gitId":"nigelhao"},"content":"","lastModifiedDate":"2023-01-27"},{"lineNumber":7,"author":{"gitId":"nigelhao"},"content":"    public static void greeting() {","lastModifiedDate":"2023-01-27"},{"lineNumber":8,"author":{"gitId":"nigelhao"},"content":"        System.out.println(HORIZONTAL_LINE);","lastModifiedDate":"2023-01-27"},{"lineNumber":9,"author":{"gitId":"nigelhao"},"content":"        System.out.println(\"Hello! I\u0027m Duke\");","lastModifiedDate":"2023-01-27"},{"lineNumber":10,"author":{"gitId":"nigelhao"},"content":"        System.out.println(\"What can I do for you?\");","lastModifiedDate":"2023-01-27"},{"lineNumber":11,"author":{"gitId":"nigelhao"},"content":"        System.out.println(HORIZONTAL_LINE + \u0027\\n\u0027);","lastModifiedDate":"2023-01-27"},{"lineNumber":12,"author":{"gitId":"nigelhao"},"content":"","lastModifiedDate":"2023-01-27"},{"lineNumber":13,"author":{"gitId":"nigelhao"},"content":"        return;","lastModifiedDate":"2023-01-27"},{"lineNumber":14,"author":{"gitId":"nigelhao"},"content":"    }","lastModifiedDate":"2023-01-27"},{"lineNumber":15,"author":{"gitId":"nigelhao"},"content":"","lastModifiedDate":"2023-01-27"},{"lineNumber":16,"author":{"gitId":"nigelhao"},"content":"    public static void exit() {","lastModifiedDate":"2023-01-27"},{"lineNumber":17,"author":{"gitId":"nigelhao"},"content":"        System.out.println(HORIZONTAL_LINE);","lastModifiedDate":"2023-01-27"},{"lineNumber":18,"author":{"gitId":"nigelhao"},"content":"        System.out.println(\"Bye. Hope to see you again soon!\");","lastModifiedDate":"2023-01-27"},{"lineNumber":19,"author":{"gitId":"nigelhao"},"content":"        System.out.println(HORIZONTAL_LINE + \u0027\\n\u0027);","lastModifiedDate":"2023-01-27"},{"lineNumber":20,"author":{"gitId":"nigelhao"},"content":"","lastModifiedDate":"2023-01-27"},{"lineNumber":21,"author":{"gitId":"nigelhao"},"content":"        return;","lastModifiedDate":"2023-01-27"},{"lineNumber":22,"author":{"gitId":"nigelhao"},"content":"    }","lastModifiedDate":"2023-01-27"},{"lineNumber":23,"author":{"gitId":"nigelhao"},"content":"","lastModifiedDate":"2023-01-27"},{"lineNumber":24,"author":{"gitId":"-"},"content":"    public static void main(String[] args) {","lastModifiedDate":"2023-01-27"},{"lineNumber":25,"author":{"gitId":"nigelhao"},"content":"        ArrayList\u003cTask\u003e tasks \u003d new ArrayList\u003cTask\u003e();","lastModifiedDate":"2023-01-27"},{"lineNumber":26,"author":{"gitId":"nigelhao"},"content":"","lastModifiedDate":"2023-01-27"},{"lineNumber":27,"author":{"gitId":"nigelhao"},"content":"        greeting();","lastModifiedDate":"2023-01-27"},{"lineNumber":28,"author":{"gitId":"nigelhao"},"content":"        Scanner sc \u003d new Scanner(System.in);","lastModifiedDate":"2023-01-27"},{"lineNumber":29,"author":{"gitId":"nigelhao"},"content":"","lastModifiedDate":"2023-01-27"},{"lineNumber":30,"author":{"gitId":"nigelhao"},"content":"        while (true) {","lastModifiedDate":"2023-01-27"},{"lineNumber":31,"author":{"gitId":"nigelhao"},"content":"            String userInput \u003d sc.nextLine();","lastModifiedDate":"2023-01-27"},{"lineNumber":32,"author":{"gitId":"nigelhao"},"content":"            if (userInput.equals(\"bye\")) {","lastModifiedDate":"2023-01-27"},{"lineNumber":33,"author":{"gitId":"nigelhao"},"content":"                break;","lastModifiedDate":"2023-01-27"},{"lineNumber":34,"author":{"gitId":"nigelhao"},"content":"            }","lastModifiedDate":"2023-01-27"},{"lineNumber":35,"author":{"gitId":"nigelhao"},"content":"","lastModifiedDate":"2023-01-27"},{"lineNumber":36,"author":{"gitId":"nigelhao"},"content":"            String firstWord \u003d userInput.split(\" \", 2)[0];","lastModifiedDate":"2023-01-27"},{"lineNumber":37,"author":{"gitId":"nigelhao"},"content":"","lastModifiedDate":"2023-01-27"},{"lineNumber":38,"author":{"gitId":"nigelhao"},"content":"            System.out.println(HORIZONTAL_LINE);","lastModifiedDate":"2023-01-27"},{"lineNumber":39,"author":{"gitId":"nigelhao"},"content":"","lastModifiedDate":"2023-01-27"},{"lineNumber":40,"author":{"gitId":"nigelhao"},"content":"            if (firstWord.equals(\"list\")) {","lastModifiedDate":"2023-01-27"},{"lineNumber":41,"author":{"gitId":"nigelhao"},"content":"                System.out.println(\"Here are the tasks in your list:\");","lastModifiedDate":"2023-01-27"},{"lineNumber":42,"author":{"gitId":"nigelhao"},"content":"                for (int i \u003d 0; i \u003c tasks.size(); i++) {","lastModifiedDate":"2023-01-27"},{"lineNumber":43,"author":{"gitId":"nigelhao"},"content":"                    Task task \u003d tasks.get(i);","lastModifiedDate":"2023-01-27"},{"lineNumber":44,"author":{"gitId":"nigelhao"},"content":"                    System.out.println((i + 1) + \". [\" + task.getStatusIcon() + \"] \" + task.getDescription());","lastModifiedDate":"2023-01-27"},{"lineNumber":45,"author":{"gitId":"nigelhao"},"content":"                }","lastModifiedDate":"2023-01-27"},{"lineNumber":46,"author":{"gitId":"nigelhao"},"content":"","lastModifiedDate":"2023-01-27"},{"lineNumber":47,"author":{"gitId":"nigelhao"},"content":"            } else if (firstWord.equals(\"mark\")) {","lastModifiedDate":"2023-01-27"},{"lineNumber":48,"author":{"gitId":"nigelhao"},"content":"                int index \u003d Integer.parseInt(userInput.split(\" \", 2)[1]) - 1;","lastModifiedDate":"2023-01-27"},{"lineNumber":49,"author":{"gitId":"nigelhao"},"content":"                Task task \u003d tasks.get(index);","lastModifiedDate":"2023-01-27"},{"lineNumber":50,"author":{"gitId":"nigelhao"},"content":"                task.setIsDone(true);","lastModifiedDate":"2023-01-27"},{"lineNumber":51,"author":{"gitId":"nigelhao"},"content":"","lastModifiedDate":"2023-01-27"},{"lineNumber":52,"author":{"gitId":"nigelhao"},"content":"                System.out.println(\"Nice! I\u0027ve marked this task as done:\");","lastModifiedDate":"2023-01-27"},{"lineNumber":53,"author":{"gitId":"nigelhao"},"content":"                System.out.println(\"[\" + task.getStatusIcon() + \"] \" + task.getDescription());","lastModifiedDate":"2023-01-27"},{"lineNumber":54,"author":{"gitId":"nigelhao"},"content":"","lastModifiedDate":"2023-01-27"},{"lineNumber":55,"author":{"gitId":"nigelhao"},"content":"            } else if (firstWord.equals(\"unmark\")) {","lastModifiedDate":"2023-01-27"},{"lineNumber":56,"author":{"gitId":"nigelhao"},"content":"                int index \u003d Integer.parseInt(userInput.split(\" \", 2)[1]) - 1;","lastModifiedDate":"2023-01-27"},{"lineNumber":57,"author":{"gitId":"nigelhao"},"content":"                Task task \u003d tasks.get(index);","lastModifiedDate":"2023-01-27"},{"lineNumber":58,"author":{"gitId":"nigelhao"},"content":"                task.setIsDone(false);","lastModifiedDate":"2023-01-27"},{"lineNumber":59,"author":{"gitId":"nigelhao"},"content":"","lastModifiedDate":"2023-01-27"},{"lineNumber":60,"author":{"gitId":"nigelhao"},"content":"                System.out.println(\"OK, I\u0027ve marked this task as not done yet:\");","lastModifiedDate":"2023-01-27"},{"lineNumber":61,"author":{"gitId":"nigelhao"},"content":"                System.out.println(\"[\" + task.getStatusIcon() + \"] \" + task.getDescription());","lastModifiedDate":"2023-01-27"},{"lineNumber":62,"author":{"gitId":"nigelhao"},"content":"","lastModifiedDate":"2023-01-27"},{"lineNumber":63,"author":{"gitId":"nigelhao"},"content":"            } else {","lastModifiedDate":"2023-01-27"},{"lineNumber":64,"author":{"gitId":"nigelhao"},"content":"                Task task \u003d new Task(userInput, false);","lastModifiedDate":"2023-01-27"},{"lineNumber":65,"author":{"gitId":"nigelhao"},"content":"                tasks.add(task);","lastModifiedDate":"2023-01-27"},{"lineNumber":66,"author":{"gitId":"nigelhao"},"content":"","lastModifiedDate":"2023-01-27"},{"lineNumber":67,"author":{"gitId":"nigelhao"},"content":"                System.out.println(\"added: \" + task.getDescription());","lastModifiedDate":"2023-01-27"},{"lineNumber":68,"author":{"gitId":"nigelhao"},"content":"            }","lastModifiedDate":"2023-01-27"},{"lineNumber":69,"author":{"gitId":"nigelhao"},"content":"","lastModifiedDate":"2023-01-27"},{"lineNumber":70,"author":{"gitId":"nigelhao"},"content":"            System.out.println(HORIZONTAL_LINE + \u0027\\n\u0027);","lastModifiedDate":"2023-01-27"},{"lineNumber":71,"author":{"gitId":"nigelhao"},"content":"        }","lastModifiedDate":"2023-01-27"},{"lineNumber":72,"author":{"gitId":"nigelhao"},"content":"","lastModifiedDate":"2023-01-27"},{"lineNumber":73,"author":{"gitId":"nigelhao"},"content":"        exit();","lastModifiedDate":"2023-01-27"},{"lineNumber":74,"author":{"gitId":"nigelhao"},"content":"","lastModifiedDate":"2023-01-27"},{"lineNumber":75,"author":{"gitId":"-"},"content":"    }","lastModifiedDate":"2019-07-29"},{"lineNumber":76,"author":{"gitId":"-"},"content":"}","lastModifiedDate":"2019-07-29"}],"authorContributionMap":{"nigelhao":72,"-":4}},{"path":"src/main/java/Task.java","fileType":"java","lines":[{"lineNumber":1,"author":{"gitId":"nigelhao"},"content":"public class Task {","lastModifiedDate":"2023-01-27"},{"lineNumber":2,"author":{"gitId":"nigelhao"},"content":"    private String description;","lastModifiedDate":"2023-01-27"},{"lineNumber":3,"author":{"gitId":"nigelhao"},"content":"    private boolean isDone;","lastModifiedDate":"2023-01-27"},{"lineNumber":4,"author":{"gitId":"nigelhao"},"content":"","lastModifiedDate":"2023-01-27"},{"lineNumber":5,"author":{"gitId":"nigelhao"},"content":"    public Task(String description, boolean isDone) {","lastModifiedDate":"2023-01-27"},{"lineNumber":6,"author":{"gitId":"nigelhao"},"content":"        this.description \u003d description;","lastModifiedDate":"2023-01-27"},{"lineNumber":7,"author":{"gitId":"nigelhao"},"content":"        this.isDone \u003d isDone;","lastModifiedDate":"2023-01-27"},{"lineNumber":8,"author":{"gitId":"nigelhao"},"content":"    }","lastModifiedDate":"2023-01-27"},{"lineNumber":9,"author":{"gitId":"nigelhao"},"content":"","lastModifiedDate":"2023-01-27"},{"lineNumber":10,"author":{"gitId":"nigelhao"},"content":"    public String getDescription() {","lastModifiedDate":"2023-01-27"},{"lineNumber":11,"author":{"gitId":"nigelhao"},"content":"        return this.description;","lastModifiedDate":"2023-01-27"},{"lineNumber":12,"author":{"gitId":"nigelhao"},"content":"    }","lastModifiedDate":"2023-01-27"},{"lineNumber":13,"author":{"gitId":"nigelhao"},"content":"","lastModifiedDate":"2023-01-27"},{"lineNumber":14,"author":{"gitId":"nigelhao"},"content":"    public void setDescription(String description) {","lastModifiedDate":"2023-01-27"},{"lineNumber":15,"author":{"gitId":"nigelhao"},"content":"        this.description \u003d description;","lastModifiedDate":"2023-01-27"},{"lineNumber":16,"author":{"gitId":"nigelhao"},"content":"    }","lastModifiedDate":"2023-01-27"},{"lineNumber":17,"author":{"gitId":"nigelhao"},"content":"","lastModifiedDate":"2023-01-27"},{"lineNumber":18,"author":{"gitId":"nigelhao"},"content":"    public boolean getIsDone() {","lastModifiedDate":"2023-01-27"},{"lineNumber":19,"author":{"gitId":"nigelhao"},"content":"        return this.isDone;","lastModifiedDate":"2023-01-27"},{"lineNumber":20,"author":{"gitId":"nigelhao"},"content":"    }","lastModifiedDate":"2023-01-27"},{"lineNumber":21,"author":{"gitId":"nigelhao"},"content":"","lastModifiedDate":"2023-01-27"},{"lineNumber":22,"author":{"gitId":"nigelhao"},"content":"    public void setIsDone(boolean isDone) {","lastModifiedDate":"2023-01-27"},{"lineNumber":23,"author":{"gitId":"nigelhao"},"content":"        this.isDone \u003d isDone;","lastModifiedDate":"2023-01-27"},{"lineNumber":24,"author":{"gitId":"nigelhao"},"content":"    }","lastModifiedDate":"2023-01-27"},{"lineNumber":25,"author":{"gitId":"nigelhao"},"content":"","lastModifiedDate":"2023-01-27"},{"lineNumber":26,"author":{"gitId":"nigelhao"},"content":"    public String getStatusIcon() {","lastModifiedDate":"2023-01-27"},{"lineNumber":27,"author":{"gitId":"nigelhao"},"content":"        return (isDone ? \"X\" : \" \"); // mark done task with X","lastModifiedDate":"2023-01-27"},{"lineNumber":28,"author":{"gitId":"nigelhao"},"content":"    }","lastModifiedDate":"2023-01-27"},{"lineNumber":29,"author":{"gitId":"nigelhao"},"content":"","lastModifiedDate":"2023-01-27"},{"lineNumber":30,"author":{"gitId":"nigelhao"},"content":"}","lastModifiedDate":"2023-01-27"}],"authorContributionMap":{"nigelhao":30}}]
