{"authorDailyContributionsMap":{"kristianachwan":[{"date":"2023-01-26","commitResults":[{"hash":"1e44177514d30c6b939da501c290bc3d88c362e2","messageTitle":"Update welcome message","messageBody":"","tags":["Level-0"],"fileTypesAndContributionMap":{"java":{"insertions":7,"deletions":1}}}]},{"date":"2023-01-27","commitResults":[{"hash":"d60470024bdde12561fee65fb6a493c32e114906","messageTitle":"Add greet, echo, and exit feature","messageBody":"","tags":["Level-1"],"fileTypesAndContributionMap":{"java":{"insertions":28,"deletions":2}}},{"hash":"ea350534cd20c0815923296013051385bfbe8cd2","messageTitle":"Add add and list feature","messageBody":"","tags":["Level-2"],"fileTypesAndContributionMap":{"java":{"insertions":21,"deletions":6}}},{"hash":"6c9b878aece636f8f4c042c96a143ea363312971","messageTitle":"Add mark as done feature and Task class","messageBody":"","tags":["Level-3"],"fileTypesAndContributionMap":{"java":{"insertions":59,"deletions":30}}}]},{"date":"2023-01-28","commitResults":[{"hash":"76d2e4c8d0fb08a1b126976b3e19d26d481e2cb8","messageTitle":"Follow coding standard and refactor repeated code","messageBody":"","tags":["A-CodingStandard"],"fileTypesAndContributionMap":{"java":{"insertions":11,"deletions":7}}}]}]},"authorFileTypeContributionMap":{"kristianachwan":{"java":80,"md":0,"fxml":0,"sh":0,"bat":0,"gradle":0,"txt":0}},"authorContributionVariance":{"kristianachwan":1240.9375},"authorDisplayNameMap":{"kristianachwan":"CS2113-W15-4 KRIS..HWAN"}}
