{"authorDailyContributionsMap":{"11-Navya":[{"date":"2023-01-16","commitResults":[{"hash":"30272347f35f5a7b809cba0f63a8e0b4a4d9bc2d","messageTitle":"Level 0","messageBody":"","tags":["Level-0"],"fileTypesAndContributionMap":{"java":{"insertions":8,"deletions":0}}}]},{"date":"2023-01-27","commitResults":[{"hash":"07a2178cff1ab7ea89db75c08e469b90a96db1fe","messageTitle":"Level-1","messageBody":"","tags":["Level-1"],"fileTypesAndContributionMap":{"java":{"insertions":14,"deletions":4}}},{"hash":"410b313e818aafbc5e48c8f7afcb221082865e5a","messageTitle":"Level-2","messageBody":"","tags":["Level-2"],"fileTypesAndContributionMap":{"java":{"insertions":14,"deletions":4}}}]},{"date":"2023-01-28","commitResults":[{"hash":"d764a8630429ef45ff8a42dde96cfa1195518140","messageTitle":"Level-3","messageBody":"","tags":["Level-3"],"fileTypesAndContributionMap":{"java":{"insertions":47,"deletions":4}}},{"hash":"e5e985903f720946ea755e0132521d6faa15ea98","messageTitle":"A-CodingStandard","messageBody":"","tags":["A-CodingStandard-"],"fileTypesAndContributionMap":{"java":{"insertions":2,"deletions":2}}}]},{"date":"2023-02-04","commitResults":[{"hash":"119fe34bddd3d5b81b2259fffad1221fc99d68a6","messageTitle":"Level-4","messageBody":"","tags":["Level-4"],"fileTypesAndContributionMap":{"java":{"insertions":101,"deletions":16}}},{"hash":"6eab754470c9a97943615dced6c9117f2b9d83df","messageTitle":"Changes made to event task","messageBody":"","fileTypesAndContributionMap":{"java":{"insertions":1,"deletions":1}}}]},{"date":"2023-02-08","commitResults":[{"hash":"d37c2b18beea8dfe3e15acd5823797b9fb2cae09","messageTitle":"Error handling","messageBody":"","fileTypesAndContributionMap":{"java":{"insertions":84,"deletions":51}}},{"hash":"92865a07c9c46b268eb2374a3814bd1fff00c5f4","messageTitle":"coded according to A-CodeQuality","messageBody":"","tags":["A-CodeQuality"],"fileTypesAndContributionMap":{"java":{"insertions":1,"deletions":1}}}]},{"date":"2023-02-12","commitResults":[{"hash":"4eddff7298b054a50cad18dc3b35d1c201fc53ce","messageTitle":"changed comment","messageBody":"","fileTypesAndContributionMap":{"java":{"insertions":1,"deletions":0}}},{"hash":"68d919094b12d64fa0a05cf5805ca9f7de976a3d","messageTitle":"A-Packages","messageBody":"","fileTypesAndContributionMap":{"java":{"insertions":6,"deletions":0}}}]},{"date":"2023-02-13","commitResults":[{"hash":"7234ec950a078d7e25d0555fde92701749fa914b","messageTitle":"Organised into packages","messageBody":"","tags":["A-Packages-"],"fileTypesAndContributionMap":{"java":{"insertions":7,"deletions":1}}}]},{"date":"2023-02-15","commitResults":[{"hash":"665acd53ef8848fa4bfb4e6745f71fc7c0904b0b","messageTitle":"Implemented the delete feature","messageBody":"","tags":["Level-6"],"fileTypesAndContributionMap":{"java":{"insertions":16,"deletions":4}}}]},{"date":"2023-02-17","commitResults":[{"hash":"35b0d7237bc43634bb84b54826e06e53e2afddec","messageTitle":"Made changes to the file","messageBody":"","tags":["Level-7"],"fileTypesAndContributionMap":{"java":{"insertions":47,"deletions":5}}}]},{"date":"2023-03-01","commitResults":[{"hash":"3b7b6a570aff26080070cc2063b9f90a4855e1c3","messageTitle":"Added changes to organize the code","messageBody":"","fileTypesAndContributionMap":{"java":{"insertions":465,"deletions":73}}}]},{"date":"2023-03-03","commitResults":[{"hash":"b866a52a07618416a78a12c4e1cd15b6ef1f8f0d","messageTitle":"added OOP levels","messageBody":"","tags":["A-MoreOOP"],"fileTypesAndContributionMap":{"java":{"insertions":344,"deletions":0}}},{"hash":"8734eefe9739b1c490520a86b11b2832e91a338c","messageTitle":"added the find functionality","messageBody":"","tags":["Level-9"],"fileTypesAndContributionMap":{"java":{"insertions":37,"deletions":1}}},{"hash":"d5ed7f50e4a784411d7c31b2e4cb2c57740996d2","messageTitle":"added java doc comments to the code","messageBody":"","tags":["A-JavaDoc"],"fileTypesAndContributionMap":{"java":{"insertions":63,"deletions":212}}},{"hash":"f346ce1d872d49701fee8036afc48c54157cbe80","messageTitle":"added more java docs","messageBody":"","fileTypesAndContributionMap":{"java":{"insertions":1,"deletions":1}}},{"hash":"19427317a689051da645c6cf73cad3aa3e3cdb48","messageTitle":"Updated the user guide","messageBody":"","fileTypesAndContributionMap":{"md":{"insertions":154,"deletions":12}}}]}]},"authorFileTypeContributionMap":{"11-Navya":{"java":895,"md":151,"fxml":0,"sh":0,"bat":0,"gradle":0,"txt":0}},"authorContributionVariance":{"11-Navya":18908.81},"authorDisplayNameMap":{"11-Navya":"CS2113-W12-1 MUTH..AVYA"}}
