[{"path":"src/main/java/Duke.java","fileType":"java","lines":[{"lineNumber":1,"author":{"gitId":"natashatanyt"},"content":"import java.util.Scanner;","lastModifiedDate":"2023-01-31"},{"lineNumber":2,"author":{"gitId":"natashatanyt"},"content":"","lastModifiedDate":"2023-01-18"},{"lineNumber":3,"author":{"gitId":"-"},"content":"public class Duke {","lastModifiedDate":"2019-07-29"},{"lineNumber":4,"author":{"gitId":"natashatanyt"},"content":"    // DUKE in ASCII art","lastModifiedDate":"2023-01-23"},{"lineNumber":5,"author":{"gitId":"natashatanyt"},"content":"    private static final String LOGO \u003d \" ____        _        \\n\"","lastModifiedDate":"2023-01-31"},{"lineNumber":6,"author":{"gitId":"-"},"content":"            + \"|  _ \\\\ _   _| | _____ \\n\"","lastModifiedDate":"2019-07-29"},{"lineNumber":7,"author":{"gitId":"-"},"content":"            + \"| | | | | | | |/ / _ \\\\\\n\"","lastModifiedDate":"2019-07-29"},{"lineNumber":8,"author":{"gitId":"-"},"content":"            + \"| |_| | |_| |   \u003c  __/\\n\"","lastModifiedDate":"2019-07-29"},{"lineNumber":9,"author":{"gitId":"-"},"content":"            + \"|____/ \\\\__,_|_|\\\\_\\\\___|\\n\";","lastModifiedDate":"2019-07-29"},{"lineNumber":10,"author":{"gitId":"natashatanyt"},"content":"","lastModifiedDate":"2023-01-13"},{"lineNumber":11,"author":{"gitId":"natashatanyt"},"content":"    // Horizontal Rule to act as a divider","lastModifiedDate":"2023-01-23"},{"lineNumber":12,"author":{"gitId":"natashatanyt"},"content":"    private static final String HORIZONTAL_RULE \u003d \"__________________________________________________\";","lastModifiedDate":"2023-01-31"},{"lineNumber":13,"author":{"gitId":"natashatanyt"},"content":"","lastModifiedDate":"2023-01-13"},{"lineNumber":14,"author":{"gitId":"natashatanyt"},"content":"    /**","lastModifiedDate":"2023-01-24"},{"lineNumber":15,"author":{"gitId":"natashatanyt"},"content":"     * Start up function.","lastModifiedDate":"2023-01-24"},{"lineNumber":16,"author":{"gitId":"natashatanyt"},"content":"     * Prints ASCII art and prompts users for input","lastModifiedDate":"2023-01-24"},{"lineNumber":17,"author":{"gitId":"natashatanyt"},"content":"     */","lastModifiedDate":"2023-01-24"},{"lineNumber":18,"author":{"gitId":"natashatanyt"},"content":"    public static void startUp() {","lastModifiedDate":"2023-01-24"},{"lineNumber":19,"author":{"gitId":"natashatanyt"},"content":"        System.out.println(LOGO);","lastModifiedDate":"2023-01-31"},{"lineNumber":20,"author":{"gitId":"natashatanyt"},"content":"        System.out.println(HORIZONTAL_RULE);","lastModifiedDate":"2023-01-31"},{"lineNumber":21,"author":{"gitId":"natashatanyt"},"content":"        System.out.println(\"Hello! I\u0027m Duke. \\nWhat can I do for you?\");","lastModifiedDate":"2023-01-13"},{"lineNumber":22,"author":{"gitId":"natashatanyt"},"content":"        System.out.println(HORIZONTAL_RULE);","lastModifiedDate":"2023-01-31"},{"lineNumber":23,"author":{"gitId":"natashatanyt"},"content":"    }","lastModifiedDate":"2023-01-13"},{"lineNumber":24,"author":{"gitId":"natashatanyt"},"content":"","lastModifiedDate":"2023-01-13"},{"lineNumber":25,"author":{"gitId":"natashatanyt"},"content":"    /**","lastModifiedDate":"2023-01-24"},{"lineNumber":26,"author":{"gitId":"natashatanyt"},"content":"     * Shut down function.","lastModifiedDate":"2023-01-24"},{"lineNumber":27,"author":{"gitId":"natashatanyt"},"content":"     * Informs users that Duke is no longer accepting commands","lastModifiedDate":"2023-01-24"},{"lineNumber":28,"author":{"gitId":"natashatanyt"},"content":"     */","lastModifiedDate":"2023-01-24"},{"lineNumber":29,"author":{"gitId":"natashatanyt"},"content":"    public static void shutDown() {","lastModifiedDate":"2023-01-24"},{"lineNumber":30,"author":{"gitId":"natashatanyt"},"content":"        System.out.println(HORIZONTAL_RULE);","lastModifiedDate":"2023-01-31"},{"lineNumber":31,"author":{"gitId":"natashatanyt"},"content":"        System.out.println(\"Shutting Down! Hope to see you again soon!\");","lastModifiedDate":"2023-01-24"},{"lineNumber":32,"author":{"gitId":"natashatanyt"},"content":"        System.out.println(HORIZONTAL_RULE);","lastModifiedDate":"2023-01-31"},{"lineNumber":33,"author":{"gitId":"natashatanyt"},"content":"    }","lastModifiedDate":"2023-01-13"},{"lineNumber":34,"author":{"gitId":"natashatanyt"},"content":"","lastModifiedDate":"2023-01-13"},{"lineNumber":35,"author":{"gitId":"-"},"content":"    public static void main(String[] args) {","lastModifiedDate":"2023-01-13"},{"lineNumber":36,"author":{"gitId":"natashatanyt"},"content":"        // tasks for storing tasks + taskCounter to track next empty cell","lastModifiedDate":"2023-01-31"},{"lineNumber":37,"author":{"gitId":"natashatanyt"},"content":"        Task[] tasks \u003d new Task[100];","lastModifiedDate":"2023-01-31"},{"lineNumber":38,"author":{"gitId":"natashatanyt"},"content":"        int taskCounter \u003d 0;","lastModifiedDate":"2023-01-23"},{"lineNumber":39,"author":{"gitId":"natashatanyt"},"content":"","lastModifiedDate":"2023-01-23"},{"lineNumber":40,"author":{"gitId":"natashatanyt"},"content":"        // Setting up input reading","lastModifiedDate":"2023-01-24"},{"lineNumber":41,"author":{"gitId":"natashatanyt"},"content":"        Scanner s \u003d new Scanner(System.in);","lastModifiedDate":"2023-01-18"},{"lineNumber":42,"author":{"gitId":"natashatanyt"},"content":"","lastModifiedDate":"2023-01-18"},{"lineNumber":43,"author":{"gitId":"natashatanyt"},"content":"        startUp();","lastModifiedDate":"2023-01-24"},{"lineNumber":44,"author":{"gitId":"natashatanyt"},"content":"","lastModifiedDate":"2023-01-18"},{"lineNumber":45,"author":{"gitId":"natashatanyt"},"content":"        // Reads inputs until \"bye\" is sent","lastModifiedDate":"2023-01-23"},{"lineNumber":46,"author":{"gitId":"natashatanyt"},"content":"        while (true) {","lastModifiedDate":"2023-01-18"},{"lineNumber":47,"author":{"gitId":"natashatanyt"},"content":"            String userInput \u003d s.next();","lastModifiedDate":"2023-01-18"},{"lineNumber":48,"author":{"gitId":"natashatanyt"},"content":"            userInput +\u003d s.nextLine();","lastModifiedDate":"2023-01-18"},{"lineNumber":49,"author":{"gitId":"natashatanyt"},"content":"","lastModifiedDate":"2023-01-18"},{"lineNumber":50,"author":{"gitId":"natashatanyt"},"content":"            // Extracts first word in input","lastModifiedDate":"2023-01-24"},{"lineNumber":51,"author":{"gitId":"natashatanyt"},"content":"            // Used to check if tasks are to be marked/unmarked","lastModifiedDate":"2023-01-24"},{"lineNumber":52,"author":{"gitId":"natashatanyt"},"content":"            String firstWord \u003d userInput.split(\" \", 2)[0].toLowerCase();","lastModifiedDate":"2023-01-31"},{"lineNumber":53,"author":{"gitId":"natashatanyt"},"content":"","lastModifiedDate":"2023-01-24"},{"lineNumber":54,"author":{"gitId":"natashatanyt"},"content":"            if ((userInput).equalsIgnoreCase(\"bye\")) {","lastModifiedDate":"2023-01-31"},{"lineNumber":55,"author":{"gitId":"natashatanyt"},"content":"                shutDown();","lastModifiedDate":"2023-01-24"},{"lineNumber":56,"author":{"gitId":"natashatanyt"},"content":"                return;","lastModifiedDate":"2023-01-18"},{"lineNumber":57,"author":{"gitId":"natashatanyt"},"content":"","lastModifiedDate":"2023-01-23"},{"lineNumber":58,"author":{"gitId":"natashatanyt"},"content":"            } else if ((userInput).equalsIgnoreCase(\"list\")) {","lastModifiedDate":"2023-01-31"},{"lineNumber":59,"author":{"gitId":"natashatanyt"},"content":"                // Prints all contents of task Array","lastModifiedDate":"2023-01-23"},{"lineNumber":60,"author":{"gitId":"natashatanyt"},"content":"                System.out.println(HORIZONTAL_RULE);","lastModifiedDate":"2023-01-31"},{"lineNumber":61,"author":{"gitId":"natashatanyt"},"content":"                for (int i \u003d 0; i \u003c taskCounter; i++) {","lastModifiedDate":"2023-01-23"},{"lineNumber":62,"author":{"gitId":"natashatanyt"},"content":"                    System.out.println((i + 1) + \". \" + \"[\" + tasks[i].getStatus() + \"] \" + tasks[i].getTask());","lastModifiedDate":"2023-01-31"},{"lineNumber":63,"author":{"gitId":"natashatanyt"},"content":"                }","lastModifiedDate":"2023-01-23"},{"lineNumber":64,"author":{"gitId":"natashatanyt"},"content":"","lastModifiedDate":"2023-01-24"},{"lineNumber":65,"author":{"gitId":"natashatanyt"},"content":"                // Prints total number","lastModifiedDate":"2023-01-24"},{"lineNumber":66,"author":{"gitId":"natashatanyt"},"content":"                System.out.println(\"Total number of tasks: \" + taskCounter);","lastModifiedDate":"2023-01-24"},{"lineNumber":67,"author":{"gitId":"natashatanyt"},"content":"                System.out.println(HORIZONTAL_RULE);","lastModifiedDate":"2023-01-31"},{"lineNumber":68,"author":{"gitId":"natashatanyt"},"content":"","lastModifiedDate":"2023-01-24"},{"lineNumber":69,"author":{"gitId":"natashatanyt"},"content":"            } else if (firstWord.equals(\"mark\")) {","lastModifiedDate":"2023-01-24"},{"lineNumber":70,"author":{"gitId":"natashatanyt"},"content":"                // Sets specified task to complete","lastModifiedDate":"2023-01-24"},{"lineNumber":71,"author":{"gitId":"natashatanyt"},"content":"                int taskIndex \u003d Integer.parseInt(userInput.split(\" \", 2)[1]);","lastModifiedDate":"2023-01-24"},{"lineNumber":72,"author":{"gitId":"natashatanyt"},"content":"                tasks[taskIndex - 1].setComplete();","lastModifiedDate":"2023-01-31"},{"lineNumber":73,"author":{"gitId":"natashatanyt"},"content":"","lastModifiedDate":"2023-01-24"},{"lineNumber":74,"author":{"gitId":"natashatanyt"},"content":"                // Prints acknowledgement","lastModifiedDate":"2023-01-24"},{"lineNumber":75,"author":{"gitId":"natashatanyt"},"content":"                System.out.println(HORIZONTAL_RULE);","lastModifiedDate":"2023-01-31"},{"lineNumber":76,"author":{"gitId":"natashatanyt"},"content":"                System.out.println(\"Marking task \\\"\" + tasks[taskIndex - 1].getTask() + \"\\\" as complete!\");","lastModifiedDate":"2023-01-31"},{"lineNumber":77,"author":{"gitId":"natashatanyt"},"content":"                System.out.println(HORIZONTAL_RULE);","lastModifiedDate":"2023-01-31"},{"lineNumber":78,"author":{"gitId":"natashatanyt"},"content":"","lastModifiedDate":"2023-01-24"},{"lineNumber":79,"author":{"gitId":"natashatanyt"},"content":"            } else if (firstWord.equals(\"unmark\")) {","lastModifiedDate":"2023-01-24"},{"lineNumber":80,"author":{"gitId":"natashatanyt"},"content":"                // Sets specified task to incomplete","lastModifiedDate":"2023-01-24"},{"lineNumber":81,"author":{"gitId":"natashatanyt"},"content":"                int taskIndex \u003d Integer.parseInt(userInput.split(\" \", 2)[1]);","lastModifiedDate":"2023-01-24"},{"lineNumber":82,"author":{"gitId":"natashatanyt"},"content":"                tasks[taskIndex - 1].setIncomplete();","lastModifiedDate":"2023-01-31"},{"lineNumber":83,"author":{"gitId":"natashatanyt"},"content":"","lastModifiedDate":"2023-01-24"},{"lineNumber":84,"author":{"gitId":"natashatanyt"},"content":"                // Prints acknowledgement","lastModifiedDate":"2023-01-24"},{"lineNumber":85,"author":{"gitId":"natashatanyt"},"content":"                System.out.println(HORIZONTAL_RULE);","lastModifiedDate":"2023-01-31"},{"lineNumber":86,"author":{"gitId":"natashatanyt"},"content":"                System.out.println(\"Marking task \\\"\" + tasks[taskIndex - 1].getTask() + \"\\\" as incomplete!\");","lastModifiedDate":"2023-01-31"},{"lineNumber":87,"author":{"gitId":"natashatanyt"},"content":"                System.out.println(HORIZONTAL_RULE);","lastModifiedDate":"2023-01-31"},{"lineNumber":88,"author":{"gitId":"natashatanyt"},"content":"","lastModifiedDate":"2023-01-23"},{"lineNumber":89,"author":{"gitId":"natashatanyt"},"content":"            } else {","lastModifiedDate":"2023-01-18"},{"lineNumber":90,"author":{"gitId":"natashatanyt"},"content":"                // If none of the above, insert new task","lastModifiedDate":"2023-01-24"},{"lineNumber":91,"author":{"gitId":"natashatanyt"},"content":"                // Update tasks and taskCounter","lastModifiedDate":"2023-01-31"},{"lineNumber":92,"author":{"gitId":"natashatanyt"},"content":"                Task newTask \u003d new Task(userInput);","lastModifiedDate":"2023-01-24"},{"lineNumber":93,"author":{"gitId":"natashatanyt"},"content":"                tasks[taskCounter] \u003d newTask;","lastModifiedDate":"2023-01-31"},{"lineNumber":94,"author":{"gitId":"natashatanyt"},"content":"                taskCounter +\u003d 1;","lastModifiedDate":"2023-01-23"},{"lineNumber":95,"author":{"gitId":"natashatanyt"},"content":"","lastModifiedDate":"2023-01-23"},{"lineNumber":96,"author":{"gitId":"natashatanyt"},"content":"                // Prints acknowledgement","lastModifiedDate":"2023-01-24"},{"lineNumber":97,"author":{"gitId":"natashatanyt"},"content":"                System.out.println(HORIZONTAL_RULE);","lastModifiedDate":"2023-01-31"},{"lineNumber":98,"author":{"gitId":"natashatanyt"},"content":"                System.out.println(\"Added task: \" + userInput);","lastModifiedDate":"2023-01-24"},{"lineNumber":99,"author":{"gitId":"natashatanyt"},"content":"                System.out.println(\"Total Number of Tasks: \" + taskCounter);","lastModifiedDate":"2023-01-23"},{"lineNumber":100,"author":{"gitId":"natashatanyt"},"content":"                System.out.println(HORIZONTAL_RULE);","lastModifiedDate":"2023-01-31"},{"lineNumber":101,"author":{"gitId":"natashatanyt"},"content":"            }","lastModifiedDate":"2023-01-18"},{"lineNumber":102,"author":{"gitId":"natashatanyt"},"content":"        }","lastModifiedDate":"2023-01-18"},{"lineNumber":103,"author":{"gitId":"-"},"content":"    }","lastModifiedDate":"2019-07-29"},{"lineNumber":104,"author":{"gitId":"-"},"content":"}","lastModifiedDate":"2019-07-29"}],"authorContributionMap":{"natashatanyt":96,"-":8}},{"path":"src/main/java/Task.java","fileType":"java","lines":[{"lineNumber":1,"author":{"gitId":"natashatanyt"},"content":"public class Task {","lastModifiedDate":"2023-01-24"},{"lineNumber":2,"author":{"gitId":"natashatanyt"},"content":"    private String taskName;","lastModifiedDate":"2023-01-24"},{"lineNumber":3,"author":{"gitId":"natashatanyt"},"content":"    private boolean isComplete;","lastModifiedDate":"2023-01-24"},{"lineNumber":4,"author":{"gitId":"natashatanyt"},"content":"","lastModifiedDate":"2023-01-24"},{"lineNumber":5,"author":{"gitId":"natashatanyt"},"content":"    public Task (String taskName) {","lastModifiedDate":"2023-01-24"},{"lineNumber":6,"author":{"gitId":"natashatanyt"},"content":"        this.taskName \u003d taskName;","lastModifiedDate":"2023-01-24"},{"lineNumber":7,"author":{"gitId":"natashatanyt"},"content":"        this.isComplete \u003d false;","lastModifiedDate":"2023-01-24"},{"lineNumber":8,"author":{"gitId":"natashatanyt"},"content":"    }","lastModifiedDate":"2023-01-24"},{"lineNumber":9,"author":{"gitId":"natashatanyt"},"content":"","lastModifiedDate":"2023-01-24"},{"lineNumber":10,"author":{"gitId":"natashatanyt"},"content":"    public String getTask() {","lastModifiedDate":"2023-01-24"},{"lineNumber":11,"author":{"gitId":"natashatanyt"},"content":"        return taskName;","lastModifiedDate":"2023-01-24"},{"lineNumber":12,"author":{"gitId":"natashatanyt"},"content":"    }","lastModifiedDate":"2023-01-24"},{"lineNumber":13,"author":{"gitId":"natashatanyt"},"content":"","lastModifiedDate":"2023-01-24"},{"lineNumber":14,"author":{"gitId":"natashatanyt"},"content":"    public Character getStatus() {","lastModifiedDate":"2023-01-24"},{"lineNumber":15,"author":{"gitId":"natashatanyt"},"content":"        if (isComplete) {","lastModifiedDate":"2023-01-31"},{"lineNumber":16,"author":{"gitId":"natashatanyt"},"content":"            return \u0027X\u0027;","lastModifiedDate":"2023-01-31"},{"lineNumber":17,"author":{"gitId":"natashatanyt"},"content":"        }","lastModifiedDate":"2023-01-31"},{"lineNumber":18,"author":{"gitId":"natashatanyt"},"content":"        return \u0027 \u0027;","lastModifiedDate":"2023-01-31"},{"lineNumber":19,"author":{"gitId":"natashatanyt"},"content":"    }","lastModifiedDate":"2023-01-24"},{"lineNumber":20,"author":{"gitId":"natashatanyt"},"content":"","lastModifiedDate":"2023-01-24"},{"lineNumber":21,"author":{"gitId":"natashatanyt"},"content":"    public void setComplete() {","lastModifiedDate":"2023-01-24"},{"lineNumber":22,"author":{"gitId":"natashatanyt"},"content":"        this.isComplete \u003d true;","lastModifiedDate":"2023-01-24"},{"lineNumber":23,"author":{"gitId":"natashatanyt"},"content":"    }","lastModifiedDate":"2023-01-24"},{"lineNumber":24,"author":{"gitId":"natashatanyt"},"content":"","lastModifiedDate":"2023-01-24"},{"lineNumber":25,"author":{"gitId":"natashatanyt"},"content":"    public void setIncomplete() {","lastModifiedDate":"2023-01-24"},{"lineNumber":26,"author":{"gitId":"natashatanyt"},"content":"        this.isComplete \u003d false;","lastModifiedDate":"2023-01-24"},{"lineNumber":27,"author":{"gitId":"natashatanyt"},"content":"    }","lastModifiedDate":"2023-01-24"},{"lineNumber":28,"author":{"gitId":"natashatanyt"},"content":"}","lastModifiedDate":"2023-01-24"},{"lineNumber":29,"author":{"gitId":"natashatanyt"},"content":"","lastModifiedDate":"2023-01-24"}],"authorContributionMap":{"natashatanyt":29}}]
