[{"path":"src/main/java/Deadlines.java","fileType":"java","lines":[{"lineNumber":1,"author":{"gitId":"YatPang"},"content":"public class Deadlines extends Task {","lastModifiedDate":"2023-02-03"},{"lineNumber":2,"author":{"gitId":"YatPang"},"content":"    protected String deadline;","lastModifiedDate":"2023-02-03"},{"lineNumber":3,"author":{"gitId":"YatPang"},"content":"    public Deadlines(String description, String deadline) {","lastModifiedDate":"2023-02-03"},{"lineNumber":4,"author":{"gitId":"YatPang"},"content":"        super(description);","lastModifiedDate":"2023-02-03"},{"lineNumber":5,"author":{"gitId":"YatPang"},"content":"        this.deadline \u003d deadline;","lastModifiedDate":"2023-02-03"},{"lineNumber":6,"author":{"gitId":"YatPang"},"content":"    }","lastModifiedDate":"2023-02-03"},{"lineNumber":7,"author":{"gitId":"YatPang"},"content":"    public String getIcon(){","lastModifiedDate":"2023-02-03"},{"lineNumber":8,"author":{"gitId":"YatPang"},"content":"        return \"D\";","lastModifiedDate":"2023-02-03"},{"lineNumber":9,"author":{"gitId":"YatPang"},"content":"    }","lastModifiedDate":"2023-02-03"},{"lineNumber":10,"author":{"gitId":"YatPang"},"content":"    public String getDeadline() {","lastModifiedDate":"2023-02-24"},{"lineNumber":11,"author":{"gitId":"YatPang"},"content":"        return deadline;","lastModifiedDate":"2023-02-24"},{"lineNumber":12,"author":{"gitId":"YatPang"},"content":"    }","lastModifiedDate":"2023-02-24"},{"lineNumber":13,"author":{"gitId":"YatPang"},"content":"    public void setDeadline(String newDeadline) {","lastModifiedDate":"2023-02-24"},{"lineNumber":14,"author":{"gitId":"YatPang"},"content":"        deadline \u003d newDeadline;","lastModifiedDate":"2023-02-24"},{"lineNumber":15,"author":{"gitId":"YatPang"},"content":"    }","lastModifiedDate":"2023-02-24"},{"lineNumber":16,"author":{"gitId":"YatPang"},"content":"}","lastModifiedDate":"2023-02-03"}],"authorContributionMap":{"YatPang":16}},{"path":"src/main/java/Duke.java","fileType":"java","lines":[{"lineNumber":1,"author":{"gitId":"YatPang"},"content":"import java.io.File;","lastModifiedDate":"2023-02-28"},{"lineNumber":2,"author":{"gitId":"YatPang"},"content":"import java.io.FileWriter;","lastModifiedDate":"2023-02-28"},{"lineNumber":3,"author":{"gitId":"YatPang"},"content":"import java.io.IOException;","lastModifiedDate":"2023-02-28"},{"lineNumber":4,"author":{"gitId":"YatPang"},"content":"import java.util.ArrayList;","lastModifiedDate":"2023-02-24"},{"lineNumber":5,"author":{"gitId":"YatPang"},"content":"import java.util.Scanner;","lastModifiedDate":"2023-01-19"},{"lineNumber":6,"author":{"gitId":"-"},"content":"public class Duke {","lastModifiedDate":"2019-07-29"},{"lineNumber":7,"author":{"gitId":"YatPang"},"content":"","lastModifiedDate":"2023-01-21"},{"lineNumber":8,"author":{"gitId":"YatPang"},"content":"    public static ArrayList\u003cTask\u003e addToTaskList(ArrayList\u003cTask\u003e taskList, Task newTask) {","lastModifiedDate":"2023-02-28"},{"lineNumber":9,"author":{"gitId":"YatPang"},"content":"        taskList.add(newTask);","lastModifiedDate":"2023-02-24"},{"lineNumber":10,"author":{"gitId":"YatPang"},"content":"        return taskList;","lastModifiedDate":"2023-02-24"},{"lineNumber":11,"author":{"gitId":"YatPang"},"content":"    }","lastModifiedDate":"2023-02-03"},{"lineNumber":12,"author":{"gitId":"YatPang"},"content":"    ","lastModifiedDate":"2023-02-03"},{"lineNumber":13,"author":{"gitId":"YatPang"},"content":"    public static void welcomeMessage() {","lastModifiedDate":"2023-02-24"},{"lineNumber":14,"author":{"gitId":"YatPang"},"content":"        System.out.println(StrIntLib.welcomeText);","lastModifiedDate":"2023-02-28"},{"lineNumber":15,"author":{"gitId":"YatPang"},"content":"    }","lastModifiedDate":"2023-02-03"},{"lineNumber":16,"author":{"gitId":"YatPang"},"content":"    public static void byeMessage() {","lastModifiedDate":"2023-02-24"},{"lineNumber":17,"author":{"gitId":"YatPang"},"content":"        System.out.println(StrIntLib.byeText);","lastModifiedDate":"2023-02-28"},{"lineNumber":18,"author":{"gitId":"YatPang"},"content":"    }","lastModifiedDate":"2023-02-03"},{"lineNumber":19,"author":{"gitId":"YatPang"},"content":"    public static void list(ArrayList\u003cTask\u003e tasksList) {","lastModifiedDate":"2023-02-24"},{"lineNumber":20,"author":{"gitId":"YatPang"},"content":"        if (tasksList.size() \u003d\u003d 0) {","lastModifiedDate":"2023-02-28"},{"lineNumber":21,"author":{"gitId":"YatPang"},"content":"            System.out.println(StrIntLib.emptyList);","lastModifiedDate":"2023-02-28"},{"lineNumber":22,"author":{"gitId":"YatPang"},"content":"            return;","lastModifiedDate":"2023-02-28"},{"lineNumber":23,"author":{"gitId":"YatPang"},"content":"        }","lastModifiedDate":"2023-02-28"},{"lineNumber":24,"author":{"gitId":"YatPang"},"content":"        System.out.println(StrIntLib.listText);","lastModifiedDate":"2023-02-28"},{"lineNumber":25,"author":{"gitId":"YatPang"},"content":"        int ID \u003d 1;","lastModifiedDate":"2023-02-03"},{"lineNumber":26,"author":{"gitId":"YatPang"},"content":"        for (Task item : tasksList) {","lastModifiedDate":"2023-02-24"},{"lineNumber":27,"author":{"gitId":"YatPang"},"content":"            System.out.println(ID + \".\" + printIconStatus(item));","lastModifiedDate":"2023-02-24"},{"lineNumber":28,"author":{"gitId":"YatPang"},"content":"            ID +\u003d 1;","lastModifiedDate":"2023-02-03"},{"lineNumber":29,"author":{"gitId":"YatPang"},"content":"        }","lastModifiedDate":"2023-02-03"},{"lineNumber":30,"author":{"gitId":"YatPang"},"content":"    }","lastModifiedDate":"2023-02-03"},{"lineNumber":31,"author":{"gitId":"YatPang"},"content":"","lastModifiedDate":"2023-02-03"},{"lineNumber":32,"author":{"gitId":"YatPang"},"content":"    public static void uncheckDoneStatus(String[] stringsList, ArrayList\u003cTask\u003e taskList) {","lastModifiedDate":"2023-02-24"},{"lineNumber":33,"author":{"gitId":"YatPang"},"content":"        try{","lastModifiedDate":"2023-02-28"},{"lineNumber":34,"author":{"gitId":"YatPang"},"content":"            int test \u003d Integer.parseInt(stringsList[1]);","lastModifiedDate":"2023-02-28"},{"lineNumber":35,"author":{"gitId":"YatPang"},"content":"        } catch (ArrayIndexOutOfBoundsException e) {","lastModifiedDate":"2023-02-28"},{"lineNumber":36,"author":{"gitId":"YatPang"},"content":"            System.out.println(StrIntLib.missingInputsError);","lastModifiedDate":"2023-02-28"},{"lineNumber":37,"author":{"gitId":"YatPang"},"content":"            return;","lastModifiedDate":"2023-02-28"},{"lineNumber":38,"author":{"gitId":"YatPang"},"content":"        } catch (NumberFormatException e) {","lastModifiedDate":"2023-02-28"},{"lineNumber":39,"author":{"gitId":"YatPang"},"content":"            System.out.println(StrIntLib.wrongFormatError);","lastModifiedDate":"2023-02-28"},{"lineNumber":40,"author":{"gitId":"YatPang"},"content":"            return;","lastModifiedDate":"2023-02-28"},{"lineNumber":41,"author":{"gitId":"YatPang"},"content":"        }","lastModifiedDate":"2023-02-28"},{"lineNumber":42,"author":{"gitId":"YatPang"},"content":"        if (Integer.parseInt(stringsList[1]) \u003e taskList.size()){","lastModifiedDate":"2023-02-24"},{"lineNumber":43,"author":{"gitId":"YatPang"},"content":"            System.out.println(StrIntLib.noItemText);","lastModifiedDate":"2023-02-28"},{"lineNumber":44,"author":{"gitId":"YatPang"},"content":"        } else {","lastModifiedDate":"2023-02-03"},{"lineNumber":45,"author":{"gitId":"YatPang"},"content":"            taskList.get(Integer.parseInt(stringsList[1]) - 1).markAsNotDone();","lastModifiedDate":"2023-02-24"},{"lineNumber":46,"author":{"gitId":"YatPang"},"content":"            System.out.println(StrIntLib.unmarkText);","lastModifiedDate":"2023-02-28"},{"lineNumber":47,"author":{"gitId":"YatPang"},"content":"            Task item \u003d taskList.get(Integer.parseInt(stringsList[1]) - 1","lastModifiedDate":"2023-02-24"},{"lineNumber":48,"author":{"gitId":"YatPang"},"content":"            );","lastModifiedDate":"2023-02-24"},{"lineNumber":49,"author":{"gitId":"YatPang"},"content":"            System.out.println(printIconStatus(item));","lastModifiedDate":"2023-02-24"},{"lineNumber":50,"author":{"gitId":"YatPang"},"content":"        }","lastModifiedDate":"2023-02-03"},{"lineNumber":51,"author":{"gitId":"YatPang"},"content":"    }","lastModifiedDate":"2023-02-03"},{"lineNumber":52,"author":{"gitId":"YatPang"},"content":"","lastModifiedDate":"2023-02-03"},{"lineNumber":53,"author":{"gitId":"YatPang"},"content":"    public static void checkDoneStatus(String[] stringsList, ArrayList\u003cTask\u003e taskList) {","lastModifiedDate":"2023-02-24"},{"lineNumber":54,"author":{"gitId":"YatPang"},"content":"        try{","lastModifiedDate":"2023-02-28"},{"lineNumber":55,"author":{"gitId":"YatPang"},"content":"            int test \u003d Integer.parseInt(stringsList[1]);","lastModifiedDate":"2023-02-28"},{"lineNumber":56,"author":{"gitId":"YatPang"},"content":"        } catch (ArrayIndexOutOfBoundsException e) {","lastModifiedDate":"2023-02-28"},{"lineNumber":57,"author":{"gitId":"YatPang"},"content":"            System.out.println(StrIntLib.missingInputsError);","lastModifiedDate":"2023-02-28"},{"lineNumber":58,"author":{"gitId":"YatPang"},"content":"            return;","lastModifiedDate":"2023-02-28"},{"lineNumber":59,"author":{"gitId":"YatPang"},"content":"        } catch (NumberFormatException e) {","lastModifiedDate":"2023-02-28"},{"lineNumber":60,"author":{"gitId":"YatPang"},"content":"            System.out.println(StrIntLib.wrongFormatError);","lastModifiedDate":"2023-02-28"},{"lineNumber":61,"author":{"gitId":"YatPang"},"content":"            return;","lastModifiedDate":"2023-02-28"},{"lineNumber":62,"author":{"gitId":"YatPang"},"content":"        }","lastModifiedDate":"2023-02-28"},{"lineNumber":63,"author":{"gitId":"YatPang"},"content":"        if (Integer.parseInt(stringsList[1]) \u003e taskList.size()){","lastModifiedDate":"2023-02-24"},{"lineNumber":64,"author":{"gitId":"YatPang"},"content":"            System.out.println(StrIntLib.noItemText);","lastModifiedDate":"2023-02-28"},{"lineNumber":65,"author":{"gitId":"YatPang"},"content":"        } else {","lastModifiedDate":"2023-02-03"},{"lineNumber":66,"author":{"gitId":"YatPang"},"content":"            taskList.get(Integer.parseInt(stringsList[1]) - 1).markAsDone();","lastModifiedDate":"2023-02-24"},{"lineNumber":67,"author":{"gitId":"YatPang"},"content":"            System.out.println(StrIntLib.markText);","lastModifiedDate":"2023-02-28"},{"lineNumber":68,"author":{"gitId":"YatPang"},"content":"            Task item \u003d taskList.get(Integer.parseInt(stringsList[1]) - 1);","lastModifiedDate":"2023-02-24"},{"lineNumber":69,"author":{"gitId":"YatPang"},"content":"            System.out.println(printIconStatus(item));","lastModifiedDate":"2023-02-24"},{"lineNumber":70,"author":{"gitId":"YatPang"},"content":"        }","lastModifiedDate":"2023-02-03"},{"lineNumber":71,"author":{"gitId":"YatPang"},"content":"    }","lastModifiedDate":"2023-02-03"},{"lineNumber":72,"author":{"gitId":"YatPang"},"content":"","lastModifiedDate":"2023-02-03"},{"lineNumber":73,"author":{"gitId":"YatPang"},"content":"    public static String printIconStatus(Task selectedTask) {","lastModifiedDate":"2023-02-24"},{"lineNumber":74,"author":{"gitId":"YatPang"},"content":"        String out \u003d \"[\" + selectedTask.getIcon() + \"][\" +","lastModifiedDate":"2023-02-28"},{"lineNumber":75,"author":{"gitId":"YatPang"},"content":"                selectedTask.getStatusIcon() + \"] \" +","lastModifiedDate":"2023-02-28"},{"lineNumber":76,"author":{"gitId":"YatPang"},"content":"                selectedTask.description;","lastModifiedDate":"2023-02-28"},{"lineNumber":77,"author":{"gitId":"YatPang"},"content":"        if (selectedTask instanceof Events){","lastModifiedDate":"2023-02-24"},{"lineNumber":78,"author":{"gitId":"YatPang"},"content":"            out +\u003d \" (from: \" + selectedTask.getStart() + \" to: \" + selectedTask.getEnd() + \")\";","lastModifiedDate":"2023-02-28"},{"lineNumber":79,"author":{"gitId":"YatPang"},"content":"        } else if (selectedTask instanceof Deadlines) {","lastModifiedDate":"2023-02-24"},{"lineNumber":80,"author":{"gitId":"YatPang"},"content":"            out +\u003d \" (by: \" + selectedTask.getDeadline() + \")\";","lastModifiedDate":"2023-02-28"},{"lineNumber":81,"author":{"gitId":"YatPang"},"content":"        }","lastModifiedDate":"2023-02-03"},{"lineNumber":82,"author":{"gitId":"YatPang"},"content":"        return out;","lastModifiedDate":"2023-02-03"},{"lineNumber":83,"author":{"gitId":"YatPang"},"content":"    }","lastModifiedDate":"2023-02-03"},{"lineNumber":84,"author":{"gitId":"YatPang"},"content":"    public static String saveFormat(Task selectedTask) {","lastModifiedDate":"2023-02-28"},{"lineNumber":85,"author":{"gitId":"YatPang"},"content":"        String taskStatus \u003d (selectedTask.getStatusIcon().equals(\"X\")) ? \"1\" : \"0\";","lastModifiedDate":"2023-02-28"},{"lineNumber":86,"author":{"gitId":"YatPang"},"content":"        String formattedTask \u003d selectedTask.getIcon() + \" | \" +","lastModifiedDate":"2023-02-28"},{"lineNumber":87,"author":{"gitId":"YatPang"},"content":"                                taskStatus + \" | \" +","lastModifiedDate":"2023-02-28"},{"lineNumber":88,"author":{"gitId":"YatPang"},"content":"                                selectedTask.description;","lastModifiedDate":"2023-02-28"},{"lineNumber":89,"author":{"gitId":"YatPang"},"content":"        if (selectedTask instanceof Events) {","lastModifiedDate":"2023-02-28"},{"lineNumber":90,"author":{"gitId":"YatPang"},"content":"            formattedTask +\u003d \" | \" + selectedTask.getStart() + \"-\" + selectedTask.getEnd();","lastModifiedDate":"2023-02-28"},{"lineNumber":91,"author":{"gitId":"YatPang"},"content":"        } else if (selectedTask instanceof Deadlines) {","lastModifiedDate":"2023-02-28"},{"lineNumber":92,"author":{"gitId":"YatPang"},"content":"            formattedTask +\u003d \" | \" + selectedTask.getDeadline();","lastModifiedDate":"2023-02-28"},{"lineNumber":93,"author":{"gitId":"YatPang"},"content":"        }","lastModifiedDate":"2023-02-28"},{"lineNumber":94,"author":{"gitId":"YatPang"},"content":"        return formattedTask;","lastModifiedDate":"2023-02-28"},{"lineNumber":95,"author":{"gitId":"YatPang"},"content":"    }","lastModifiedDate":"2023-02-28"},{"lineNumber":96,"author":{"gitId":"YatPang"},"content":"    private static ArrayList\u003cTask\u003e addDeadline(ArrayList\u003cTask\u003e taskList, String[] parts) {","lastModifiedDate":"2023-02-24"},{"lineNumber":97,"author":{"gitId":"YatPang"},"content":"        try{","lastModifiedDate":"2023-02-28"},{"lineNumber":98,"author":{"gitId":"YatPang"},"content":"            String content \u003d parts[0];","lastModifiedDate":"2023-02-24"},{"lineNumber":99,"author":{"gitId":"YatPang"},"content":"            String dueDate \u003d parts[1].replace(StrIntLib.by, StrIntLib.byReplacement).trim();","lastModifiedDate":"2023-02-28"},{"lineNumber":100,"author":{"gitId":"YatPang"},"content":"            Deadlines newDeadline \u003d new Deadlines(content, dueDate);","lastModifiedDate":"2023-02-24"},{"lineNumber":101,"author":{"gitId":"YatPang"},"content":"            ArrayList\u003cTask\u003e newTaskList \u003d addToTaskList(taskList, newDeadline);","lastModifiedDate":"2023-02-28"},{"lineNumber":102,"author":{"gitId":"YatPang"},"content":"            System.out.println(StrIntLib.addTaskText);","lastModifiedDate":"2023-02-28"},{"lineNumber":103,"author":{"gitId":"YatPang"},"content":"            System.out.println(printIconStatus(newDeadline));","lastModifiedDate":"2023-02-24"},{"lineNumber":104,"author":{"gitId":"YatPang"},"content":"            System.out.println(StrIntLib.taskCount1 + newTaskList.size() + StrIntLib.taskCount2);","lastModifiedDate":"2023-02-28"},{"lineNumber":105,"author":{"gitId":"YatPang"},"content":"            return newTaskList;","lastModifiedDate":"2023-02-24"},{"lineNumber":106,"author":{"gitId":"YatPang"},"content":"        } catch (ArrayIndexOutOfBoundsException e) {","lastModifiedDate":"2023-02-28"},{"lineNumber":107,"author":{"gitId":"YatPang"},"content":"            System.out.println(StrIntLib.missingInputsError);","lastModifiedDate":"2023-02-28"},{"lineNumber":108,"author":{"gitId":"YatPang"},"content":"            return taskList;","lastModifiedDate":"2023-02-28"},{"lineNumber":109,"author":{"gitId":"YatPang"},"content":"        }","lastModifiedDate":"2023-02-28"},{"lineNumber":110,"author":{"gitId":"YatPang"},"content":"    }","lastModifiedDate":"2023-02-24"},{"lineNumber":111,"author":{"gitId":"YatPang"},"content":"","lastModifiedDate":"2023-02-24"},{"lineNumber":112,"author":{"gitId":"YatPang"},"content":"    private static ArrayList\u003cTask\u003e addEvent(ArrayList\u003cTask\u003e taskList, String[] parts) {","lastModifiedDate":"2023-02-24"},{"lineNumber":113,"author":{"gitId":"YatPang"},"content":"        try {","lastModifiedDate":"2023-02-28"},{"lineNumber":114,"author":{"gitId":"YatPang"},"content":"            String content \u003d parts[0];","lastModifiedDate":"2023-02-24"},{"lineNumber":115,"author":{"gitId":"YatPang"},"content":"            String start \u003d parts[1].replace(StrIntLib.from, StrIntLib.fromReplacement).trim();","lastModifiedDate":"2023-02-28"},{"lineNumber":116,"author":{"gitId":"YatPang"},"content":"            String end \u003d parts[2].replace(StrIntLib.to, StrIntLib.toReplacement).trim();","lastModifiedDate":"2023-02-28"},{"lineNumber":117,"author":{"gitId":"YatPang"},"content":"            Events newEvent \u003d new Events(content, start, end);","lastModifiedDate":"2023-02-24"},{"lineNumber":118,"author":{"gitId":"YatPang"},"content":"            ArrayList\u003cTask\u003e newTaskList \u003d addToTaskList(taskList, newEvent);","lastModifiedDate":"2023-02-28"},{"lineNumber":119,"author":{"gitId":"YatPang"},"content":"            System.out.println(StrIntLib.addTaskText);","lastModifiedDate":"2023-02-28"},{"lineNumber":120,"author":{"gitId":"YatPang"},"content":"            System.out.println(printIconStatus(newEvent));","lastModifiedDate":"2023-02-24"},{"lineNumber":121,"author":{"gitId":"YatPang"},"content":"            System.out.println(StrIntLib.taskCount1 + newTaskList.size() + StrIntLib.taskCount2);","lastModifiedDate":"2023-02-28"},{"lineNumber":122,"author":{"gitId":"YatPang"},"content":"            return newTaskList;","lastModifiedDate":"2023-02-24"},{"lineNumber":123,"author":{"gitId":"YatPang"},"content":"        } catch (ArrayIndexOutOfBoundsException e) {","lastModifiedDate":"2023-02-28"},{"lineNumber":124,"author":{"gitId":"YatPang"},"content":"            System.out.println(StrIntLib.missingInputsError);","lastModifiedDate":"2023-02-28"},{"lineNumber":125,"author":{"gitId":"YatPang"},"content":"            return taskList;","lastModifiedDate":"2023-02-28"},{"lineNumber":126,"author":{"gitId":"YatPang"},"content":"        }","lastModifiedDate":"2023-02-28"},{"lineNumber":127,"author":{"gitId":"YatPang"},"content":"    }","lastModifiedDate":"2023-02-24"},{"lineNumber":128,"author":{"gitId":"YatPang"},"content":"    private static ArrayList\u003cTask\u003e addToDo(ArrayList\u003cTask\u003e taskList, String[] inputs) {","lastModifiedDate":"2023-02-24"},{"lineNumber":129,"author":{"gitId":"YatPang"},"content":"        try {","lastModifiedDate":"2023-02-28"},{"lineNumber":130,"author":{"gitId":"YatPang"},"content":"            ToDos newToDo \u003d new ToDos(inputs[1]);","lastModifiedDate":"2023-02-24"},{"lineNumber":131,"author":{"gitId":"YatPang"},"content":"            ArrayList\u003cTask\u003e newTaskList \u003d addToTaskList(taskList, newToDo);","lastModifiedDate":"2023-02-28"},{"lineNumber":132,"author":{"gitId":"YatPang"},"content":"            System.out.println(StrIntLib.addTaskText);","lastModifiedDate":"2023-02-28"},{"lineNumber":133,"author":{"gitId":"YatPang"},"content":"            System.out.println(printIconStatus(newToDo));","lastModifiedDate":"2023-02-24"},{"lineNumber":134,"author":{"gitId":"YatPang"},"content":"            System.out.println(StrIntLib.taskCount1 + newTaskList.size() + StrIntLib.taskCount2);","lastModifiedDate":"2023-02-28"},{"lineNumber":135,"author":{"gitId":"YatPang"},"content":"            return newTaskList;","lastModifiedDate":"2023-02-24"},{"lineNumber":136,"author":{"gitId":"YatPang"},"content":"        } catch (ArrayIndexOutOfBoundsException e) {","lastModifiedDate":"2023-02-28"},{"lineNumber":137,"author":{"gitId":"YatPang"},"content":"            System.out.println(StrIntLib.missingInputsError);","lastModifiedDate":"2023-02-28"},{"lineNumber":138,"author":{"gitId":"YatPang"},"content":"            return taskList;","lastModifiedDate":"2023-02-28"},{"lineNumber":139,"author":{"gitId":"YatPang"},"content":"        }","lastModifiedDate":"2023-02-28"},{"lineNumber":140,"author":{"gitId":"YatPang"},"content":"    }","lastModifiedDate":"2023-02-24"},{"lineNumber":141,"author":{"gitId":"YatPang"},"content":"","lastModifiedDate":"2023-02-24"},{"lineNumber":142,"author":{"gitId":"YatPang"},"content":"    private static ArrayList\u003cTask\u003e addTask(ArrayList\u003cTask\u003e taskList, String[] parts) {","lastModifiedDate":"2023-02-24"},{"lineNumber":143,"author":{"gitId":"YatPang"},"content":"        try {","lastModifiedDate":"2023-02-28"},{"lineNumber":144,"author":{"gitId":"YatPang"},"content":"            Task newTask \u003d new Task(parts[0]);","lastModifiedDate":"2023-02-24"},{"lineNumber":145,"author":{"gitId":"YatPang"},"content":"            ArrayList\u003cTask\u003e newTaskList \u003d addToTaskList(taskList, newTask);","lastModifiedDate":"2023-02-28"},{"lineNumber":146,"author":{"gitId":"YatPang"},"content":"            System.out.println(StrIntLib.taskAddedDebug);","lastModifiedDate":"2023-02-28"},{"lineNumber":147,"author":{"gitId":"YatPang"},"content":"            return newTaskList;","lastModifiedDate":"2023-02-24"},{"lineNumber":148,"author":{"gitId":"YatPang"},"content":"        } catch (ArrayIndexOutOfBoundsException e) {","lastModifiedDate":"2023-02-28"},{"lineNumber":149,"author":{"gitId":"YatPang"},"content":"            System.out.println(StrIntLib.missingInputsError);","lastModifiedDate":"2023-02-28"},{"lineNumber":150,"author":{"gitId":"YatPang"},"content":"            return taskList;","lastModifiedDate":"2023-02-28"},{"lineNumber":151,"author":{"gitId":"YatPang"},"content":"        }","lastModifiedDate":"2023-02-28"},{"lineNumber":152,"author":{"gitId":"YatPang"},"content":"    }","lastModifiedDate":"2023-02-24"},{"lineNumber":153,"author":{"gitId":"YatPang"},"content":"    private static void invalidCommand() {","lastModifiedDate":"2023-02-24"},{"lineNumber":154,"author":{"gitId":"YatPang"},"content":"        System.out.println(StrIntLib.invalidCmdText);","lastModifiedDate":"2023-02-28"},{"lineNumber":155,"author":{"gitId":"YatPang"},"content":"    }","lastModifiedDate":"2023-02-24"},{"lineNumber":156,"author":{"gitId":"YatPang"},"content":"    private static ArrayList\u003cTask\u003e deleteTask(ArrayList\u003cTask\u003e taskList, String[] parts) {","lastModifiedDate":"2023-02-28"},{"lineNumber":157,"author":{"gitId":"YatPang"},"content":"        try{","lastModifiedDate":"2023-02-28"},{"lineNumber":158,"author":{"gitId":"YatPang"},"content":"            int test \u003d Integer.parseInt(parts[1]);","lastModifiedDate":"2023-02-28"},{"lineNumber":159,"author":{"gitId":"YatPang"},"content":"        } catch (ArrayIndexOutOfBoundsException | NumberFormatException e) {","lastModifiedDate":"2023-02-28"},{"lineNumber":160,"author":{"gitId":"YatPang"},"content":"            System.out.println(StrIntLib.generalError);","lastModifiedDate":"2023-02-28"},{"lineNumber":161,"author":{"gitId":"YatPang"},"content":"            return taskList;","lastModifiedDate":"2023-02-28"},{"lineNumber":162,"author":{"gitId":"YatPang"},"content":"        }","lastModifiedDate":"2023-02-28"},{"lineNumber":163,"author":{"gitId":"YatPang"},"content":"        if (Integer.parseInt(parts[1]) \u003e taskList.size()){","lastModifiedDate":"2023-02-28"},{"lineNumber":164,"author":{"gitId":"YatPang"},"content":"            System.out.println(StrIntLib.noItemText);","lastModifiedDate":"2023-02-28"},{"lineNumber":165,"author":{"gitId":"YatPang"},"content":"        } else {","lastModifiedDate":"2023-02-28"},{"lineNumber":166,"author":{"gitId":"YatPang"},"content":"            System.out.println(StrIntLib.deleteText);","lastModifiedDate":"2023-02-28"},{"lineNumber":167,"author":{"gitId":"YatPang"},"content":"            Task deletedTask \u003d taskList.remove(Integer.parseInt(parts[1]) - 1);","lastModifiedDate":"2023-02-28"},{"lineNumber":168,"author":{"gitId":"YatPang"},"content":"            System.out.println(printIconStatus(deletedTask));","lastModifiedDate":"2023-02-28"},{"lineNumber":169,"author":{"gitId":"YatPang"},"content":"            System.out.println(StrIntLib.taskCount1 + taskList.size() + StrIntLib.taskCount2);","lastModifiedDate":"2023-02-28"},{"lineNumber":170,"author":{"gitId":"YatPang"},"content":"        }","lastModifiedDate":"2023-02-28"},{"lineNumber":171,"author":{"gitId":"YatPang"},"content":"        return taskList;","lastModifiedDate":"2023-02-28"},{"lineNumber":172,"author":{"gitId":"YatPang"},"content":"    }","lastModifiedDate":"2023-02-28"},{"lineNumber":173,"author":{"gitId":"YatPang"},"content":"    private static void createSave(ArrayList\u003cTask\u003e taskList) {","lastModifiedDate":"2023-02-28"},{"lineNumber":174,"author":{"gitId":"YatPang"},"content":"        try{","lastModifiedDate":"2023-02-28"},{"lineNumber":175,"author":{"gitId":"YatPang"},"content":"            File saveFile \u003d new File(\"duke.txt\");","lastModifiedDate":"2023-02-28"},{"lineNumber":176,"author":{"gitId":"YatPang"},"content":"            FileWriter saveWriter \u003d new FileWriter(\"duke.txt\");","lastModifiedDate":"2023-02-28"},{"lineNumber":177,"author":{"gitId":"YatPang"},"content":"            for (Task item : taskList) {","lastModifiedDate":"2023-02-28"},{"lineNumber":178,"author":{"gitId":"YatPang"},"content":"                saveWriter.write(saveFormat(item)+\"\\n\");","lastModifiedDate":"2023-02-28"},{"lineNumber":179,"author":{"gitId":"YatPang"},"content":"            }","lastModifiedDate":"2023-02-28"},{"lineNumber":180,"author":{"gitId":"YatPang"},"content":"            saveWriter.close();","lastModifiedDate":"2023-02-28"},{"lineNumber":181,"author":{"gitId":"YatPang"},"content":"            System.out.println(StrIntLib.saveDone);","lastModifiedDate":"2023-02-28"},{"lineNumber":182,"author":{"gitId":"YatPang"},"content":"        } catch (IOException e){","lastModifiedDate":"2023-02-28"},{"lineNumber":183,"author":{"gitId":"YatPang"},"content":"            System.out.println(StrIntLib.IOExceptionText);","lastModifiedDate":"2023-02-28"},{"lineNumber":184,"author":{"gitId":"YatPang"},"content":"        }","lastModifiedDate":"2023-02-28"},{"lineNumber":185,"author":{"gitId":"YatPang"},"content":"    }","lastModifiedDate":"2023-02-28"},{"lineNumber":186,"author":{"gitId":"-"},"content":"    public static void main(String[] args) {","lastModifiedDate":"2023-02-03"},{"lineNumber":187,"author":{"gitId":"YatPang"},"content":"        welcomeMessage();","lastModifiedDate":"2023-02-24"},{"lineNumber":188,"author":{"gitId":"YatPang"},"content":"        String input;","lastModifiedDate":"2023-01-19"},{"lineNumber":189,"author":{"gitId":"YatPang"},"content":"        ArrayList\u003cTask\u003e taskList \u003d new ArrayList\u003c\u003e();","lastModifiedDate":"2023-02-24"},{"lineNumber":190,"author":{"gitId":"YatPang"},"content":"        while (true) {","lastModifiedDate":"2023-01-19"},{"lineNumber":191,"author":{"gitId":"YatPang"},"content":"            Scanner scan \u003d new Scanner(System.in);","lastModifiedDate":"2023-02-24"},{"lineNumber":192,"author":{"gitId":"YatPang"},"content":"            input \u003d scan.nextLine();","lastModifiedDate":"2023-02-24"},{"lineNumber":193,"author":{"gitId":"YatPang"},"content":"            String[] inputs \u003d input.split(\" \", 2);","lastModifiedDate":"2023-02-24"},{"lineNumber":194,"author":{"gitId":"YatPang"},"content":"            String command \u003d inputs[0];","lastModifiedDate":"2023-02-24"},{"lineNumber":195,"author":{"gitId":"YatPang"},"content":"            String[] partsList \u003d (inputs.length \u003e 1) ? inputs[1].split(\"/\") : null;","lastModifiedDate":"2023-02-24"},{"lineNumber":196,"author":{"gitId":"YatPang"},"content":"            switch (command.toLowerCase()) {","lastModifiedDate":"2023-02-28"},{"lineNumber":197,"author":{"gitId":"YatPang"},"content":"            case StrIntLib.cmdBye:","lastModifiedDate":"2023-02-28"},{"lineNumber":198,"author":{"gitId":"YatPang"},"content":"                byeMessage();","lastModifiedDate":"2023-02-24"},{"lineNumber":199,"author":{"gitId":"YatPang"},"content":"                return;","lastModifiedDate":"2023-01-19"},{"lineNumber":200,"author":{"gitId":"YatPang"},"content":"            case StrIntLib.cmdList:","lastModifiedDate":"2023-02-28"},{"lineNumber":201,"author":{"gitId":"YatPang"},"content":"                list(taskList);","lastModifiedDate":"2023-02-28"},{"lineNumber":202,"author":{"gitId":"YatPang"},"content":"                break;","lastModifiedDate":"2023-02-28"},{"lineNumber":203,"author":{"gitId":"YatPang"},"content":"            case StrIntLib.cmdMark:","lastModifiedDate":"2023-02-28"},{"lineNumber":204,"author":{"gitId":"YatPang"},"content":"                checkDoneStatus(inputs, taskList);","lastModifiedDate":"2023-02-28"},{"lineNumber":205,"author":{"gitId":"YatPang"},"content":"                break;","lastModifiedDate":"2023-02-28"},{"lineNumber":206,"author":{"gitId":"YatPang"},"content":"            case StrIntLib.cmdUnmark:","lastModifiedDate":"2023-02-28"},{"lineNumber":207,"author":{"gitId":"YatPang"},"content":"                uncheckDoneStatus(inputs, taskList);","lastModifiedDate":"2023-02-28"},{"lineNumber":208,"author":{"gitId":"YatPang"},"content":"                break;","lastModifiedDate":"2023-02-28"},{"lineNumber":209,"author":{"gitId":"YatPang"},"content":"            case StrIntLib.cmdAdd:","lastModifiedDate":"2023-02-28"},{"lineNumber":210,"author":{"gitId":"YatPang"},"content":"                taskList \u003d addTask(taskList, partsList);","lastModifiedDate":"2023-02-28"},{"lineNumber":211,"author":{"gitId":"YatPang"},"content":"                break;","lastModifiedDate":"2023-02-28"},{"lineNumber":212,"author":{"gitId":"YatPang"},"content":"            case StrIntLib.cmdToDo:","lastModifiedDate":"2023-02-28"},{"lineNumber":213,"author":{"gitId":"YatPang"},"content":"                taskList \u003d addToDo(taskList, inputs);","lastModifiedDate":"2023-02-28"},{"lineNumber":214,"author":{"gitId":"YatPang"},"content":"                break;","lastModifiedDate":"2023-02-28"},{"lineNumber":215,"author":{"gitId":"YatPang"},"content":"            case StrIntLib.cmdEvent:","lastModifiedDate":"2023-02-28"},{"lineNumber":216,"author":{"gitId":"YatPang"},"content":"                taskList \u003d addEvent(taskList, partsList);","lastModifiedDate":"2023-02-28"},{"lineNumber":217,"author":{"gitId":"YatPang"},"content":"                break;","lastModifiedDate":"2023-02-28"},{"lineNumber":218,"author":{"gitId":"YatPang"},"content":"            case StrIntLib.cmdDeadline:","lastModifiedDate":"2023-02-28"},{"lineNumber":219,"author":{"gitId":"YatPang"},"content":"                taskList \u003d addDeadline(taskList, partsList);","lastModifiedDate":"2023-02-28"},{"lineNumber":220,"author":{"gitId":"YatPang"},"content":"                break;","lastModifiedDate":"2023-02-28"},{"lineNumber":221,"author":{"gitId":"YatPang"},"content":"            case StrIntLib.cmdDelete:","lastModifiedDate":"2023-02-28"},{"lineNumber":222,"author":{"gitId":"YatPang"},"content":"                taskList \u003d deleteTask(taskList, inputs);","lastModifiedDate":"2023-02-28"},{"lineNumber":223,"author":{"gitId":"YatPang"},"content":"                break;","lastModifiedDate":"2023-02-28"},{"lineNumber":224,"author":{"gitId":"YatPang"},"content":"            case StrIntLib.cmdSave:","lastModifiedDate":"2023-02-28"},{"lineNumber":225,"author":{"gitId":"YatPang"},"content":"                createSave(taskList);","lastModifiedDate":"2023-02-28"},{"lineNumber":226,"author":{"gitId":"YatPang"},"content":"                break;","lastModifiedDate":"2023-02-28"},{"lineNumber":227,"author":{"gitId":"YatPang"},"content":"            default:","lastModifiedDate":"2023-02-28"},{"lineNumber":228,"author":{"gitId":"YatPang"},"content":"                invalidCommand();","lastModifiedDate":"2023-02-28"},{"lineNumber":229,"author":{"gitId":"YatPang"},"content":"                break;","lastModifiedDate":"2023-02-28"},{"lineNumber":230,"author":{"gitId":"YatPang"},"content":"            }","lastModifiedDate":"2023-01-19"},{"lineNumber":231,"author":{"gitId":"YatPang"},"content":"        }","lastModifiedDate":"2023-01-19"},{"lineNumber":232,"author":{"gitId":"-"},"content":"    }","lastModifiedDate":"2019-07-29"},{"lineNumber":233,"author":{"gitId":"-"},"content":"}","lastModifiedDate":"2019-07-29"}],"authorContributionMap":{"YatPang":229,"-":4}},{"path":"src/main/java/Events.java","fileType":"java","lines":[{"lineNumber":1,"author":{"gitId":"YatPang"},"content":"public class Events extends Task {","lastModifiedDate":"2023-02-03"},{"lineNumber":2,"author":{"gitId":"YatPang"},"content":"    protected String start;","lastModifiedDate":"2023-02-03"},{"lineNumber":3,"author":{"gitId":"YatPang"},"content":"    protected String end;","lastModifiedDate":"2023-02-03"},{"lineNumber":4,"author":{"gitId":"YatPang"},"content":"    public Events(String description, String start, String end) {","lastModifiedDate":"2023-02-03"},{"lineNumber":5,"author":{"gitId":"YatPang"},"content":"        super(description);","lastModifiedDate":"2023-02-03"},{"lineNumber":6,"author":{"gitId":"YatPang"},"content":"        this.start \u003d start;","lastModifiedDate":"2023-02-03"},{"lineNumber":7,"author":{"gitId":"YatPang"},"content":"        this.end \u003d end;","lastModifiedDate":"2023-02-03"},{"lineNumber":8,"author":{"gitId":"YatPang"},"content":"    }","lastModifiedDate":"2023-02-03"},{"lineNumber":9,"author":{"gitId":"YatPang"},"content":"    public String getIcon(){","lastModifiedDate":"2023-02-03"},{"lineNumber":10,"author":{"gitId":"YatPang"},"content":"        return \"E\";","lastModifiedDate":"2023-02-03"},{"lineNumber":11,"author":{"gitId":"YatPang"},"content":"    }","lastModifiedDate":"2023-02-03"},{"lineNumber":12,"author":{"gitId":"YatPang"},"content":"    public String getStart() {","lastModifiedDate":"2023-02-24"},{"lineNumber":13,"author":{"gitId":"YatPang"},"content":"        return start;","lastModifiedDate":"2023-02-24"},{"lineNumber":14,"author":{"gitId":"YatPang"},"content":"    }","lastModifiedDate":"2023-02-24"},{"lineNumber":15,"author":{"gitId":"YatPang"},"content":"    public String getEnd() {","lastModifiedDate":"2023-02-24"},{"lineNumber":16,"author":{"gitId":"YatPang"},"content":"        return end;","lastModifiedDate":"2023-02-24"},{"lineNumber":17,"author":{"gitId":"YatPang"},"content":"    }","lastModifiedDate":"2023-02-24"},{"lineNumber":18,"author":{"gitId":"YatPang"},"content":"    public void setStart(String newStart) {","lastModifiedDate":"2023-02-24"},{"lineNumber":19,"author":{"gitId":"YatPang"},"content":"        start \u003d newStart;","lastModifiedDate":"2023-02-24"},{"lineNumber":20,"author":{"gitId":"YatPang"},"content":"    }","lastModifiedDate":"2023-02-24"},{"lineNumber":21,"author":{"gitId":"YatPang"},"content":"    public void setEnd(String newEnd) {","lastModifiedDate":"2023-02-24"},{"lineNumber":22,"author":{"gitId":"YatPang"},"content":"        end \u003d newEnd;","lastModifiedDate":"2023-02-24"},{"lineNumber":23,"author":{"gitId":"YatPang"},"content":"    }","lastModifiedDate":"2023-02-24"},{"lineNumber":24,"author":{"gitId":"YatPang"},"content":"}","lastModifiedDate":"2023-02-03"}],"authorContributionMap":{"YatPang":24}},{"path":"src/main/java/StrIntLib.java","fileType":"java","lines":[{"lineNumber":1,"author":{"gitId":"YatPang"},"content":"public class StrIntLib {","lastModifiedDate":"2023-02-28"},{"lineNumber":2,"author":{"gitId":"YatPang"},"content":"    public static final String byeText \u003d \"See ya!\";","lastModifiedDate":"2023-02-28"},{"lineNumber":3,"author":{"gitId":"YatPang"},"content":"    public static final String welcomeText \u003d \"Hello! I\u0027m Duke!\\nWhat can I do for you?\";","lastModifiedDate":"2023-02-28"},{"lineNumber":4,"author":{"gitId":"YatPang"},"content":"    public static final String listText\u003d \"Here are the tasks in your list:\";","lastModifiedDate":"2023-02-28"},{"lineNumber":5,"author":{"gitId":"YatPang"},"content":"    public static final String noItemText \u003d \"Item not found!\";","lastModifiedDate":"2023-02-28"},{"lineNumber":6,"author":{"gitId":"YatPang"},"content":"    public static final String unmarkText \u003d \"OK, I\u0027ve marked this task as not done yet:\";","lastModifiedDate":"2023-02-28"},{"lineNumber":7,"author":{"gitId":"YatPang"},"content":"    public static final String markText \u003d \"Nice! I\u0027ve marked this task as done:\";","lastModifiedDate":"2023-02-28"},{"lineNumber":8,"author":{"gitId":"YatPang"},"content":"    public static final String addTaskText \u003d \"Got it. I\u0027ve added this task\";","lastModifiedDate":"2023-02-28"},{"lineNumber":9,"author":{"gitId":"YatPang"},"content":"    public static final String taskCount1 \u003d \"Now you have \";","lastModifiedDate":"2023-02-28"},{"lineNumber":10,"author":{"gitId":"YatPang"},"content":"    public static final String taskCount2 \u003d \" task(s) in the list.\";","lastModifiedDate":"2023-02-28"},{"lineNumber":11,"author":{"gitId":"YatPang"},"content":"    public static final String invalidCmdText \u003d \"I beg your pardon?\";","lastModifiedDate":"2023-02-28"},{"lineNumber":12,"author":{"gitId":"YatPang"},"content":"    public static final String taskAddedDebug \u003d \"Task added!\";","lastModifiedDate":"2023-02-28"},{"lineNumber":13,"author":{"gitId":"YatPang"},"content":"    public static final String cmdBye \u003d \"bye\";","lastModifiedDate":"2023-02-28"},{"lineNumber":14,"author":{"gitId":"YatPang"},"content":"    public static final String cmdList \u003d \"list\";","lastModifiedDate":"2023-02-28"},{"lineNumber":15,"author":{"gitId":"YatPang"},"content":"    public static final String cmdMark \u003d \"mark\";","lastModifiedDate":"2023-02-28"},{"lineNumber":16,"author":{"gitId":"YatPang"},"content":"    public static final String cmdUnmark \u003d \"unmark\";","lastModifiedDate":"2023-02-28"},{"lineNumber":17,"author":{"gitId":"YatPang"},"content":"    public static final String cmdAdd \u003d \"add\";","lastModifiedDate":"2023-02-28"},{"lineNumber":18,"author":{"gitId":"YatPang"},"content":"    public static final String cmdToDo \u003d \"todo\";","lastModifiedDate":"2023-02-28"},{"lineNumber":19,"author":{"gitId":"YatPang"},"content":"    public static final String cmdEvent \u003d \"event\";","lastModifiedDate":"2023-02-28"},{"lineNumber":20,"author":{"gitId":"YatPang"},"content":"    public static final String cmdDeadline \u003d \"deadline\";","lastModifiedDate":"2023-02-28"},{"lineNumber":21,"author":{"gitId":"YatPang"},"content":"    public static final String cmdDelete \u003d \"delete\";","lastModifiedDate":"2023-02-28"},{"lineNumber":22,"author":{"gitId":"YatPang"},"content":"    public static final String cmdSave \u003d \"save\";","lastModifiedDate":"2023-02-28"},{"lineNumber":23,"author":{"gitId":"YatPang"},"content":"    public static final String to \u003d \"to \";","lastModifiedDate":"2023-02-28"},{"lineNumber":24,"author":{"gitId":"YatPang"},"content":"    public static final String toReplacement \u003d \"\";","lastModifiedDate":"2023-02-28"},{"lineNumber":25,"author":{"gitId":"YatPang"},"content":"    public static final String from \u003d \"from \";","lastModifiedDate":"2023-02-28"},{"lineNumber":26,"author":{"gitId":"YatPang"},"content":"    public static final String fromReplacement \u003d \"\";","lastModifiedDate":"2023-02-28"},{"lineNumber":27,"author":{"gitId":"YatPang"},"content":"    public static final String by \u003d \"by \";","lastModifiedDate":"2023-02-28"},{"lineNumber":28,"author":{"gitId":"YatPang"},"content":"    public static final String byReplacement \u003d \"\";","lastModifiedDate":"2023-02-28"},{"lineNumber":29,"author":{"gitId":"YatPang"},"content":"    public static final String missingInputsError \u003d \"Huh! Something is missing!\\n\" +","lastModifiedDate":"2023-02-28"},{"lineNumber":30,"author":{"gitId":"YatPang"},"content":"                                                        \"Please check your inputs and correct them accordingly!\";","lastModifiedDate":"2023-02-28"},{"lineNumber":31,"author":{"gitId":"YatPang"},"content":"    public static final String done \u003d \"X\";","lastModifiedDate":"2023-02-28"},{"lineNumber":32,"author":{"gitId":"YatPang"},"content":"    public static final String notDone \u003d \" \";","lastModifiedDate":"2023-02-28"},{"lineNumber":33,"author":{"gitId":"YatPang"},"content":"    public static final String wrongFormatError \u003d \"Huh! Something is in the wrong format!\\n\" +","lastModifiedDate":"2023-02-28"},{"lineNumber":34,"author":{"gitId":"YatPang"},"content":"                                                    \"Please check your inputs and correct them accordingly!\";","lastModifiedDate":"2023-02-28"},{"lineNumber":35,"author":{"gitId":"YatPang"},"content":"    public static final String generalError \u003d \"Huh! Something is missing or in the wrong format!\\n\" +","lastModifiedDate":"2023-02-28"},{"lineNumber":36,"author":{"gitId":"YatPang"},"content":"                                                \"Could you verify that?\";","lastModifiedDate":"2023-02-28"},{"lineNumber":37,"author":{"gitId":"YatPang"},"content":"    public static final String emptyList \u003d \"You have no tasks on your list!\";","lastModifiedDate":"2023-02-28"},{"lineNumber":38,"author":{"gitId":"YatPang"},"content":"    public static final String deleteText \u003d \"Noted. I\u0027ve removed this task:\";","lastModifiedDate":"2023-02-28"},{"lineNumber":39,"author":{"gitId":"YatPang"},"content":"    public static final String IOExceptionText \u003d \"IOException occurred!\";","lastModifiedDate":"2023-02-28"},{"lineNumber":40,"author":{"gitId":"YatPang"},"content":"    public static final String saveDone \u003d \"Task list saved!\";","lastModifiedDate":"2023-02-28"},{"lineNumber":41,"author":{"gitId":"YatPang"},"content":"}","lastModifiedDate":"2023-02-28"}],"authorContributionMap":{"YatPang":41}},{"path":"src/main/java/Task.java","fileType":"java","lines":[{"lineNumber":1,"author":{"gitId":"YatPang"},"content":"public class Task {","lastModifiedDate":"2023-01-21"},{"lineNumber":2,"author":{"gitId":"YatPang"},"content":"    protected String description;","lastModifiedDate":"2023-01-21"},{"lineNumber":3,"author":{"gitId":"YatPang"},"content":"    protected boolean isDone;","lastModifiedDate":"2023-01-21"},{"lineNumber":4,"author":{"gitId":"YatPang"},"content":"","lastModifiedDate":"2023-01-21"},{"lineNumber":5,"author":{"gitId":"YatPang"},"content":"    public Task(String description) {","lastModifiedDate":"2023-01-21"},{"lineNumber":6,"author":{"gitId":"YatPang"},"content":"        this.description \u003d description;","lastModifiedDate":"2023-01-21"},{"lineNumber":7,"author":{"gitId":"YatPang"},"content":"        this.isDone \u003d false;","lastModifiedDate":"2023-01-21"},{"lineNumber":8,"author":{"gitId":"YatPang"},"content":"    }","lastModifiedDate":"2023-01-21"},{"lineNumber":9,"author":{"gitId":"YatPang"},"content":"","lastModifiedDate":"2023-01-21"},{"lineNumber":10,"author":{"gitId":"YatPang"},"content":"    public String getStatusIcon() {","lastModifiedDate":"2023-01-21"},{"lineNumber":11,"author":{"gitId":"YatPang"},"content":"        return (isDone ? StrIntLib.done : StrIntLib.notDone); // mark done task with X","lastModifiedDate":"2023-02-28"},{"lineNumber":12,"author":{"gitId":"YatPang"},"content":"    }","lastModifiedDate":"2023-01-21"},{"lineNumber":13,"author":{"gitId":"YatPang"},"content":"","lastModifiedDate":"2023-01-21"},{"lineNumber":14,"author":{"gitId":"YatPang"},"content":"    public void markAsDone() {","lastModifiedDate":"2023-01-21"},{"lineNumber":15,"author":{"gitId":"YatPang"},"content":"        isDone \u003d true;","lastModifiedDate":"2023-01-21"},{"lineNumber":16,"author":{"gitId":"YatPang"},"content":"    }","lastModifiedDate":"2023-01-21"},{"lineNumber":17,"author":{"gitId":"YatPang"},"content":"","lastModifiedDate":"2023-01-21"},{"lineNumber":18,"author":{"gitId":"YatPang"},"content":"    public void markAsNotDone() {","lastModifiedDate":"2023-02-24"},{"lineNumber":19,"author":{"gitId":"YatPang"},"content":"        isDone \u003d false;","lastModifiedDate":"2023-02-24"},{"lineNumber":20,"author":{"gitId":"YatPang"},"content":"    }","lastModifiedDate":"2023-02-24"},{"lineNumber":21,"author":{"gitId":"YatPang"},"content":"","lastModifiedDate":"2023-02-03"},{"lineNumber":22,"author":{"gitId":"YatPang"},"content":"    public String getIcon() {","lastModifiedDate":"2023-02-03"},{"lineNumber":23,"author":{"gitId":"YatPang"},"content":"        return \" \";","lastModifiedDate":"2023-02-03"},{"lineNumber":24,"author":{"gitId":"YatPang"},"content":"    }","lastModifiedDate":"2023-02-03"},{"lineNumber":25,"author":{"gitId":"YatPang"},"content":"","lastModifiedDate":"2023-02-03"},{"lineNumber":26,"author":{"gitId":"YatPang"},"content":"    public String getStart() {","lastModifiedDate":"2023-02-24"},{"lineNumber":27,"author":{"gitId":"YatPang"},"content":"        return \"\";","lastModifiedDate":"2023-02-24"},{"lineNumber":28,"author":{"gitId":"YatPang"},"content":"    }","lastModifiedDate":"2023-02-24"},{"lineNumber":29,"author":{"gitId":"YatPang"},"content":"    public String getEnd() {","lastModifiedDate":"2023-02-24"},{"lineNumber":30,"author":{"gitId":"YatPang"},"content":"        return \"\";","lastModifiedDate":"2023-02-24"},{"lineNumber":31,"author":{"gitId":"YatPang"},"content":"    }","lastModifiedDate":"2023-02-24"},{"lineNumber":32,"author":{"gitId":"YatPang"},"content":"    public String getDeadline() {","lastModifiedDate":"2023-02-24"},{"lineNumber":33,"author":{"gitId":"YatPang"},"content":"        return \"\";","lastModifiedDate":"2023-02-24"},{"lineNumber":34,"author":{"gitId":"YatPang"},"content":"    }","lastModifiedDate":"2023-02-24"},{"lineNumber":35,"author":{"gitId":"YatPang"},"content":"}","lastModifiedDate":"2023-01-21"},{"lineNumber":36,"author":{"gitId":"YatPang"},"content":"","lastModifiedDate":"2023-01-21"}],"authorContributionMap":{"YatPang":36}},{"path":"src/main/java/ToDos.java","fileType":"java","lines":[{"lineNumber":1,"author":{"gitId":"YatPang"},"content":"public class ToDos extends Task {","lastModifiedDate":"2023-02-03"},{"lineNumber":2,"author":{"gitId":"YatPang"},"content":"    public ToDos(String description) {","lastModifiedDate":"2023-02-03"},{"lineNumber":3,"author":{"gitId":"YatPang"},"content":"        super(description);","lastModifiedDate":"2023-02-03"},{"lineNumber":4,"author":{"gitId":"YatPang"},"content":"    }","lastModifiedDate":"2023-02-03"},{"lineNumber":5,"author":{"gitId":"YatPang"},"content":"    public String getIcon() {","lastModifiedDate":"2023-02-03"},{"lineNumber":6,"author":{"gitId":"YatPang"},"content":"        return \"T\";","lastModifiedDate":"2023-02-03"},{"lineNumber":7,"author":{"gitId":"YatPang"},"content":"    }","lastModifiedDate":"2023-02-03"},{"lineNumber":8,"author":{"gitId":"YatPang"},"content":"}","lastModifiedDate":"2023-02-03"}],"authorContributionMap":{"YatPang":8}}]
