{"authorDailyContributionsMap":{"YatPang":[{"date":"2023-01-19","commitResults":[{"hash":"746aa0b9db55e9f9e591e2849dd4964ebf88291b","messageTitle":"Add Greet and Exit","messageBody":"","tags":["Level-0"],"fileTypesAndContributionMap":{"java":{"insertions":2,"deletions":6}}},{"hash":"a5b0d72cbcc60f420b8a4b29def57d825e9b3a8e","messageTitle":"Add Greet, Echo, Exit","messageBody":"","tags":["Level-1"],"fileTypesAndContributionMap":{"java":{"insertions":15,"deletions":1}}},{"hash":"ad8315444044f44d78f5f5b82ac541837f27f626","messageTitle":"Add List, Add","messageBody":"","tags":["Level-2"],"fileTypesAndContributionMap":{"java":{"insertions":12,"deletions":2}}}]},{"date":"2023-01-21","commitResults":[{"hash":"0e0dd712166884f368e81de97fb5649db768e178","messageTitle":"Add Mark as Done","messageBody":"","tags":["Level-3"],"fileTypesAndContributionMap":{"java":{"insertions":56,"deletions":10}}}]},{"date":"2023-02-03","commitResults":[{"hash":"509aab39390f7ea490369e6de659cd562071f7c0","messageTitle":"Add Mark ToDos, Events, Deadlines","messageBody":"","tags":["Level-4"],"fileTypesAndContributionMap":{"java":{"insertions":157,"deletions":40}}}]},{"date":"2023-02-24","commitResults":[{"hash":"c4e732b8dd3aa14e25ed5c411c63ca29b0833021","messageTitle":"Follow Coding Standard","messageBody":"","fileTypesAndContributionMap":{"java":{"insertions":128,"deletions":110}}}]},{"date":"2023-02-28","commitResults":[{"hash":"d51f124b218894c5b7b891c3054fdaa245bcd1fb","messageTitle":"Improve Code Quality","messageBody":"","fileTypesAndContributionMap":{"java":{"insertions":71,"deletions":31}}}]}]},"authorFileTypeContributionMap":{"YatPang":{"java":247,"md":0,"fxml":0,"sh":0,"bat":0,"gradle":0,"txt":0}},"authorContributionVariance":{"YatPang":2189.6775},"authorDisplayNameMap":{"YatPang":"CS2113-F13-1 LEON..PANG"}}
