{"authorDailyContributionsMap":{"MustafaAH10":[{"date":"2023-01-21","commitResults":[{"hash":"5bb404b066e9fbd7de324f3784141a983b2be011","messageTitle":"Add greetings and echoes commands","messageBody":"","tags":["Level-1"],"fileTypesAndContributionMap":{"java":{"insertions":24,"deletions":6}}}]},{"date":"2023-01-22","commitResults":[{"hash":"497949fc43746904174f868db3a01f5389bc2340","messageTitle":"Add list to store and display tasks","messageBody":"","tags":["Level-2"],"fileTypesAndContributionMap":{"java":{"insertions":40,"deletions":16}}}]},{"date":"2023-01-24","commitResults":[{"hash":"06ca3c1d9eb97cb7c69a465c701e371d9ca8b204","messageTitle":"Add ability to mark and unmark tasks","messageBody":"","tags":["Level-3"],"fileTypesAndContributionMap":{"java":{"insertions":51,"deletions":10}}}]}]},"authorFileTypeContributionMap":{"MustafaAH10":{"java":89,"md":0,"fxml":0,"sh":0,"bat":0,"gradle":0,"txt":0}},"authorContributionVariance":{"MustafaAH10":496.35416},"authorDisplayNameMap":{"MustafaAH10":"MUST..SAIN"}}
