{"authorDailyContributionsMap":{"MustafaAH10":[{"date":"2023-01-21","commitResults":[{"hash":"5bb404b066e9fbd7de324f3784141a983b2be011","messageTitle":"Add greetings and echoes commands","messageBody":"","tags":["Level-1"],"fileTypesAndContributionMap":{"java":{"insertions":24,"deletions":6}}}]},{"date":"2023-01-22","commitResults":[{"hash":"497949fc43746904174f868db3a01f5389bc2340","messageTitle":"Add list to store and display tasks","messageBody":"","tags":["Level-2"],"fileTypesAndContributionMap":{"java":{"insertions":40,"deletions":16}}}]},{"date":"2023-01-24","commitResults":[{"hash":"06ca3c1d9eb97cb7c69a465c701e371d9ca8b204","messageTitle":"Add ability to mark and unmark tasks","messageBody":"","tags":["Level-3"],"fileTypesAndContributionMap":{"java":{"insertions":51,"deletions":10}}}]},{"date":"2023-01-30","commitResults":[{"hash":"68540f7001fd6cf425b77176b6419d214295a118","messageTitle":"Add inheritance and update main methods","messageBody":"","fileTypesAndContributionMap":{"java":{"insertions":112,"deletions":32}}}]},{"date":"2023-01-31","commitResults":[{"hash":"287a9790ede609c2ac566cd43cd54f683e687a28","messageTitle":"Refactor code in Duke","messageBody":"","tags":["Level-4"],"fileTypesAndContributionMap":{"java":{"insertions":72,"deletions":59}}}]},{"date":"2023-02-02","commitResults":[{"hash":"742619edf2ea23018267569339da66243c09b48a","messageTitle":"Add automated UI testing","messageBody":"","tags":["A-TextUiTesting","A-CodeQuality"],"fileTypesAndContributionMap":{"txt":{"insertions":10,"deletions":0}}}]},{"date":"2023-02-08","commitResults":[{"hash":"719693dfb4e2bdb6593bee15daebadf859397844","messageTitle":"Add exceptions for Duke","messageBody":"","tags":["A-Exceptions"],"fileTypesAndContributionMap":{"java":{"insertions":20,"deletions":0}}},{"hash":"0b6d90b39692a052140e00d10be3577c42a76a57","messageTitle":"Refactor various classes into packages","messageBody":"","fileTypesAndContributionMap":{"java":{"insertions":240,"deletions":186}}}]},{"date":"2023-02-13","commitResults":[{"hash":"7be0fbe19e29aea92aae20fb9855e3aa55456056","messageTitle":"Update code to utilise Java Collections","messageBody":"","tags":["A-Collections"],"fileTypesAndContributionMap":{"java":{"insertions":41,"deletions":37}}},{"hash":"e46f49d149e07fe3e310a2911c485e112f213346","messageTitle":"Add feature to delete a task","messageBody":"","fileTypesAndContributionMap":{"java":{"insertions":14,"deletions":1}}}]},{"date":"2023-02-14","commitResults":[{"hash":"0ad5d852c4a4d812fb2c52131a5b2a61f9ceb186","messageTitle":"Add partial Level 7 functionality","messageBody":"","fileTypesAndContributionMap":{"java":{"insertions":136,"deletions":17}}},{"hash":"fe1f3f851dad96c53c94d58c961d82134b96430d","messageTitle":"Update save functionality (Level 7)","messageBody":"","tags":["v0.1","Level-7","A-Jar"],"fileTypesAndContributionMap":{"java":{"insertions":133,"deletions":51}}}]},{"date":"2023-02-25","commitResults":[{"hash":"f0ff9e95be07d2067d5ff79fedcfe7555e110649","messageTitle":"Updated and refactored code for more OOP","messageBody":"","tags":["A-MoreOOP"],"fileTypesAndContributionMap":{"txt":{"insertions":0,"deletions":0},"java":{"insertions":638,"deletions":349}}},{"hash":"6a65bbbae2c7291cf59fcbbb10b51cb9ac1479c5","messageTitle":"Add Level 9 functionality","messageBody":"","tags":["Level-9"],"fileTypesAndContributionMap":{"java":{"insertions":123,"deletions":58}}}]},{"date":"2023-02-26","commitResults":[{"hash":"4841dfd6da07bc33293d545b186713571b58d61d","messageTitle":"Added Javadocs for most classes and methods","messageBody":"","tags":["A-JavaDoc"],"fileTypesAndContributionMap":{"java":{"insertions":311,"deletions":3}}},{"hash":"764a4d3b7bdabc1dbb94a6615bd3dd71f8cf6767","messageTitle":"Update JavaDocs for all methods and classes","messageBody":"","fileTypesAndContributionMap":{"java":{"insertions":212,"deletions":35}}},{"hash":"82d695f27060d930780f85cf0c16b11dd44d6097","messageTitle":"Updated deletion of text file","messageBody":"","fileTypesAndContributionMap":{"txt":{"insertions":0,"deletions":0}}},{"hash":"b7ec6eac4bdfafb63e7391fd9a386ef2b7495228","messageTitle":"Update README.md","messageBody":"","tags":["A-UserGuide"],"fileTypesAndContributionMap":{"md":{"insertions":173,"deletions":13}}},{"hash":"954157ec02129b1eac2239d6b1c15b996423e492","messageTitle":"Update bugs in README.md","messageBody":"","fileTypesAndContributionMap":{"md":{"insertions":13,"deletions":13}}},{"hash":"579676b5cc1759cb0aaf9373f3548454f0d1d250","messageTitle":"Update UG README.md","messageBody":"","fileTypesAndContributionMap":{"md":{"insertions":12,"deletions":14}}}]},{"date":"2023-02-28","commitResults":[{"hash":"41f3940e3cbab9410eed0c7e22bee89f365effa6","messageTitle":"Update README.md","messageBody":"","fileTypesAndContributionMap":{"md":{"insertions":2,"deletions":2}}},{"hash":"728d3e83fddbe1630ac960d986731bf24cae18c6","messageTitle":"Update README.md","messageBody":"","fileTypesAndContributionMap":{"md":{"insertions":1,"deletions":0}}},{"hash":"fe4c51710b639a72c609531b25f767fd2dc8199c","messageTitle":"Update User Guide formatting","messageBody":"","fileTypesAndContributionMap":{"md":{"insertions":3,"deletions":3}}},{"hash":"a12e9dbc0ce9d3e61cc7261046ba555a2df75716","messageTitle":"Update README.md","messageBody":"","fileTypesAndContributionMap":{"md":{"insertions":2,"deletions":2}}},{"hash":"799078baeff7166c17290530c74bfb8758e9abe5","messageTitle":"Update README.md","messageBody":"","tags":["A-Release"],"fileTypesAndContributionMap":{"md":{"insertions":0,"deletions":3}}}]}]},"authorFileTypeContributionMap":{"MustafaAH10":{"java":1325,"md":162,"fxml":0,"sh":0,"bat":0,"gradle":0,"txt":10}},"authorContributionVariance":{"MustafaAH10":45513.12},"authorDisplayNameMap":{"MustafaAH10":"CS2113-W15-1 MUST..SAIN"}}
