{"authorDailyContributionsMap":{"chokyao":[{"date":"2023-01-24","commitResults":[{"hash":"0f602bdd9a5c4b54a663cc6a410b2a15e99a1a99","isMergeCommit":false,"messageTitle":"Add greetings","messageBody":"","tags":["Level-0"],"fileTypesAndContributionMap":{"java":{"insertions":7,"deletions":6}}},{"hash":"368143bfdb995e8148f454db0160fc1e4500c57b","isMergeCommit":false,"messageTitle":"Add echo and exit","messageBody":"","tags":["Level-1"],"fileTypesAndContributionMap":{"java":{"insertions":22,"deletions":6}}},{"hash":"b461fbc64d011ec3535f7e80b3020dc44a9ae409","isMergeCommit":false,"messageTitle":"Add \"add to list\" feature","messageBody":"","tags":["Level-2"],"fileTypesAndContributionMap":{"java":{"insertions":19,"deletions":1}}},{"hash":"cb7282258ecf52261b327e5e05f66e208e4c97d4","isMergeCommit":false,"messageTitle":"Add ability to mark/unmark as done","messageBody":"","tags":["Level-3"],"fileTypesAndContributionMap":{"java":{"insertions":39,"deletions":5}}},{"hash":"321a3b2bcc44ca664333dcfd45f3de916a3f9772","isMergeCommit":false,"messageTitle":"Add tab indent to output","messageBody":"","tags":["A-CodingStandard"],"fileTypesAndContributionMap":{"java":{"insertions":2,"deletions":2}}}]},{"date":"2023-01-28","commitResults":[{"hash":"f4a2a47f71a0598e9b95f21bc5672282fabefdc3","isMergeCommit":false,"messageTitle":"Add ToDos, Events, Deadlines","messageBody":"","tags":["Level-4"],"fileTypesAndContributionMap":{"java":{"insertions":137,"deletions":30}}},{"hash":"5afc6ab98d4470b50c6229a9629deb1c88c3694b","isMergeCommit":false,"messageTitle":"Add spaces between lines","messageBody":"","tags":["A-CodeQuality"],"fileTypesAndContributionMap":{"java":{"insertions":2,"deletions":0}}}]},{"date":"2023-01-31","commitResults":[{"hash":"249982b8c2a2eff8ab68c1744b907a767f5a7fab","isMergeCommit":false,"messageTitle":"Improve code quality","messageBody":"","fileTypesAndContributionMap":{"java":{"insertions":40,"deletions":18}}}]},{"date":"2023-02-04","commitResults":[{"hash":"b5a892c6848a499592c1dee34e3aef42a503793c","isMergeCommit":false,"messageTitle":"Add custom exception class","messageBody":"","fileTypesAndContributionMap":{"java":{"insertions":2,"deletions":0}}},{"hash":"b4d767932290151038e794b5e3da0b01bb58a029","isMergeCommit":false,"messageTitle":"Add ability to handle errors","messageBody":"","fileTypesAndContributionMap":{"java":{"insertions":128,"deletions":46}}},{"hash":"f638307ef4c9446f8fc914bf0c4c4756221ebfa3","isMergeCommit":true,"messageTitle":"Merge branch \u0027branch-Level-5\u0027","messageBody":"","tags":["Level-5","A-Exceptions"],"fileTypesAndContributionMap":{}}]},{"date":"2023-02-12","commitResults":[{"hash":"3138a24e1af1be5de34f911addb15c709c9cc2ab","isMergeCommit":false,"messageTitle":"Add delete, change task array to ArrayList","messageBody":"","fileTypesAndContributionMap":{"java":{"insertions":59,"deletions":23}}}]},{"date":"2023-02-13","commitResults":[{"hash":"5042b077c546e869aa5e9fdaaf03231e2e8d4e75","isMergeCommit":false,"messageTitle":"Add Save","messageBody":"","fileTypesAndContributionMap":{"java":{"insertions":170,"deletions":1}}},{"hash":"ab85572aab80b138353199f141eac878ed529256","isMergeCommit":true,"messageTitle":"Merge branch \u0027branch-Level-6\u0027","messageBody":"","tags":["Level-6","A-Collections"],"fileTypesAndContributionMap":{}},{"hash":"b125686bf3193da76969758976dd87f85a226d55","isMergeCommit":true,"messageTitle":"Merge branch \u0027branch-Level-7\u0027","messageBody":"","tags":["Level-7"],"fileTypesAndContributionMap":{}},{"hash":"d4336f86721c77c99a55df8336c160a837888e0d","isMergeCommit":false,"messageTitle":"Fix bugs due to the change to ArrayList. Tidy up code structure.","messageBody":"","tags":["A-Jar"],"fileTypesAndContributionMap":{"java":{"insertions":95,"deletions":56}}}]},{"date":"2023-02-18","commitResults":[{"hash":"7979574e16783dadf5f3ad29c4b5f2e21eab216b","isMergeCommit":false,"messageTitle":"Use more OOP","messageBody":"","tags":["A-MoreOOP"],"fileTypesAndContributionMap":{"java":{"insertions":606,"deletions":411}}},{"hash":"670c8c3ef0339bc26a46d7e8807c061213546346","isMergeCommit":false,"messageTitle":"Add Find","messageBody":"","fileTypesAndContributionMap":{"java":{"insertions":55,"deletions":2}}},{"hash":"ea29aea774b8a806281d85e1cf23bfd303315443","isMergeCommit":false,"messageTitle":"Add JavaDoc comments","messageBody":"","fileTypesAndContributionMap":{"java":{"insertions":332,"deletions":12}}},{"hash":"7ed15c35e975ce151038693ff258ce276dfcf2ef","isMergeCommit":true,"messageTitle":"Merge pull request #1 from chokyao/branch-Level-9","messageBody":"Add Find","fileTypesAndContributionMap":{}},{"hash":"3ebb2cf41d5e9f15f26dad3a97644791fc0ff635","isMergeCommit":true,"messageTitle":"Merge branch \u0027master\u0027 of https://github.com/chokyao/ip","messageBody":"","tags":["Level-9"],"fileTypesAndContributionMap":{}},{"hash":"ef0a5f9d9fd2e80a80e6a8c7355fc4a38c0e543e","isMergeCommit":true,"messageTitle":"Merge branch \u0027master\u0027 into A-JavaDoc","messageBody":"# Conflicts:\n#\tsrc/main/java/Ui.java\n","fileTypesAndContributionMap":{}},{"hash":"40f695e4ff7b922c54ab02bc98e8d9ef7e95daa0","isMergeCommit":true,"messageTitle":"Merge pull request #2 from chokyao/A-JavaDoc","messageBody":"Add JavaDoc comments","fileTypesAndContributionMap":{}},{"hash":"f6e00a5f007b8ee73bf0dc6d4f1384eac2effafa","isMergeCommit":true,"messageTitle":"Merge branch \u0027master\u0027 of https://github.com/chokyao/ip","messageBody":"","tags":["A-JavaDoc"],"fileTypesAndContributionMap":{}},{"hash":"370dea7a696dc6cbae8b10cdb2bd2a90a40d408b","isMergeCommit":false,"messageTitle":"Modify comments","messageBody":"","fileTypesAndContributionMap":{"java":{"insertions":73,"deletions":54}}}]},{"date":"2023-02-19","commitResults":[{"hash":"1e45ca6374b233e23e8220b6b48a23cd180c8ffe","isMergeCommit":false,"messageTitle":"Fix ui bug","messageBody":"","fileTypesAndContributionMap":{"java":{"insertions":5,"deletions":1}}}]},{"date":"2023-02-20","commitResults":[{"hash":"a4fe5346d643ae9ceae0ee9f9f860854614c8519","isMergeCommit":false,"messageTitle":"Update user guide","messageBody":"","tags":["A-UserGuide","A-Release"],"fileTypesAndContributionMap":{"md":{"insertions":203,"deletions":14}}}]},{"date":"2023-02-23","commitResults":[{"hash":"c6bd50c24598dfc8b8d9605ed639e7504e28f433","isMergeCommit":false,"messageTitle":"Edit user guide, fixed command bug","messageBody":"","fileTypesAndContributionMap":{"java":{"insertions":6,"deletions":0},"md":{"insertions":31,"deletions":29}}}]},{"date":"2023-02-28","commitResults":[{"hash":"a55fee3aa6a162947764bb02a893a05b720cee73","isMergeCommit":false,"messageTitle":"Edit comments","messageBody":"","fileTypesAndContributionMap":{"java":{"insertions":15,"deletions":27}}}]}]},"authorFileTypeContributionMap":{"chokyao":{"java":1119,"md":200,"fxml":0,"sh":0,"bat":0,"gradle":0,"txt":0}},"authorContributionVariance":{"chokyao":52331.973},"authorDisplayNameMap":{"chokyao":"CS2113T-T09-4 GOH .. YAO"}}
