{"authorDailyContributionsMap":{"chokyao":[{"date":"2023-01-24","commitResults":[{"hash":"0f602bdd9a5c4b54a663cc6a410b2a15e99a1a99","messageTitle":"Add greetings","messageBody":"","tags":["Level-0"],"fileTypesAndContributionMap":{"java":{"insertions":7,"deletions":6}}},{"hash":"368143bfdb995e8148f454db0160fc1e4500c57b","messageTitle":"Add echo and exit","messageBody":"","tags":["Level-1"],"fileTypesAndContributionMap":{"java":{"insertions":22,"deletions":6}}},{"hash":"b461fbc64d011ec3535f7e80b3020dc44a9ae409","messageTitle":"Add \"add to list\" feature","messageBody":"","tags":["Level-2"],"fileTypesAndContributionMap":{"java":{"insertions":19,"deletions":1}}},{"hash":"cb7282258ecf52261b327e5e05f66e208e4c97d4","messageTitle":"Add ability to mark/unmark as done","messageBody":"","tags":["Level-3"],"fileTypesAndContributionMap":{"java":{"insertions":39,"deletions":5}}},{"hash":"321a3b2bcc44ca664333dcfd45f3de916a3f9772","messageTitle":"Add tab indent to output","messageBody":"","tags":["A-CodingStandard"],"fileTypesAndContributionMap":{"java":{"insertions":2,"deletions":2}}}]},{"date":"2023-01-28","commitResults":[{"hash":"f4a2a47f71a0598e9b95f21bc5672282fabefdc3","messageTitle":"Add ToDos, Events, Deadlines","messageBody":"","tags":["Level-4"],"fileTypesAndContributionMap":{"java":{"insertions":137,"deletions":30}}},{"hash":"5afc6ab98d4470b50c6229a9629deb1c88c3694b","messageTitle":"Add spaces between lines","messageBody":"","tags":["A-CodeQuality"],"fileTypesAndContributionMap":{"java":{"insertions":2,"deletions":0}}}]},{"date":"2023-01-31","commitResults":[{"hash":"249982b8c2a2eff8ab68c1744b907a767f5a7fab","messageTitle":"Improve code quality","messageBody":"","fileTypesAndContributionMap":{"java":{"insertions":40,"deletions":18}}}]},{"date":"2023-02-04","commitResults":[{"hash":"b5a892c6848a499592c1dee34e3aef42a503793c","messageTitle":"Add custom exception class","messageBody":"","fileTypesAndContributionMap":{"java":{"insertions":2,"deletions":0}}},{"hash":"b4d767932290151038e794b5e3da0b01bb58a029","messageTitle":"Add ability to handle errors","messageBody":"","fileTypesAndContributionMap":{"java":{"insertions":128,"deletions":46}}}]},{"date":"2023-02-12","commitResults":[{"hash":"3138a24e1af1be5de34f911addb15c709c9cc2ab","messageTitle":"Add delete, change task array to ArrayList","messageBody":"","tags":["Level-6"],"fileTypesAndContributionMap":{"java":{"insertions":59,"deletions":23}}}]},{"date":"2023-02-13","commitResults":[{"hash":"5042b077c546e869aa5e9fdaaf03231e2e8d4e75","messageTitle":"Add Save","messageBody":"","tags":["Level-7"],"fileTypesAndContributionMap":{"java":{"insertions":170,"deletions":1}}},{"hash":"d4336f86721c77c99a55df8336c160a837888e0d","messageTitle":"Fix bugs due to the change to ArrayList. Tidy up code structure.","messageBody":"","tags":["A-Jar"],"fileTypesAndContributionMap":{"java":{"insertions":95,"deletions":56}}}]},{"date":"2023-02-18","commitResults":[{"hash":"7979574e16783dadf5f3ad29c4b5f2e21eab216b","messageTitle":"Use more OOP","messageBody":"","tags":["A-MoreOOP"],"fileTypesAndContributionMap":{"java":{"insertions":606,"deletions":411}}}]}]},"authorFileTypeContributionMap":{"chokyao":{"java":730,"md":0,"fxml":0,"sh":0,"bat":0,"gradle":0,"txt":0}},"authorContributionVariance":{"chokyao":30229.537},"authorDisplayNameMap":{"chokyao":"CS2113T-T09-4 GOH .. YAO"}}
