{"authorDailyContributionsMap":{"pinyoko573":[{"date":"2023-01-21","commitResults":[{"hash":"e14138a326d752e85d0602b5e19cda736a33d58e","messageTitle":"Add Greet functionality","messageBody":"Implement Duke that greets user and exits\n","tags":["Level-0"],"fileTypesAndContributionMap":{"java":{"insertions":7,"deletions":6}}},{"hash":"2892f17b403f960c92451d2dfc847b7831e167eb","messageTitle":"Add Greet, Echo, Exit functionality","messageBody":"Duke greets the user, echos commands and exits when user types bye\n","tags":["Level-1"],"fileTypesAndContributionMap":{"java":{"insertions":24,"deletions":7}}},{"hash":"7395932517da7604704acce364b6cff3f3f3c05b","messageTitle":"Add Add, List functionality","messageBody":"Store text entered by user and display back\n","tags":["Level-2"],"fileTypesAndContributionMap":{"java":{"insertions":9,"deletions":2}}},{"hash":"713dc745154597d0d4651f61596ea414cc6804e3","messageTitle":"Add Mark as Done functionality and Customized Chatbot","messageBody":"Add ability to mark tasks as done/not done and customized chatbot to be unique\n","tags":["Level-3"],"fileTypesAndContributionMap":{"java":{"insertions":61,"deletions":15}}}]},{"date":"2023-01-26","commitResults":[{"hash":"7213fe1ef3d202c8fc04fefee374f3afe2ad6ce3","messageTitle":"Add code comments and standards","messageBody":"","tags":["A-CodingStandard"],"fileTypesAndContributionMap":{"java":{"insertions":15,"deletions":6}}}]},{"date":"2023-01-28","commitResults":[{"hash":"700824d4d27b029aa4d369b80d60a47e400e9303","messageTitle":"Add Todos, Events, Deadlines functionality","messageBody":"Add support for tracking three types of tasks\n","tags":["Level-4"],"fileTypesAndContributionMap":{"java":{"insertions":79,"deletions":16}}}]},{"date":"2023-01-29","commitResults":[{"hash":"cd1d6f5595a562f4ac6fd8004463d4bad01aed1e","messageTitle":"Refactor code","messageBody":"Added commands and messages constant\n","tags":["A-Collections"],"fileTypesAndContributionMap":{"java":{"insertions":240,"deletions":86}}},{"hash":"ac4861b525225fdd3e1d1de40d3803bb20b9dfcc","messageTitle":"Refractor command file","messageBody":"Removed unnecessary command parameters\n","tags":["A-CodeQuality"],"fileTypesAndContributionMap":{"java":{"insertions":7,"deletions":18}}},{"hash":"7971380a6d712efb0d597639fd7aa68e08839d59","messageTitle":"Add Automated Text UI Testing","messageBody":"Added a sample input and expected txt file\n","tags":["A-TextUiTesting"],"fileTypesAndContributionMap":{"txt":{"insertions":10,"deletions":0}}}]},{"date":"2023-01-31","commitResults":[{"hash":"0108383ea47ad7719e9afa6921a548095e4b8d62","messageTitle":"Added error handling functionality","messageBody":"Fixed additional errors when user entered empty/whitespace strings for parameters\n","tags":["A-Exceptions"],"fileTypesAndContributionMap":{"java":{"insertions":60,"deletions":21}}},{"hash":"e0a895e3fedf11f5c9f8906296fa238e3d895d53","messageTitle":"Edit error messages","messageBody":"To show clarity and give command examples for adding items\n","tags":["Level-5"],"fileTypesAndContributionMap":{"java":{"insertions":3,"deletions":3}}},{"hash":"0250953841b22fe4fe30973d1b1744e842f18002","messageTitle":"Organize packages","messageBody":"Each file is organised into different categories, exceptions, models and utils\n","tags":["A-Packages"],"fileTypesAndContributionMap":{"java":{"insertions":24,"deletions":0}}}]},{"date":"2023-02-07","commitResults":[{"hash":"22decfb332260759100b52d17a07c904e2b52382","messageTitle":"Fix code bug from feedback","messageBody":"Added default switch case based from the pull request feedback\n","fileTypesAndContributionMap":{"java":{"insertions":3,"deletions":0}}},{"hash":"7cdaf9586fdba1a3feddd0fe78c302850a2cfd88","messageTitle":"Add Delete functionality","messageBody":"Support for deleting items from the list\n","tags":["Level-6"],"fileTypesAndContributionMap":{"java":{"insertions":34,"deletions":1}}}]},{"date":"2023-02-09","commitResults":[{"hash":"ff1535f0a003082f553e6cdfdd8efa7022d91658","messageTitle":"Add Item read/save functionality","messageBody":"Save and read items from a file\n","fileTypesAndContributionMap":{"gradle":{"insertions":2,"deletions":1},"java":{"insertions":254,"deletions":2}}},{"hash":"2b522e0d2a0cb2ceb715bde1696ddfc82f42ac3c","messageTitle":"Refractor code and package by Feature","messageBody":"Make it readable and scalable\n","tags":["A-Jar"],"fileTypesAndContributionMap":{"java":{"insertions":387,"deletions":288}}}]},{"date":"2023-02-13","commitResults":[{"hash":"dd701393723967f13b16ca0a0ae0b349423d41a6","messageTitle":"Fix save feature to be automatic","messageBody":"Task will save automatically whenever task list changes\n","tags":["Level-7"],"fileTypesAndContributionMap":{"java":{"insertions":8,"deletions":9}}}]},{"date":"2023-02-19","commitResults":[{"hash":"796bcf6d61ccc7528ca984ff26028d3bee339acc","messageTitle":"Refract Command code","messageBody":"","tags":["A-MoreOOP"],"fileTypesAndContributionMap":{"txt":{"insertions":2,"deletions":2},"java":{"insertions":113,"deletions":87}}},{"hash":"bf754c49f24db8d8998fd03fe5c4ac33d33db781","messageTitle":"Add Find functionality","messageBody":"","tags":["Level-9"],"fileTypesAndContributionMap":{"java":{"insertions":57,"deletions":15}}},{"hash":"175185fe200e99991d883e28d859559992f3233e","messageTitle":"Add JavaDoc","messageBody":"","fileTypesAndContributionMap":{"java":{"insertions":48,"deletions":24}}},{"hash":"632012fadd21fbca892f5717bfa76e4f52d24a71","messageTitle":"Update JavaDoc","messageBody":"","tags":["A-JavaDoc"],"fileTypesAndContributionMap":{"java":{"insertions":8,"deletions":2}}},{"hash":"b5d5ed8d4371352bb5d4189050b5dcddcb8c79ea","messageTitle":"Add User Guide","messageBody":"","fileTypesAndContributionMap":{"md":{"insertions":154,"deletions":14}}},{"hash":"fec8db2e6200483a971536e073d830c332b5b520","messageTitle":"Update User Guide formatting","messageBody":"","fileTypesAndContributionMap":{"md":{"insertions":18,"deletions":2}}},{"hash":"d141a74d998e249a7578633d09602cc24f04e168","messageTitle":"Revert User Guide to default","messageBody":"","fileTypesAndContributionMap":{"md":{"insertions":14,"deletions":170}}},{"hash":"eeb55090b2e499f05af3ccab93b0bddafca486af","messageTitle":"Updated README User Guide","messageBody":"","fileTypesAndContributionMap":{"md":{"insertions":170,"deletions":14}}},{"hash":"705ee2687222a4abde9263bcdd503728bb79d008","messageTitle":"Revert User Guide","messageBody":"","fileTypesAndContributionMap":{"md":{"insertions":14,"deletions":170}}},{"hash":"4a95d7137e21b7cf615744c074d929b073d17766","messageTitle":"Update User Guide","messageBody":"","tags":["A-UserGuide"],"fileTypesAndContributionMap":{"md":{"insertions":170,"deletions":14}}}]}]},"authorFileTypeContributionMap":{"pinyoko573":{"java":658,"md":161,"fxml":0,"sh":0,"bat":0,"gradle":2,"txt":10}},"authorContributionVariance":{"pinyoko573":64516.21},"authorDisplayNameMap":{"pinyoko573":"CS2113-W15-3 CHUA.. WEI"}}
