{"authorDailyContributionsMap":{"pinyoko573":[{"date":"2023-01-21","commitResults":[{"hash":"e14138a326d752e85d0602b5e19cda736a33d58e","isMergeCommit":false,"messageTitle":"Add Greet functionality","messageBody":"Implement Duke that greets user and exits\n","tags":["Level-0"],"fileTypesAndContributionMap":{"java":{"insertions":7,"deletions":6}}},{"hash":"2892f17b403f960c92451d2dfc847b7831e167eb","isMergeCommit":false,"messageTitle":"Add Greet, Echo, Exit functionality","messageBody":"Duke greets the user, echos commands and exits when user types bye\n","tags":["Level-1"],"fileTypesAndContributionMap":{"java":{"insertions":24,"deletions":7}}},{"hash":"7395932517da7604704acce364b6cff3f3f3c05b","isMergeCommit":false,"messageTitle":"Add Add, List functionality","messageBody":"Store text entered by user and display back\n","tags":["Level-2"],"fileTypesAndContributionMap":{"java":{"insertions":9,"deletions":2}}},{"hash":"713dc745154597d0d4651f61596ea414cc6804e3","isMergeCommit":false,"messageTitle":"Add Mark as Done functionality and Customized Chatbot","messageBody":"Add ability to mark tasks as done/not done and customized chatbot to be unique\n","tags":["Level-3"],"fileTypesAndContributionMap":{"java":{"insertions":61,"deletions":15}}}]},{"date":"2023-01-26","commitResults":[{"hash":"7213fe1ef3d202c8fc04fefee374f3afe2ad6ce3","isMergeCommit":false,"messageTitle":"Add code comments and standards","messageBody":"","tags":["A-CodingStandard"],"fileTypesAndContributionMap":{"java":{"insertions":15,"deletions":6}}}]},{"date":"2023-01-28","commitResults":[{"hash":"700824d4d27b029aa4d369b80d60a47e400e9303","isMergeCommit":false,"messageTitle":"Add Todos, Events, Deadlines functionality","messageBody":"Add support for tracking three types of tasks\n","tags":["Level-4"],"fileTypesAndContributionMap":{"java":{"insertions":79,"deletions":16}}}]},{"date":"2023-01-29","commitResults":[{"hash":"cd1d6f5595a562f4ac6fd8004463d4bad01aed1e","isMergeCommit":false,"messageTitle":"Refactor code","messageBody":"Added commands and messages constant\n","tags":["A-Collections"],"fileTypesAndContributionMap":{"java":{"insertions":240,"deletions":86}}},{"hash":"ac4861b525225fdd3e1d1de40d3803bb20b9dfcc","isMergeCommit":false,"messageTitle":"Refractor command file","messageBody":"Removed unnecessary command parameters\n","tags":["A-CodeQuality"],"fileTypesAndContributionMap":{"java":{"insertions":7,"deletions":18}}},{"hash":"7971380a6d712efb0d597639fd7aa68e08839d59","isMergeCommit":false,"messageTitle":"Add Automated Text UI Testing","messageBody":"Added a sample input and expected txt file\n","tags":["A-TextUiTesting"],"fileTypesAndContributionMap":{"txt":{"insertions":10,"deletions":0}}}]},{"date":"2023-01-31","commitResults":[{"hash":"0108383ea47ad7719e9afa6921a548095e4b8d62","isMergeCommit":false,"messageTitle":"Added error handling functionality","messageBody":"Fixed additional errors when user entered empty/whitespace strings for parameters\n","tags":["A-Exceptions"],"fileTypesAndContributionMap":{"java":{"insertions":60,"deletions":21}}},{"hash":"e0a895e3fedf11f5c9f8906296fa238e3d895d53","isMergeCommit":false,"messageTitle":"Edit error messages","messageBody":"To show clarity and give command examples for adding items\n","tags":["Level-5"],"fileTypesAndContributionMap":{"java":{"insertions":3,"deletions":3}}},{"hash":"0250953841b22fe4fe30973d1b1744e842f18002","isMergeCommit":false,"messageTitle":"Organize packages","messageBody":"Each file is organised into different categories, exceptions, models and utils\n","tags":["A-Packages"],"fileTypesAndContributionMap":{"java":{"insertions":24,"deletions":0}}},{"hash":"e5853740f3bdf01aafeaca07f07d6f885fe85ba9","isMergeCommit":true,"messageTitle":"Merge tag \u0027Level-5\u0027 into HEAD","messageBody":"","fileTypesAndContributionMap":{}},{"hash":"52f04383436f1c5959d4d839b1c6847f3987c207","isMergeCommit":true,"messageTitle":"Merge tag \u0027A-Packages\u0027 into HEAD","messageBody":"","fileTypesAndContributionMap":{}}]},{"date":"2023-02-07","commitResults":[{"hash":"22decfb332260759100b52d17a07c904e2b52382","isMergeCommit":false,"messageTitle":"Fix code bug from feedback","messageBody":"Added default switch case based from the pull request feedback\n","fileTypesAndContributionMap":{"java":{"insertions":3,"deletions":0}}},{"hash":"7cdaf9586fdba1a3feddd0fe78c302850a2cfd88","isMergeCommit":false,"messageTitle":"Add Delete functionality","messageBody":"Support for deleting items from the list\n","tags":["Level-6"],"fileTypesAndContributionMap":{"java":{"insertions":34,"deletions":1}}},{"hash":"eb9283014977a44935cc6340d876071fdeafed9c","isMergeCommit":true,"messageTitle":"Merge remote-tracking branch \u0027origin/add-gradle-support\u0027","messageBody":"","fileTypesAndContributionMap":{}},{"hash":"a52c2b940942a7a6624be9d5f5ac7c5776e8b18b","isMergeCommit":true,"messageTitle":"Merge remote-tracking branch \u0027origin/master\u0027 into branch-Level-7","messageBody":"","fileTypesAndContributionMap":{}}]},{"date":"2023-02-09","commitResults":[{"hash":"ff1535f0a003082f553e6cdfdd8efa7022d91658","isMergeCommit":false,"messageTitle":"Add Item read/save functionality","messageBody":"Save and read items from a file\n","fileTypesAndContributionMap":{"gradle":{"insertions":2,"deletions":1},"java":{"insertions":254,"deletions":2}}},{"hash":"0b926997e985924911fcfcae96b5cd8883bace0f","isMergeCommit":true,"messageTitle":"Merge branch \u0027branch-Level-6\u0027 into HEAD","messageBody":"","fileTypesAndContributionMap":{}},{"hash":"4c638c5f999e472df0d6a6ce6d346909664c02c8","isMergeCommit":true,"messageTitle":"Merge conflict branch \u0027branch-Level-7\u0027 into HEAD","messageBody":"","fileTypesAndContributionMap":{}},{"hash":"2b522e0d2a0cb2ceb715bde1696ddfc82f42ac3c","isMergeCommit":false,"messageTitle":"Refractor code and package by Feature","messageBody":"Make it readable and scalable\n","tags":["A-Jar"],"fileTypesAndContributionMap":{"java":{"insertions":387,"deletions":288}}}]},{"date":"2023-02-13","commitResults":[{"hash":"5dfce2d98264705168d45554303bac40522b3b00","isMergeCommit":true,"messageTitle":"Merge remote-tracking branch \u0027origin/master\u0027 into branch-Level-7","messageBody":"","fileTypesAndContributionMap":{}},{"hash":"dd701393723967f13b16ca0a0ae0b349423d41a6","isMergeCommit":false,"messageTitle":"Fix save feature to be automatic","messageBody":"Task will save automatically whenever task list changes\n","tags":["Level-7"],"fileTypesAndContributionMap":{"java":{"insertions":8,"deletions":9}}},{"hash":"cf57de9309a03b49133c4895ff39314629631952","isMergeCommit":true,"messageTitle":"Merge branch \u0027branch-Level-7\u0027 into HEAD","messageBody":"","fileTypesAndContributionMap":{}}]},{"date":"2023-02-19","commitResults":[{"hash":"796bcf6d61ccc7528ca984ff26028d3bee339acc","isMergeCommit":false,"messageTitle":"Refract Command code","messageBody":"","tags":["A-MoreOOP"],"fileTypesAndContributionMap":{"txt":{"insertions":2,"deletions":2},"java":{"insertions":113,"deletions":87}}},{"hash":"09bf9985e4709b56e23619f532bae83acd5fa7ae","isMergeCommit":true,"messageTitle":"Merge branch \u0027master\u0027 of https://github.com/pinyoko573/ip","messageBody":"","fileTypesAndContributionMap":{}},{"hash":"bf754c49f24db8d8998fd03fe5c4ac33d33db781","isMergeCommit":false,"messageTitle":"Add Find functionality","messageBody":"","tags":["Level-9"],"fileTypesAndContributionMap":{"java":{"insertions":57,"deletions":15}}},{"hash":"55925e47faf848a761ad3417c9e90ee173d0e5af","isMergeCommit":true,"messageTitle":"Merge pull request #1 from pinyoko573/branch-Level-9","messageBody":"Add Find functionality","fileTypesAndContributionMap":{}},{"hash":"175185fe200e99991d883e28d859559992f3233e","isMergeCommit":false,"messageTitle":"Add JavaDoc","messageBody":"","fileTypesAndContributionMap":{"java":{"insertions":48,"deletions":24}}},{"hash":"eb5e1be530584a4cb8daecab9ecbd94693a6babe","isMergeCommit":true,"messageTitle":"Merge branch \u0027master\u0027 of https://github.com/pinyoko573/ip into HEAD","messageBody":"","fileTypesAndContributionMap":{}},{"hash":"632012fadd21fbca892f5717bfa76e4f52d24a71","isMergeCommit":false,"messageTitle":"Update JavaDoc","messageBody":"","tags":["A-JavaDoc"],"fileTypesAndContributionMap":{"java":{"insertions":8,"deletions":2}}},{"hash":"b5d5ed8d4371352bb5d4189050b5dcddcb8c79ea","isMergeCommit":false,"messageTitle":"Add User Guide","messageBody":"","fileTypesAndContributionMap":{"md":{"insertions":154,"deletions":14}}},{"hash":"fec8db2e6200483a971536e073d830c332b5b520","isMergeCommit":false,"messageTitle":"Update User Guide formatting","messageBody":"","fileTypesAndContributionMap":{"md":{"insertions":18,"deletions":2}}},{"hash":"f11088be838aabe5074d4e24a9d1ddb03b42ddc9","isMergeCommit":true,"messageTitle":"Merge branch \u0027master\u0027 of https://github.com/pinyoko573/ip into branch-Level-8","messageBody":"","fileTypesAndContributionMap":{}},{"hash":"d141a74d998e249a7578633d09602cc24f04e168","isMergeCommit":false,"messageTitle":"Revert User Guide to default","messageBody":"","fileTypesAndContributionMap":{"md":{"insertions":14,"deletions":170}}},{"hash":"6c09450ab0461402f0b17244a6a51779bf350e81","isMergeCommit":true,"messageTitle":"Merge remote-tracking branch \u0027origin/master\u0027 into branch-A-JavaDoc","messageBody":"","fileTypesAndContributionMap":{}},{"hash":"eeb55090b2e499f05af3ccab93b0bddafca486af","isMergeCommit":false,"messageTitle":"Updated README User Guide","messageBody":"","fileTypesAndContributionMap":{"md":{"insertions":170,"deletions":14}}},{"hash":"705ee2687222a4abde9263bcdd503728bb79d008","isMergeCommit":false,"messageTitle":"Revert User Guide","messageBody":"","fileTypesAndContributionMap":{"md":{"insertions":14,"deletions":170}}},{"hash":"0a6ad4f1398154bc51b05da72acfe07cc64e3bec","isMergeCommit":true,"messageTitle":"Merge pull request #2 from pinyoko573/branch-A-JavaDoc","messageBody":"Merge Branch-A-JavaDoc","fileTypesAndContributionMap":{}},{"hash":"4a95d7137e21b7cf615744c074d929b073d17766","isMergeCommit":false,"messageTitle":"Update User Guide","messageBody":"","tags":["A-UserGuide"],"fileTypesAndContributionMap":{"md":{"insertions":170,"deletions":14}}}]},{"date":"2023-02-20","commitResults":[{"hash":"5391a77352cfc58aef53412562337c7817176883","isMergeCommit":false,"messageTitle":"Refract data file name to be consistent","messageBody":"","fileTypesAndContributionMap":{"java":{"insertions":2,"deletions":2}}},{"hash":"9b20397b43f33eafc9fc7ab3d8f0409559fe449f","isMergeCommit":true,"messageTitle":"Merge branch \u0027master\u0027 of https://github.com/pinyoko573/ip","messageBody":"","fileTypesAndContributionMap":{}},{"hash":"d2e87ba5b6a99a91ca75133a6c04b20c0f39328a","isMergeCommit":false,"messageTitle":"Update User Guide to clarify on data file","messageBody":"","fileTypesAndContributionMap":{"md":{"insertions":4,"deletions":3}}},{"hash":"0366b33d53ae031de82a6072f753d218d80ce25a","isMergeCommit":false,"messageTitle":"Update User Guide to rename jar file","messageBody":"","fileTypesAndContributionMap":{"md":{"insertions":4,"deletions":4}}}]},{"date":"2023-03-03","commitResults":[{"hash":"26bc3cd8de4192f4659168fecf080c480474b138","isMergeCommit":true,"messageTitle":"Merge remote-tracking branch \u0027origin/master\u0027 into branch-Level-8","messageBody":"","fileTypesAndContributionMap":{}},{"hash":"772604b076e14d7a1464a64332a251b416a26d7b","isMergeCommit":false,"messageTitle":"Add DateTime support for Deadline and Event","messageBody":"","tags":["Level-8"],"fileTypesAndContributionMap":{"java":{"insertions":167,"deletions":203}}},{"hash":"8ba078a47d68811e8a5f66fe11e2af7e3e05fe83","isMergeCommit":false,"messageTitle":"Fixed Event File Bug and Add Constants","messageBody":"","fileTypesAndContributionMap":{"java":{"insertions":61,"deletions":22}}},{"hash":"23627bc364197c84c00c90f6478f09bb956cd169","isMergeCommit":true,"messageTitle":"Merge pull request #3 from pinyoko573/branch-Level-8","messageBody":"Merge Branch-Level-8","fileTypesAndContributionMap":{}},{"hash":"b4f594ce3ec5542981b1d4185b920460089677f6","isMergeCommit":true,"messageTitle":"Merge branch \u0027master\u0027 of https://github.com/pinyoko573/ip into HEAD","messageBody":"","fileTypesAndContributionMap":{}},{"hash":"9f0f12de705869d5120246c337c2223fda60e874","isMergeCommit":false,"messageTitle":"Fix bug of adding from date after to date in Event","messageBody":"","fileTypesAndContributionMap":{"java":{"insertions":23,"deletions":8}}},{"hash":"a843ba1bf1a5df64df29aef24aeb11530bc3fd8f","isMergeCommit":false,"messageTitle":"Updated README for Date support","messageBody":"","fileTypesAndContributionMap":{"md":{"insertions":17,"deletions":12}}},{"hash":"7f24044fa12c1989f0e28c70d22949d8ed319dfa","isMergeCommit":false,"messageTitle":"Rename Duke to Mom","messageBody":"","fileTypesAndContributionMap":{"txt":{"insertions":1,"deletions":0},"java":{"insertions":145,"deletions":151},"md":{"insertions":47,"deletions":39}}},{"hash":"c8e674fe089d2d3a4c449b9a10c1b0a835bc4038","isMergeCommit":false,"messageTitle":"Remove image at User Guide","messageBody":"","fileTypesAndContributionMap":{"gradle":{"insertions":2,"deletions":2},"md":{"insertions":0,"deletions":2}}},{"hash":"6c1b31b4e8a5e4762146ec710eb2770b87d17860","isMergeCommit":false,"messageTitle":"Fix mismatch data file name","messageBody":"","tags":["A-Release"],"fileTypesAndContributionMap":{"txt":{"insertions":0,"deletions":1},"java":{"insertions":2,"deletions":2},"md":{"insertions":14,"deletions":14}}}]}]},"authorFileTypeContributionMap":{"pinyoko573":{"java":852,"md":172,"fxml":0,"sh":0,"bat":0,"gradle":3,"txt":10}},"authorContributionVariance":{"pinyoko573":65007.297},"authorDisplayNameMap":{"pinyoko573":"CS2113-W15-3 CHUA.. WEI"}}
