{"authorDailyContributionsMap":{"arsdorintbp2003":[{"date":"2023-01-30","commitResults":[{"hash":"3ab4eb789b84316155a46ecf8c33e4e1352c2d95","messageTitle":"Level-0","messageBody":"Level-0 DONE - Add greet + rename project\n","fileTypesAndContributionMap":{"java":{"insertions":20,"deletions":10}}},{"hash":"f035cec5bea26f6bfff6a6a24552423d1465c1e1","messageTitle":"Finish Level-1 (Add Greet, Echo, Exit)","messageBody":"","fileTypesAndContributionMap":{"java":{"insertions":29,"deletions":10}}},{"hash":"1eb047978091eca27b0c95ef92a235ab2ae26836","messageTitle":"Level-2 finished (Add, list)","messageBody":"Add, List\n","tags":["Level-2"],"fileTypesAndContributionMap":{"java":{"insertions":44,"deletions":7}}}]},{"date":"2023-02-02","commitResults":[{"hash":"0fde3804d681bfb5a3ba793acf06deb8a9774497","messageTitle":"Level-3 finished (Mark As Done)","messageBody":"","tags":["Level-3"],"fileTypesAndContributionMap":{"java":{"insertions":32,"deletions":3}}},{"hash":"1d1827569d11167b87aa8001d94ebedeeaae1c5b","messageTitle":"level4","messageBody":"","fileTypesAndContributionMap":{"java":{"insertions":73,"deletions":5}}}]},{"date":"2023-02-03","commitResults":[{"hash":"a4ea47e111b88bfc639557387108100870bfcae3","messageTitle":"Level-4 finished (ToDos, Events, Deadlines)","messageBody":"","tags":["Level-4"],"fileTypesAndContributionMap":{"java":{"insertions":4,"deletions":4}}}]},{"date":"2023-02-09","commitResults":[{"hash":"182d6864f330ba5df64e24125a0c964b153cb773","messageTitle":"A-TextUI-Testing finished","messageBody":"","fileTypesAndContributionMap":{"txt":{"insertions":10,"deletions":0},"java":{"insertions":3,"deletions":2}}},{"hash":"23c669da233d9c9895d6592f09693893c16e5a71","messageTitle":"A-CodingStandard","messageBody":"","tags":["A-CodingStandard","A-CodeQuality"],"fileTypesAndContributionMap":{"java":{"insertions":5,"deletions":8}}}]}]},"authorFileTypeContributionMap":{"arsdorintbp2003":{"java":171,"md":0,"fxml":0,"sh":0,"bat":0,"gradle":0,"txt":10}},"authorContributionVariance":{"arsdorintbp2003":908.3099},"authorDisplayNameMap":{"arsdorintbp2003":"CS2113-T13-2 BUI .. NAM"}}
