{"authorDailyContributionsMap":{"WilsonLee2000":[{"date":"2023-01-16","commitResults":[{"hash":"d6db6276c9157b17e669b04855fba8c4199de2a6","isMergeCommit":false,"messageTitle":"Add Duke\u0027s greetings to user","messageBody":"","fileTypesAndContributionMap":{"java":{"insertions":3,"deletions":6}}}]},{"date":"2023-01-27","commitResults":[{"hash":"19185b044680743db4122f83703e8327d97bb819","isMergeCommit":false,"messageTitle":"Add Duke Level-1","messageBody":"","fileTypesAndContributionMap":{"java":{"insertions":16,"deletions":3}}},{"hash":"e65d3358042fad3d19ebd3c2bfafe61e287c698e","isMergeCommit":false,"messageTitle":"Remove return; because return; is unecessary in a void function","messageBody":"","fileTypesAndContributionMap":{"java":{"insertions":0,"deletions":1}}},{"hash":"b99ce124a85d06a52a865f4b32a4530fded29f67","isMergeCommit":false,"messageTitle":"Add comments to code","messageBody":"","fileTypesAndContributionMap":{"java":{"insertions":2,"deletions":2}}},{"hash":"f1f0b8c96eb6fb9a3abd2aae495e88eb5dadd443","isMergeCommit":false,"messageTitle":"Add while loop","messageBody":"","tags":["Level-1"],"fileTypesAndContributionMap":{"java":{"insertions":9,"deletions":12}}},{"hash":"0c647ed5f72662b64b546e130aa1fbb53ca92789","isMergeCommit":false,"messageTitle":"Add Level-2","messageBody":"","tags":["Level-2"],"fileTypesAndContributionMap":{"java":{"insertions":20,"deletions":5}}}]},{"date":"2023-02-03","commitResults":[{"hash":"2cc6948891fdd0421113e8103d3eedbed53d7554","isMergeCommit":false,"messageTitle":"Add Level-3","messageBody":"","tags":["Level-3","A-CodingStandard"],"fileTypesAndContributionMap":{"java":{"insertions":57,"deletions":15}}}]},{"date":"2023-02-10","commitResults":[{"hash":"9d164448d8bc524be357ff6b02a509eb7f2352a9","isMergeCommit":false,"messageTitle":"Add Level-4","messageBody":"","fileTypesAndContributionMap":{"java":{"insertions":124,"deletions":30}}}]},{"date":"2023-02-11","commitResults":[{"hash":"fa8bb1b2d3650737d878d03bca934ea0a7b33c50","isMergeCommit":false,"messageTitle":"Add Level 4, remove comments","messageBody":"","tags":["A-CodeQuality"],"fileTypesAndContributionMap":{"java":{"insertions":19,"deletions":33}}}]},{"date":"2023-02-24","commitResults":[{"hash":"5931b6f26d8b1f128f690fcfe7d093e21da80c37","isMergeCommit":false,"messageTitle":"Fix and debug Level 4","messageBody":"","tags":["Level-4"],"fileTypesAndContributionMap":{"java":{"insertions":1,"deletions":2}}}]},{"date":"2023-02-27","commitResults":[{"hash":"4f68deba541a05c9e4761d82476e6867cb5992b1","isMergeCommit":false,"messageTitle":"Add Level-5: Handle Errors (Exceptions)","messageBody":"","tags":["A-Exceptions"],"fileTypesAndContributionMap":{"java":{"insertions":38,"deletions":9}}},{"hash":"e976fa1099bd80e7dd38652b20200aa266e59dfd","isMergeCommit":false,"messageTitle":"Removed comments that were added while implementing Level-5: Handle Errors","messageBody":"","tags":["Level-5"],"fileTypesAndContributionMap":{"java":{"insertions":1,"deletions":3}}},{"hash":"9ec472f34e449c4593e3a8911129bed821db6246","isMergeCommit":true,"messageTitle":"Merge branch \u0027branch-Level-5\u0027","messageBody":"","fileTypesAndContributionMap":{}},{"hash":"28fcd04108229e06316593369bfe0b7728645a3f","isMergeCommit":false,"messageTitle":"Divide classes into packages.","messageBody":"","tags":["A-Packages"],"fileTypesAndContributionMap":{"java":{"insertions":17,"deletions":1}}}]},{"date":"2023-03-05","commitResults":[{"hash":"ae8acecebded880ee2900ad5705c6276564a3d50","isMergeCommit":false,"messageTitle":"Notice and fix some bugs","messageBody":"","fileTypesAndContributionMap":{"java":{"insertions":49,"deletions":29}}},{"hash":"750906be71bd23c59d02c39bc281b1fb2718902d","isMergeCommit":false,"messageTitle":"Add Level 6 including comments","messageBody":"","tags":["Level-6"],"fileTypesAndContributionMap":{"java":{"insertions":8,"deletions":9}}},{"hash":"13028a2dbc836ac0e13377fe84b15d2f1bc1517b","isMergeCommit":true,"messageTitle":"Merge branch \u0027branch-Level-6\u0027","messageBody":"","fileTypesAndContributionMap":{}}]},{"date":"2023-03-07","commitResults":[{"hash":"e09f39969ba64afbe64667708b9223629a0bb71c","isMergeCommit":false,"messageTitle":"Add Level 7 and Level 9","messageBody":"","tags":["Level-9","Level-7"],"fileTypesAndContributionMap":{"java":{"insertions":160,"deletions":10}}},{"hash":"7863f44b93edc3b6029684f4cf033cd29d87d135","isMergeCommit":false,"messageTitle":"Add A-Collections Extension, which was already done previously","messageBody":"","tags":["A-Collections"],"fileTypesAndContributionMap":{"java":{"insertions":1,"deletions":1}}}]},{"date":"2023-03-08","commitResults":[{"hash":"54d6e887c933b0072e2987610f887b8040ca2c18","isMergeCommit":false,"messageTitle":"Add User Guide to README.md","messageBody":"","tags":["A-UserGuide"],"fileTypesAndContributionMap":{"md":{"insertions":46,"deletions":16}}},{"hash":"47e953d46f722fa46da4b1b383fe88989aba58a8","isMergeCommit":false,"messageTitle":"Edit the line spaces in README.md","messageBody":"","fileTypesAndContributionMap":{"md":{"insertions":0,"deletions":3}}},{"hash":"129ad32a9051888e1d32aa37a072a6c930e4315f","isMergeCommit":false,"messageTitle":"Edit README.md","messageBody":"","fileTypesAndContributionMap":{"md":{"insertions":2,"deletions":2}}},{"hash":"9895c106e0a9451cdeed4f259bc0f7ee46d19af7","isMergeCommit":false,"messageTitle":"Add JavaDoc and removed some comments","messageBody":"","fileTypesAndContributionMap":{"java":{"insertions":8,"deletions":13}}},{"hash":"0fffba0395351593762c679b4a5c47e1f5409d39","isMergeCommit":false,"messageTitle":"Removed comments that I added while implementing Coffee Bot, improve indentations, coding qualities and coding standards, and add class header comments.","messageBody":"","fileTypesAndContributionMap":{"java":{"insertions":35,"deletions":28},"md":{"insertions":2,"deletions":3}}}]},{"date":"2023-03-09","commitResults":[{"hash":"c08d099fa621ab2e8fd84ad04b7bea865fd23d9c","isMergeCommit":false,"messageTitle":"Add A-JavaDoc","messageBody":"","fileTypesAndContributionMap":{"java":{"insertions":96,"deletions":17}}},{"hash":"f7100eb9b92ed47cd60ed1e1e25bd6567938c829","isMergeCommit":true,"messageTitle":"Merge branch \u0027A-JavaDoc\u0027","messageBody":"","tags":["A-JavaDoc"],"fileTypesAndContributionMap":{}},{"hash":"71b4ae67bbe68b25a8ab3ada653c9b4c14f8d5eb","isMergeCommit":false,"messageTitle":"Edit output for \"find\"","messageBody":"","fileTypesAndContributionMap":{"java":{"insertions":1,"deletions":1}}},{"hash":"b4a323f0289dc00f1536b1cc6ef72e60e9e90207","isMergeCommit":true,"messageTitle":"Merge branch \u0027branch-Level-9\u0027","messageBody":"","fileTypesAndContributionMap":{}},{"hash":"3f94bfe147d425f35ab0a963b3fd101abfab0181","isMergeCommit":false,"messageTitle":"Improve Coding Standard and Code Quality","messageBody":"","fileTypesAndContributionMap":{"java":{"insertions":93,"deletions":98}}},{"hash":"e0614fc3f31a1eb84c326219da9ed7d09880eb4d","isMergeCommit":false,"messageTitle":"Rectify bugs by removing counter, add new comments","messageBody":"","fileTypesAndContributionMap":{"java":{"insertions":18,"deletions":39}}},{"hash":"1958470638a35560db91c1c283a4bd2b7ffb05ab","isMergeCommit":false,"messageTitle":"Implement Merging PRs branch","messageBody":"","fileTypesAndContributionMap":{"java":{"insertions":1,"deletions":0}}},{"hash":"9705b533f9ccc76b45154cddf26b143df6a3490e","isMergeCommit":true,"messageTitle":"Merge branch \u0027Merging-PRs\u0027","messageBody":"","fileTypesAndContributionMap":{}},{"hash":"47468b6bd9c490ac58a7077671bd7b8cdc35e373","isMergeCommit":false,"messageTitle":"Add Merge-PRs","messageBody":"","fileTypesAndContributionMap":{"java":{"insertions":1,"deletions":0}}},{"hash":"27888a70898dca8ca1daeef84cc64ca048b3450f","isMergeCommit":false,"messageTitle":"Add changes","messageBody":"","fileTypesAndContributionMap":{"java":{"insertions":1,"deletions":0}}},{"hash":"a91ad08f24bea368b02dcf5d0f74696178d966cd","isMergeCommit":true,"messageTitle":"Merge pull request #1 from WilsonLee2000/Merging-PRs","messageBody":"Merging PRs","fileTypesAndContributionMap":{}},{"hash":"c54c6533b56c39d09814d58015d528d7388bd5a4","isMergeCommit":false,"messageTitle":"Remove comments used for trying Merging PRs","messageBody":"","fileTypesAndContributionMap":{"java":{"insertions":0,"deletions":1}}},{"hash":"0513a36b8d0b070de3f9a07da523819ced18a82d","isMergeCommit":false,"messageTitle":"Resolve Merge Conflicts","messageBody":"","fileTypesAndContributionMap":{"java":{"insertions":3,"deletions":0}}},{"hash":"9bd4c0859e88ea460ad1c14abf4e4804e0966ba9","isMergeCommit":false,"messageTitle":"Implement A-MoreOOP","messageBody":"","tags":["A-MoreOOP"],"fileTypesAndContributionMap":{"java":{"insertions":0,"deletions":6}}},{"hash":"fac90232467a43f095855a614df6faba7ced749a","isMergeCommit":false,"messageTitle":"Improve Code Quality and Code Standards","messageBody":"","fileTypesAndContributionMap":{"java":{"insertions":4,"deletions":5}}},{"hash":"cc57222b8ca1f2526abc8e3654a2f7d6725885c3","isMergeCommit":false,"messageTitle":"Add Exceptions for Deadline and Event, improve coding standards for try and catch blocks","messageBody":"","fileTypesAndContributionMap":{"java":{"insertions":55,"deletions":26}}},{"hash":"9f3f43aaa2b66228a0194dd7279c8703fd882f18","isMergeCommit":false,"messageTitle":"Removed boolean isRun and change it to true in main","messageBody":"","fileTypesAndContributionMap":{"java":{"insertions":23,"deletions":9}}}]}]},"authorFileTypeContributionMap":{"WilsonLee2000":{"java":455,"md":42,"fxml":0,"sh":0,"bat":0,"gradle":0,"txt":0}},"authorContributionVariance":{"WilsonLee2000":5719.48},"authorDisplayNameMap":{"WilsonLee2000":"CS2113-F10-2 WILS.. WEI"}}
