[{"path":"src/main/java/Duke.java","fileType":"java","lines":[{"lineNumber":1,"author":{"gitId":"LimHongYao"},"content":"import java.util.Scanner;","lastModifiedDate":"2023-01-27"},{"lineNumber":2,"author":{"gitId":"-"},"content":"public class Duke {","lastModifiedDate":"2019-07-29"},{"lineNumber":3,"author":{"gitId":"LimHongYao"},"content":"    public static void exitMessage() {","lastModifiedDate":"2023-01-18"},{"lineNumber":4,"author":{"gitId":"LimHongYao"},"content":"        System.out.println(\"Go away Anna\");","lastModifiedDate":"2023-01-27"},{"lineNumber":5,"author":{"gitId":"LimHongYao"},"content":"        System.out.println(\"O-kay bye......\");","lastModifiedDate":"2023-01-27"},{"lineNumber":6,"author":{"gitId":"LimHongYao"},"content":"    }","lastModifiedDate":"2023-01-18"},{"lineNumber":7,"author":{"gitId":"-"},"content":"    public static void main(String[] args) {","lastModifiedDate":"2019-07-29"},{"lineNumber":8,"author":{"gitId":"LimHongYao"},"content":"        System.out.println(\"Hi it\u0027s Anna!\\nWhat can I do for you?\");","lastModifiedDate":"2023-01-27"},{"lineNumber":9,"author":{"gitId":"LimHongYao"},"content":"        Scanner in \u003d new Scanner(System.in);","lastModifiedDate":"2023-01-27"},{"lineNumber":10,"author":{"gitId":"LimHongYao"},"content":"        String input;","lastModifiedDate":"2023-01-27"},{"lineNumber":11,"author":{"gitId":"LimHongYao"},"content":"        boolean exit \u003d false;","lastModifiedDate":"2023-01-27"},{"lineNumber":12,"author":{"gitId":"LimHongYao"},"content":"        while (!exit) {","lastModifiedDate":"2023-01-27"},{"lineNumber":13,"author":{"gitId":"LimHongYao"},"content":"            input \u003d in.nextLine();","lastModifiedDate":"2023-01-27"},{"lineNumber":14,"author":{"gitId":"LimHongYao"},"content":"            if (input.equals(\"bye\")) {","lastModifiedDate":"2023-01-27"},{"lineNumber":15,"author":{"gitId":"LimHongYao"},"content":"                exitMessage();","lastModifiedDate":"2023-01-18"},{"lineNumber":16,"author":{"gitId":"LimHongYao"},"content":"                exit \u003d true;","lastModifiedDate":"2023-01-27"},{"lineNumber":17,"author":{"gitId":"LimHongYao"},"content":"            } else {","lastModifiedDate":"2023-01-27"},{"lineNumber":18,"author":{"gitId":"LimHongYao"},"content":"                System.out.println(input);","lastModifiedDate":"2023-01-27"},{"lineNumber":19,"author":{"gitId":"LimHongYao"},"content":"            }","lastModifiedDate":"2023-01-27"},{"lineNumber":20,"author":{"gitId":"LimHongYao"},"content":"        }","lastModifiedDate":"2023-01-27"},{"lineNumber":21,"author":{"gitId":"-"},"content":"    }","lastModifiedDate":"2019-07-29"},{"lineNumber":22,"author":{"gitId":"-"},"content":"}","lastModifiedDate":"2019-07-29"}],"authorContributionMap":{"LimHongYao":18,"-":4}}]
