[{"path":"src/main/java/Deadline.java","fileType":"java","lines":[{"lineNumber":1,"author":{"gitId":"yuanners"},"content":"public class Deadline extends Task {","lastModifiedDate":"2023-01-29"},{"lineNumber":2,"author":{"gitId":"yuanners"},"content":"\tString by;","lastModifiedDate":"2023-01-29"},{"lineNumber":3,"author":{"gitId":"yuanners"},"content":"","lastModifiedDate":"2023-01-29"},{"lineNumber":4,"author":{"gitId":"yuanners"},"content":"\tpublic Deadline (String description, String by) {","lastModifiedDate":"2023-01-29"},{"lineNumber":5,"author":{"gitId":"yuanners"},"content":"\t\tsuper (description);","lastModifiedDate":"2023-01-29"},{"lineNumber":6,"author":{"gitId":"yuanners"},"content":"\t\tthis.by \u003d by;","lastModifiedDate":"2023-01-29"},{"lineNumber":7,"author":{"gitId":"yuanners"},"content":"\t\tthis.type \u003d \"[D]\";","lastModifiedDate":"2023-01-29"},{"lineNumber":8,"author":{"gitId":"yuanners"},"content":"\t}","lastModifiedDate":"2023-01-29"},{"lineNumber":9,"author":{"gitId":"yuanners"},"content":"","lastModifiedDate":"2023-01-29"},{"lineNumber":10,"author":{"gitId":"yuanners"},"content":"\t@Override","lastModifiedDate":"2023-01-29"},{"lineNumber":11,"author":{"gitId":"yuanners"},"content":"\tpublic String toString () {","lastModifiedDate":"2023-01-29"},{"lineNumber":12,"author":{"gitId":"yuanners"},"content":"\t\treturn super.toString () + \"(by:\" + by + \")\";","lastModifiedDate":"2023-01-29"},{"lineNumber":13,"author":{"gitId":"yuanners"},"content":"\t}","lastModifiedDate":"2023-01-29"},{"lineNumber":14,"author":{"gitId":"yuanners"},"content":"}","lastModifiedDate":"2023-01-29"}],"authorContributionMap":{"yuanners":14}},{"path":"src/main/java/Duke.java","fileType":"java","lines":[{"lineNumber":1,"author":{"gitId":"yuanners"},"content":"import java.util.Scanner;","lastModifiedDate":"2023-01-14"},{"lineNumber":2,"author":{"gitId":"yuanners"},"content":"","lastModifiedDate":"2023-01-26"},{"lineNumber":3,"author":{"gitId":"-"},"content":"public class Duke {","lastModifiedDate":"2019-07-29"},{"lineNumber":4,"author":{"gitId":"-"},"content":"\tpublic static void main (String[] args) {","lastModifiedDate":"2019-07-29"},{"lineNumber":5,"author":{"gitId":"yuanners"},"content":"\t\tprintStart ();","lastModifiedDate":"2023-01-29"},{"lineNumber":6,"author":{"gitId":"yuanners"},"content":"","lastModifiedDate":"2023-01-14"},{"lineNumber":7,"author":{"gitId":"yuanners"},"content":"\t\tScanner scan \u003d new Scanner (System.in);","lastModifiedDate":"2023-01-14"},{"lineNumber":8,"author":{"gitId":"yuanners"},"content":"\t\tString input \u003d scan.nextLine ();","lastModifiedDate":"2023-01-14"},{"lineNumber":9,"author":{"gitId":"yuanners"},"content":"\t\tTask tasks[] \u003d new Task[100];","lastModifiedDate":"2023-01-14"},{"lineNumber":10,"author":{"gitId":"yuanners"},"content":"\t\tint count \u003d 0;","lastModifiedDate":"2023-01-14"},{"lineNumber":11,"author":{"gitId":"yuanners"},"content":"\t\twhile (!(\"bye\".equalsIgnoreCase (input)) \u0026\u0026 !(input.isEmpty ())) {","lastModifiedDate":"2023-02-03"},{"lineNumber":12,"author":{"gitId":"yuanners"},"content":"\t\t\ttry {","lastModifiedDate":"2023-02-03"},{"lineNumber":13,"author":{"gitId":"yuanners"},"content":"\t\t\t\tcount \u003d checkInput (input, tasks, count);","lastModifiedDate":"2023-02-12"},{"lineNumber":14,"author":{"gitId":"yuanners"},"content":"\t\t\t} catch (DukeException de) {","lastModifiedDate":"2023-02-03"},{"lineNumber":15,"author":{"gitId":"yuanners"},"content":"\t\t\t\tSystem.out.println (de.getMessage ());","lastModifiedDate":"2023-02-03"},{"lineNumber":16,"author":{"gitId":"yuanners"},"content":"\t\t\t\tSystem.out.println (\"Please enter again: \");","lastModifiedDate":"2023-02-03"},{"lineNumber":17,"author":{"gitId":"yuanners"},"content":"\t\t\t\tprintLine ();","lastModifiedDate":"2023-02-03"},{"lineNumber":18,"author":{"gitId":"yuanners"},"content":"\t\t\t\tcontinue;","lastModifiedDate":"2023-02-03"},{"lineNumber":19,"author":{"gitId":"yuanners"},"content":"\t\t\t}finally {","lastModifiedDate":"2023-02-03"},{"lineNumber":20,"author":{"gitId":"yuanners"},"content":"\t\t\t\tinput \u003d scan.nextLine ();","lastModifiedDate":"2023-02-03"},{"lineNumber":21,"author":{"gitId":"yuanners"},"content":"\t\t\t}","lastModifiedDate":"2023-02-03"},{"lineNumber":22,"author":{"gitId":"yuanners"},"content":"\t\t}","lastModifiedDate":"2023-02-03"},{"lineNumber":23,"author":{"gitId":"yuanners"},"content":"","lastModifiedDate":"2023-02-03"},{"lineNumber":24,"author":{"gitId":"yuanners"},"content":"\t\tprintEnd ();","lastModifiedDate":"2023-02-03"},{"lineNumber":25,"author":{"gitId":"yuanners"},"content":"","lastModifiedDate":"2023-01-14"},{"lineNumber":26,"author":{"gitId":"yuanners"},"content":"\t}","lastModifiedDate":"2023-02-03"},{"lineNumber":27,"author":{"gitId":"yuanners"},"content":"","lastModifiedDate":"2023-01-31"},{"lineNumber":28,"author":{"gitId":"yuanners"},"content":"\tpublic static int checkInput (String input, Task[] tasks, int count) throws DukeException {","lastModifiedDate":"2023-02-12"},{"lineNumber":29,"author":{"gitId":"yuanners"},"content":"\t\tif (input.length () \u003e 4) {","lastModifiedDate":"2023-02-03"},{"lineNumber":30,"author":{"gitId":"yuanners"},"content":"\t\t\tif (input.startsWith (\"mark\") || input.startsWith (\"unmark\")) {","lastModifiedDate":"2023-02-03"},{"lineNumber":31,"author":{"gitId":"yuanners"},"content":"\t\t\t\tchangeStatus (input, tasks);","lastModifiedDate":"2023-01-29"},{"lineNumber":32,"author":{"gitId":"yuanners"},"content":"\t\t\t} else if (input.startsWith (\"todo\") || input.startsWith (\"deadline\") || input.startsWith (\"event\")) {","lastModifiedDate":"2023-01-29"},{"lineNumber":33,"author":{"gitId":"yuanners"},"content":"\t\t\t\tcount \u003d addTask (input, tasks, count);","lastModifiedDate":"2023-01-29"},{"lineNumber":34,"author":{"gitId":"yuanners"},"content":"\t\t\t} else {","lastModifiedDate":"2023-01-29"},{"lineNumber":35,"author":{"gitId":"yuanners"},"content":"\t\t\t\tprintLine ();","lastModifiedDate":"2023-02-03"},{"lineNumber":36,"author":{"gitId":"yuanners"},"content":"\t\t\t\tthrow new DukeException (\"OOPS!!! The description of a \" + input + \" cannot be empty.\");","lastModifiedDate":"2023-02-12"},{"lineNumber":37,"author":{"gitId":"yuanners"},"content":"\t\t\t}","lastModifiedDate":"2023-02-03"},{"lineNumber":38,"author":{"gitId":"yuanners"},"content":"\t\t} else {","lastModifiedDate":"2023-02-03"},{"lineNumber":39,"author":{"gitId":"yuanners"},"content":"\t\t\tif (\"list\".equalsIgnoreCase (input)) {","lastModifiedDate":"2023-02-03"},{"lineNumber":40,"author":{"gitId":"yuanners"},"content":"\t\t\t\tlistTasks (tasks, count);","lastModifiedDate":"2023-02-03"},{"lineNumber":41,"author":{"gitId":"yuanners"},"content":"\t\t\t} else if (\"mark\".equalsIgnoreCase (input) || \"unmark\".equalsIgnoreCase (input) || \"todo\".equalsIgnoreCase (input) || \"event\".equalsIgnoreCase (input) || \"deadline\".equalsIgnoreCase (input)) {","lastModifiedDate":"2023-02-03"},{"lineNumber":42,"author":{"gitId":"yuanners"},"content":"\t\t\t\tprintLine ();","lastModifiedDate":"2023-02-03"},{"lineNumber":43,"author":{"gitId":"yuanners"},"content":"\t\t\t\tthrow new DukeException (\"OOPS!!! The description of a \" + input + \" cannot be empty.\");","lastModifiedDate":"2023-02-12"},{"lineNumber":44,"author":{"gitId":"yuanners"},"content":"\t\t\t} else {","lastModifiedDate":"2023-02-03"},{"lineNumber":45,"author":{"gitId":"yuanners"},"content":"\t\t\t\tprintLine ();","lastModifiedDate":"2023-02-03"},{"lineNumber":46,"author":{"gitId":"yuanners"},"content":"\t\t\t\tthrow new DukeException (\"OOPS!!! I\u0027m sorry, but I don\u0027t know what that means :-(\");","lastModifiedDate":"2023-02-12"},{"lineNumber":47,"author":{"gitId":"yuanners"},"content":"\t\t\t}","lastModifiedDate":"2023-01-29"},{"lineNumber":48,"author":{"gitId":"yuanners"},"content":"\t\t}","lastModifiedDate":"2023-01-29"},{"lineNumber":49,"author":{"gitId":"yuanners"},"content":"\t\treturn count;","lastModifiedDate":"2023-02-12"},{"lineNumber":50,"author":{"gitId":"yuanners"},"content":"\t}","lastModifiedDate":"2023-01-29"},{"lineNumber":51,"author":{"gitId":"yuanners"},"content":"","lastModifiedDate":"2023-01-29"},{"lineNumber":52,"author":{"gitId":"yuanners"},"content":"\tpublic static int addTask (String input, Task[] tasks, int count) {","lastModifiedDate":"2023-01-29"},{"lineNumber":53,"author":{"gitId":"yuanners"},"content":"\t\tString[] arrInput \u003d input.split (\" \", 2);","lastModifiedDate":"2023-01-29"},{"lineNumber":54,"author":{"gitId":"yuanners"},"content":"\t\tprintLine ();","lastModifiedDate":"2023-01-29"},{"lineNumber":55,"author":{"gitId":"yuanners"},"content":"\t\tSystem.out.println (\"Got it. I\u0027ve added this task:\");","lastModifiedDate":"2023-01-29"},{"lineNumber":56,"author":{"gitId":"yuanners"},"content":"","lastModifiedDate":"2023-01-31"},{"lineNumber":57,"author":{"gitId":"yuanners"},"content":"\t\tif (\"todo\".equalsIgnoreCase (arrInput[0])) {","lastModifiedDate":"2023-02-03"},{"lineNumber":58,"author":{"gitId":"yuanners"},"content":"\t\t\ttasks[count] \u003d new Task (arrInput[1]);","lastModifiedDate":"2023-01-29"},{"lineNumber":59,"author":{"gitId":"yuanners"},"content":"\t\t} else if (\"deadline\".equalsIgnoreCase (arrInput[0])) {","lastModifiedDate":"2023-02-03"},{"lineNumber":60,"author":{"gitId":"yuanners"},"content":"\t\t\tString[] arrTask \u003d arrInput[1].split (\"/by\");","lastModifiedDate":"2023-01-29"},{"lineNumber":61,"author":{"gitId":"yuanners"},"content":"\t\t\ttasks[count] \u003d new Deadline (arrTask[0], arrTask[1]);","lastModifiedDate":"2023-01-29"},{"lineNumber":62,"author":{"gitId":"yuanners"},"content":"\t\t} else {","lastModifiedDate":"2023-01-29"},{"lineNumber":63,"author":{"gitId":"yuanners"},"content":"\t\t\tString[] arrTask \u003d arrInput[1].split (\"/from\");","lastModifiedDate":"2023-01-29"},{"lineNumber":64,"author":{"gitId":"yuanners"},"content":"\t\t\tString[] eventTask \u003d arrTask[1].split (\"/to\");","lastModifiedDate":"2023-01-29"},{"lineNumber":65,"author":{"gitId":"yuanners"},"content":"\t\t\ttasks[count] \u003d new Event (arrTask[0], eventTask[0], eventTask[1]);","lastModifiedDate":"2023-01-29"},{"lineNumber":66,"author":{"gitId":"yuanners"},"content":"\t\t}","lastModifiedDate":"2023-01-29"},{"lineNumber":67,"author":{"gitId":"yuanners"},"content":"","lastModifiedDate":"2023-01-31"},{"lineNumber":68,"author":{"gitId":"yuanners"},"content":"\t\tSystem.out.println (tasks[count].getType () + tasks[count].toString ());","lastModifiedDate":"2023-01-29"},{"lineNumber":69,"author":{"gitId":"yuanners"},"content":"\t\tcount++;","lastModifiedDate":"2023-01-29"},{"lineNumber":70,"author":{"gitId":"yuanners"},"content":"\t\tSystem.out.println (\"Now you have \" + count+ (count \u003e 1 ? \" tasks \" : \" task \") + \"in the list.\");","lastModifiedDate":"2023-02-12"},{"lineNumber":71,"author":{"gitId":"yuanners"},"content":"\t\tprintLine ();","lastModifiedDate":"2023-01-29"},{"lineNumber":72,"author":{"gitId":"yuanners"},"content":"\t\treturn count;","lastModifiedDate":"2023-01-29"},{"lineNumber":73,"author":{"gitId":"yuanners"},"content":"\t}","lastModifiedDate":"2023-01-29"},{"lineNumber":74,"author":{"gitId":"yuanners"},"content":"","lastModifiedDate":"2023-01-29"},{"lineNumber":75,"author":{"gitId":"yuanners"},"content":"\tpublic static void changeStatus (String input, Task[] tasks) {","lastModifiedDate":"2023-01-29"},{"lineNumber":76,"author":{"gitId":"yuanners"},"content":"\t\tString[] arrInput \u003d input.split (\" \", 2);","lastModifiedDate":"2023-01-14"},{"lineNumber":77,"author":{"gitId":"yuanners"},"content":"\t\tint index \u003d Integer.parseInt (arrInput[1]);","lastModifiedDate":"2023-01-14"},{"lineNumber":78,"author":{"gitId":"yuanners"},"content":"\t\tindex -\u003d 1;","lastModifiedDate":"2023-01-14"},{"lineNumber":79,"author":{"gitId":"yuanners"},"content":"","lastModifiedDate":"2023-01-31"},{"lineNumber":80,"author":{"gitId":"yuanners"},"content":"\t\tif (input.startsWith (\"mark\")) {","lastModifiedDate":"2023-01-14"},{"lineNumber":81,"author":{"gitId":"yuanners"},"content":"\t\t\ttasks[index].isDone \u003d true;","lastModifiedDate":"2023-01-14"},{"lineNumber":82,"author":{"gitId":"yuanners"},"content":"\t\t} else {","lastModifiedDate":"2023-01-14"},{"lineNumber":83,"author":{"gitId":"yuanners"},"content":"\t\t\ttasks[index].isDone \u003d false;","lastModifiedDate":"2023-01-14"},{"lineNumber":84,"author":{"gitId":"yuanners"},"content":"\t\t}","lastModifiedDate":"2023-01-14"},{"lineNumber":85,"author":{"gitId":"yuanners"},"content":"","lastModifiedDate":"2023-01-31"},{"lineNumber":86,"author":{"gitId":"yuanners"},"content":"\t\tprintLine ();","lastModifiedDate":"2023-01-29"},{"lineNumber":87,"author":{"gitId":"yuanners"},"content":"\t\tSystem.out.println (\"Nice! I\u0027ve marked this task as \"+ (tasks[index].isDone? \"done\" : \"undone\")+\":\");","lastModifiedDate":"2023-02-12"},{"lineNumber":88,"author":{"gitId":"yuanners"},"content":"\t\tSystem.out.println (tasks[index].getType () + tasks[index].toString ());","lastModifiedDate":"2023-01-29"},{"lineNumber":89,"author":{"gitId":"yuanners"},"content":"\t\tprintLine ();","lastModifiedDate":"2023-01-29"},{"lineNumber":90,"author":{"gitId":"yuanners"},"content":"\t}","lastModifiedDate":"2023-01-14"},{"lineNumber":91,"author":{"gitId":"yuanners"},"content":"","lastModifiedDate":"2023-01-29"},{"lineNumber":92,"author":{"gitId":"yuanners"},"content":"\tpublic static void listTasks (Task[] tasks, int count) {","lastModifiedDate":"2023-01-29"},{"lineNumber":93,"author":{"gitId":"yuanners"},"content":"\t\tprintLine ();","lastModifiedDate":"2023-01-29"},{"lineNumber":94,"author":{"gitId":"yuanners"},"content":"\t\tSystem.out.println (\"Here are the tasks in your list:\");","lastModifiedDate":"2023-01-29"},{"lineNumber":95,"author":{"gitId":"yuanners"},"content":"","lastModifiedDate":"2023-01-31"},{"lineNumber":96,"author":{"gitId":"yuanners"},"content":"\t\tfor (int i \u003d 0; i \u003c count; i++) {","lastModifiedDate":"2023-01-29"},{"lineNumber":97,"author":{"gitId":"yuanners"},"content":"\t\t\tSystem.out.println ((i + 1) + \". \" + tasks[i].getType () + tasks[i].toString ());","lastModifiedDate":"2023-01-29"},{"lineNumber":98,"author":{"gitId":"yuanners"},"content":"\t\t}","lastModifiedDate":"2023-01-29"},{"lineNumber":99,"author":{"gitId":"yuanners"},"content":"","lastModifiedDate":"2023-01-31"},{"lineNumber":100,"author":{"gitId":"yuanners"},"content":"\t\tprintLine ();","lastModifiedDate":"2023-01-29"},{"lineNumber":101,"author":{"gitId":"yuanners"},"content":"\t}","lastModifiedDate":"2023-01-14"},{"lineNumber":102,"author":{"gitId":"yuanners"},"content":"","lastModifiedDate":"2023-01-14"},{"lineNumber":103,"author":{"gitId":"yuanners"},"content":"\tpublic static void printStart () {","lastModifiedDate":"2023-01-29"},{"lineNumber":104,"author":{"gitId":"yuanners"},"content":"\t\tString logo \u003d \" ____        _        \\n\"","lastModifiedDate":"2023-01-29"},{"lineNumber":105,"author":{"gitId":"yuanners"},"content":"\t\t\t\t+ \"|  _ \\\\ _   _| | _____ \\n\"","lastModifiedDate":"2023-01-29"},{"lineNumber":106,"author":{"gitId":"yuanners"},"content":"\t\t\t\t+ \"| | | | | | | |/ / _ \\\\\\n\"","lastModifiedDate":"2023-01-29"},{"lineNumber":107,"author":{"gitId":"yuanners"},"content":"\t\t\t\t+ \"| |_| | |_| |   \u003c  __/\\n\"","lastModifiedDate":"2023-01-29"},{"lineNumber":108,"author":{"gitId":"yuanners"},"content":"\t\t\t\t+ \"|____/ \\\\__,_|_|\\\\_\\\\___|\\n\";","lastModifiedDate":"2023-01-29"},{"lineNumber":109,"author":{"gitId":"yuanners"},"content":"\t\tSystem.out.println (\"Hello from\\n\" + logo);","lastModifiedDate":"2023-01-29"},{"lineNumber":110,"author":{"gitId":"yuanners"},"content":"\t\tprintLine ();","lastModifiedDate":"2023-01-29"},{"lineNumber":111,"author":{"gitId":"yuanners"},"content":"\t\tSystem.out.println (\"Hello! I\u0027m Duke\");","lastModifiedDate":"2023-01-29"},{"lineNumber":112,"author":{"gitId":"yuanners"},"content":"\t\tSystem.out.println (\"What can I do for you?\");","lastModifiedDate":"2023-01-29"},{"lineNumber":113,"author":{"gitId":"yuanners"},"content":"\t\tprintLine ();","lastModifiedDate":"2023-01-29"},{"lineNumber":114,"author":{"gitId":"yuanners"},"content":"\t}","lastModifiedDate":"2023-01-29"},{"lineNumber":115,"author":{"gitId":"yuanners"},"content":"","lastModifiedDate":"2023-01-29"},{"lineNumber":116,"author":{"gitId":"yuanners"},"content":"\tpublic static void printEnd () {","lastModifiedDate":"2023-01-29"},{"lineNumber":117,"author":{"gitId":"yuanners"},"content":"\t\tprintLine ();","lastModifiedDate":"2023-01-29"},{"lineNumber":118,"author":{"gitId":"yuanners"},"content":"\t\tSystem.out.println (\"Bye. Hope to see you again soon!\");","lastModifiedDate":"2023-01-14"},{"lineNumber":119,"author":{"gitId":"yuanners"},"content":"\t\tprintLine ();","lastModifiedDate":"2023-01-29"},{"lineNumber":120,"author":{"gitId":"yuanners"},"content":"\t}","lastModifiedDate":"2023-01-29"},{"lineNumber":121,"author":{"gitId":"yuanners"},"content":"","lastModifiedDate":"2023-01-29"},{"lineNumber":122,"author":{"gitId":"yuanners"},"content":"\tpublic static void printLine () {","lastModifiedDate":"2023-01-29"},{"lineNumber":123,"author":{"gitId":"yuanners"},"content":"\t\tSystem.out.println (\"____________________________________________________________\");","lastModifiedDate":"2023-01-14"},{"lineNumber":124,"author":{"gitId":"-"},"content":"\t}","lastModifiedDate":"2019-07-29"},{"lineNumber":125,"author":{"gitId":"yuanners"},"content":"","lastModifiedDate":"2023-01-29"},{"lineNumber":126,"author":{"gitId":"-"},"content":"}","lastModifiedDate":"2019-07-29"},{"lineNumber":127,"author":{"gitId":"yuanners"},"content":"","lastModifiedDate":"2023-01-14"},{"lineNumber":128,"author":{"gitId":"yuanners"},"content":"","lastModifiedDate":"2023-01-14"}],"authorContributionMap":{"-":4,"yuanners":124}},{"path":"src/main/java/DukeException.java","fileType":"java","lines":[{"lineNumber":1,"author":{"gitId":"yuanners"},"content":"public class DukeException extends Exception {","lastModifiedDate":"2023-02-03"},{"lineNumber":2,"author":{"gitId":"yuanners"},"content":"\tpublic DukeException (String message) {","lastModifiedDate":"2023-02-03"},{"lineNumber":3,"author":{"gitId":"yuanners"},"content":"\t\tsuper (message);","lastModifiedDate":"2023-02-03"},{"lineNumber":4,"author":{"gitId":"yuanners"},"content":"\t}","lastModifiedDate":"2023-02-03"},{"lineNumber":5,"author":{"gitId":"yuanners"},"content":"}","lastModifiedDate":"2023-02-03"}],"authorContributionMap":{"yuanners":5}},{"path":"src/main/java/Event.java","fileType":"java","lines":[{"lineNumber":1,"author":{"gitId":"yuanners"},"content":"public class Event extends Task {","lastModifiedDate":"2023-01-29"},{"lineNumber":2,"author":{"gitId":"yuanners"},"content":"\tString startDate;","lastModifiedDate":"2023-01-29"},{"lineNumber":3,"author":{"gitId":"yuanners"},"content":"\tString endDate;","lastModifiedDate":"2023-01-29"},{"lineNumber":4,"author":{"gitId":"yuanners"},"content":"","lastModifiedDate":"2023-01-29"},{"lineNumber":5,"author":{"gitId":"yuanners"},"content":"\tpublic Event (String description, String startDate, String EndDate) {","lastModifiedDate":"2023-01-29"},{"lineNumber":6,"author":{"gitId":"yuanners"},"content":"\t\tsuper (description);","lastModifiedDate":"2023-01-29"},{"lineNumber":7,"author":{"gitId":"yuanners"},"content":"\t\tthis.startDate \u003d startDate;","lastModifiedDate":"2023-01-29"},{"lineNumber":8,"author":{"gitId":"yuanners"},"content":"\t\tthis.endDate \u003d startDate;","lastModifiedDate":"2023-01-29"},{"lineNumber":9,"author":{"gitId":"yuanners"},"content":"\t\tthis.type \u003d \"[E]\";","lastModifiedDate":"2023-01-29"},{"lineNumber":10,"author":{"gitId":"yuanners"},"content":"\t}","lastModifiedDate":"2023-01-29"},{"lineNumber":11,"author":{"gitId":"yuanners"},"content":"","lastModifiedDate":"2023-01-29"},{"lineNumber":12,"author":{"gitId":"yuanners"},"content":"\t@Override","lastModifiedDate":"2023-01-29"},{"lineNumber":13,"author":{"gitId":"yuanners"},"content":"\tpublic String toString () {","lastModifiedDate":"2023-01-29"},{"lineNumber":14,"author":{"gitId":"yuanners"},"content":"\t\treturn super.toString () + \"(from:\" + startDate + \"to:\" + endDate + \")\";","lastModifiedDate":"2023-01-29"},{"lineNumber":15,"author":{"gitId":"yuanners"},"content":"\t}","lastModifiedDate":"2023-01-29"},{"lineNumber":16,"author":{"gitId":"yuanners"},"content":"}","lastModifiedDate":"2023-01-29"}],"authorContributionMap":{"yuanners":16}},{"path":"src/main/java/Task.java","fileType":"java","lines":[{"lineNumber":1,"author":{"gitId":"yuanners"},"content":"public class Task {","lastModifiedDate":"2023-01-14"},{"lineNumber":2,"author":{"gitId":"yuanners"},"content":"\tprotected String description;","lastModifiedDate":"2023-01-14"},{"lineNumber":3,"author":{"gitId":"yuanners"},"content":"\tprotected String type;","lastModifiedDate":"2023-01-29"},{"lineNumber":4,"author":{"gitId":"yuanners"},"content":"\tprotected boolean isDone;","lastModifiedDate":"2023-01-14"},{"lineNumber":5,"author":{"gitId":"yuanners"},"content":"","lastModifiedDate":"2023-01-14"},{"lineNumber":6,"author":{"gitId":"yuanners"},"content":"\tpublic Task (String description) {","lastModifiedDate":"2023-01-14"},{"lineNumber":7,"author":{"gitId":"yuanners"},"content":"\t\tthis.description \u003d description;","lastModifiedDate":"2023-01-14"},{"lineNumber":8,"author":{"gitId":"yuanners"},"content":"\t\tthis.isDone \u003d false;","lastModifiedDate":"2023-01-14"},{"lineNumber":9,"author":{"gitId":"yuanners"},"content":"\t\tthis.type \u003d \"[T]\";","lastModifiedDate":"2023-01-29"},{"lineNumber":10,"author":{"gitId":"yuanners"},"content":"\t}","lastModifiedDate":"2023-01-14"},{"lineNumber":11,"author":{"gitId":"yuanners"},"content":"","lastModifiedDate":"2023-01-14"},{"lineNumber":12,"author":{"gitId":"yuanners"},"content":"\tpublic String getType () {","lastModifiedDate":"2023-01-29"},{"lineNumber":13,"author":{"gitId":"yuanners"},"content":"\t\treturn type;","lastModifiedDate":"2023-01-29"},{"lineNumber":14,"author":{"gitId":"yuanners"},"content":"\t}","lastModifiedDate":"2023-01-29"},{"lineNumber":15,"author":{"gitId":"yuanners"},"content":"","lastModifiedDate":"2023-01-29"},{"lineNumber":16,"author":{"gitId":"yuanners"},"content":"\t@Override","lastModifiedDate":"2023-01-29"},{"lineNumber":17,"author":{"gitId":"yuanners"},"content":"\tpublic String toString () {","lastModifiedDate":"2023-01-29"},{"lineNumber":18,"author":{"gitId":"yuanners"},"content":"\t\treturn \"[\" + getStatusIcon () + \"] \" + description;","lastModifiedDate":"2023-01-29"},{"lineNumber":19,"author":{"gitId":"yuanners"},"content":"\t}","lastModifiedDate":"2023-01-29"},{"lineNumber":20,"author":{"gitId":"yuanners"},"content":"","lastModifiedDate":"2023-01-29"},{"lineNumber":21,"author":{"gitId":"yuanners"},"content":"","lastModifiedDate":"2023-01-29"},{"lineNumber":22,"author":{"gitId":"yuanners"},"content":"\tpublic String getStatusIcon () {","lastModifiedDate":"2023-01-14"},{"lineNumber":23,"author":{"gitId":"yuanners"},"content":"\t\treturn (isDone ? \"X\" : \" \");","lastModifiedDate":"2023-01-29"},{"lineNumber":24,"author":{"gitId":"yuanners"},"content":"\t}","lastModifiedDate":"2023-01-14"},{"lineNumber":25,"author":{"gitId":"yuanners"},"content":"","lastModifiedDate":"2023-01-14"},{"lineNumber":26,"author":{"gitId":"yuanners"},"content":"}","lastModifiedDate":"2023-01-14"}],"authorContributionMap":{"yuanners":26}},{"path":"text-ui-test/input.txt","fileType":"txt","lines":[{"lineNumber":1,"author":{"gitId":"yuanners"},"content":"todo","lastModifiedDate":"2023-02-12"},{"lineNumber":2,"author":{"gitId":"yuanners"},"content":"todo homework","lastModifiedDate":"2023-02-12"},{"lineNumber":3,"author":{"gitId":"yuanners"},"content":"bye","lastModifiedDate":"2023-02-12"}],"authorContributionMap":{"yuanners":3}}]
