{"authorDailyContributionsMap":{"yuanners":[{"date":"2023-01-14","commitResults":[{"hash":"9d3b537670fa2c1af67264572b8eb37f66e58dbf","messageTitle":"Level-0: Greet","messageBody":"","tags":["Level0"],"fileTypesAndContributionMap":{"java":{"insertions":6,"deletions":0}}},{"hash":"af1551aeddac5ebc0d351f7d6b78ed4e3ff621ef","messageTitle":"Level 1: Greet, Echo, Exit","messageBody":"","tags":["Level1"],"fileTypesAndContributionMap":{"java":{"insertions":12,"deletions":0}}},{"hash":"26fd291acec2572c1f414d002fe38976e984e7eb","messageTitle":"Level 2:  Add, List","messageBody":"","tags":["Level2"],"fileTypesAndContributionMap":{"java":{"insertions":16,"deletions":3}}},{"hash":"6f78cb197e1df4a939e024127a007a8e21e9c040","messageTitle":"Level 3: Mark as Done (New Task file)","messageBody":"","tags":["Level3"],"fileTypesAndContributionMap":{"java":{"insertions":41,"deletions":8}}}]},{"date":"2023-01-26","commitResults":[{"hash":"d2f32c6032bc423ede6828288ddfc53f840f0df6","messageTitle":"Update code according to coding standards","messageBody":"","tags":["A-CodingStandard"],"fileTypesAndContributionMap":{"java":{"insertions":54,"deletions":53}}}]},{"date":"2023-01-29","commitResults":[{"hash":"b5e596e61ef1fe94543b47a0e76bbe08a82a5d4d","messageTitle":"Add Level-4: ToDo, Event, Deadline","messageBody":"","tags":["Level4"],"fileTypesAndContributionMap":{"java":{"insertions":121,"deletions":36}}}]},{"date":"2023-01-31","commitResults":[{"hash":"86daa30c1d200171010bbe7c7772f771e48d4869","messageTitle":"Add A-CodeQuality","messageBody":"","tags":["A-CodeQuality"],"fileTypesAndContributionMap":{"java":{"insertions":8,"deletions":1}}}]},{"date":"2023-02-03","commitResults":[{"hash":"fa97aaee61978ab449c89ead4f8dbc32da65bb34","messageTitle":"Add Level 5: Handle errors","messageBody":"","tags":["Level-5"],"fileTypesAndContributionMap":{"java":{"insertions":38,"deletions":17}}}]},{"date":"2023-02-12","commitResults":[{"hash":"dd292a179ec752028c21182c6278869f89325502","messageTitle":"Add A-TextUiTesting","messageBody":"","tags":["A-TextUiTesting"],"fileTypesAndContributionMap":{"txt":{"insertions":3,"deletions":0},"java":{"insertions":8,"deletions":7}}},{"hash":"af555d921870c1d4020d65fdb4c94dc094483901","messageTitle":"Add A-Exceptions","messageBody":"","tags":["A-Exceptions"],"fileTypesAndContributionMap":{"java":{"insertions":3,"deletions":3}}}]},{"date":"2023-02-13","commitResults":[{"hash":"0c586fd60b9648ffbc73ce7546e21f95b8ff11ab","messageTitle":"Add new test input","messageBody":"","fileTypesAndContributionMap":{"txt":{"insertions":1,"deletions":1},"java":{"insertions":3,"deletions":3}}},{"hash":"09219926d40113143c5de1c8d92b16bcd1ba7db7","messageTitle":"Add A-Packages","messageBody":"","fileTypesAndContributionMap":{"java":{"insertions":1,"deletions":0}}},{"hash":"086d113a9555f4140e36993a3f51091a85b56661","messageTitle":"Add A-Packages","messageBody":"","tags":["A-Packages"],"fileTypesAndContributionMap":{"java":{"insertions":34,"deletions":6},"sh":{"insertions":2,"deletions":2}}}]}]},"authorFileTypeContributionMap":{"yuanners":{"java":214,"md":0,"fxml":0,"sh":2,"bat":0,"gradle":0,"txt":3}},"authorContributionVariance":{"yuanners":1326.6001},"authorDisplayNameMap":{"yuanners":"CS2113T-T09-2 ONG ..YUAN"}}
