[{"path":"src/main/java/Duke.java","fileType":"java","lines":[{"lineNumber":1,"author":{"gitId":"pyongjie"},"content":"import java.util.Scanner;","lastModifiedDate":"2023-01-24"},{"lineNumber":2,"author":{"gitId":"pyongjie"},"content":"","lastModifiedDate":"2023-01-24"},{"lineNumber":3,"author":{"gitId":"-"},"content":"public class Duke {","lastModifiedDate":"2019-07-29"},{"lineNumber":4,"author":{"gitId":"pyongjie"},"content":"    private static final int MAX_ITEMS \u003d 100;","lastModifiedDate":"2023-01-31"},{"lineNumber":5,"author":{"gitId":"pyongjie"},"content":"    private static final String TOP_DIVIDER \u003d \"════════════════════════════════════════════════════════════\\n\";","lastModifiedDate":"2023-01-31"},{"lineNumber":6,"author":{"gitId":"pyongjie"},"content":"    public static final String BOTTOM_DIVIDER \u003d \"\\n════════════════════════════════════════════════════════════\\n\\n\";","lastModifiedDate":"2023-01-31"},{"lineNumber":7,"author":{"gitId":"pyongjie"},"content":"    public static final String ADD_TASK_ITEM_DESC \u003d \" added: \";","lastModifiedDate":"2023-01-31"},{"lineNumber":8,"author":{"gitId":"pyongjie"},"content":"    public static final String LIST_TASK_ITEM_DESC \u003d \" Here are the tasks in your list:\\n\";","lastModifiedDate":"2023-01-31"},{"lineNumber":9,"author":{"gitId":"pyongjie"},"content":"    public static final String COMMAND_MARK_TASK \u003d \"mark\";","lastModifiedDate":"2023-01-31"},{"lineNumber":10,"author":{"gitId":"pyongjie"},"content":"    public static final String COMMAND_UNMARK_TASK \u003d \"unmark\";","lastModifiedDate":"2023-01-31"},{"lineNumber":11,"author":{"gitId":"pyongjie"},"content":"    public static final String MARK_TASK_DESC \u003d \" Good Job! I\u0027ve marked this task as completed:\\n\";","lastModifiedDate":"2023-01-31"},{"lineNumber":12,"author":{"gitId":"pyongjie"},"content":"    public static final String UNMARK_TASK_DESC \u003d \" Noted, I have marked this task as incomplete:\\n\";","lastModifiedDate":"2023-01-31"},{"lineNumber":13,"author":{"gitId":"pyongjie"},"content":"    public static final String OPEN_BRACKET \u003d \" [\";","lastModifiedDate":"2023-01-31"},{"lineNumber":14,"author":{"gitId":"pyongjie"},"content":"    public static final String CLOSE_BRACKET \u003d \"] \";","lastModifiedDate":"2023-01-31"},{"lineNumber":15,"author":{"gitId":"pyongjie"},"content":"    public static final String WHITESPACE \u003d \" \";","lastModifiedDate":"2023-01-31"},{"lineNumber":16,"author":{"gitId":"pyongjie"},"content":"    public static final String DOT \u003d \".\";","lastModifiedDate":"2023-01-31"},{"lineNumber":17,"author":{"gitId":"pyongjie"},"content":"    public static final String LIST_TASK_ITEM_BOTTOM_DIVIDER","lastModifiedDate":"2023-01-31"},{"lineNumber":18,"author":{"gitId":"pyongjie"},"content":"            \u003d \"════════════════════════════════════════════════════════════\\n\\n\";","lastModifiedDate":"2023-01-31"},{"lineNumber":19,"author":{"gitId":"pyongjie"},"content":"    public static final String WELCOME_MESSAGE \u003d \" Hello! I\u0027m Chatty\\n How can I help you?\";","lastModifiedDate":"2023-01-31"},{"lineNumber":20,"author":{"gitId":"pyongjie"},"content":"    public static final String COMMAND_LIST_TASK_ITEM \u003d \"list\";","lastModifiedDate":"2023-01-31"},{"lineNumber":21,"author":{"gitId":"pyongjie"},"content":"    public static final String COMMAND_EXIT \u003d \"bye\";","lastModifiedDate":"2023-01-31"},{"lineNumber":22,"author":{"gitId":"pyongjie"},"content":"    public static final String EXIT_DESC \u003d \" Goodbye. Hope to see you again soon!\\n\";","lastModifiedDate":"2023-01-31"},{"lineNumber":23,"author":{"gitId":"pyongjie"},"content":"","lastModifiedDate":"2023-01-31"},{"lineNumber":24,"author":{"gitId":"pyongjie"},"content":"    private static Task[] taskItems \u003d new Task[MAX_ITEMS];","lastModifiedDate":"2023-01-31"},{"lineNumber":25,"author":{"gitId":"pyongjie"},"content":"    private static int taskItemCount \u003d 0;","lastModifiedDate":"2023-01-24"},{"lineNumber":26,"author":{"gitId":"pyongjie"},"content":"","lastModifiedDate":"2023-01-24"},{"lineNumber":27,"author":{"gitId":"pyongjie"},"content":"    public static void addTaskItems(String taskName) {","lastModifiedDate":"2023-01-31"},{"lineNumber":28,"author":{"gitId":"pyongjie"},"content":"        taskItems[taskItemCount] \u003d new Task(taskName);","lastModifiedDate":"2023-01-31"},{"lineNumber":29,"author":{"gitId":"pyongjie"},"content":"        taskItemCount++;","lastModifiedDate":"2023-01-24"},{"lineNumber":30,"author":{"gitId":"pyongjie"},"content":"        String printAddItem \u003d TOP_DIVIDER + ADD_TASK_ITEM_DESC + taskName + BOTTOM_DIVIDER;","lastModifiedDate":"2023-01-31"},{"lineNumber":31,"author":{"gitId":"pyongjie"},"content":"        System.out.print(printAddItem);","lastModifiedDate":"2023-01-24"},{"lineNumber":32,"author":{"gitId":"pyongjie"},"content":"    }","lastModifiedDate":"2023-01-24"},{"lineNumber":33,"author":{"gitId":"pyongjie"},"content":"","lastModifiedDate":"2023-01-24"},{"lineNumber":34,"author":{"gitId":"pyongjie"},"content":"    public static void markTaskItems(int taskItemNo, String command) {","lastModifiedDate":"2023-01-31"},{"lineNumber":35,"author":{"gitId":"pyongjie"},"content":"        if (command.startsWith(COMMAND_MARK_TASK)) {","lastModifiedDate":"2023-01-31"},{"lineNumber":36,"author":{"gitId":"pyongjie"},"content":"            taskItems[taskItemNo].setCompleted();","lastModifiedDate":"2023-01-24"},{"lineNumber":37,"author":{"gitId":"pyongjie"},"content":"            String printTaskCompleted \u003d TOP_DIVIDER + MARK_TASK_DESC + OPEN_BRACKET","lastModifiedDate":"2023-01-31"},{"lineNumber":38,"author":{"gitId":"pyongjie"},"content":"                    + taskItems[taskItemNo].getTaskStatus() + CLOSE_BRACKET","lastModifiedDate":"2023-01-31"},{"lineNumber":39,"author":{"gitId":"pyongjie"},"content":"                    + taskItems[taskItemNo].getTaskName() + BOTTOM_DIVIDER;","lastModifiedDate":"2023-01-31"},{"lineNumber":40,"author":{"gitId":"pyongjie"},"content":"            System.out.print(printTaskCompleted);","lastModifiedDate":"2023-01-24"},{"lineNumber":41,"author":{"gitId":"pyongjie"},"content":"        } else {","lastModifiedDate":"2023-01-24"},{"lineNumber":42,"author":{"gitId":"pyongjie"},"content":"            taskItems[taskItemNo].setIncomplete();","lastModifiedDate":"2023-01-31"},{"lineNumber":43,"author":{"gitId":"pyongjie"},"content":"            String printTaskIncomplete \u003d TOP_DIVIDER + UNMARK_TASK_DESC + OPEN_BRACKET","lastModifiedDate":"2023-01-31"},{"lineNumber":44,"author":{"gitId":"pyongjie"},"content":"                    + taskItems[taskItemNo].getTaskStatus() + CLOSE_BRACKET","lastModifiedDate":"2023-01-31"},{"lineNumber":45,"author":{"gitId":"pyongjie"},"content":"                    + taskItems[taskItemNo].getTaskName() + BOTTOM_DIVIDER;","lastModifiedDate":"2023-01-31"},{"lineNumber":46,"author":{"gitId":"pyongjie"},"content":"            System.out.print(printTaskIncomplete);","lastModifiedDate":"2023-01-24"},{"lineNumber":47,"author":{"gitId":"pyongjie"},"content":"        }","lastModifiedDate":"2023-01-24"},{"lineNumber":48,"author":{"gitId":"pyongjie"},"content":"    }","lastModifiedDate":"2023-01-24"},{"lineNumber":49,"author":{"gitId":"pyongjie"},"content":"","lastModifiedDate":"2023-01-24"},{"lineNumber":50,"author":{"gitId":"pyongjie"},"content":"    public static void listTaskItems() {","lastModifiedDate":"2023-01-31"},{"lineNumber":51,"author":{"gitId":"pyongjie"},"content":"        System.out.print(TOP_DIVIDER + LIST_TASK_ITEM_DESC);","lastModifiedDate":"2023-01-31"},{"lineNumber":52,"author":{"gitId":"pyongjie"},"content":"","lastModifiedDate":"2023-01-24"},{"lineNumber":53,"author":{"gitId":"pyongjie"},"content":"        for (int itemNo \u003d 0; itemNo \u003c taskItemCount; itemNo++) {","lastModifiedDate":"2023-01-31"},{"lineNumber":54,"author":{"gitId":"pyongjie"},"content":"            String printItem \u003d WHITESPACE + (itemNo + 1) + DOT + OPEN_BRACKET","lastModifiedDate":"2023-01-31"},{"lineNumber":55,"author":{"gitId":"pyongjie"},"content":"                    + taskItems[itemNo].getTaskStatus() + CLOSE_BRACKET","lastModifiedDate":"2023-01-31"},{"lineNumber":56,"author":{"gitId":"pyongjie"},"content":"                    + taskItems[itemNo].getTaskName() + System.lineSeparator();","lastModifiedDate":"2023-01-31"},{"lineNumber":57,"author":{"gitId":"pyongjie"},"content":"            System.out.print(printItem);","lastModifiedDate":"2023-01-24"},{"lineNumber":58,"author":{"gitId":"pyongjie"},"content":"        }","lastModifiedDate":"2023-01-24"},{"lineNumber":59,"author":{"gitId":"pyongjie"},"content":"","lastModifiedDate":"2023-01-24"},{"lineNumber":60,"author":{"gitId":"pyongjie"},"content":"        System.out.print(LIST_TASK_ITEM_BOTTOM_DIVIDER);","lastModifiedDate":"2023-01-31"},{"lineNumber":61,"author":{"gitId":"pyongjie"},"content":"    }","lastModifiedDate":"2023-01-24"},{"lineNumber":62,"author":{"gitId":"pyongjie"},"content":"","lastModifiedDate":"2023-01-24"},{"lineNumber":63,"author":{"gitId":"pyongjie"},"content":"    public static void printWelcomeMessage() {","lastModifiedDate":"2023-01-31"},{"lineNumber":64,"author":{"gitId":"pyongjie"},"content":"        String greet \u003d TOP_DIVIDER + WELCOME_MESSAGE + BOTTOM_DIVIDER;","lastModifiedDate":"2023-01-31"},{"lineNumber":65,"author":{"gitId":"pyongjie"},"content":"        System.out.print(greet);","lastModifiedDate":"2023-01-19"},{"lineNumber":66,"author":{"gitId":"pyongjie"},"content":"    }","lastModifiedDate":"2023-01-31"},{"lineNumber":67,"author":{"gitId":"pyongjie"},"content":"","lastModifiedDate":"2023-01-24"},{"lineNumber":68,"author":{"gitId":"pyongjie"},"content":"    public static String getInput() {","lastModifiedDate":"2023-01-31"},{"lineNumber":69,"author":{"gitId":"pyongjie"},"content":"        String line;","lastModifiedDate":"2023-01-24"},{"lineNumber":70,"author":{"gitId":"pyongjie"},"content":"        Scanner in \u003d new Scanner(System.in);","lastModifiedDate":"2023-01-24"},{"lineNumber":71,"author":{"gitId":"pyongjie"},"content":"        line \u003d in.nextLine();","lastModifiedDate":"2023-01-24"},{"lineNumber":72,"author":{"gitId":"pyongjie"},"content":"        return line;","lastModifiedDate":"2023-01-31"},{"lineNumber":73,"author":{"gitId":"pyongjie"},"content":"    }","lastModifiedDate":"2023-01-31"},{"lineNumber":74,"author":{"gitId":"pyongjie"},"content":"","lastModifiedDate":"2023-01-24"},{"lineNumber":75,"author":{"gitId":"pyongjie"},"content":"    public static boolean processInput(String input) {","lastModifiedDate":"2023-01-31"},{"lineNumber":76,"author":{"gitId":"pyongjie"},"content":"        if (input.equals(COMMAND_LIST_TASK_ITEM)) {","lastModifiedDate":"2023-01-31"},{"lineNumber":77,"author":{"gitId":"pyongjie"},"content":"            listTaskItems();","lastModifiedDate":"2023-01-31"},{"lineNumber":78,"author":{"gitId":"pyongjie"},"content":"        } else if (input.startsWith(COMMAND_MARK_TASK) || input.startsWith(COMMAND_UNMARK_TASK)) {","lastModifiedDate":"2023-01-31"},{"lineNumber":79,"author":{"gitId":"pyongjie"},"content":"            int taskItemNo \u003d Integer.parseInt(input.substring(input.length() - 1)) - 1;","lastModifiedDate":"2023-01-31"},{"lineNumber":80,"author":{"gitId":"pyongjie"},"content":"            markTaskItems(taskItemNo, input);","lastModifiedDate":"2023-01-31"},{"lineNumber":81,"author":{"gitId":"pyongjie"},"content":"        } else if (input.equals(COMMAND_EXIT)) {","lastModifiedDate":"2023-01-31"},{"lineNumber":82,"author":{"gitId":"pyongjie"},"content":"            String printExit \u003d TOP_DIVIDER + EXIT_DESC + TOP_DIVIDER;","lastModifiedDate":"2023-01-31"},{"lineNumber":83,"author":{"gitId":"pyongjie"},"content":"            System.out.print(printExit);","lastModifiedDate":"2023-01-24"},{"lineNumber":84,"author":{"gitId":"pyongjie"},"content":"            return true;","lastModifiedDate":"2023-01-31"},{"lineNumber":85,"author":{"gitId":"pyongjie"},"content":"        } else {","lastModifiedDate":"2023-01-24"},{"lineNumber":86,"author":{"gitId":"pyongjie"},"content":"            addTaskItems(input);","lastModifiedDate":"2023-01-31"},{"lineNumber":87,"author":{"gitId":"pyongjie"},"content":"        }","lastModifiedDate":"2023-01-31"},{"lineNumber":88,"author":{"gitId":"pyongjie"},"content":"        return false;","lastModifiedDate":"2023-01-31"},{"lineNumber":89,"author":{"gitId":"pyongjie"},"content":"    }","lastModifiedDate":"2023-01-31"},{"lineNumber":90,"author":{"gitId":"pyongjie"},"content":"","lastModifiedDate":"2023-01-31"},{"lineNumber":91,"author":{"gitId":"-"},"content":"    public static void main(String[] args) {","lastModifiedDate":"2023-01-31"},{"lineNumber":92,"author":{"gitId":"pyongjie"},"content":"        printWelcomeMessage();","lastModifiedDate":"2023-01-31"},{"lineNumber":93,"author":{"gitId":"pyongjie"},"content":"","lastModifiedDate":"2023-01-31"},{"lineNumber":94,"author":{"gitId":"pyongjie"},"content":"        while (true) {","lastModifiedDate":"2023-01-31"},{"lineNumber":95,"author":{"gitId":"pyongjie"},"content":"            String input \u003d getInput();","lastModifiedDate":"2023-01-31"},{"lineNumber":96,"author":{"gitId":"pyongjie"},"content":"","lastModifiedDate":"2023-01-31"},{"lineNumber":97,"author":{"gitId":"pyongjie"},"content":"            if (processInput(input)) {","lastModifiedDate":"2023-01-31"},{"lineNumber":98,"author":{"gitId":"pyongjie"},"content":"                break;","lastModifiedDate":"2023-01-31"},{"lineNumber":99,"author":{"gitId":"pyongjie"},"content":"            }","lastModifiedDate":"2023-01-24"},{"lineNumber":100,"author":{"gitId":"pyongjie"},"content":"        }","lastModifiedDate":"2023-01-24"},{"lineNumber":101,"author":{"gitId":"-"},"content":"    }","lastModifiedDate":"2019-07-29"},{"lineNumber":102,"author":{"gitId":"-"},"content":"}","lastModifiedDate":"2019-07-29"}],"authorContributionMap":{"pyongjie":98,"-":4}},{"path":"src/main/java/Task.java","fileType":"java","lines":[{"lineNumber":1,"author":{"gitId":"pyongjie"},"content":"public class Task {","lastModifiedDate":"2023-01-24"},{"lineNumber":2,"author":{"gitId":"pyongjie"},"content":"    protected String taskName;","lastModifiedDate":"2023-01-24"},{"lineNumber":3,"author":{"gitId":"pyongjie"},"content":"    protected boolean isCompleted;","lastModifiedDate":"2023-01-24"},{"lineNumber":4,"author":{"gitId":"pyongjie"},"content":"","lastModifiedDate":"2023-01-24"},{"lineNumber":5,"author":{"gitId":"pyongjie"},"content":"    public Task(String taskName) {","lastModifiedDate":"2023-01-24"},{"lineNumber":6,"author":{"gitId":"pyongjie"},"content":"        this.taskName \u003d taskName;","lastModifiedDate":"2023-01-24"},{"lineNumber":7,"author":{"gitId":"pyongjie"},"content":"        this.isCompleted \u003d false;","lastModifiedDate":"2023-01-24"},{"lineNumber":8,"author":{"gitId":"pyongjie"},"content":"    }","lastModifiedDate":"2023-01-24"},{"lineNumber":9,"author":{"gitId":"pyongjie"},"content":"","lastModifiedDate":"2023-01-24"},{"lineNumber":10,"author":{"gitId":"pyongjie"},"content":"    public String getTaskName() {","lastModifiedDate":"2023-01-24"},{"lineNumber":11,"author":{"gitId":"pyongjie"},"content":"        return taskName;","lastModifiedDate":"2023-01-24"},{"lineNumber":12,"author":{"gitId":"pyongjie"},"content":"    }","lastModifiedDate":"2023-01-24"},{"lineNumber":13,"author":{"gitId":"pyongjie"},"content":"","lastModifiedDate":"2023-01-24"},{"lineNumber":14,"author":{"gitId":"pyongjie"},"content":"    public String getTaskStatus() {","lastModifiedDate":"2023-01-24"},{"lineNumber":15,"author":{"gitId":"pyongjie"},"content":"        if (isCompleted) {","lastModifiedDate":"2023-01-24"},{"lineNumber":16,"author":{"gitId":"pyongjie"},"content":"            return \"✓\";","lastModifiedDate":"2023-01-24"},{"lineNumber":17,"author":{"gitId":"pyongjie"},"content":"        }","lastModifiedDate":"2023-01-24"},{"lineNumber":18,"author":{"gitId":"pyongjie"},"content":"        return \" \";","lastModifiedDate":"2023-01-24"},{"lineNumber":19,"author":{"gitId":"pyongjie"},"content":"    }","lastModifiedDate":"2023-01-24"},{"lineNumber":20,"author":{"gitId":"pyongjie"},"content":"","lastModifiedDate":"2023-01-24"},{"lineNumber":21,"author":{"gitId":"pyongjie"},"content":"    public void setCompleted() {","lastModifiedDate":"2023-01-24"},{"lineNumber":22,"author":{"gitId":"pyongjie"},"content":"        isCompleted \u003d true;","lastModifiedDate":"2023-01-24"},{"lineNumber":23,"author":{"gitId":"pyongjie"},"content":"    }","lastModifiedDate":"2023-01-24"},{"lineNumber":24,"author":{"gitId":"pyongjie"},"content":"","lastModifiedDate":"2023-01-24"},{"lineNumber":25,"author":{"gitId":"pyongjie"},"content":"    public void setIncomplete() {","lastModifiedDate":"2023-01-24"},{"lineNumber":26,"author":{"gitId":"pyongjie"},"content":"        isCompleted \u003d false;","lastModifiedDate":"2023-01-24"},{"lineNumber":27,"author":{"gitId":"pyongjie"},"content":"    }","lastModifiedDate":"2023-01-24"},{"lineNumber":28,"author":{"gitId":"pyongjie"},"content":"}","lastModifiedDate":"2023-01-24"}],"authorContributionMap":{"pyongjie":28}}]
