{"authorDailyContributionsMap":{"ngyongjian":[{"date":"2023-01-27","commitResults":[{"hash":"fff13bd5b7c985c6249935ecc044ab964e615e9c","messageTitle":"Level 1. Greet, Echo, Exit","messageBody":"","fileTypesAndContributionMap":{"java":{"insertions":12,"deletions":0}}},{"hash":"900b481f40306dfb6a6cca93c10fa80d7b8813e9","messageTitle":"Level 2. Add, List","messageBody":"","fileTypesAndContributionMap":{"java":{"insertions":13,"deletions":2}}},{"hash":"6b160da8b8af04f394366d12bfe26a0559f9794f","messageTitle":"Level 2","messageBody":"","tags":["Level-2"],"fileTypesAndContributionMap":{"java":{"insertions":3,"deletions":3}}}]},{"date":"2023-01-29","commitResults":[{"hash":"ef4b3fb580a9045d29f7dc100f702580fef68a56","messageTitle":"Level 3. Mark as Done","messageBody":"","tags":["Level-3"],"fileTypesAndContributionMap":{"java":{"insertions":50,"deletions":9}}}]},{"date":"2023-02-02","commitResults":[{"hash":"443d336566b1766b5bb54e30b4312d0fc68bea7e","messageTitle":"Level 4. ToDos, Events, Deadlines","messageBody":"","tags":["Level-4"],"fileTypesAndContributionMap":{"java":{"insertions":98,"deletions":9}}},{"hash":"49f3394f968c04cedf0e6031bec86f8cedb4683a","messageTitle":"A-CodingStandard","messageBody":"","tags":["A-CodingStandard"],"fileTypesAndContributionMap":{"java":{"insertions":2,"deletions":2}}},{"hash":"03e770e9bda521fd2748713fb1bdf608e2fded2b","messageTitle":"A-CodeQuality","messageBody":"","tags":["A-CodeQuality"],"fileTypesAndContributionMap":{"java":{"insertions":56,"deletions":57}}}]},{"date":"2023-02-08","commitResults":[{"hash":"c010346b7c2608e5fbfbb865095db7d166401a1c","messageTitle":"A-Exception","messageBody":"","tags":["A-Exceptions"],"fileTypesAndContributionMap":{"java":{"insertions":5,"deletions":0}}},{"hash":"caa5969043e5d38f6aaf233975b89b1026218639","messageTitle":"Level 5. Handle Errors","messageBody":"","tags":["Level-5"],"fileTypesAndContributionMap":{"java":{"insertions":10,"deletions":9}}},{"hash":"06d3da3a74a7798e5967711c77c47219a2480f78","messageTitle":"Organize into packages","messageBody":"","tags":["A-Packages"],"fileTypesAndContributionMap":{"java":{"insertions":17,"deletions":1}}}]},{"date":"2023-02-15","commitResults":[{"hash":"161d9d3161afbaf3f4df07e77551e6477dbb66b6","messageTitle":"Level 6","messageBody":"","tags":["Level-6"],"fileTypesAndContributionMap":{"java":{"insertions":53,"deletions":41}}},{"hash":"16726496168d0ce3f83fe1375b1be945c7794dd8","messageTitle":"A-Collections","messageBody":"","tags":["A-Collections"],"fileTypesAndContributionMap":{"java":{"insertions":1,"deletions":1}}}]},{"date":"2023-02-19","commitResults":[{"hash":"89262489692a223ca98a39169a1ee4d4e1f01dd6","messageTitle":"Level-7","messageBody":"","fileTypesAndContributionMap":{"java":{"insertions":142,"deletions":6}}},{"hash":"2657473b2fcd086883eb458ff3d362ba725215c7","messageTitle":"undo Level-7","messageBody":"","fileTypesAndContributionMap":{"java":{"insertions":1,"deletions":66}}},{"hash":"a31c6c2173ebed83e119f7322871d4d4eb2a867f","messageTitle":"branch-Level-7","messageBody":"","fileTypesAndContributionMap":{"java":{"insertions":66,"deletions":1}}},{"hash":"9f407e0fa0612d3a34f0167bc7b6ab5e01d5e994","messageTitle":"Level-7","messageBody":"","tags":["Level-7","A-Jar"],"fileTypesAndContributionMap":{"java":{"insertions":1,"deletions":1}}}]},{"date":"2023-03-03","commitResults":[{"hash":"cd97e4c431fdeb90f1cb74390e98eda9ad5ae6e4","messageTitle":"NumberOfTask debug","messageBody":"","fileTypesAndContributionMap":{"java":{"insertions":12,"deletions":8}}},{"hash":"a17811341b219ce78feb0e04b09d7790e164b094","messageTitle":"A-MoreOOP","messageBody":"","tags":["A-MoreOOP"],"fileTypesAndContributionMap":{"java":{"insertions":287,"deletions":72}}},{"hash":"2c054d451ece764ec9736d36300c5c0fa07ce088","messageTitle":"Level-9","messageBody":"","fileTypesAndContributionMap":{"java":{"insertions":42,"deletions":0}}},{"hash":"10af1c0bcdbaf7e639d02da282492af53ff70126","messageTitle":"add JavaDoc","messageBody":"","fileTypesAndContributionMap":{"java":{"insertions":330,"deletions":17}}}]},{"date":"2023-03-04","commitResults":[{"hash":"f2ad4656e8612770b17c0c1c7268ea0303410985","messageTitle":"Update README.md","messageBody":"","fileTypesAndContributionMap":{"md":{"insertions":25,"deletions":18}}},{"hash":"ddc4626102b123d9d1e26183f65930ee9b076bef","messageTitle":"Update README.md","messageBody":"","fileTypesAndContributionMap":{"md":{"insertions":3,"deletions":3}}},{"hash":"30670cef26d04154637ad444555184480a9665f6","messageTitle":"Update README.md","messageBody":"","fileTypesAndContributionMap":{"md":{"insertions":46,"deletions":0}}},{"hash":"478a610db111fd3364a4d214bc9c8e22c277fb9f","messageTitle":"Update README.md","messageBody":"","fileTypesAndContributionMap":{"md":{"insertions":28,"deletions":26}}},{"hash":"d35fc8f5d9bc843daa2ff13a6e981fbb4643f791","messageTitle":"Update README.md","messageBody":"","fileTypesAndContributionMap":{"md":{"insertions":15,"deletions":0}}},{"hash":"f8ea312173c991a55f9f4a0ebeb8993403902385","messageTitle":"Update README.md","messageBody":"","tags":["A-UserGuide","A-Release-2"],"fileTypesAndContributionMap":{"md":{"insertions":85,"deletions":20}}}]}]},"authorFileTypeContributionMap":{"ngyongjian":{"java":902,"md":159,"fxml":0,"sh":0,"bat":0,"gradle":0,"txt":0}},"authorContributionVariance":{"ngyongjian":14642.942},"authorDisplayNameMap":{"ngyongjian":"CS2113-F10-4 NG Y..JIAN"}}
