{"authorDailyContributionsMap":{"ngyongjian":[{"date":"2023-01-27","commitResults":[{"hash":"fff13bd5b7c985c6249935ecc044ab964e615e9c","messageTitle":"Level 1. Greet, Echo, Exit","messageBody":"","fileTypesAndContributionMap":{"java":{"insertions":12,"deletions":0}}},{"hash":"900b481f40306dfb6a6cca93c10fa80d7b8813e9","messageTitle":"Level 2. Add, List","messageBody":"","fileTypesAndContributionMap":{"java":{"insertions":13,"deletions":2}}},{"hash":"6b160da8b8af04f394366d12bfe26a0559f9794f","messageTitle":"Level 2","messageBody":"","tags":["Level-2"],"fileTypesAndContributionMap":{"java":{"insertions":3,"deletions":3}}}]},{"date":"2023-01-29","commitResults":[{"hash":"ef4b3fb580a9045d29f7dc100f702580fef68a56","messageTitle":"Level 3. Mark as Done","messageBody":"","tags":["Level-3"],"fileTypesAndContributionMap":{"java":{"insertions":50,"deletions":9}}}]},{"date":"2023-02-02","commitResults":[{"hash":"443d336566b1766b5bb54e30b4312d0fc68bea7e","messageTitle":"Level 4. ToDos, Events, Deadlines","messageBody":"","tags":["Level-4"],"fileTypesAndContributionMap":{"java":{"insertions":98,"deletions":9}}},{"hash":"49f3394f968c04cedf0e6031bec86f8cedb4683a","messageTitle":"A-CodingStandard","messageBody":"","tags":["A-CodingStandard"],"fileTypesAndContributionMap":{"java":{"insertions":2,"deletions":2}}},{"hash":"03e770e9bda521fd2748713fb1bdf608e2fded2b","messageTitle":"A-CodeQuality","messageBody":"","tags":["A-CodeQuality"],"fileTypesAndContributionMap":{"java":{"insertions":56,"deletions":57}}}]}]},"authorFileTypeContributionMap":{"ngyongjian":{"java":152,"md":0,"fxml":0,"sh":0,"bat":0,"gradle":0,"txt":0}},"authorContributionVariance":{"ngyongjian":2380.5215},"authorDisplayNameMap":{"ngyongjian":"CS2113-F10-4 NG Y..JIAN"}}
