[{"path":"src/main/java/duke/Deadline.java","fileType":"java","lines":[{"lineNumber":1,"author":{"gitId":"Masahiro21"},"content":"package duke;","lastModifiedDate":"2023-02-07"},{"lineNumber":2,"author":{"gitId":"Masahiro21"},"content":"public class Deadline extends Task {","lastModifiedDate":"2023-02-02"},{"lineNumber":3,"author":{"gitId":"Masahiro21"},"content":"","lastModifiedDate":"2023-02-02"},{"lineNumber":4,"author":{"gitId":"Masahiro21"},"content":"    protected String by;","lastModifiedDate":"2023-02-02"},{"lineNumber":5,"author":{"gitId":"Masahiro21"},"content":"","lastModifiedDate":"2023-02-02"},{"lineNumber":6,"author":{"gitId":"Masahiro21"},"content":"    public Deadline(String description, String by) {","lastModifiedDate":"2023-02-02"},{"lineNumber":7,"author":{"gitId":"Masahiro21"},"content":"        super(description);","lastModifiedDate":"2023-02-02"},{"lineNumber":8,"author":{"gitId":"Masahiro21"},"content":"        this.by \u003d by;","lastModifiedDate":"2023-02-02"},{"lineNumber":9,"author":{"gitId":"Masahiro21"},"content":"    }","lastModifiedDate":"2023-02-02"},{"lineNumber":10,"author":{"gitId":"Masahiro21"},"content":"","lastModifiedDate":"2023-02-02"},{"lineNumber":11,"author":{"gitId":"Masahiro21"},"content":"    public String getType(){","lastModifiedDate":"2023-02-02"},{"lineNumber":12,"author":{"gitId":"Masahiro21"},"content":"        return \"D\";","lastModifiedDate":"2023-02-02"},{"lineNumber":13,"author":{"gitId":"Masahiro21"},"content":"    }","lastModifiedDate":"2023-02-02"},{"lineNumber":14,"author":{"gitId":"Masahiro21"},"content":"","lastModifiedDate":"2023-02-02"},{"lineNumber":15,"author":{"gitId":"Masahiro21"},"content":"    public String getDeadline(){","lastModifiedDate":"2023-02-02"},{"lineNumber":16,"author":{"gitId":"Masahiro21"},"content":"        return \" (by: \" + by + \")\";","lastModifiedDate":"2023-02-02"},{"lineNumber":17,"author":{"gitId":"Masahiro21"},"content":"    }","lastModifiedDate":"2023-02-02"},{"lineNumber":18,"author":{"gitId":"Masahiro21"},"content":"    @Override","lastModifiedDate":"2023-02-02"},{"lineNumber":19,"author":{"gitId":"Masahiro21"},"content":"    public String toString() {","lastModifiedDate":"2023-02-02"},{"lineNumber":20,"author":{"gitId":"Masahiro21"},"content":"        return \"Got it. I\u0027ve added this task:\\n\" + \"  [D]\" + super.toString() + \" (by: \" + by + \")\";","lastModifiedDate":"2023-02-02"},{"lineNumber":21,"author":{"gitId":"Masahiro21"},"content":"    }","lastModifiedDate":"2023-02-02"},{"lineNumber":22,"author":{"gitId":"Masahiro21"},"content":"}","lastModifiedDate":"2023-02-02"}],"authorContributionMap":{"Masahiro21":22}},{"path":"src/main/java/duke/Duke.java","fileType":"java","lines":[{"lineNumber":1,"author":{"gitId":"Masahiro21"},"content":"package duke;","lastModifiedDate":"2023-02-07"},{"lineNumber":2,"author":{"gitId":"Masahiro21"},"content":"import duke.exceptions.*;","lastModifiedDate":"2023-02-07"},{"lineNumber":3,"author":{"gitId":"Masahiro21"},"content":"import java.util.Scanner;","lastModifiedDate":"2023-01-25"},{"lineNumber":4,"author":{"gitId":"-"},"content":"public class Duke {","lastModifiedDate":"2019-07-29"},{"lineNumber":5,"author":{"gitId":"Masahiro21"},"content":"    private static Task[] tasks \u003d new Task[100];","lastModifiedDate":"2023-02-02"},{"lineNumber":6,"author":{"gitId":"Masahiro21"},"content":"    private static int numOfTask \u003d 0;","lastModifiedDate":"2023-01-25"},{"lineNumber":7,"author":{"gitId":"Masahiro21"},"content":"    // Method to list out the tasks stored in the task list","lastModifiedDate":"2023-02-07"},{"lineNumber":8,"author":{"gitId":"Masahiro21"},"content":"    public static void listTasks(){","lastModifiedDate":"2023-02-07"},{"lineNumber":9,"author":{"gitId":"Masahiro21"},"content":"        System.out.println(\"Here are the tasks in your list:\");","lastModifiedDate":"2023-02-02"},{"lineNumber":10,"author":{"gitId":"Masahiro21"},"content":"        for(int i \u003d 1; i \u003c\u003d numOfTask; i+\u003d 1){","lastModifiedDate":"2023-01-25"},{"lineNumber":11,"author":{"gitId":"Masahiro21"},"content":"            System.out.println(i + \".\" +\"[\" + tasks[i-1].getType() + \"]\" + \"[\" + tasks[i-1].getStatusIcon() + \"] \"+ tasks[i-1].getDescription()","lastModifiedDate":"2023-02-02"},{"lineNumber":12,"author":{"gitId":"Masahiro21"},"content":"            + tasks[i-1].getDeadline() + tasks[i-1].getPeriod());","lastModifiedDate":"2023-02-02"},{"lineNumber":13,"author":{"gitId":"Masahiro21"},"content":"        }","lastModifiedDate":"2023-01-25"},{"lineNumber":14,"author":{"gitId":"Masahiro21"},"content":"    }","lastModifiedDate":"2023-01-25"},{"lineNumber":15,"author":{"gitId":"Masahiro21"},"content":"","lastModifiedDate":"2023-01-25"},{"lineNumber":16,"author":{"gitId":"Masahiro21"},"content":"    // Method used to filter the command word out of the input sentence","lastModifiedDate":"2023-02-02"},{"lineNumber":17,"author":{"gitId":"Masahiro21"},"content":"    public static String filterCommand(String sentence){","lastModifiedDate":"2023-02-02"},{"lineNumber":18,"author":{"gitId":"Masahiro21"},"content":"        String[] words \u003d sentence.split(\" \");  // splits into words","lastModifiedDate":"2023-02-02"},{"lineNumber":19,"author":{"gitId":"Masahiro21"},"content":"        for(String word: words){","lastModifiedDate":"2023-01-25"},{"lineNumber":20,"author":{"gitId":"Masahiro21"},"content":"            switch(word){","lastModifiedDate":"2023-01-25"},{"lineNumber":21,"author":{"gitId":"Masahiro21"},"content":"                case \"bye\":","lastModifiedDate":"2023-01-25"},{"lineNumber":22,"author":{"gitId":"Masahiro21"},"content":"                    return \"bye\";","lastModifiedDate":"2023-01-25"},{"lineNumber":23,"author":{"gitId":"Masahiro21"},"content":"                case \"list\":","lastModifiedDate":"2023-01-25"},{"lineNumber":24,"author":{"gitId":"Masahiro21"},"content":"                    return \"list\";","lastModifiedDate":"2023-01-25"},{"lineNumber":25,"author":{"gitId":"Masahiro21"},"content":"                case \"mark\":","lastModifiedDate":"2023-01-25"},{"lineNumber":26,"author":{"gitId":"Masahiro21"},"content":"                    return \"mark\";","lastModifiedDate":"2023-01-25"},{"lineNumber":27,"author":{"gitId":"Masahiro21"},"content":"                case \"unmark\":","lastModifiedDate":"2023-01-25"},{"lineNumber":28,"author":{"gitId":"Masahiro21"},"content":"                    return \"unmark\";","lastModifiedDate":"2023-01-25"},{"lineNumber":29,"author":{"gitId":"Masahiro21"},"content":"                case \"todo\":","lastModifiedDate":"2023-02-02"},{"lineNumber":30,"author":{"gitId":"Masahiro21"},"content":"                    return \"todo\";","lastModifiedDate":"2023-02-02"},{"lineNumber":31,"author":{"gitId":"Masahiro21"},"content":"                case \"deadline\":","lastModifiedDate":"2023-02-02"},{"lineNumber":32,"author":{"gitId":"Masahiro21"},"content":"                    return \"deadline\";","lastModifiedDate":"2023-02-02"},{"lineNumber":33,"author":{"gitId":"Masahiro21"},"content":"                case \"event\":","lastModifiedDate":"2023-02-02"},{"lineNumber":34,"author":{"gitId":"Masahiro21"},"content":"                    return \"event\";","lastModifiedDate":"2023-02-02"},{"lineNumber":35,"author":{"gitId":"Masahiro21"},"content":"                default:","lastModifiedDate":"2023-01-25"},{"lineNumber":36,"author":{"gitId":"Masahiro21"},"content":"            }","lastModifiedDate":"2023-01-25"},{"lineNumber":37,"author":{"gitId":"Masahiro21"},"content":"        }","lastModifiedDate":"2023-01-25"},{"lineNumber":38,"author":{"gitId":"Masahiro21"},"content":"        return sentence;","lastModifiedDate":"2023-01-25"},{"lineNumber":39,"author":{"gitId":"Masahiro21"},"content":"    }","lastModifiedDate":"2023-01-25"},{"lineNumber":40,"author":{"gitId":"Masahiro21"},"content":"","lastModifiedDate":"2023-01-25"},{"lineNumber":41,"author":{"gitId":"Masahiro21"},"content":"    // Method to remove the command word from the input and return the description","lastModifiedDate":"2023-02-07"},{"lineNumber":42,"author":{"gitId":"Masahiro21"},"content":"    public static String filterDescription(String sentence) {","lastModifiedDate":"2023-02-02"},{"lineNumber":43,"author":{"gitId":"Masahiro21"},"content":"        String command \u003d filterCommand(sentence);","lastModifiedDate":"2023-02-02"},{"lineNumber":44,"author":{"gitId":"Masahiro21"},"content":"        String description \u003d sentence.replaceAll(command,\"\");","lastModifiedDate":"2023-02-02"},{"lineNumber":45,"author":{"gitId":"Masahiro21"},"content":"        return description.trim();","lastModifiedDate":"2023-02-07"},{"lineNumber":46,"author":{"gitId":"Masahiro21"},"content":"    }","lastModifiedDate":"2023-01-25"},{"lineNumber":47,"author":{"gitId":"Masahiro21"},"content":"    // Method to remove the command word, deadline and return the description","lastModifiedDate":"2023-02-07"},{"lineNumber":48,"author":{"gitId":"Masahiro21"},"content":"    public static String[] filterDescriptionAndDeadline(String sentence){","lastModifiedDate":"2023-02-02"},{"lineNumber":49,"author":{"gitId":"Masahiro21"},"content":"        String[] output \u003d new String[2];","lastModifiedDate":"2023-02-02"},{"lineNumber":50,"author":{"gitId":"Masahiro21"},"content":"        String str \u003d filterDescription(sentence);","lastModifiedDate":"2023-02-02"},{"lineNumber":51,"author":{"gitId":"Masahiro21"},"content":"        int dividerPosition \u003d str.indexOf(\"/\");","lastModifiedDate":"2023-02-02"},{"lineNumber":52,"author":{"gitId":"Masahiro21"},"content":"        String description \u003d str.substring(0,dividerPosition-1);","lastModifiedDate":"2023-02-02"},{"lineNumber":53,"author":{"gitId":"Masahiro21"},"content":"        output[0] \u003d description.trim();","lastModifiedDate":"2023-02-07"},{"lineNumber":54,"author":{"gitId":"Masahiro21"},"content":"        String deadline \u003d str.substring(dividerPosition + 1,str.length());","lastModifiedDate":"2023-02-02"},{"lineNumber":55,"author":{"gitId":"Masahiro21"},"content":"        String byDate \u003d deadline.replaceAll(\"by\", \"\");","lastModifiedDate":"2023-02-02"},{"lineNumber":56,"author":{"gitId":"Masahiro21"},"content":"        output[1] \u003d byDate.trim();","lastModifiedDate":"2023-02-02"},{"lineNumber":57,"author":{"gitId":"Masahiro21"},"content":"        return output;","lastModifiedDate":"2023-02-02"},{"lineNumber":58,"author":{"gitId":"Masahiro21"},"content":"    }","lastModifiedDate":"2023-01-25"},{"lineNumber":59,"author":{"gitId":"Masahiro21"},"content":"    // Method to remove the command word, time period and return the description","lastModifiedDate":"2023-02-07"},{"lineNumber":60,"author":{"gitId":"Masahiro21"},"content":"    public static String[] filterDescriptionAndTimePeriod(String sentence){","lastModifiedDate":"2023-02-02"},{"lineNumber":61,"author":{"gitId":"Masahiro21"},"content":"        String[] output \u003d new String[3];","lastModifiedDate":"2023-02-02"},{"lineNumber":62,"author":{"gitId":"Masahiro21"},"content":"        String str \u003d filterDescription(sentence);","lastModifiedDate":"2023-02-02"},{"lineNumber":63,"author":{"gitId":"Masahiro21"},"content":"        int dividerPosition \u003d str.indexOf(\"/\");","lastModifiedDate":"2023-02-02"},{"lineNumber":64,"author":{"gitId":"Masahiro21"},"content":"        String description \u003d str.substring(0,dividerPosition-1);","lastModifiedDate":"2023-02-02"},{"lineNumber":65,"author":{"gitId":"Masahiro21"},"content":"        output[0] \u003d description.trim();","lastModifiedDate":"2023-02-07"},{"lineNumber":66,"author":{"gitId":"Masahiro21"},"content":"        String deadline \u003d str.substring(dividerPosition + 1,str.length());","lastModifiedDate":"2023-02-02"},{"lineNumber":67,"author":{"gitId":"Masahiro21"},"content":"        String fromPeriod \u003d deadline.replaceAll(\"from\", \"\");","lastModifiedDate":"2023-02-02"},{"lineNumber":68,"author":{"gitId":"Masahiro21"},"content":"        String fromDate \u003d fromPeriod.substring(0,fromPeriod.indexOf(\"/\"));","lastModifiedDate":"2023-02-07"},{"lineNumber":69,"author":{"gitId":"Masahiro21"},"content":"        output[1] \u003d fromDate.trim();","lastModifiedDate":"2023-02-07"},{"lineNumber":70,"author":{"gitId":"Masahiro21"},"content":"        String toPeriod \u003d fromPeriod.substring(fromPeriod.indexOf(\"/\")+1, fromPeriod.length());","lastModifiedDate":"2023-02-02"},{"lineNumber":71,"author":{"gitId":"Masahiro21"},"content":"        String toDate \u003d toPeriod.replaceAll(\"to\", \"\");","lastModifiedDate":"2023-02-07"},{"lineNumber":72,"author":{"gitId":"Masahiro21"},"content":"        output[2] \u003d toDate.trim();","lastModifiedDate":"2023-02-07"},{"lineNumber":73,"author":{"gitId":"Masahiro21"},"content":"        return output;","lastModifiedDate":"2023-02-02"},{"lineNumber":74,"author":{"gitId":"Masahiro21"},"content":"    }","lastModifiedDate":"2023-01-25"},{"lineNumber":75,"author":{"gitId":"Masahiro21"},"content":"","lastModifiedDate":"2023-02-02"},{"lineNumber":76,"author":{"gitId":"Masahiro21"},"content":"     public static boolean shouldExit(String args) throws DukeException {","lastModifiedDate":"2023-02-07"},{"lineNumber":77,"author":{"gitId":"Masahiro21"},"content":"         String command \u003d filterCommand(args);","lastModifiedDate":"2023-02-02"},{"lineNumber":78,"author":{"gitId":"Masahiro21"},"content":"         int dividerPosition \u003d args.indexOf(\" \");","lastModifiedDate":"2023-01-25"},{"lineNumber":79,"author":{"gitId":"Masahiro21"},"content":"         String taskNumber \u003d args.substring(dividerPosition + 1, args.length());  //Used for mark and unmark command","lastModifiedDate":"2023-02-02"},{"lineNumber":80,"author":{"gitId":"Masahiro21"},"content":"         switch(command){","lastModifiedDate":"2023-01-25"},{"lineNumber":81,"author":{"gitId":"Masahiro21"},"content":"             case \"bye\":","lastModifiedDate":"2023-01-25"},{"lineNumber":82,"author":{"gitId":"Masahiro21"},"content":"                 System.out.println(\"Bye. Hope to see you again soon!\");","lastModifiedDate":"2023-01-25"},{"lineNumber":83,"author":{"gitId":"Masahiro21"},"content":"                 return true;","lastModifiedDate":"2023-01-25"},{"lineNumber":84,"author":{"gitId":"Masahiro21"},"content":"             case \"list\":","lastModifiedDate":"2023-01-25"},{"lineNumber":85,"author":{"gitId":"Masahiro21"},"content":"                 listTasks();","lastModifiedDate":"2023-02-07"},{"lineNumber":86,"author":{"gitId":"Masahiro21"},"content":"                 return false;","lastModifiedDate":"2023-01-25"},{"lineNumber":87,"author":{"gitId":"Masahiro21"},"content":"             case \"mark\":","lastModifiedDate":"2023-01-25"},{"lineNumber":88,"author":{"gitId":"Masahiro21"},"content":"                 int indexMark \u003d Integer.parseInt(taskNumber);","lastModifiedDate":"2023-01-25"},{"lineNumber":89,"author":{"gitId":"Masahiro21"},"content":"                 tasks[indexMark-1].markAsDone();","lastModifiedDate":"2023-02-02"},{"lineNumber":90,"author":{"gitId":"Masahiro21"},"content":"                 System.out.println(\"  [\" + tasks[indexMark-1].getStatusIcon() + \"] \" + tasks[indexMark-1].getDescription());","lastModifiedDate":"2023-02-02"},{"lineNumber":91,"author":{"gitId":"Masahiro21"},"content":"                 return false;","lastModifiedDate":"2023-01-25"},{"lineNumber":92,"author":{"gitId":"Masahiro21"},"content":"             case \"unmark\":","lastModifiedDate":"2023-01-25"},{"lineNumber":93,"author":{"gitId":"Masahiro21"},"content":"                 int indexUnmark \u003d Integer.parseInt(taskNumber);","lastModifiedDate":"2023-01-25"},{"lineNumber":94,"author":{"gitId":"Masahiro21"},"content":"                 tasks[indexUnmark-1].markAsUndone();","lastModifiedDate":"2023-02-02"},{"lineNumber":95,"author":{"gitId":"Masahiro21"},"content":"                 System.out.println(\"OK, I\u0027ve marked this task as not done yet:\");","lastModifiedDate":"2023-01-25"},{"lineNumber":96,"author":{"gitId":"Masahiro21"},"content":"                 System.out.println(\"  [\" + tasks[indexUnmark-1].getStatusIcon() + \"] \" + tasks[indexUnmark-1].getDescription());","lastModifiedDate":"2023-02-02"},{"lineNumber":97,"author":{"gitId":"Masahiro21"},"content":"                 return false;","lastModifiedDate":"2023-02-02"},{"lineNumber":98,"author":{"gitId":"Masahiro21"},"content":"             case \"todo\":","lastModifiedDate":"2023-02-02"},{"lineNumber":99,"author":{"gitId":"Masahiro21"},"content":"                 try {","lastModifiedDate":"2023-02-07"},{"lineNumber":100,"author":{"gitId":"Masahiro21"},"content":"                     ToDo toDoTask \u003d new ToDo(filterDescription(args));","lastModifiedDate":"2023-02-07"},{"lineNumber":101,"author":{"gitId":"Masahiro21"},"content":"                     numOfTask +\u003d 1;","lastModifiedDate":"2023-02-02"},{"lineNumber":102,"author":{"gitId":"Masahiro21"},"content":"                     tasks[numOfTask-1] \u003d toDoTask;","lastModifiedDate":"2023-02-07"},{"lineNumber":103,"author":{"gitId":"Masahiro21"},"content":"                     System.out.println(tasks[numOfTask-1]);","lastModifiedDate":"2023-02-02"},{"lineNumber":104,"author":{"gitId":"Masahiro21"},"content":"                     System.out.println(\"Now you have \" + numOfTask + \" task in the list.\");","lastModifiedDate":"2023-02-02"},{"lineNumber":105,"author":{"gitId":"Masahiro21"},"content":"                 } catch (ToDoException e) {","lastModifiedDate":"2023-02-07"},{"lineNumber":106,"author":{"gitId":"Masahiro21"},"content":"                     System.out.println(\"The description of a todo cannot be empty!\");","lastModifiedDate":"2023-02-07"},{"lineNumber":107,"author":{"gitId":"Masahiro21"},"content":"                 }","lastModifiedDate":"2023-02-07"},{"lineNumber":108,"author":{"gitId":"Masahiro21"},"content":"                 return false;","lastModifiedDate":"2023-02-02"},{"lineNumber":109,"author":{"gitId":"Masahiro21"},"content":"             case \"deadline\":","lastModifiedDate":"2023-02-02"},{"lineNumber":110,"author":{"gitId":"Masahiro21"},"content":"                 try {","lastModifiedDate":"2023-02-07"},{"lineNumber":111,"author":{"gitId":"Masahiro21"},"content":"                     String[] deadline \u003d filterDescriptionAndDeadline(args);","lastModifiedDate":"2023-02-07"},{"lineNumber":112,"author":{"gitId":"Masahiro21"},"content":"                     Deadline deadlineTask \u003d new Deadline(deadline[0], deadline[1]);","lastModifiedDate":"2023-02-07"},{"lineNumber":113,"author":{"gitId":"Masahiro21"},"content":"                     numOfTask +\u003d 1;","lastModifiedDate":"2023-02-07"},{"lineNumber":114,"author":{"gitId":"Masahiro21"},"content":"                     tasks[numOfTask - 1] \u003d deadlineTask;","lastModifiedDate":"2023-02-07"},{"lineNumber":115,"author":{"gitId":"Masahiro21"},"content":"                     System.out.println(tasks[numOfTask - 1]);","lastModifiedDate":"2023-02-02"},{"lineNumber":116,"author":{"gitId":"Masahiro21"},"content":"                     System.out.println(\"Now you have \" + numOfTask + \" task in the list.\");","lastModifiedDate":"2023-02-02"},{"lineNumber":117,"author":{"gitId":"Masahiro21"},"content":"                 }catch (StringIndexOutOfBoundsException e){","lastModifiedDate":"2023-02-07"},{"lineNumber":118,"author":{"gitId":"Masahiro21"},"content":"                     System.out.println(\"The description of deadline and/or date of deadline cannot be empty!\");","lastModifiedDate":"2023-02-07"},{"lineNumber":119,"author":{"gitId":"Masahiro21"},"content":"                 }","lastModifiedDate":"2023-02-07"},{"lineNumber":120,"author":{"gitId":"Masahiro21"},"content":"                 return false;","lastModifiedDate":"2023-02-02"},{"lineNumber":121,"author":{"gitId":"Masahiro21"},"content":"             case \"event\":","lastModifiedDate":"2023-02-02"},{"lineNumber":122,"author":{"gitId":"Masahiro21"},"content":"                 try {","lastModifiedDate":"2023-02-07"},{"lineNumber":123,"author":{"gitId":"Masahiro21"},"content":"                     String[] event \u003d filterDescriptionAndTimePeriod(args);","lastModifiedDate":"2023-02-07"},{"lineNumber":124,"author":{"gitId":"Masahiro21"},"content":"                     Event eventTask \u003d new Event(event[0], event[1], event[2]);","lastModifiedDate":"2023-02-07"},{"lineNumber":125,"author":{"gitId":"Masahiro21"},"content":"                     numOfTask +\u003d 1;","lastModifiedDate":"2023-02-07"},{"lineNumber":126,"author":{"gitId":"Masahiro21"},"content":"                     tasks[numOfTask - 1] \u003d eventTask;","lastModifiedDate":"2023-02-07"},{"lineNumber":127,"author":{"gitId":"Masahiro21"},"content":"                     System.out.println(tasks[numOfTask - 1]);","lastModifiedDate":"2023-02-02"},{"lineNumber":128,"author":{"gitId":"Masahiro21"},"content":"                     System.out.println(\"Now you have \" + numOfTask + \" task in the list.\");","lastModifiedDate":"2023-02-02"},{"lineNumber":129,"author":{"gitId":"Masahiro21"},"content":"                 }catch(StringIndexOutOfBoundsException e){","lastModifiedDate":"2023-02-07"},{"lineNumber":130,"author":{"gitId":"Masahiro21"},"content":"                     System.out.println(\"The description of the event and/or period of it cannot be empty!\");","lastModifiedDate":"2023-02-07"},{"lineNumber":131,"author":{"gitId":"Masahiro21"},"content":"                 }catch(EventException e){","lastModifiedDate":"2023-02-07"},{"lineNumber":132,"author":{"gitId":"Masahiro21"},"content":"                     System.out.println(\"To field is empty!\");","lastModifiedDate":"2023-02-07"},{"lineNumber":133,"author":{"gitId":"Masahiro21"},"content":"                 }","lastModifiedDate":"2023-02-07"},{"lineNumber":134,"author":{"gitId":"Masahiro21"},"content":"                 return false;","lastModifiedDate":"2023-01-25"},{"lineNumber":135,"author":{"gitId":"Masahiro21"},"content":"             default:","lastModifiedDate":"2023-01-25"},{"lineNumber":136,"author":{"gitId":"Masahiro21"},"content":"                 throw new DukeException();","lastModifiedDate":"2023-02-07"},{"lineNumber":137,"author":{"gitId":"Masahiro21"},"content":"         }","lastModifiedDate":"2023-01-25"},{"lineNumber":138,"author":{"gitId":"Masahiro21"},"content":"     }","lastModifiedDate":"2023-01-25"},{"lineNumber":139,"author":{"gitId":"-"},"content":"    public static void main(String[] args) {","lastModifiedDate":"2019-07-29"},{"lineNumber":140,"author":{"gitId":"Masahiro21"},"content":"        Greetings welcome \u003d new Greetings();","lastModifiedDate":"2023-02-07"},{"lineNumber":141,"author":{"gitId":"Masahiro21"},"content":"        System.out.println(welcome);","lastModifiedDate":"2023-02-07"},{"lineNumber":142,"author":{"gitId":"Masahiro21"},"content":"        try {","lastModifiedDate":"2023-02-07"},{"lineNumber":143,"author":{"gitId":"Masahiro21"},"content":"            Scanner sc \u003d new Scanner(System.in);","lastModifiedDate":"2023-01-25"},{"lineNumber":144,"author":{"gitId":"Masahiro21"},"content":"            String in \u003d sc.nextLine();","lastModifiedDate":"2023-01-25"},{"lineNumber":145,"author":{"gitId":"Masahiro21"},"content":"            while (shouldExit(in) \u003d\u003d false) {","lastModifiedDate":"2023-02-02"},{"lineNumber":146,"author":{"gitId":"Masahiro21"},"content":"                in \u003d sc.nextLine();","lastModifiedDate":"2023-01-25"},{"lineNumber":147,"author":{"gitId":"Masahiro21"},"content":"            }","lastModifiedDate":"2023-01-25"},{"lineNumber":148,"author":{"gitId":"Masahiro21"},"content":"        } catch (ArrayIndexOutOfBoundsException e){","lastModifiedDate":"2023-02-07"},{"lineNumber":149,"author":{"gitId":"Masahiro21"},"content":"            System.out.println(\"This task number does not exist!\");","lastModifiedDate":"2023-02-07"},{"lineNumber":150,"author":{"gitId":"Masahiro21"},"content":"        } catch (DukeException e){","lastModifiedDate":"2023-02-07"},{"lineNumber":151,"author":{"gitId":"Masahiro21"},"content":"            System.out.println(\"Sorry I don\u0027t understand what this means!\");","lastModifiedDate":"2023-02-07"},{"lineNumber":152,"author":{"gitId":"Masahiro21"},"content":"        }","lastModifiedDate":"2023-02-07"},{"lineNumber":153,"author":{"gitId":"-"},"content":"    }","lastModifiedDate":"2019-07-29"},{"lineNumber":154,"author":{"gitId":"-"},"content":"}","lastModifiedDate":"2019-07-29"}],"authorContributionMap":{"Masahiro21":150,"-":4}},{"path":"src/main/java/duke/Event.java","fileType":"java","lines":[{"lineNumber":1,"author":{"gitId":"Masahiro21"},"content":"package duke;","lastModifiedDate":"2023-02-07"},{"lineNumber":2,"author":{"gitId":"Masahiro21"},"content":"import duke.exceptions.EventException;","lastModifiedDate":"2023-02-07"},{"lineNumber":3,"author":{"gitId":"Masahiro21"},"content":"public class Event extends Task {","lastModifiedDate":"2023-02-02"},{"lineNumber":4,"author":{"gitId":"Masahiro21"},"content":"","lastModifiedDate":"2023-02-02"},{"lineNumber":5,"author":{"gitId":"Masahiro21"},"content":"    protected String from;","lastModifiedDate":"2023-02-02"},{"lineNumber":6,"author":{"gitId":"Masahiro21"},"content":"    protected String to;","lastModifiedDate":"2023-02-02"},{"lineNumber":7,"author":{"gitId":"Masahiro21"},"content":"","lastModifiedDate":"2023-02-02"},{"lineNumber":8,"author":{"gitId":"Masahiro21"},"content":"    public Event(String description, String from, String to) throws EventException {","lastModifiedDate":"2023-02-07"},{"lineNumber":9,"author":{"gitId":"Masahiro21"},"content":"        super(description);","lastModifiedDate":"2023-02-02"},{"lineNumber":10,"author":{"gitId":"Masahiro21"},"content":"        this.from \u003d from;","lastModifiedDate":"2023-02-02"},{"lineNumber":11,"author":{"gitId":"Masahiro21"},"content":"        this.to \u003d to;","lastModifiedDate":"2023-02-02"},{"lineNumber":12,"author":{"gitId":"Masahiro21"},"content":"        if(to.length() \u003d\u003d 0){","lastModifiedDate":"2023-02-07"},{"lineNumber":13,"author":{"gitId":"Masahiro21"},"content":"            throw new EventException();","lastModifiedDate":"2023-02-07"},{"lineNumber":14,"author":{"gitId":"Masahiro21"},"content":"        }","lastModifiedDate":"2023-02-07"},{"lineNumber":15,"author":{"gitId":"Masahiro21"},"content":"    }","lastModifiedDate":"2023-02-02"},{"lineNumber":16,"author":{"gitId":"Masahiro21"},"content":"","lastModifiedDate":"2023-02-02"},{"lineNumber":17,"author":{"gitId":"Masahiro21"},"content":"    public String getType(){","lastModifiedDate":"2023-02-02"},{"lineNumber":18,"author":{"gitId":"Masahiro21"},"content":"        return \"E\";","lastModifiedDate":"2023-02-02"},{"lineNumber":19,"author":{"gitId":"Masahiro21"},"content":"    }","lastModifiedDate":"2023-02-02"},{"lineNumber":20,"author":{"gitId":"Masahiro21"},"content":"","lastModifiedDate":"2023-02-02"},{"lineNumber":21,"author":{"gitId":"Masahiro21"},"content":"    public String getPeriod(){","lastModifiedDate":"2023-02-02"},{"lineNumber":22,"author":{"gitId":"Masahiro21"},"content":"        return \" (from: \" + from + \" to: \" + to + \")\";","lastModifiedDate":"2023-02-02"},{"lineNumber":23,"author":{"gitId":"Masahiro21"},"content":"    }","lastModifiedDate":"2023-02-02"},{"lineNumber":24,"author":{"gitId":"Masahiro21"},"content":"    @Override","lastModifiedDate":"2023-02-02"},{"lineNumber":25,"author":{"gitId":"Masahiro21"},"content":"    public String toString() {","lastModifiedDate":"2023-02-02"},{"lineNumber":26,"author":{"gitId":"Masahiro21"},"content":"        return \"Got it. I\u0027ve added this task:\\n\" + \"  [E]\" + super.toString() + \" (from: \" + from + \" to: \" + to + \")\";","lastModifiedDate":"2023-02-02"},{"lineNumber":27,"author":{"gitId":"Masahiro21"},"content":"    }","lastModifiedDate":"2023-02-02"},{"lineNumber":28,"author":{"gitId":"Masahiro21"},"content":"}","lastModifiedDate":"2023-02-02"}],"authorContributionMap":{"Masahiro21":28}},{"path":"src/main/java/duke/Greetings.java","fileType":"java","lines":[{"lineNumber":1,"author":{"gitId":"Masahiro21"},"content":"package duke;","lastModifiedDate":"2023-02-07"},{"lineNumber":2,"author":{"gitId":"Masahiro21"},"content":"public class Greetings {","lastModifiedDate":"2023-02-07"},{"lineNumber":3,"author":{"gitId":"Masahiro21"},"content":"    @Override","lastModifiedDate":"2023-02-02"},{"lineNumber":4,"author":{"gitId":"Masahiro21"},"content":"    public String toString(){","lastModifiedDate":"2023-02-02"},{"lineNumber":5,"author":{"gitId":"Masahiro21"},"content":"        return \" ___       __   _______   ___       ________  ________  _____ ______   _______ \\n\" +","lastModifiedDate":"2023-02-02"},{"lineNumber":6,"author":{"gitId":"Masahiro21"},"content":"                \"|\\\\  \\\\     |\\\\  \\\\|\\\\  ___ \\\\ |\\\\  \\\\     |\\\\   ____\\\\|\\\\   __  \\\\|\\\\   _ \\\\  _   \\\\|\\\\  ___ \\\\ \\n\" +","lastModifiedDate":"2023-02-02"},{"lineNumber":7,"author":{"gitId":"Masahiro21"},"content":"                \"\\\\ \\\\  \\\\    \\\\ \\\\  \\\\ \\\\   __/|\\\\ \\\\  \\\\    \\\\ \\\\  \\\\___|\\\\ \\\\  \\\\|\\\\  \\\\ \\\\  \\\\\\\\\\\\__\\\\ \\\\  \\\\ \\\\   __/|\\n\" +","lastModifiedDate":"2023-02-02"},{"lineNumber":8,"author":{"gitId":"Masahiro21"},"content":"                \" \\\\ \\\\  \\\\  __\\\\ \\\\  \\\\ \\\\  \\\\_|/_\\\\ \\\\  \\\\    \\\\ \\\\  \\\\    \\\\ \\\\  \\\\\\\\\\\\  \\\\ \\\\  \\\\\\\\|__| \\\\  \\\\ \\\\  \\\\_|/__\\n\" +","lastModifiedDate":"2023-02-02"},{"lineNumber":9,"author":{"gitId":"Masahiro21"},"content":"                \"  \\\\ \\\\  \\\\|\\\\__\\\\_\\\\  \\\\ \\\\  \\\\_|\\\\ \\\\ \\\\  \\\\____\\\\ \\\\  \\\\____\\\\ \\\\  \\\\\\\\\\\\  \\\\ \\\\  \\\\    \\\\ \\\\  \\\\ \\\\  \\\\_|\\\\ \\\\ \\n\" +","lastModifiedDate":"2023-02-02"},{"lineNumber":10,"author":{"gitId":"Masahiro21"},"content":"                \"   \\\\ \\\\____________\\\\ \\\\_______\\\\ \\\\_______\\\\ \\\\_______\\\\ \\\\_______\\\\ \\\\__\\\\    \\\\ \\\\__\\\\ \\\\_______\\\\ \\n\"+","lastModifiedDate":"2023-02-02"},{"lineNumber":11,"author":{"gitId":"Masahiro21"},"content":"                \"    \\\\|____________|\\\\|_______|\\\\|_______|\\\\|_______|\\\\|_______|\\\\|__|     \\\\|__|\\\\|_______| \\n\\n\" +","lastModifiedDate":"2023-02-02"},{"lineNumber":12,"author":{"gitId":"Masahiro21"},"content":"                \"Hi! I\u0027m Mike, your personal assistant! How can I help you today? \\n\";","lastModifiedDate":"2023-02-02"},{"lineNumber":13,"author":{"gitId":"Masahiro21"},"content":"    }","lastModifiedDate":"2023-02-02"},{"lineNumber":14,"author":{"gitId":"Masahiro21"},"content":"}","lastModifiedDate":"2023-02-02"}],"authorContributionMap":{"Masahiro21":14}},{"path":"src/main/java/duke/Task.java","fileType":"java","lines":[{"lineNumber":1,"author":{"gitId":"Masahiro21"},"content":"package duke;","lastModifiedDate":"2023-02-07"},{"lineNumber":2,"author":{"gitId":"Masahiro21"},"content":"public class Task{","lastModifiedDate":"2023-02-02"},{"lineNumber":3,"author":{"gitId":"Masahiro21"},"content":"    protected String description;","lastModifiedDate":"2023-02-02"},{"lineNumber":4,"author":{"gitId":"Masahiro21"},"content":"    protected boolean isDone;","lastModifiedDate":"2023-02-02"},{"lineNumber":5,"author":{"gitId":"Masahiro21"},"content":"","lastModifiedDate":"2023-02-02"},{"lineNumber":6,"author":{"gitId":"Masahiro21"},"content":"    public Task(String description) {","lastModifiedDate":"2023-02-02"},{"lineNumber":7,"author":{"gitId":"Masahiro21"},"content":"        this.description \u003d description;","lastModifiedDate":"2023-02-02"},{"lineNumber":8,"author":{"gitId":"Masahiro21"},"content":"        this.isDone \u003d false;","lastModifiedDate":"2023-02-02"},{"lineNumber":9,"author":{"gitId":"Masahiro21"},"content":"    }","lastModifiedDate":"2023-02-02"},{"lineNumber":10,"author":{"gitId":"Masahiro21"},"content":"","lastModifiedDate":"2023-02-02"},{"lineNumber":11,"author":{"gitId":"Masahiro21"},"content":"    public String getStatusIcon() {","lastModifiedDate":"2023-02-02"},{"lineNumber":12,"author":{"gitId":"Masahiro21"},"content":"        return (isDone ? \"X\" : \" \"); // mark done task with X","lastModifiedDate":"2023-02-02"},{"lineNumber":13,"author":{"gitId":"Masahiro21"},"content":"    }","lastModifiedDate":"2023-02-02"},{"lineNumber":14,"author":{"gitId":"Masahiro21"},"content":"","lastModifiedDate":"2023-02-02"},{"lineNumber":15,"author":{"gitId":"Masahiro21"},"content":"    public String getDescription(){","lastModifiedDate":"2023-02-02"},{"lineNumber":16,"author":{"gitId":"Masahiro21"},"content":"        return description;","lastModifiedDate":"2023-02-02"},{"lineNumber":17,"author":{"gitId":"Masahiro21"},"content":"    }","lastModifiedDate":"2023-02-02"},{"lineNumber":18,"author":{"gitId":"Masahiro21"},"content":"","lastModifiedDate":"2023-02-02"},{"lineNumber":19,"author":{"gitId":"Masahiro21"},"content":"    public String getType(){","lastModifiedDate":"2023-02-02"},{"lineNumber":20,"author":{"gitId":"Masahiro21"},"content":"        return \" \";","lastModifiedDate":"2023-02-02"},{"lineNumber":21,"author":{"gitId":"Masahiro21"},"content":"    }","lastModifiedDate":"2023-02-02"},{"lineNumber":22,"author":{"gitId":"Masahiro21"},"content":"    public String getPeriod(){","lastModifiedDate":"2023-02-02"},{"lineNumber":23,"author":{"gitId":"Masahiro21"},"content":"        return \"\";","lastModifiedDate":"2023-02-02"},{"lineNumber":24,"author":{"gitId":"Masahiro21"},"content":"    }","lastModifiedDate":"2023-02-02"},{"lineNumber":25,"author":{"gitId":"Masahiro21"},"content":"    public String getDeadline(){","lastModifiedDate":"2023-02-02"},{"lineNumber":26,"author":{"gitId":"Masahiro21"},"content":"        return \"\";","lastModifiedDate":"2023-02-02"},{"lineNumber":27,"author":{"gitId":"Masahiro21"},"content":"    }","lastModifiedDate":"2023-02-02"},{"lineNumber":28,"author":{"gitId":"Masahiro21"},"content":"    public void markAsDone(){","lastModifiedDate":"2023-02-02"},{"lineNumber":29,"author":{"gitId":"Masahiro21"},"content":"        this.isDone \u003d true;","lastModifiedDate":"2023-02-02"},{"lineNumber":30,"author":{"gitId":"Masahiro21"},"content":"    }","lastModifiedDate":"2023-02-02"},{"lineNumber":31,"author":{"gitId":"Masahiro21"},"content":"","lastModifiedDate":"2023-02-02"},{"lineNumber":32,"author":{"gitId":"Masahiro21"},"content":"    public void markAsUndone(){","lastModifiedDate":"2023-02-02"},{"lineNumber":33,"author":{"gitId":"Masahiro21"},"content":"        this.isDone \u003d false;","lastModifiedDate":"2023-02-02"},{"lineNumber":34,"author":{"gitId":"Masahiro21"},"content":"    }","lastModifiedDate":"2023-02-02"},{"lineNumber":35,"author":{"gitId":"Masahiro21"},"content":"    @Override","lastModifiedDate":"2023-02-02"},{"lineNumber":36,"author":{"gitId":"Masahiro21"},"content":"    public String toString(){","lastModifiedDate":"2023-02-02"},{"lineNumber":37,"author":{"gitId":"Masahiro21"},"content":"        return \"[\" + this.getStatusIcon() + \"] \" + description;","lastModifiedDate":"2023-02-02"},{"lineNumber":38,"author":{"gitId":"Masahiro21"},"content":"    }","lastModifiedDate":"2023-02-02"},{"lineNumber":39,"author":{"gitId":"Masahiro21"},"content":"}","lastModifiedDate":"2023-02-02"}],"authorContributionMap":{"Masahiro21":39}},{"path":"src/main/java/duke/ToDo.java","fileType":"java","lines":[{"lineNumber":1,"author":{"gitId":"Masahiro21"},"content":"package duke;","lastModifiedDate":"2023-02-07"},{"lineNumber":2,"author":{"gitId":"Masahiro21"},"content":"import duke.exceptions.ToDoException;","lastModifiedDate":"2023-02-07"},{"lineNumber":3,"author":{"gitId":"Masahiro21"},"content":"public class ToDo extends Task{","lastModifiedDate":"2023-02-02"},{"lineNumber":4,"author":{"gitId":"Masahiro21"},"content":"    public ToDo(String description) throws ToDoException{","lastModifiedDate":"2023-02-07"},{"lineNumber":5,"author":{"gitId":"Masahiro21"},"content":"        super(description);","lastModifiedDate":"2023-02-02"},{"lineNumber":6,"author":{"gitId":"Masahiro21"},"content":"        if(description.length() \u003d\u003d 0){","lastModifiedDate":"2023-02-07"},{"lineNumber":7,"author":{"gitId":"Masahiro21"},"content":"            throw new ToDoException();","lastModifiedDate":"2023-02-07"},{"lineNumber":8,"author":{"gitId":"Masahiro21"},"content":"        }","lastModifiedDate":"2023-02-07"},{"lineNumber":9,"author":{"gitId":"Masahiro21"},"content":"    }","lastModifiedDate":"2023-02-02"},{"lineNumber":10,"author":{"gitId":"Masahiro21"},"content":"","lastModifiedDate":"2023-02-02"},{"lineNumber":11,"author":{"gitId":"Masahiro21"},"content":"    public String getType(){","lastModifiedDate":"2023-02-02"},{"lineNumber":12,"author":{"gitId":"Masahiro21"},"content":"        return \"T\";","lastModifiedDate":"2023-02-02"},{"lineNumber":13,"author":{"gitId":"Masahiro21"},"content":"    }","lastModifiedDate":"2023-02-02"},{"lineNumber":14,"author":{"gitId":"Masahiro21"},"content":"","lastModifiedDate":"2023-02-02"},{"lineNumber":15,"author":{"gitId":"Masahiro21"},"content":"    @Override","lastModifiedDate":"2023-02-02"},{"lineNumber":16,"author":{"gitId":"Masahiro21"},"content":"    public String toString() {","lastModifiedDate":"2023-02-02"},{"lineNumber":17,"author":{"gitId":"Masahiro21"},"content":"        return \"Got it. I\u0027ve added this task:\\n\" + \"  [T][\" + getStatusIcon() + \"] \" + description;","lastModifiedDate":"2023-02-02"},{"lineNumber":18,"author":{"gitId":"Masahiro21"},"content":"    }","lastModifiedDate":"2023-02-02"},{"lineNumber":19,"author":{"gitId":"Masahiro21"},"content":"}","lastModifiedDate":"2023-02-02"}],"authorContributionMap":{"Masahiro21":19}},{"path":"src/main/java/duke/exceptions/DukeException.java","fileType":"java","lines":[{"lineNumber":1,"author":{"gitId":"Masahiro21"},"content":"package duke.exceptions;","lastModifiedDate":"2023-02-07"},{"lineNumber":2,"author":{"gitId":"Masahiro21"},"content":"public class DukeException extends Exception{","lastModifiedDate":"2023-02-07"},{"lineNumber":3,"author":{"gitId":"Masahiro21"},"content":"}","lastModifiedDate":"2023-02-07"}],"authorContributionMap":{"Masahiro21":3}},{"path":"src/main/java/duke/exceptions/EventException.java","fileType":"java","lines":[{"lineNumber":1,"author":{"gitId":"Masahiro21"},"content":"package duke.exceptions;","lastModifiedDate":"2023-02-07"},{"lineNumber":2,"author":{"gitId":"Masahiro21"},"content":"public class EventException extends Exception{","lastModifiedDate":"2023-02-07"},{"lineNumber":3,"author":{"gitId":"Masahiro21"},"content":"}","lastModifiedDate":"2023-02-07"}],"authorContributionMap":{"Masahiro21":3}},{"path":"src/main/java/duke/exceptions/ToDoException.java","fileType":"java","lines":[{"lineNumber":1,"author":{"gitId":"Masahiro21"},"content":"package duke.exceptions;","lastModifiedDate":"2023-02-07"},{"lineNumber":2,"author":{"gitId":"Masahiro21"},"content":"public class ToDoException extends Exception {","lastModifiedDate":"2023-02-07"},{"lineNumber":3,"author":{"gitId":"Masahiro21"},"content":"}","lastModifiedDate":"2023-02-07"}],"authorContributionMap":{"Masahiro21":3}},{"path":"text-ui-test/input.txt","fileType":"txt","lines":[{"lineNumber":1,"author":{"gitId":"Masahiro21"},"content":"todo borrow book","lastModifiedDate":"2023-02-07"},{"lineNumber":2,"author":{"gitId":"Masahiro21"},"content":"list","lastModifiedDate":"2023-02-07"},{"lineNumber":3,"author":{"gitId":"Masahiro21"},"content":"deadline return book /by June 6th","lastModifiedDate":"2023-02-07"},{"lineNumber":4,"author":{"gitId":"Masahiro21"},"content":"event project meeting /from Aug 6th 2pm /to 4pm","lastModifiedDate":"2023-02-07"},{"lineNumber":5,"author":{"gitId":"Masahiro21"},"content":"list","lastModifiedDate":"2023-02-07"},{"lineNumber":6,"author":{"gitId":"Masahiro21"},"content":"todo join sports club ","lastModifiedDate":"2023-02-07"},{"lineNumber":7,"author":{"gitId":"Masahiro21"},"content":"todo read book","lastModifiedDate":"2023-02-07"},{"lineNumber":8,"author":{"gitId":"Masahiro21"},"content":"list","lastModifiedDate":"2023-02-07"},{"lineNumber":9,"author":{"gitId":"Masahiro21"},"content":"mark 4","lastModifiedDate":"2023-02-07"},{"lineNumber":10,"author":{"gitId":"Masahiro21"},"content":"list","lastModifiedDate":"2023-02-07"}],"authorContributionMap":{"Masahiro21":10}}]
