[{"path":"src/main/java/Duke.java","fileType":"java","lines":[{"lineNumber":1,"author":{"gitId":"jingyaaa"},"content":"import java.util.Scanner;","lastModifiedDate":"2023-01-28"},{"lineNumber":2,"author":{"gitId":"jingyaaa"},"content":"","lastModifiedDate":"2023-01-28"},{"lineNumber":3,"author":{"gitId":"-"},"content":"public class Duke {","lastModifiedDate":"2019-07-29"},{"lineNumber":4,"author":{"gitId":"jingyaaa"},"content":"","lastModifiedDate":"2023-01-30"},{"lineNumber":5,"author":{"gitId":"jingyaaa"},"content":"","lastModifiedDate":"2023-01-30"},{"lineNumber":6,"author":{"gitId":"-"},"content":"    public static void main(String[] args) {","lastModifiedDate":"2019-07-29"},{"lineNumber":7,"author":{"gitId":"-"},"content":"        String logo \u003d \" ____        _        \\n\"","lastModifiedDate":"2019-07-29"},{"lineNumber":8,"author":{"gitId":"-"},"content":"                + \"|  _ \\\\ _   _| | _____ \\n\"","lastModifiedDate":"2019-07-29"},{"lineNumber":9,"author":{"gitId":"-"},"content":"                + \"| | | | | | | |/ / _ \\\\\\n\"","lastModifiedDate":"2019-07-29"},{"lineNumber":10,"author":{"gitId":"-"},"content":"                + \"| |_| | |_| |   \u003c  __/\\n\"","lastModifiedDate":"2019-07-29"},{"lineNumber":11,"author":{"gitId":"-"},"content":"                + \"|____/ \\\\__,_|_|\\\\_\\\\___|\\n\";","lastModifiedDate":"2019-07-29"},{"lineNumber":12,"author":{"gitId":"-"},"content":"        System.out.println(\"Hello from\\n\" + logo);","lastModifiedDate":"2019-07-29"},{"lineNumber":13,"author":{"gitId":"jingyaaa"},"content":"        greet();","lastModifiedDate":"2023-01-25"},{"lineNumber":14,"author":{"gitId":"jingyaaa"},"content":"        echo();","lastModifiedDate":"2023-01-28"},{"lineNumber":15,"author":{"gitId":"jingyaaa"},"content":"    }","lastModifiedDate":"2023-01-25"},{"lineNumber":16,"author":{"gitId":"jingyaaa"},"content":"","lastModifiedDate":"2023-01-25"},{"lineNumber":17,"author":{"gitId":"jingyaaa"},"content":"    private static String[] list \u003d new String[100];","lastModifiedDate":"2023-01-30"},{"lineNumber":18,"author":{"gitId":"jingyaaa"},"content":"    private static int listCount \u003d 0;","lastModifiedDate":"2023-01-30"},{"lineNumber":19,"author":{"gitId":"jingyaaa"},"content":"","lastModifiedDate":"2023-01-30"},{"lineNumber":20,"author":{"gitId":"jingyaaa"},"content":"","lastModifiedDate":"2023-01-30"},{"lineNumber":21,"author":{"gitId":"jingyaaa"},"content":"    public static void greet() {","lastModifiedDate":"2023-01-25"},{"lineNumber":22,"author":{"gitId":"jingyaaa"},"content":"        String greeting \u003d \"____________________________________________________________\\n\"","lastModifiedDate":"2023-01-25"},{"lineNumber":23,"author":{"gitId":"jingyaaa"},"content":"                + \"Hello! I\u0027m Duke\\n\"","lastModifiedDate":"2023-01-25"},{"lineNumber":24,"author":{"gitId":"jingyaaa"},"content":"                + \"What can I do for you?\\n\"","lastModifiedDate":"2023-01-25"},{"lineNumber":25,"author":{"gitId":"jingyaaa"},"content":"                + \"____________________________________________________________\";","lastModifiedDate":"2023-01-30"},{"lineNumber":26,"author":{"gitId":"jingyaaa"},"content":"                System.out.println(greeting);","lastModifiedDate":"2023-01-25"},{"lineNumber":27,"author":{"gitId":"-"},"content":"    }","lastModifiedDate":"2019-07-29"},{"lineNumber":28,"author":{"gitId":"jingyaaa"},"content":"","lastModifiedDate":"2023-01-28"},{"lineNumber":29,"author":{"gitId":"jingyaaa"},"content":"    public static String getUserInput() {","lastModifiedDate":"2023-01-28"},{"lineNumber":30,"author":{"gitId":"jingyaaa"},"content":"        Scanner in \u003d new Scanner(System.in);","lastModifiedDate":"2023-01-28"},{"lineNumber":31,"author":{"gitId":"jingyaaa"},"content":"        String input \u003d in.nextLine();","lastModifiedDate":"2023-01-28"},{"lineNumber":32,"author":{"gitId":"jingyaaa"},"content":"        return input;","lastModifiedDate":"2023-01-28"},{"lineNumber":33,"author":{"gitId":"jingyaaa"},"content":"    }","lastModifiedDate":"2023-01-28"},{"lineNumber":34,"author":{"gitId":"jingyaaa"},"content":"","lastModifiedDate":"2023-01-28"},{"lineNumber":35,"author":{"gitId":"jingyaaa"},"content":"    public static void addTask(String userInput) {","lastModifiedDate":"2023-01-30"},{"lineNumber":36,"author":{"gitId":"jingyaaa"},"content":"        list[listCount] \u003d userInput;","lastModifiedDate":"2023-01-30"},{"lineNumber":37,"author":{"gitId":"jingyaaa"},"content":"        listCount ++;","lastModifiedDate":"2023-01-30"},{"lineNumber":38,"author":{"gitId":"jingyaaa"},"content":"    }","lastModifiedDate":"2023-01-30"},{"lineNumber":39,"author":{"gitId":"jingyaaa"},"content":"","lastModifiedDate":"2023-01-30"},{"lineNumber":40,"author":{"gitId":"jingyaaa"},"content":"    public static void echo() {","lastModifiedDate":"2023-01-28"},{"lineNumber":41,"author":{"gitId":"jingyaaa"},"content":"        for (int x \u003d 0; x \u003c 100; x +\u003d 1) {","lastModifiedDate":"2023-01-28"},{"lineNumber":42,"author":{"gitId":"jingyaaa"},"content":"            String command \u003d getUserInput();","lastModifiedDate":"2023-01-28"},{"lineNumber":43,"author":{"gitId":"jingyaaa"},"content":"            System.out.println(\"____________________________________________________________\");","lastModifiedDate":"2023-01-30"},{"lineNumber":44,"author":{"gitId":"jingyaaa"},"content":"            if (command.compareTo(\"bye\") \u003d\u003d 0) {","lastModifiedDate":"2023-01-28"},{"lineNumber":45,"author":{"gitId":"jingyaaa"},"content":"                System.out.println(\"Bye. Hope to see you again soon!\\n\" + \"____________________________________________________________\");","lastModifiedDate":"2023-01-30"},{"lineNumber":46,"author":{"gitId":"jingyaaa"},"content":"                break;","lastModifiedDate":"2023-01-28"},{"lineNumber":47,"author":{"gitId":"jingyaaa"},"content":"            } else if (command.compareTo(\"list\") \u003d\u003d 0) {","lastModifiedDate":"2023-01-30"},{"lineNumber":48,"author":{"gitId":"jingyaaa"},"content":"                for (int y \u003d 0; y \u003c listCount; y +\u003d 1) {","lastModifiedDate":"2023-01-30"},{"lineNumber":49,"author":{"gitId":"jingyaaa"},"content":"                    int taskN \u003d y + 1;","lastModifiedDate":"2023-01-30"},{"lineNumber":50,"author":{"gitId":"jingyaaa"},"content":"                    System.out.println(taskN + \". \" + list[y]);","lastModifiedDate":"2023-01-30"},{"lineNumber":51,"author":{"gitId":"jingyaaa"},"content":"                }","lastModifiedDate":"2023-01-30"},{"lineNumber":52,"author":{"gitId":"jingyaaa"},"content":"                System.out.println(\"____________________________________________________________\");","lastModifiedDate":"2023-01-30"},{"lineNumber":53,"author":{"gitId":"jingyaaa"},"content":"            } else {","lastModifiedDate":"2023-01-28"},{"lineNumber":54,"author":{"gitId":"jingyaaa"},"content":"                addTask(command);","lastModifiedDate":"2023-01-30"},{"lineNumber":55,"author":{"gitId":"jingyaaa"},"content":"                System.out.println(\"added: \" + command + \"\\n\" + \"____________________________________________________________\");","lastModifiedDate":"2023-01-30"},{"lineNumber":56,"author":{"gitId":"jingyaaa"},"content":"            }","lastModifiedDate":"2023-01-28"},{"lineNumber":57,"author":{"gitId":"jingyaaa"},"content":"        }","lastModifiedDate":"2023-01-28"},{"lineNumber":58,"author":{"gitId":"-"},"content":"    }","lastModifiedDate":"2023-01-28"},{"lineNumber":59,"author":{"gitId":"-"},"content":"}","lastModifiedDate":"2019-07-29"}],"authorContributionMap":{"jingyaaa":48,"-":11}}]
