{"authorDailyContributionsMap":{"0nandon":[{"date":"2023-01-27","commitResults":[{"hash":"74f185dca81cc8fa7fb6ebd7058b1d15af6b6017","messageTitle":"iP : level-0, simple greeting","messageBody":"","tags":["Level-0"],"fileTypesAndContributionMap":{"java":{"insertions":9,"deletions":6}}},{"hash":"a065a690cf8ee7af15437ff62f60b59d6569f03e","messageTitle":"iP : Level-1","messageBody":"","tags":["Level-1"],"fileTypesAndContributionMap":{"java":{"insertions":27,"deletions":7}}},{"hash":"7fed88437c27f33229e5207247307cbbf6fc54c8","messageTitle":"iP : Level-2","messageBody":"","tags":["Level-2"],"fileTypesAndContributionMap":{"java":{"insertions":22,"deletions":3}}}]},{"date":"2023-01-31","commitResults":[{"hash":"9d2fc160cb10f3109b6b97ee40fc4824dffcab85","messageTitle":"iP : Level-3","messageBody":"","fileTypesAndContributionMap":{"java":{"insertions":54,"deletions":31}}},{"hash":"9cd5377766f94bdf5bfea7a0eba122a275b82f28","messageTitle":"iP : Level-3","messageBody":"","tags":["Level-3","A-CodingStandard"],"fileTypesAndContributionMap":{"java":{"insertions":4,"deletions":4}}}]},{"date":"2023-02-02","commitResults":[{"hash":"d71477209b4893990518ba6f0a24a10211f1961e","messageTitle":"iP : Level-4","messageBody":"","tags":["Level-4"],"fileTypesAndContributionMap":{"java":{"insertions":90,"deletions":16}}},{"hash":"4dc9cbec1f926ae0cb28f4b039f1525aa7677e9b","messageTitle":"iP : A-CodeQuality","messageBody":"","fileTypesAndContributionMap":{"java":{"insertions":16,"deletions":34}}}]},{"date":"2023-02-03","commitResults":[{"hash":"cf445595c43bb9d8744c8c70c25cd0bed2f4ba91","messageTitle":"iP : A-CodeQuality","messageBody":"","fileTypesAndContributionMap":{"java":{"insertions":2,"deletions":1}}},{"hash":"c6634da02ebb8ec93821fb36bea1bc3db6946f4b","messageTitle":"iP : A-codeQulity","messageBody":"","fileTypesAndContributionMap":{"java":{"insertions":2,"deletions":1}}},{"hash":"daf3c4d6f17de333d1fa3101b46ac372f881e600","messageTitle":"iP : A-CodeQuality","messageBody":"","fileTypesAndContributionMap":{"java":{"insertions":29,"deletions":2}}},{"hash":"100ccd992064327c2bf9fb6557e10fbbacab2ad2","messageTitle":"iP : A-CodeQuality","messageBody":"","fileTypesAndContributionMap":{"java":{"insertions":12,"deletions":9}}}]},{"date":"2023-02-04","commitResults":[{"hash":"6ea67dff6caacd787076cb1ee6a12db364093f99","messageTitle":"iP : A-CodeQuality","messageBody":"","tags":["A-CodeQuality"],"fileTypesAndContributionMap":{"java":{"insertions":123,"deletions":58}}}]},{"date":"2023-02-10","commitResults":[{"hash":"450fe7af56a2dd296328a32dca350418586305c5","messageTitle":"iP : Level-5","messageBody":"","fileTypesAndContributionMap":{"java":{"insertions":36,"deletions":2},"bat":{"insertions":1,"deletions":1},"md":{"insertions":2,"deletions":2}}},{"hash":"aa9bea14998c1b1fb60fdf41d1f0b9ba6ef2f1b5","messageTitle":"iP : branch commit","messageBody":"","fileTypesAndContributionMap":{"java":{"insertions":13,"deletions":0}}},{"hash":"d874f4ddf93c7ca134661c286a48bb6c2b4694ba","messageTitle":"iP : A-Packages","messageBody":"","tags":["A-Packages"],"fileTypesAndContributionMap":{"java":{"insertions":18,"deletions":2}}}]},{"date":"2023-02-16","commitResults":[{"hash":"75f47370e50e6de9447bf7e4dd4f8b7fa0990562","messageTitle":"ip : A-Exceptions","messageBody":"","tags":["A-Exceptions"],"fileTypesAndContributionMap":{"java":{"insertions":26,"deletions":4}}},{"hash":"f4e0ef1cb878fda92308f3cbb189cbcb0c10499e","messageTitle":"ip : Level-6","messageBody":"","fileTypesAndContributionMap":{"java":{"insertions":34,"deletions":7}}},{"hash":"c276d8d54cd11a0b01658596fcd43e096d9bfb71","messageTitle":"iP : A-collections","messageBody":"","fileTypesAndContributionMap":{"java":{"insertions":24,"deletions":25}}}]},{"date":"2023-02-17","commitResults":[{"hash":"61b362d511f3981c2d2e8f8035b0aea95e686c77","messageTitle":"Revert \"iP : A-collections\"","messageBody":"This reverts commit c276d8d54cd11a0b01658596fcd43e096d9bfb71.\n","tags":["Level-6"],"fileTypesAndContributionMap":{"java":{"insertions":25,"deletions":24}}},{"hash":"66da535a48f7c3fdcc839018235cde8efecf6242","messageTitle":"ip : Level 7","messageBody":"","fileTypesAndContributionMap":{"java":{"insertions":155,"deletions":32}}},{"hash":"94ca7d718b84e011f28cbac63ac1293756799b40","messageTitle":"iP : revise","messageBody":"","fileTypesAndContributionMap":{"java":{"insertions":14,"deletions":3}}},{"hash":"805b8c3d93d79b32650ec3e0bce3f8d14b43dd15","messageTitle":"iP : revise","messageBody":"","tags":["Level-7"],"fileTypesAndContributionMap":{"java":{"insertions":0,"deletions":18}}},{"hash":"099be440181af9cb9f96ab0e3d8187452333aa5c","messageTitle":"iP : revise","messageBody":"","fileTypesAndContributionMap":{"java":{"insertions":1,"deletions":10}}},{"hash":"15bc022c703c39055d67ad7cc211fc5048a85c07","messageTitle":"iP : A-collections","messageBody":"","tags":["A-Jar","A-Collections"],"fileTypesAndContributionMap":{"java":{"insertions":55,"deletions":47}}}]},{"date":"2023-03-02","commitResults":[{"hash":"a02473a783997ea3451c63097013f89f1f91796d","messageTitle":"A-MoreOOP","messageBody":"","fileTypesAndContributionMap":{"java":{"insertions":274,"deletions":205}}},{"hash":"ebb08b59619b19fe30f0ea96dea7e20023755b5f","messageTitle":"A-MoreOOP","messageBody":"","fileTypesAndContributionMap":{"java":{"insertions":9,"deletions":14}}}]},{"date":"2023-03-03","commitResults":[{"hash":"a6be0bb9d3998583689f3b60423a758900f43128","messageTitle":"Level-8","messageBody":"","fileTypesAndContributionMap":{"java":{"insertions":18,"deletions":5}}},{"hash":"db10d3f982f733df73c2dabcf517c438673d259c","messageTitle":"A-MoreOOP","messageBody":"","tags":["A-MoreOOP"],"fileTypesAndContributionMap":{"java":{"insertions":5,"deletions":1}}},{"hash":"f5251f1c3b46bbfbc76ae2cd122b1503e291678c","messageTitle":"Level-8","messageBody":"","fileTypesAndContributionMap":{"java":{"insertions":28,"deletions":15}}},{"hash":"788a12c20954e0f37432ce59da100cc2975100ec","messageTitle":"Level-8","messageBody":"","fileTypesAndContributionMap":{"java":{"insertions":10,"deletions":9}}},{"hash":"df8b997fdf65dc82bc8811514a32f83c70c7f67e","messageTitle":"Level-9","messageBody":"","fileTypesAndContributionMap":{"java":{"insertions":28,"deletions":3}}},{"hash":"f44cddab3a947cc730a5559e69e448bd03dfbfb5","messageTitle":"A-JavaDoc","messageBody":"","fileTypesAndContributionMap":{"java":{"insertions":48,"deletions":0}}}]}]},"authorFileTypeContributionMap":{"0nandon":{"java":626,"md":2,"fxml":0,"sh":0,"bat":1,"gradle":0,"txt":0}},"authorContributionVariance":{"0nandon":9147.81},"authorDisplayNameMap":{"0nandon":"CS2113-F10-2 LEE ..GJUN"}}
