{"authorDailyContributionsMap":{"0nandon":[{"date":"2023-01-27","commitResults":[{"hash":"74f185dca81cc8fa7fb6ebd7058b1d15af6b6017","messageTitle":"iP : level-0, simple greeting","messageBody":"","tags":["Level-0"],"fileTypesAndContributionMap":{"java":{"insertions":9,"deletions":6}}},{"hash":"a065a690cf8ee7af15437ff62f60b59d6569f03e","messageTitle":"iP : Level-1","messageBody":"","tags":["Level-1"],"fileTypesAndContributionMap":{"java":{"insertions":27,"deletions":7}}},{"hash":"7fed88437c27f33229e5207247307cbbf6fc54c8","messageTitle":"iP : Level-2","messageBody":"","tags":["Level-2"],"fileTypesAndContributionMap":{"java":{"insertions":22,"deletions":3}}}]}]},"authorFileTypeContributionMap":{"0nandon":{"java":48,"md":0,"fxml":0,"sh":0,"bat":0,"gradle":0,"txt":0}},"authorContributionVariance":{"0nandon":340.72888},"authorDisplayNameMap":{"0nandon":"LEE ..GJUN"}}
