{"authorDailyContributionsMap":{"calebcjl":[{"date":"2023-01-19","commitResults":[{"hash":"c5b2f773411a52a0922252b54af4df0bf2521b1d","messageTitle":"Rename chatbot to Nano and add greeting and exit message","messageBody":"","tags":["Level-0"],"fileTypesAndContributionMap":{"java":{"insertions":27,"deletions":10}}}]},{"date":"2023-01-25","commitResults":[{"hash":"8cb1426443436af7fbe0f33d5ea48fe8e4143610","messageTitle":"Add echo user input feature and exit condition","messageBody":"","tags":["Level-1"],"fileTypesAndContributionMap":{"java":{"insertions":10,"deletions":0}}}]}]},"authorFileTypeContributionMap":{"calebcjl":{"java":37,"md":0,"fxml":0,"sh":0,"bat":0,"gradle":0,"txt":0}},"authorContributionVariance":{"calebcjl":99.92901},"authorDisplayNameMap":{"calebcjl":"CS2113-T14-1 CALE..A LE"}}
