[{"path":"src/main/java/Deadline.java","fileType":"java","lines":[{"lineNumber":1,"author":{"gitId":"lil1n"},"content":"public class Deadline extends Task {","lastModifiedDate":"2023-01-29"},{"lineNumber":2,"author":{"gitId":"lil1n"},"content":"    // tasks that need to be done before a specific date/time","lastModifiedDate":"2023-01-29"},{"lineNumber":3,"author":{"gitId":"lil1n"},"content":"    protected String deadline;","lastModifiedDate":"2023-01-29"},{"lineNumber":4,"author":{"gitId":"lil1n"},"content":"    public Deadline() {","lastModifiedDate":"2023-01-29"},{"lineNumber":5,"author":{"gitId":"lil1n"},"content":"    }","lastModifiedDate":"2023-01-29"},{"lineNumber":6,"author":{"gitId":"lil1n"},"content":"","lastModifiedDate":"2023-01-29"},{"lineNumber":7,"author":{"gitId":"lil1n"},"content":"    public Deadline(String taskName, String deadline) {","lastModifiedDate":"2023-01-29"},{"lineNumber":8,"author":{"gitId":"lil1n"},"content":"        super(taskName);","lastModifiedDate":"2023-01-29"},{"lineNumber":9,"author":{"gitId":"lil1n"},"content":"        this.deadline \u003d deadline;","lastModifiedDate":"2023-01-29"},{"lineNumber":10,"author":{"gitId":"lil1n"},"content":"    }","lastModifiedDate":"2023-01-29"},{"lineNumber":11,"author":{"gitId":"lil1n"},"content":"","lastModifiedDate":"2023-01-29"},{"lineNumber":12,"author":{"gitId":"lil1n"},"content":"    @Override","lastModifiedDate":"2023-01-29"},{"lineNumber":13,"author":{"gitId":"lil1n"},"content":"    public String getFullTaskDetail() {","lastModifiedDate":"2023-01-29"},{"lineNumber":14,"author":{"gitId":"lil1n"},"content":"        String taskDetail;","lastModifiedDate":"2023-01-29"},{"lineNumber":15,"author":{"gitId":"lil1n"},"content":"        taskDetail \u003d \"[D][\" + getStatusIcon() + \"] \" + taskName + \" (by: \" + deadline + \")\";","lastModifiedDate":"2023-01-29"},{"lineNumber":16,"author":{"gitId":"lil1n"},"content":"        return taskDetail;","lastModifiedDate":"2023-01-29"},{"lineNumber":17,"author":{"gitId":"lil1n"},"content":"    }","lastModifiedDate":"2023-01-29"},{"lineNumber":18,"author":{"gitId":"lil1n"},"content":"}","lastModifiedDate":"2023-01-29"}],"authorContributionMap":{"lil1n":18}},{"path":"src/main/java/Duke.java","fileType":"java","lines":[{"lineNumber":1,"author":{"gitId":"lil1n"},"content":"import java.util.Scanner;","lastModifiedDate":"2023-01-23"},{"lineNumber":2,"author":{"gitId":"-"},"content":"public class Duke {","lastModifiedDate":"2019-07-29"},{"lineNumber":3,"author":{"gitId":"lil1n"},"content":"    private static final String SEGMENT_LINE \u003d \"____________________________________________________________\";","lastModifiedDate":"2023-01-29"},{"lineNumber":4,"author":{"gitId":"lil1n"},"content":"    public static final int MAX_TASKS \u003d 100;","lastModifiedDate":"2023-01-29"},{"lineNumber":5,"author":{"gitId":"lil1n"},"content":"","lastModifiedDate":"2023-01-29"},{"lineNumber":6,"author":{"gitId":"lil1n"},"content":"    public static void printGreeting() {","lastModifiedDate":"2023-01-29"},{"lineNumber":7,"author":{"gitId":"lil1n"},"content":"        String greetingText \u003d \" Hello! I\u0027m Duke\" + System.lineSeparator()","lastModifiedDate":"2023-01-29"},{"lineNumber":8,"author":{"gitId":"lil1n"},"content":"                + \" What can I do for you?\";","lastModifiedDate":"2023-01-18"},{"lineNumber":9,"author":{"gitId":"lil1n"},"content":"        System.out.println(SEGMENT_LINE);","lastModifiedDate":"2023-01-29"},{"lineNumber":10,"author":{"gitId":"lil1n"},"content":"        System.out.println(greetingText);","lastModifiedDate":"2023-01-29"},{"lineNumber":11,"author":{"gitId":"lil1n"},"content":"        System.out.println(SEGMENT_LINE + System.lineSeparator());","lastModifiedDate":"2023-01-29"},{"lineNumber":12,"author":{"gitId":"lil1n"},"content":"    }","lastModifiedDate":"2023-01-29"},{"lineNumber":13,"author":{"gitId":"lil1n"},"content":"","lastModifiedDate":"2023-01-29"},{"lineNumber":14,"author":{"gitId":"lil1n"},"content":"    public static void printBye() {","lastModifiedDate":"2023-01-29"},{"lineNumber":15,"author":{"gitId":"lil1n"},"content":"        String goodbyeText \u003d \" Bye. Hope to see you again soon!\";","lastModifiedDate":"2023-01-29"},{"lineNumber":16,"author":{"gitId":"lil1n"},"content":"        System.out.println(SEGMENT_LINE);","lastModifiedDate":"2023-01-29"},{"lineNumber":17,"author":{"gitId":"lil1n"},"content":"        System.out.println(goodbyeText);","lastModifiedDate":"2023-01-29"},{"lineNumber":18,"author":{"gitId":"lil1n"},"content":"        System.out.print(SEGMENT_LINE + System.lineSeparator());","lastModifiedDate":"2023-01-29"},{"lineNumber":19,"author":{"gitId":"lil1n"},"content":"    }","lastModifiedDate":"2023-01-29"},{"lineNumber":20,"author":{"gitId":"lil1n"},"content":"","lastModifiedDate":"2023-01-29"},{"lineNumber":21,"author":{"gitId":"lil1n"},"content":"    public static String readInput() {","lastModifiedDate":"2023-01-29"},{"lineNumber":22,"author":{"gitId":"lil1n"},"content":"        String input;","lastModifiedDate":"2023-01-29"},{"lineNumber":23,"author":{"gitId":"lil1n"},"content":"        Scanner in;","lastModifiedDate":"2023-01-29"},{"lineNumber":24,"author":{"gitId":"lil1n"},"content":"        in \u003d new Scanner(System.in);","lastModifiedDate":"2023-01-29"},{"lineNumber":25,"author":{"gitId":"lil1n"},"content":"        input \u003d in.nextLine();","lastModifiedDate":"2023-01-29"},{"lineNumber":26,"author":{"gitId":"lil1n"},"content":"        return input;","lastModifiedDate":"2023-01-29"},{"lineNumber":27,"author":{"gitId":"lil1n"},"content":"    }","lastModifiedDate":"2023-01-29"},{"lineNumber":28,"author":{"gitId":"lil1n"},"content":"","lastModifiedDate":"2023-01-29"},{"lineNumber":29,"author":{"gitId":"lil1n"},"content":"    public static String RunCommandAndReadNext(String input, Task[] tasks) {","lastModifiedDate":"2023-01-29"},{"lineNumber":30,"author":{"gitId":"lil1n"},"content":"        if (input.equals(\"list\")) {","lastModifiedDate":"2023-01-29"},{"lineNumber":31,"author":{"gitId":"lil1n"},"content":"            listTasks(tasks);","lastModifiedDate":"2023-01-29"},{"lineNumber":32,"author":{"gitId":"lil1n"},"content":"        } else {","lastModifiedDate":"2023-01-29"},{"lineNumber":33,"author":{"gitId":"lil1n"},"content":"            String[] arrayOfInput \u003d input.split(\" \");","lastModifiedDate":"2023-01-29"},{"lineNumber":34,"author":{"gitId":"lil1n"},"content":"            if (arrayOfInput.length \u003d\u003d 2 \u0026\u0026 arrayOfInput[0].equals(\"mark\")","lastModifiedDate":"2023-01-29"},{"lineNumber":35,"author":{"gitId":"lil1n"},"content":"                    \u0026\u0026 isStringInteger(arrayOfInput[1])) {","lastModifiedDate":"2023-01-29"},{"lineNumber":36,"author":{"gitId":"lil1n"},"content":"                // if command is \"mark \u003cdigit\u003e\"","lastModifiedDate":"2023-01-29"},{"lineNumber":37,"author":{"gitId":"lil1n"},"content":"                tasks[Integer.parseInt(arrayOfInput[1]) - 1].markAsDone();","lastModifiedDate":"2023-01-29"},{"lineNumber":38,"author":{"gitId":"lil1n"},"content":"                printMarkStatement(tasks[Integer.parseInt(arrayOfInput[1]) - 1].isDone,","lastModifiedDate":"2023-01-29"},{"lineNumber":39,"author":{"gitId":"lil1n"},"content":"                        tasks[Integer.parseInt(arrayOfInput[1]) - 1].taskName);","lastModifiedDate":"2023-01-29"},{"lineNumber":40,"author":{"gitId":"lil1n"},"content":"            } else if (arrayOfInput.length \u003d\u003d 2 \u0026\u0026 arrayOfInput[0].equals(\"unmark\")","lastModifiedDate":"2023-01-29"},{"lineNumber":41,"author":{"gitId":"lil1n"},"content":"                    \u0026\u0026 isStringInteger(arrayOfInput[1])) {","lastModifiedDate":"2023-01-29"},{"lineNumber":42,"author":{"gitId":"lil1n"},"content":"                // if command is \"unmark \u003cdigit\u003e\"","lastModifiedDate":"2023-01-29"},{"lineNumber":43,"author":{"gitId":"lil1n"},"content":"                tasks[Integer.parseInt(arrayOfInput[1]) - 1].markAsNotDone();","lastModifiedDate":"2023-01-29"},{"lineNumber":44,"author":{"gitId":"lil1n"},"content":"                printMarkStatement(tasks[Integer.parseInt(arrayOfInput[1]) - 1].isDone,","lastModifiedDate":"2023-01-29"},{"lineNumber":45,"author":{"gitId":"lil1n"},"content":"                        tasks[Integer.parseInt(arrayOfInput[1]) - 1].taskName);","lastModifiedDate":"2023-01-29"},{"lineNumber":46,"author":{"gitId":"lil1n"},"content":"            } else {","lastModifiedDate":"2023-01-29"},{"lineNumber":47,"author":{"gitId":"lil1n"},"content":"                addTask(input, tasks, arrayOfInput);","lastModifiedDate":"2023-01-29"},{"lineNumber":48,"author":{"gitId":"lil1n"},"content":"            }","lastModifiedDate":"2023-01-29"},{"lineNumber":49,"author":{"gitId":"lil1n"},"content":"        }","lastModifiedDate":"2023-01-29"},{"lineNumber":50,"author":{"gitId":"lil1n"},"content":"        input \u003d readInput();","lastModifiedDate":"2023-01-29"},{"lineNumber":51,"author":{"gitId":"lil1n"},"content":"        return input;","lastModifiedDate":"2023-01-29"},{"lineNumber":52,"author":{"gitId":"lil1n"},"content":"    }","lastModifiedDate":"2023-01-29"},{"lineNumber":53,"author":{"gitId":"lil1n"},"content":"","lastModifiedDate":"2023-01-29"},{"lineNumber":54,"author":{"gitId":"lil1n"},"content":"    public static void addTask(String input, Task[] tasks, String[] arrayOfInput) {","lastModifiedDate":"2023-01-29"},{"lineNumber":55,"author":{"gitId":"lil1n"},"content":"        if (arrayOfInput[0].equals(\"todo\")) {","lastModifiedDate":"2023-01-29"},{"lineNumber":56,"author":{"gitId":"lil1n"},"content":"            String taskName \u003d \"\";","lastModifiedDate":"2023-01-29"},{"lineNumber":57,"author":{"gitId":"lil1n"},"content":"            for (int i \u003d 1; i \u003c arrayOfInput.length; i +\u003d 1) {","lastModifiedDate":"2023-01-29"},{"lineNumber":58,"author":{"gitId":"lil1n"},"content":"                taskName +\u003d arrayOfInput[i];","lastModifiedDate":"2023-01-29"},{"lineNumber":59,"author":{"gitId":"lil1n"},"content":"                taskName +\u003d \" \";","lastModifiedDate":"2023-01-29"},{"lineNumber":60,"author":{"gitId":"lil1n"},"content":"            }","lastModifiedDate":"2023-01-29"},{"lineNumber":61,"author":{"gitId":"lil1n"},"content":"            tasks[Task.totalTasks] \u003d new Todo(taskName.trim());","lastModifiedDate":"2023-01-29"},{"lineNumber":62,"author":{"gitId":"lil1n"},"content":"        } else if (arrayOfInput[0].equals(\"deadline\")) {","lastModifiedDate":"2023-01-29"},{"lineNumber":63,"author":{"gitId":"lil1n"},"content":"            String taskName \u003d \"\";","lastModifiedDate":"2023-01-29"},{"lineNumber":64,"author":{"gitId":"lil1n"},"content":"            String deadline \u003d \"\";","lastModifiedDate":"2023-01-29"},{"lineNumber":65,"author":{"gitId":"lil1n"},"content":"            int arrayOfInputIndex \u003d 1;","lastModifiedDate":"2023-01-29"},{"lineNumber":66,"author":{"gitId":"lil1n"},"content":"            while (arrayOfInputIndex \u003c arrayOfInput.length \u0026\u0026 !arrayOfInput[arrayOfInputIndex].equals(\"/by\")) {","lastModifiedDate":"2023-01-29"},{"lineNumber":67,"author":{"gitId":"lil1n"},"content":"                taskName +\u003d arrayOfInput[arrayOfInputIndex];","lastModifiedDate":"2023-01-29"},{"lineNumber":68,"author":{"gitId":"lil1n"},"content":"                taskName +\u003d \" \";","lastModifiedDate":"2023-01-29"},{"lineNumber":69,"author":{"gitId":"lil1n"},"content":"                arrayOfInputIndex +\u003d 1;","lastModifiedDate":"2023-01-29"},{"lineNumber":70,"author":{"gitId":"lil1n"},"content":"            }","lastModifiedDate":"2023-01-29"},{"lineNumber":71,"author":{"gitId":"lil1n"},"content":"            arrayOfInputIndex +\u003d 1;","lastModifiedDate":"2023-01-29"},{"lineNumber":72,"author":{"gitId":"lil1n"},"content":"            while (arrayOfInputIndex \u003c arrayOfInput.length) {","lastModifiedDate":"2023-01-29"},{"lineNumber":73,"author":{"gitId":"lil1n"},"content":"                deadline +\u003d arrayOfInput[arrayOfInputIndex];","lastModifiedDate":"2023-01-29"},{"lineNumber":74,"author":{"gitId":"lil1n"},"content":"                deadline +\u003d \" \";","lastModifiedDate":"2023-01-29"},{"lineNumber":75,"author":{"gitId":"lil1n"},"content":"                arrayOfInputIndex +\u003d 1;","lastModifiedDate":"2023-01-29"},{"lineNumber":76,"author":{"gitId":"lil1n"},"content":"            }","lastModifiedDate":"2023-01-29"},{"lineNumber":77,"author":{"gitId":"lil1n"},"content":"            tasks[Task.totalTasks] \u003d new Deadline(taskName.trim(), deadline.trim());","lastModifiedDate":"2023-01-29"},{"lineNumber":78,"author":{"gitId":"lil1n"},"content":"        } else if (arrayOfInput[0].equals(\"event\")) {","lastModifiedDate":"2023-01-29"},{"lineNumber":79,"author":{"gitId":"lil1n"},"content":"            String taskName \u003d \"\";","lastModifiedDate":"2023-01-29"},{"lineNumber":80,"author":{"gitId":"lil1n"},"content":"            String startDateTime \u003d \"\";","lastModifiedDate":"2023-01-29"},{"lineNumber":81,"author":{"gitId":"lil1n"},"content":"            String endDateTime \u003d \"\";","lastModifiedDate":"2023-01-29"},{"lineNumber":82,"author":{"gitId":"lil1n"},"content":"            int arrayOfInputIndex \u003d 1;","lastModifiedDate":"2023-01-29"},{"lineNumber":83,"author":{"gitId":"lil1n"},"content":"            while (arrayOfInputIndex \u003c arrayOfInput.length \u0026\u0026 !arrayOfInput[arrayOfInputIndex].equals(\"/from\")) {","lastModifiedDate":"2023-01-29"},{"lineNumber":84,"author":{"gitId":"lil1n"},"content":"                taskName +\u003d arrayOfInput[arrayOfInputIndex];","lastModifiedDate":"2023-01-29"},{"lineNumber":85,"author":{"gitId":"lil1n"},"content":"                taskName +\u003d \" \";","lastModifiedDate":"2023-01-29"},{"lineNumber":86,"author":{"gitId":"lil1n"},"content":"                arrayOfInputIndex +\u003d 1;","lastModifiedDate":"2023-01-29"},{"lineNumber":87,"author":{"gitId":"lil1n"},"content":"            }","lastModifiedDate":"2023-01-29"},{"lineNumber":88,"author":{"gitId":"lil1n"},"content":"            arrayOfInputIndex +\u003d 1;","lastModifiedDate":"2023-01-29"},{"lineNumber":89,"author":{"gitId":"lil1n"},"content":"            while (arrayOfInputIndex \u003c arrayOfInput.length \u0026\u0026 !arrayOfInput[arrayOfInputIndex].equals(\"/to\")) {","lastModifiedDate":"2023-01-29"},{"lineNumber":90,"author":{"gitId":"lil1n"},"content":"                startDateTime +\u003d arrayOfInput[arrayOfInputIndex];","lastModifiedDate":"2023-01-29"},{"lineNumber":91,"author":{"gitId":"lil1n"},"content":"                startDateTime +\u003d \" \";","lastModifiedDate":"2023-01-29"},{"lineNumber":92,"author":{"gitId":"lil1n"},"content":"                arrayOfInputIndex +\u003d 1;","lastModifiedDate":"2023-01-29"},{"lineNumber":93,"author":{"gitId":"lil1n"},"content":"            }","lastModifiedDate":"2023-01-29"},{"lineNumber":94,"author":{"gitId":"lil1n"},"content":"            arrayOfInputIndex +\u003d 1;","lastModifiedDate":"2023-01-29"},{"lineNumber":95,"author":{"gitId":"lil1n"},"content":"            while (arrayOfInputIndex \u003c arrayOfInput.length) {","lastModifiedDate":"2023-01-29"},{"lineNumber":96,"author":{"gitId":"lil1n"},"content":"                endDateTime +\u003d arrayOfInput[arrayOfInputIndex];","lastModifiedDate":"2023-01-29"},{"lineNumber":97,"author":{"gitId":"lil1n"},"content":"                endDateTime +\u003d \" \";","lastModifiedDate":"2023-01-29"},{"lineNumber":98,"author":{"gitId":"lil1n"},"content":"                arrayOfInputIndex +\u003d 1;","lastModifiedDate":"2023-01-29"},{"lineNumber":99,"author":{"gitId":"lil1n"},"content":"            }","lastModifiedDate":"2023-01-29"},{"lineNumber":100,"author":{"gitId":"lil1n"},"content":"            tasks[Task.totalTasks] \u003d new Event(taskName.trim(), startDateTime.trim(), endDateTime.trim());","lastModifiedDate":"2023-01-29"},{"lineNumber":101,"author":{"gitId":"lil1n"},"content":"        } else {","lastModifiedDate":"2023-01-29"},{"lineNumber":102,"author":{"gitId":"lil1n"},"content":"            tasks[Task.totalTasks] \u003d new Task(input);","lastModifiedDate":"2023-01-29"},{"lineNumber":103,"author":{"gitId":"lil1n"},"content":"        }","lastModifiedDate":"2023-01-29"},{"lineNumber":104,"author":{"gitId":"lil1n"},"content":"        echoAddTasks(tasks);","lastModifiedDate":"2023-01-29"},{"lineNumber":105,"author":{"gitId":"lil1n"},"content":"        Task.incrementTotalTasks();","lastModifiedDate":"2023-01-29"},{"lineNumber":106,"author":{"gitId":"lil1n"},"content":"    }","lastModifiedDate":"2023-01-29"},{"lineNumber":107,"author":{"gitId":"lil1n"},"content":"","lastModifiedDate":"2023-01-29"},{"lineNumber":108,"author":{"gitId":"lil1n"},"content":"    public static void echoAddTasks(Task[] tasks) { // check this output, alignment","lastModifiedDate":"2023-01-29"},{"lineNumber":109,"author":{"gitId":"lil1n"},"content":"        System.out.println(SEGMENT_LINE);","lastModifiedDate":"2023-01-29"},{"lineNumber":110,"author":{"gitId":"lil1n"},"content":"        int numberOfTasks \u003d Task.totalTasks + 1;","lastModifiedDate":"2023-01-29"},{"lineNumber":111,"author":{"gitId":"lil1n"},"content":"        String output \u003d \" The following task has been added:\" + System.lineSeparator()","lastModifiedDate":"2023-01-29"},{"lineNumber":112,"author":{"gitId":"lil1n"},"content":"                + \"   \" + tasks[Task.totalTasks].getFullTaskDetail() + System.lineSeparator()","lastModifiedDate":"2023-01-29"},{"lineNumber":113,"author":{"gitId":"lil1n"},"content":"                + \" There is now \" + numberOfTasks + \" task[s] in total.\";","lastModifiedDate":"2023-01-29"},{"lineNumber":114,"author":{"gitId":"lil1n"},"content":"        System.out.println(output);","lastModifiedDate":"2023-01-29"},{"lineNumber":115,"author":{"gitId":"lil1n"},"content":"        System.out.println(SEGMENT_LINE + System.lineSeparator());","lastModifiedDate":"2023-01-29"},{"lineNumber":116,"author":{"gitId":"lil1n"},"content":"    }","lastModifiedDate":"2023-01-29"},{"lineNumber":117,"author":{"gitId":"lil1n"},"content":"","lastModifiedDate":"2023-01-29"},{"lineNumber":118,"author":{"gitId":"lil1n"},"content":"    public static void listTasks(Task[] tasks) {","lastModifiedDate":"2023-01-29"},{"lineNumber":119,"author":{"gitId":"lil1n"},"content":"        System.out.println(SEGMENT_LINE);","lastModifiedDate":"2023-01-29"},{"lineNumber":120,"author":{"gitId":"lil1n"},"content":"        if (Task.totalTasks \u003d\u003d 0) {","lastModifiedDate":"2023-01-29"},{"lineNumber":121,"author":{"gitId":"lil1n"},"content":"            System.out.println(\" The list is empty!\");","lastModifiedDate":"2023-01-23"},{"lineNumber":122,"author":{"gitId":"lil1n"},"content":"        } else {","lastModifiedDate":"2023-01-23"},{"lineNumber":123,"author":{"gitId":"lil1n"},"content":"            System.out.println(\" Here are the tasks in your lists:\");","lastModifiedDate":"2023-01-24"},{"lineNumber":124,"author":{"gitId":"lil1n"},"content":"            for (int i \u003d 0; i \u003c Task.totalTasks; i +\u003d 1) {","lastModifiedDate":"2023-01-29"},{"lineNumber":125,"author":{"gitId":"lil1n"},"content":"                System.out.println(\" \" + (i + 1) + \".\" + tasks[i].getFullTaskDetail());","lastModifiedDate":"2023-01-29"},{"lineNumber":126,"author":{"gitId":"lil1n"},"content":"                //System.out.println(\" \" + (i + 1) + \".[\" + tasks[i].getStatusIcon() + \"] \" + tasks[i].taskName);","lastModifiedDate":"2023-01-29"},{"lineNumber":127,"author":{"gitId":"lil1n"},"content":"            }","lastModifiedDate":"2023-01-29"},{"lineNumber":128,"author":{"gitId":"lil1n"},"content":"        }","lastModifiedDate":"2023-01-29"},{"lineNumber":129,"author":{"gitId":"lil1n"},"content":"        System.out.println(SEGMENT_LINE + System.lineSeparator());","lastModifiedDate":"2023-01-29"},{"lineNumber":130,"author":{"gitId":"lil1n"},"content":"    }","lastModifiedDate":"2023-01-29"},{"lineNumber":131,"author":{"gitId":"lil1n"},"content":"","lastModifiedDate":"2023-01-29"},{"lineNumber":132,"author":{"gitId":"lil1n"},"content":"    public static boolean isStringInteger(String input) {","lastModifiedDate":"2023-01-29"},{"lineNumber":133,"author":{"gitId":"lil1n"},"content":"        // takes in a string and checks whether the string only contains digits","lastModifiedDate":"2023-01-29"},{"lineNumber":134,"author":{"gitId":"lil1n"},"content":"        char[] inputInArray \u003d input.toCharArray();","lastModifiedDate":"2023-01-29"},{"lineNumber":135,"author":{"gitId":"lil1n"},"content":"        for (int i \u003d 0; i \u003c inputInArray.length; i +\u003d 1) {","lastModifiedDate":"2023-01-29"},{"lineNumber":136,"author":{"gitId":"lil1n"},"content":"            if (!Character.isDigit(inputInArray[i])) {","lastModifiedDate":"2023-01-29"},{"lineNumber":137,"author":{"gitId":"lil1n"},"content":"                return false;","lastModifiedDate":"2023-01-29"},{"lineNumber":138,"author":{"gitId":"lil1n"},"content":"            }","lastModifiedDate":"2023-01-23"},{"lineNumber":139,"author":{"gitId":"lil1n"},"content":"        }","lastModifiedDate":"2023-01-23"},{"lineNumber":140,"author":{"gitId":"lil1n"},"content":"        return true;","lastModifiedDate":"2023-01-29"},{"lineNumber":141,"author":{"gitId":"lil1n"},"content":"    }","lastModifiedDate":"2023-01-24"},{"lineNumber":142,"author":{"gitId":"lil1n"},"content":"","lastModifiedDate":"2023-01-24"},{"lineNumber":143,"author":{"gitId":"lil1n"},"content":"    public static void printMarkStatement(boolean isDone, String taskName) {","lastModifiedDate":"2023-01-29"},{"lineNumber":144,"author":{"gitId":"lil1n"},"content":"        System.out.println(SEGMENT_LINE);","lastModifiedDate":"2023-01-29"},{"lineNumber":145,"author":{"gitId":"lil1n"},"content":"        if (isDone) {","lastModifiedDate":"2023-01-29"},{"lineNumber":146,"author":{"gitId":"lil1n"},"content":"            System.out.println(\" Nice! I\u0027ve marked this task as done:\");","lastModifiedDate":"2023-01-24"},{"lineNumber":147,"author":{"gitId":"lil1n"},"content":"            System.out.println(\"   [X] \" + taskName);","lastModifiedDate":"2023-01-24"},{"lineNumber":148,"author":{"gitId":"lil1n"},"content":"        } else {","lastModifiedDate":"2023-01-24"},{"lineNumber":149,"author":{"gitId":"lil1n"},"content":"            System.out.println(\" OK, I\u0027ve marked this task as not done yet:\");","lastModifiedDate":"2023-01-24"},{"lineNumber":150,"author":{"gitId":"lil1n"},"content":"            System.out.println(\"   [ ] \" + taskName);","lastModifiedDate":"2023-01-24"},{"lineNumber":151,"author":{"gitId":"lil1n"},"content":"        }","lastModifiedDate":"2023-01-24"},{"lineNumber":152,"author":{"gitId":"lil1n"},"content":"        System.out.println(SEGMENT_LINE + System.lineSeparator());","lastModifiedDate":"2023-01-29"},{"lineNumber":153,"author":{"gitId":"lil1n"},"content":"    }","lastModifiedDate":"2023-01-23"},{"lineNumber":154,"author":{"gitId":"lil1n"},"content":"","lastModifiedDate":"2023-01-29"},{"lineNumber":155,"author":{"gitId":"-"},"content":"    public static void main(String[] args) {","lastModifiedDate":"2019-07-29"},{"lineNumber":156,"author":{"gitId":"lil1n"},"content":"        printGreeting();","lastModifiedDate":"2023-01-29"},{"lineNumber":157,"author":{"gitId":"lil1n"},"content":"        Task[] tasks \u003d new Task[MAX_TASKS];","lastModifiedDate":"2023-01-29"},{"lineNumber":158,"author":{"gitId":"lil1n"},"content":"        String input \u003d readInput();","lastModifiedDate":"2023-01-29"},{"lineNumber":159,"author":{"gitId":"lil1n"},"content":"        while (!input.equals(\"bye\")) {","lastModifiedDate":"2023-01-29"},{"lineNumber":160,"author":{"gitId":"lil1n"},"content":"            input \u003d RunCommandAndReadNext(input, tasks);","lastModifiedDate":"2023-01-29"},{"lineNumber":161,"author":{"gitId":"lil1n"},"content":"        }","lastModifiedDate":"2023-01-23"},{"lineNumber":162,"author":{"gitId":"lil1n"},"content":"        printBye();","lastModifiedDate":"2023-01-29"},{"lineNumber":163,"author":{"gitId":"-"},"content":"    }","lastModifiedDate":"2019-07-29"},{"lineNumber":164,"author":{"gitId":"-"},"content":"}","lastModifiedDate":"2019-07-29"}],"authorContributionMap":{"-":4,"lil1n":160}},{"path":"src/main/java/Event.java","fileType":"java","lines":[{"lineNumber":1,"author":{"gitId":"lil1n"},"content":"public class Event extends Task {","lastModifiedDate":"2023-01-29"},{"lineNumber":2,"author":{"gitId":"lil1n"},"content":"    // tasks that start at a specific date/time and ends at specific date/time","lastModifiedDate":"2023-01-29"},{"lineNumber":3,"author":{"gitId":"lil1n"},"content":"    protected String startDateTime;","lastModifiedDate":"2023-01-29"},{"lineNumber":4,"author":{"gitId":"lil1n"},"content":"    protected String endDateTime;","lastModifiedDate":"2023-01-29"},{"lineNumber":5,"author":{"gitId":"lil1n"},"content":"    public Event() {","lastModifiedDate":"2023-01-29"},{"lineNumber":6,"author":{"gitId":"lil1n"},"content":"    }","lastModifiedDate":"2023-01-29"},{"lineNumber":7,"author":{"gitId":"lil1n"},"content":"","lastModifiedDate":"2023-01-29"},{"lineNumber":8,"author":{"gitId":"lil1n"},"content":"    public Event(String taskName, String startDateTime, String endDateTime) {","lastModifiedDate":"2023-01-29"},{"lineNumber":9,"author":{"gitId":"lil1n"},"content":"        super(taskName);","lastModifiedDate":"2023-01-29"},{"lineNumber":10,"author":{"gitId":"lil1n"},"content":"        this.startDateTime \u003d startDateTime;","lastModifiedDate":"2023-01-29"},{"lineNumber":11,"author":{"gitId":"lil1n"},"content":"        this.endDateTime \u003d endDateTime;","lastModifiedDate":"2023-01-29"},{"lineNumber":12,"author":{"gitId":"lil1n"},"content":"    }","lastModifiedDate":"2023-01-29"},{"lineNumber":13,"author":{"gitId":"lil1n"},"content":"","lastModifiedDate":"2023-01-29"},{"lineNumber":14,"author":{"gitId":"lil1n"},"content":"    @Override","lastModifiedDate":"2023-01-29"},{"lineNumber":15,"author":{"gitId":"lil1n"},"content":"    public String getFullTaskDetail() {","lastModifiedDate":"2023-01-29"},{"lineNumber":16,"author":{"gitId":"lil1n"},"content":"        String taskDetail;","lastModifiedDate":"2023-01-29"},{"lineNumber":17,"author":{"gitId":"lil1n"},"content":"        taskDetail \u003d \"[E][\" + getStatusIcon() + \"] \" + taskName + \" (from: \" + startDateTime + \" to: \"","lastModifiedDate":"2023-01-29"},{"lineNumber":18,"author":{"gitId":"lil1n"},"content":"                + endDateTime + \")\";","lastModifiedDate":"2023-01-29"},{"lineNumber":19,"author":{"gitId":"lil1n"},"content":"        return taskDetail;","lastModifiedDate":"2023-01-29"},{"lineNumber":20,"author":{"gitId":"lil1n"},"content":"    }","lastModifiedDate":"2023-01-29"},{"lineNumber":21,"author":{"gitId":"lil1n"},"content":"}","lastModifiedDate":"2023-01-29"}],"authorContributionMap":{"lil1n":21}},{"path":"src/main/java/Task.java","fileType":"java","lines":[{"lineNumber":1,"author":{"gitId":"lil1n"},"content":"public class Task {","lastModifiedDate":"2023-01-24"},{"lineNumber":2,"author":{"gitId":"lil1n"},"content":"    protected String taskName;","lastModifiedDate":"2023-01-24"},{"lineNumber":3,"author":{"gitId":"lil1n"},"content":"    protected boolean isDone;","lastModifiedDate":"2023-01-24"},{"lineNumber":4,"author":{"gitId":"lil1n"},"content":"    protected static int totalTasks \u003d 0;","lastModifiedDate":"2023-01-29"},{"lineNumber":5,"author":{"gitId":"lil1n"},"content":"","lastModifiedDate":"2023-01-29"},{"lineNumber":6,"author":{"gitId":"lil1n"},"content":"    public Task() {","lastModifiedDate":"2023-01-29"},{"lineNumber":7,"author":{"gitId":"lil1n"},"content":"    }","lastModifiedDate":"2023-01-29"},{"lineNumber":8,"author":{"gitId":"lil1n"},"content":"","lastModifiedDate":"2023-01-24"},{"lineNumber":9,"author":{"gitId":"lil1n"},"content":"    public Task(String taskName) {","lastModifiedDate":"2023-01-24"},{"lineNumber":10,"author":{"gitId":"lil1n"},"content":"        this.taskName \u003d taskName;","lastModifiedDate":"2023-01-24"},{"lineNumber":11,"author":{"gitId":"lil1n"},"content":"        this.isDone \u003d false;","lastModifiedDate":"2023-01-24"},{"lineNumber":12,"author":{"gitId":"lil1n"},"content":"    }","lastModifiedDate":"2023-01-24"},{"lineNumber":13,"author":{"gitId":"lil1n"},"content":"","lastModifiedDate":"2023-01-24"},{"lineNumber":14,"author":{"gitId":"lil1n"},"content":"    public static void incrementTotalTasks() {","lastModifiedDate":"2023-01-29"},{"lineNumber":15,"author":{"gitId":"lil1n"},"content":"        totalTasks +\u003d 1;","lastModifiedDate":"2023-01-29"},{"lineNumber":16,"author":{"gitId":"lil1n"},"content":"    }","lastModifiedDate":"2023-01-29"},{"lineNumber":17,"author":{"gitId":"lil1n"},"content":"","lastModifiedDate":"2023-01-29"},{"lineNumber":18,"author":{"gitId":"lil1n"},"content":"    public String getStatusIcon() {","lastModifiedDate":"2023-01-24"},{"lineNumber":19,"author":{"gitId":"lil1n"},"content":"        if (isDone) {","lastModifiedDate":"2023-01-24"},{"lineNumber":20,"author":{"gitId":"lil1n"},"content":"            return \"X\";","lastModifiedDate":"2023-01-24"},{"lineNumber":21,"author":{"gitId":"lil1n"},"content":"        }","lastModifiedDate":"2023-01-24"},{"lineNumber":22,"author":{"gitId":"lil1n"},"content":"        return \" \";","lastModifiedDate":"2023-01-24"},{"lineNumber":23,"author":{"gitId":"lil1n"},"content":"    }","lastModifiedDate":"2023-01-24"},{"lineNumber":24,"author":{"gitId":"lil1n"},"content":"","lastModifiedDate":"2023-01-24"},{"lineNumber":25,"author":{"gitId":"lil1n"},"content":"    public String getFullTaskDetail() {","lastModifiedDate":"2023-01-29"},{"lineNumber":26,"author":{"gitId":"lil1n"},"content":"        String taskDetail;","lastModifiedDate":"2023-01-29"},{"lineNumber":27,"author":{"gitId":"lil1n"},"content":"        taskDetail \u003d \"[\" + getStatusIcon() + \"] \" + taskName;","lastModifiedDate":"2023-01-29"},{"lineNumber":28,"author":{"gitId":"lil1n"},"content":"        return taskDetail;","lastModifiedDate":"2023-01-29"},{"lineNumber":29,"author":{"gitId":"lil1n"},"content":"    }","lastModifiedDate":"2023-01-29"},{"lineNumber":30,"author":{"gitId":"lil1n"},"content":"","lastModifiedDate":"2023-01-29"},{"lineNumber":31,"author":{"gitId":"lil1n"},"content":"    public void markAsDone() {","lastModifiedDate":"2023-01-24"},{"lineNumber":32,"author":{"gitId":"lil1n"},"content":"        this.isDone \u003d true;","lastModifiedDate":"2023-01-24"},{"lineNumber":33,"author":{"gitId":"lil1n"},"content":"    }","lastModifiedDate":"2023-01-24"},{"lineNumber":34,"author":{"gitId":"lil1n"},"content":"","lastModifiedDate":"2023-01-24"},{"lineNumber":35,"author":{"gitId":"lil1n"},"content":"    public void markAsNotDone() {","lastModifiedDate":"2023-01-24"},{"lineNumber":36,"author":{"gitId":"lil1n"},"content":"        this.isDone \u003d false;","lastModifiedDate":"2023-01-24"},{"lineNumber":37,"author":{"gitId":"lil1n"},"content":"    }","lastModifiedDate":"2023-01-24"},{"lineNumber":38,"author":{"gitId":"lil1n"},"content":"}","lastModifiedDate":"2023-01-24"}],"authorContributionMap":{"lil1n":38}},{"path":"src/main/java/Todo.java","fileType":"java","lines":[{"lineNumber":1,"author":{"gitId":"lil1n"},"content":"public class Todo extends Task {","lastModifiedDate":"2023-01-29"},{"lineNumber":2,"author":{"gitId":"lil1n"},"content":"    // tasks without any date/time attached to it","lastModifiedDate":"2023-01-29"},{"lineNumber":3,"author":{"gitId":"lil1n"},"content":"    public Todo() {","lastModifiedDate":"2023-01-29"},{"lineNumber":4,"author":{"gitId":"lil1n"},"content":"    }","lastModifiedDate":"2023-01-29"},{"lineNumber":5,"author":{"gitId":"lil1n"},"content":"","lastModifiedDate":"2023-01-29"},{"lineNumber":6,"author":{"gitId":"lil1n"},"content":"    public Todo(String taskName) {","lastModifiedDate":"2023-01-29"},{"lineNumber":7,"author":{"gitId":"lil1n"},"content":"        super(taskName);","lastModifiedDate":"2023-01-29"},{"lineNumber":8,"author":{"gitId":"lil1n"},"content":"    }","lastModifiedDate":"2023-01-29"},{"lineNumber":9,"author":{"gitId":"lil1n"},"content":"","lastModifiedDate":"2023-01-29"},{"lineNumber":10,"author":{"gitId":"lil1n"},"content":"    @Override","lastModifiedDate":"2023-01-29"},{"lineNumber":11,"author":{"gitId":"lil1n"},"content":"    public String getFullTaskDetail() {","lastModifiedDate":"2023-01-29"},{"lineNumber":12,"author":{"gitId":"lil1n"},"content":"        String taskDetail;","lastModifiedDate":"2023-01-29"},{"lineNumber":13,"author":{"gitId":"lil1n"},"content":"        taskDetail \u003d \"[T][\" + getStatusIcon() + \"] \" + taskName;","lastModifiedDate":"2023-01-29"},{"lineNumber":14,"author":{"gitId":"lil1n"},"content":"        return taskDetail;","lastModifiedDate":"2023-01-29"},{"lineNumber":15,"author":{"gitId":"lil1n"},"content":"    }","lastModifiedDate":"2023-01-29"},{"lineNumber":16,"author":{"gitId":"lil1n"},"content":"}","lastModifiedDate":"2023-01-29"}],"authorContributionMap":{"lil1n":16}}]
