{"authorDailyContributionsMap":{"varnika1402":[{"date":"2023-01-18","commitResults":[{"hash":"e415deb8559d948a6000ee480f3ef5c2b4deb435","messageTitle":"Level-0","messageBody":"","tags":["Level-0"],"fileTypesAndContributionMap":{"java":{"insertions":4,"deletions":0}}}]},{"date":"2023-01-20","commitResults":[{"hash":"3468fd0e75f82d2a87cb0641f21140f127cbd141","messageTitle":"Add Increment: Level-1","messageBody":"","tags":["Level-1"],"fileTypesAndContributionMap":{"java":{"insertions":20,"deletions":7}}},{"hash":"d519c132482b1fd6e73f10d9e16e01f2783ed6b4","messageTitle":"Add Increment: Level-2","messageBody":"","tags":["Level-2"],"fileTypesAndContributionMap":{"java":{"insertions":15,"deletions":3}}}]},{"date":"2023-01-24","commitResults":[{"hash":"65a797c8604e26a68dae52f1bd14f36d5da0b8e8","messageTitle":"Add Increment: Level-3","messageBody":"","tags":["Level-3"],"fileTypesAndContributionMap":{"java":{"insertions":65,"deletions":13}}}]},{"date":"2023-01-29","commitResults":[{"hash":"61400b6bf0dd3a903e86affba36ebd11ff836ac7","messageTitle":"Fixed coding standards","messageBody":"","tags":["A-CodingStandard"],"fileTypesAndContributionMap":{"java":{"insertions":73,"deletions":51}}},{"hash":"143e0f2f69289d338658c8ea68efe4aee56f46d7","messageTitle":"Add Increment: Level-4","messageBody":"","tags":["Level-4"],"fileTypesAndContributionMap":{"java":{"insertions":116,"deletions":35}}},{"hash":"998bab3b3c4c0d771d0e672b7740f814133679b9","messageTitle":"Improved code quality","messageBody":"","tags":["A-CodeQuality"],"fileTypesAndContributionMap":{"java":{"insertions":24,"deletions":21}}}]}]},"authorFileTypeContributionMap":{"varnika1402":{"java":193,"md":0,"fxml":0,"sh":0,"bat":0,"gradle":0,"txt":0}},"authorContributionVariance":{"varnika1402":5810.09},"authorDisplayNameMap":{"varnika1402":"CS2113-W13-4 VARN..TAVA"}}
