{"authorDailyContributionsMap":{"bentohset":[{"date":"2023-01-19","commitResults":[{"hash":"77bbe18cf938086968b133f93c5fd0e0edb88cda","isMergeCommit":false,"messageTitle":"Level-0","messageBody":"","tags":["Level-0"],"fileTypesAndContributionMap":{"java":{"insertions":11,"deletions":1}}}]},{"date":"2023-01-24","commitResults":[{"hash":"15007d6596b737e1a7ae905e0e789f02b8feec87","isMergeCommit":false,"messageTitle":"Add greet, echo and exit fuction","messageBody":"","tags":["Level-1"],"fileTypesAndContributionMap":{"java":{"insertions":50,"deletions":13}}},{"hash":"5c960e26259239b03d565d874065557866b7fd43","isMergeCommit":false,"messageTitle":"Add list and add to list function","messageBody":"","tags":["Level-2"],"fileTypesAndContributionMap":{"java":{"insertions":41,"deletions":18}}},{"hash":"6e24957798fa221c2ca0e97cd9f22d2664f5bf12","isMergeCommit":false,"messageTitle":"Add task.java","messageBody":"","tags":["A-Classes"],"fileTypesAndContributionMap":{"java":{"insertions":25,"deletions":0}}},{"hash":"e12dc003de4131b0b53f19d11bdf84031f839969","isMergeCommit":false,"messageTitle":"Add mark as done and undone","messageBody":"","tags":["Level-3"],"fileTypesAndContributionMap":{"java":{"insertions":48,"deletions":15}}}]},{"date":"2023-01-26","commitResults":[{"hash":"30e0479d7096fdd8841f51edbfc5a9dc7d290b07","isMergeCommit":false,"messageTitle":"Add Todos,Events and Deadlines","messageBody":"","tags":["Level-4"],"fileTypesAndContributionMap":{"java":{"insertions":144,"deletions":20}}},{"hash":"0d072ad4a4664607d3b6777e8d0d1cba3a814345","isMergeCommit":false,"messageTitle":"Reformat text styling","messageBody":"","fileTypesAndContributionMap":{"java":{"insertions":4,"deletions":2}}},{"hash":"52a259192960d3ed011cc62f53c4345e5c6af00b","isMergeCommit":false,"messageTitle":"Run text ui testing","messageBody":"","tags":["A-TextUiTesting"],"fileTypesAndContributionMap":{"txt":{"insertions":11,"deletions":0},"bat":{"insertions":1,"deletions":1}}}]},{"date":"2023-01-28","commitResults":[{"hash":"e178649e59f1fe07882b7898f475752517f28713","isMergeCommit":false,"messageTitle":"Refactor according to coding standard","messageBody":"","tags":["A-CodingStandard"],"fileTypesAndContributionMap":{"java":{"insertions":24,"deletions":24}}}]},{"date":"2023-01-30","commitResults":[{"hash":"0dc414a6188552c42897180840622d53c7f48d9a","isMergeCommit":false,"messageTitle":"Refactor code quality and OOP","messageBody":"","tags":["A-CodeQuality"],"fileTypesAndContributionMap":{"java":{"insertions":204,"deletions":196}}}]},{"date":"2023-02-04","commitResults":[{"hash":"004ffce1e46cf6c2ee1b54b40f05be76f312f8cf","isMergeCommit":false,"messageTitle":"Add exception handling classes","messageBody":"","fileTypesAndContributionMap":{"java":{"insertions":32,"deletions":0}}},{"hash":"c16147881f40e10caba1af993314f0f1e911fc7c","isMergeCommit":false,"messageTitle":"Implement exception handling","messageBody":"","fileTypesAndContributionMap":{"java":{"insertions":85,"deletions":95}}},{"hash":"90f291d90907f5f819c2d16e8a2e560200dd54b7","isMergeCommit":false,"messageTitle":"Refactor to code standards","messageBody":"","fileTypesAndContributionMap":{"java":{"insertions":24,"deletions":20}}},{"hash":"676364963dfa18849b2ca9953cfc2dd23c1cccb9","isMergeCommit":true,"messageTitle":"Merge branch \u0027branch-Level-5\u0027","messageBody":"","tags":["Level-5","A-Exceptions"],"fileTypesAndContributionMap":{}},{"hash":"ddc296973c056441e0bc50a82923c0790c95fecd","isMergeCommit":false,"messageTitle":"Package files","messageBody":"","fileTypesAndContributionMap":{"java":{"insertions":39,"deletions":10}}},{"hash":"b2e512da03d24508b619823b21bb267eeba8deb9","isMergeCommit":true,"messageTitle":"Merge branch \u0027branch-A-Packages\u0027","messageBody":"","tags":["A-Packages"],"fileTypesAndContributionMap":{}}]},{"date":"2023-02-12","commitResults":[{"hash":"f76bcb3ae264d04d86c43e6000699612b87ff20b","isMergeCommit":false,"messageTitle":"Add TaskList and delete method","messageBody":"","fileTypesAndContributionMap":{"java":{"insertions":134,"deletions":66}}},{"hash":"5ee3e2ca16902ac12fa3d9451321618a770aa97f","isMergeCommit":false,"messageTitle":"Add encoding format for saving","messageBody":"","fileTypesAndContributionMap":{"java":{"insertions":20,"deletions":0}}},{"hash":"425c34b6aafd09cdcc57e48692876e43eec04abe","isMergeCommit":false,"messageTitle":"Add FileManager to save tasks and refactored","messageBody":"","fileTypesAndContributionMap":{"java":{"insertions":325,"deletions":143}}},{"hash":"283e0d26778fdba5fd2728f67cd996f36a407f2a","isMergeCommit":true,"messageTitle":"Merge branch \u0027branch-Level-6\u0027","messageBody":"","tags":["Level-6","A-Collections"],"fileTypesAndContributionMap":{}},{"hash":"ac3391e6538b64d1a310b22b08371bc657efee84","isMergeCommit":true,"messageTitle":"Merge branch \u0027branch-Level-7\u0027","messageBody":"","tags":["Level-7"],"fileTypesAndContributionMap":{}},{"hash":"d002a4e1d67ee3b8c0baa2363978d3e88963a089","isMergeCommit":false,"messageTitle":"Bug fix for runtest.bat","messageBody":"","fileTypesAndContributionMap":{"txt":{"insertions":2,"deletions":0},"java":{"insertions":8,"deletions":5},"bat":{"insertions":2,"deletions":2}}}]},{"date":"2023-02-26","commitResults":[{"hash":"9c09499d255cb67cd2cc4129e2b4c5825d7f5dad","isMergeCommit":false,"messageTitle":"Add method getType and convert to abstract","messageBody":"","fileTypesAndContributionMap":{"java":{"insertions":15,"deletions":1}}},{"hash":"86bbb06a5d4a4d4d0398d539087154064ccc85f6","isMergeCommit":false,"messageTitle":"Add new methods getSize and get","messageBody":"","fileTypesAndContributionMap":{"java":{"insertions":19,"deletions":12}}},{"hash":"ec1f69a8112df2c182898b0d58f4b3ceaaca84f5","isMergeCommit":false,"messageTitle":"Abstracted commands into separate classes","messageBody":"","fileTypesAndContributionMap":{"java":{"insertions":89,"deletions":0}}},{"hash":"91f4ae41d1296bb170ad72f8f7893c9bd1c9d761","isMergeCommit":false,"messageTitle":"Fix exception error formatting bug","messageBody":"","fileTypesAndContributionMap":{"java":{"insertions":1,"deletions":1}}},{"hash":"7cdd392c1911cb76d5eaa7ada36ecc908c323dda","isMergeCommit":false,"messageTitle":"Add parsers","messageBody":"","tags":["A-MoreOOP"],"fileTypesAndContributionMap":{"java":{"insertions":149,"deletions":120}}},{"hash":"4b5141d3789c27c90d9d4b3a06167c67fc89372e","isMergeCommit":false,"messageTitle":"Reformat according to coding standards","messageBody":"","fileTypesAndContributionMap":{"java":{"insertions":4,"deletions":4}}},{"hash":"308aa4910704709d1d79ac14bfba4d145effdc7a","isMergeCommit":false,"messageTitle":"Add DateTime functionality","messageBody":"","fileTypesAndContributionMap":{"java":{"insertions":100,"deletions":14}}},{"hash":"b2c3582ae989b5171afa0bcd87f504689a6b1741","isMergeCommit":false,"messageTitle":"Add find feature","messageBody":"","fileTypesAndContributionMap":{"java":{"insertions":75,"deletions":4}}},{"hash":"de5f7b2fe212af36ca3101a5172a1ef4b5a88cac","isMergeCommit":true,"messageTitle":"Merge PR from branch-Level-8","messageBody":"Branch level 8","tags":["Level-8"],"fileTypesAndContributionMap":{}},{"hash":"1761807b64413105de859c4b6e338168ef31aa52","isMergeCommit":true,"messageTitle":"Merge branch \u0027master\u0027 into branch-Level-9","messageBody":"","fileTypesAndContributionMap":{}},{"hash":"c18089fa5f7674a93f9fb94bb04a298c56f68e8c","isMergeCommit":true,"messageTitle":"Merge PR from branch-Level-9","messageBody":"Merge branch-Level-9","tags":["Level-9"],"fileTypesAndContributionMap":{}},{"hash":"4b860fee6130ab73102a4eab2a4f21b19b943163","isMergeCommit":false,"messageTitle":"Add javadoc for all non-trivial public methods","messageBody":"","fileTypesAndContributionMap":{"java":{"insertions":142,"deletions":20}}},{"hash":"399eeb4d2d97d737b6d14086361ef20cee496e12","isMergeCommit":false,"messageTitle":"Rephrase javadoc","messageBody":"","fileTypesAndContributionMap":{"java":{"insertions":1,"deletions":0}}},{"hash":"1cbbe868ac55c9a68b8d68e519212346598d547c","isMergeCommit":true,"messageTitle":"Merge PR from branch-A-JavaDoc","messageBody":"Merge branch A-JavaDoc","tags":["A-JavaDoc"],"fileTypesAndContributionMap":{}},{"hash":"beceec049663a74a0e1d68234cdca4842eff3387","isMergeCommit":false,"messageTitle":"Edit logo","messageBody":"","fileTypesAndContributionMap":{"java":{"insertions":7,"deletions":5}}},{"hash":"91402cf4ee49ead7b33b4ecc40e75404073dd637","isMergeCommit":false,"messageTitle":"Update User Guide","messageBody":"","fileTypesAndContributionMap":{"md":{"insertions":184,"deletions":13}}}]},{"date":"2023-02-27","commitResults":[{"hash":"7e62ab3d7e20dcc0e3e9bcc3ef3ea3dcb1852d42","isMergeCommit":false,"messageTitle":"Edit User guide","messageBody":"","fileTypesAndContributionMap":{"md":{"insertions":17,"deletions":14}}},{"hash":"99df06ac092f5c125fdcac26abea0cef4c433a57","isMergeCommit":false,"messageTitle":"Edit style","messageBody":"","fileTypesAndContributionMap":{"md":{"insertions":18,"deletions":14}}},{"hash":"e79fe31a4efd0e71e7fabc87542354a14d2e0fab","isMergeCommit":false,"messageTitle":"Final edits","messageBody":"","fileTypesAndContributionMap":{"md":{"insertions":8,"deletions":8}}},{"hash":"68c79936d4dfadb541488903762c88bfb7face44","isMergeCommit":false,"messageTitle":"Edit example code blocks","messageBody":"","fileTypesAndContributionMap":{"md":{"insertions":7,"deletions":7}}},{"hash":"250c0cd8113c228b7c3fa2dc5dd83adfe35ad84d","isMergeCommit":false,"messageTitle":"Add emoji","messageBody":"","fileTypesAndContributionMap":{"md":{"insertions":6,"deletions":6}}},{"hash":"fa909cdcb3b723fae593b21e3b938a2b651113ad","isMergeCommit":false,"messageTitle":"Fix emoji bug","messageBody":"","tags":["A-UserGuide"],"fileTypesAndContributionMap":{"md":{"insertions":6,"deletions":6}}}]},{"date":"2023-03-02","commitResults":[{"hash":"a6dd98a6ab2c67e50a42b33d461b23a42e288d64","isMergeCommit":false,"messageTitle":"Debug save feature","messageBody":"","fileTypesAndContributionMap":{"java":{"insertions":4,"deletions":2}}},{"hash":"f003a5de500855d01e1051e9aa7871b00b77838e","isMergeCommit":false,"messageTitle":"Personalised and rebranded duke","messageBody":"","tags":["A-Release"],"fileTypesAndContributionMap":{"txt":{"insertions":0,"deletions":0},"java":{"insertions":163,"deletions":171},"md":{"insertions":16,"deletions":15}}}]},{"date":"2023-03-03","commitResults":[{"hash":"41b6d3ed6ce6c8a9135a397da29ee6eb72c17ffe","isMergeCommit":false,"messageTitle":"Edit typo","messageBody":"","fileTypesAndContributionMap":{"md":{"insertions":1,"deletions":1}}}]},{"date":"2023-03-04","commitResults":[{"hash":"75eb0ea5fdce8291bba75adbe1162ddaf0156b8d","isMergeCommit":false,"messageTitle":"Fix header links","messageBody":"","fileTypesAndContributionMap":{"md":{"insertions":31,"deletions":32}}}]}]},"authorFileTypeContributionMap":{"bentohset":{"java":947,"md":182,"fxml":0,"sh":0,"bat":2,"gradle":0,"txt":13}},"authorContributionVariance":{"bentohset":33768.895},"authorDisplayNameMap":{"bentohset":"CS2113-T11-2 BENJ.. TOH"}}
