[{"path":"src/main/java/Deadline.java","fileType":"java","lines":[{"lineNumber":1,"author":{"gitId":"PoobalanAatmikaLakshmi"},"content":"public class Deadline extends Todo {","lastModifiedDate":"2023-01-29"},{"lineNumber":2,"author":{"gitId":"PoobalanAatmikaLakshmi"},"content":"    String by;","lastModifiedDate":"2023-01-29"},{"lineNumber":3,"author":{"gitId":"PoobalanAatmikaLakshmi"},"content":"","lastModifiedDate":"2023-01-29"},{"lineNumber":4,"author":{"gitId":"PoobalanAatmikaLakshmi"},"content":"    public String getBy() {","lastModifiedDate":"2023-01-29"},{"lineNumber":5,"author":{"gitId":"PoobalanAatmikaLakshmi"},"content":"        return by;","lastModifiedDate":"2023-01-29"},{"lineNumber":6,"author":{"gitId":"PoobalanAatmikaLakshmi"},"content":"    }","lastModifiedDate":"2023-01-29"},{"lineNumber":7,"author":{"gitId":"PoobalanAatmikaLakshmi"},"content":"","lastModifiedDate":"2023-01-29"},{"lineNumber":8,"author":{"gitId":"PoobalanAatmikaLakshmi"},"content":"    public void setBy(String by) {","lastModifiedDate":"2023-01-29"},{"lineNumber":9,"author":{"gitId":"PoobalanAatmikaLakshmi"},"content":"        this.by \u003d by;","lastModifiedDate":"2023-01-29"},{"lineNumber":10,"author":{"gitId":"PoobalanAatmikaLakshmi"},"content":"    }","lastModifiedDate":"2023-01-29"},{"lineNumber":11,"author":{"gitId":"PoobalanAatmikaLakshmi"},"content":"","lastModifiedDate":"2023-01-29"},{"lineNumber":12,"author":{"gitId":"PoobalanAatmikaLakshmi"},"content":"    Deadline(String description, String by) {","lastModifiedDate":"2023-01-29"},{"lineNumber":13,"author":{"gitId":"PoobalanAatmikaLakshmi"},"content":"        super(description);","lastModifiedDate":"2023-01-29"},{"lineNumber":14,"author":{"gitId":"PoobalanAatmikaLakshmi"},"content":"        setBy(by);","lastModifiedDate":"2023-01-29"},{"lineNumber":15,"author":{"gitId":"PoobalanAatmikaLakshmi"},"content":"","lastModifiedDate":"2023-01-29"},{"lineNumber":16,"author":{"gitId":"PoobalanAatmikaLakshmi"},"content":"    }","lastModifiedDate":"2023-01-29"},{"lineNumber":17,"author":{"gitId":"PoobalanAatmikaLakshmi"},"content":"","lastModifiedDate":"2023-01-29"},{"lineNumber":18,"author":{"gitId":"PoobalanAatmikaLakshmi"},"content":"    @Override","lastModifiedDate":"2023-01-29"},{"lineNumber":19,"author":{"gitId":"PoobalanAatmikaLakshmi"},"content":"    public char getTypeIcon() {","lastModifiedDate":"2023-01-29"},{"lineNumber":20,"author":{"gitId":"PoobalanAatmikaLakshmi"},"content":"        return \u0027D\u0027;","lastModifiedDate":"2023-01-29"},{"lineNumber":21,"author":{"gitId":"PoobalanAatmikaLakshmi"},"content":"    }","lastModifiedDate":"2023-01-29"},{"lineNumber":22,"author":{"gitId":"PoobalanAatmikaLakshmi"},"content":"","lastModifiedDate":"2023-01-29"},{"lineNumber":23,"author":{"gitId":"PoobalanAatmikaLakshmi"},"content":"    @Override","lastModifiedDate":"2023-01-29"},{"lineNumber":24,"author":{"gitId":"PoobalanAatmikaLakshmi"},"content":"    public String getDescription() {","lastModifiedDate":"2023-01-29"},{"lineNumber":25,"author":{"gitId":"PoobalanAatmikaLakshmi"},"content":"        return super.getDescription() + by;","lastModifiedDate":"2023-01-29"},{"lineNumber":26,"author":{"gitId":"PoobalanAatmikaLakshmi"},"content":"    }","lastModifiedDate":"2023-01-29"},{"lineNumber":27,"author":{"gitId":"PoobalanAatmikaLakshmi"},"content":"}","lastModifiedDate":"2023-01-29"}],"authorContributionMap":{"PoobalanAatmikaLakshmi":27}},{"path":"src/main/java/Duke.java","fileType":"java","lines":[{"lineNumber":1,"author":{"gitId":"PoobalanAatmikaLakshmi"},"content":"","lastModifiedDate":"2023-01-22"},{"lineNumber":2,"author":{"gitId":"PoobalanAatmikaLakshmi"},"content":"import java.util.Scanner;","lastModifiedDate":"2023-01-22"},{"lineNumber":3,"author":{"gitId":"PoobalanAatmikaLakshmi"},"content":"import java.util.ArrayList;","lastModifiedDate":"2023-01-22"},{"lineNumber":4,"author":{"gitId":"PoobalanAatmikaLakshmi"},"content":"","lastModifiedDate":"2023-01-22"},{"lineNumber":5,"author":{"gitId":"-"},"content":"public class Duke {","lastModifiedDate":"2019-07-29"},{"lineNumber":6,"author":{"gitId":"PoobalanAatmikaLakshmi"},"content":"    static ArrayList\u003cTask\u003e list \u003d new ArrayList\u003cTask\u003e();","lastModifiedDate":"2023-01-29"},{"lineNumber":7,"author":{"gitId":"PoobalanAatmikaLakshmi"},"content":"","lastModifiedDate":"2023-01-29"},{"lineNumber":8,"author":{"gitId":"PoobalanAatmikaLakshmi"},"content":"    private static void addTasks(Task a) {","lastModifiedDate":"2023-01-29"},{"lineNumber":9,"author":{"gitId":"PoobalanAatmikaLakshmi"},"content":"        list.add(a);","lastModifiedDate":"2023-01-29"},{"lineNumber":10,"author":{"gitId":"PoobalanAatmikaLakshmi"},"content":"    }","lastModifiedDate":"2023-01-29"},{"lineNumber":11,"author":{"gitId":"PoobalanAatmikaLakshmi"},"content":"","lastModifiedDate":"2023-01-29"},{"lineNumber":12,"author":{"gitId":"-"},"content":"    public static void main(String[] args) {","lastModifiedDate":"2019-07-29"},{"lineNumber":13,"author":{"gitId":"-"},"content":"        String logo \u003d \" ____        _        \\n\"","lastModifiedDate":"2019-07-29"},{"lineNumber":14,"author":{"gitId":"-"},"content":"                + \"|  _ \\\\ _   _| | _____ \\n\"","lastModifiedDate":"2019-07-29"},{"lineNumber":15,"author":{"gitId":"-"},"content":"                + \"| | | | | | | |/ / _ \\\\\\n\"","lastModifiedDate":"2019-07-29"},{"lineNumber":16,"author":{"gitId":"-"},"content":"                + \"| |_| | |_| |   \u003c  __/\\n\"","lastModifiedDate":"2019-07-29"},{"lineNumber":17,"author":{"gitId":"-"},"content":"                + \"|____/ \\\\__,_|_|\\\\_\\\\___|\\n\";","lastModifiedDate":"2019-07-29"},{"lineNumber":18,"author":{"gitId":"PoobalanAatmikaLakshmi"},"content":"        System.out.println(\"Hello I am Baymax your personal life assistant \\n\" + logo);","lastModifiedDate":"2023-01-22"},{"lineNumber":19,"author":{"gitId":"PoobalanAatmikaLakshmi"},"content":"        System.out.println(\"What can I do for you today?\");","lastModifiedDate":"2023-01-22"},{"lineNumber":20,"author":{"gitId":"PoobalanAatmikaLakshmi"},"content":"        String line;","lastModifiedDate":"2023-01-22"},{"lineNumber":21,"author":{"gitId":"PoobalanAatmikaLakshmi"},"content":"        Scanner in \u003d new Scanner(System.in);","lastModifiedDate":"2023-01-22"},{"lineNumber":22,"author":{"gitId":"PoobalanAatmikaLakshmi"},"content":"","lastModifiedDate":"2023-01-29"},{"lineNumber":23,"author":{"gitId":"PoobalanAatmikaLakshmi"},"content":"","lastModifiedDate":"2023-01-29"},{"lineNumber":24,"author":{"gitId":"PoobalanAatmikaLakshmi"},"content":"        while (true) {","lastModifiedDate":"2023-01-22"},{"lineNumber":25,"author":{"gitId":"PoobalanAatmikaLakshmi"},"content":"            line \u003d in.nextLine();","lastModifiedDate":"2023-01-22"},{"lineNumber":26,"author":{"gitId":"PoobalanAatmikaLakshmi"},"content":"            String arr[] \u003d line.split(\" \", 2);","lastModifiedDate":"2023-01-22"},{"lineNumber":27,"author":{"gitId":"PoobalanAatmikaLakshmi"},"content":"            if (line.equals(\"bye\")) {","lastModifiedDate":"2023-01-22"},{"lineNumber":28,"author":{"gitId":"PoobalanAatmikaLakshmi"},"content":"                System.out.println(\"Bye see you again!\");","lastModifiedDate":"2023-01-13"},{"lineNumber":29,"author":{"gitId":"PoobalanAatmikaLakshmi"},"content":"                break;","lastModifiedDate":"2023-01-22"},{"lineNumber":30,"author":{"gitId":"PoobalanAatmikaLakshmi"},"content":"            } else if (line.equals(\"list\")) {","lastModifiedDate":"2023-01-22"},{"lineNumber":31,"author":{"gitId":"PoobalanAatmikaLakshmi"},"content":"                if (list.size() \u003d\u003d 0) {","lastModifiedDate":"2023-01-29"},{"lineNumber":32,"author":{"gitId":"PoobalanAatmikaLakshmi"},"content":"                    System.out.println(\"Nothing to do for now!Take a break!\");","lastModifiedDate":"2023-01-29"},{"lineNumber":33,"author":{"gitId":"PoobalanAatmikaLakshmi"},"content":"                } else {","lastModifiedDate":"2023-01-29"},{"lineNumber":34,"author":{"gitId":"PoobalanAatmikaLakshmi"},"content":"                    System.out.println(\"Here\u0027s your plan for a productive day!\");","lastModifiedDate":"2023-01-22"},{"lineNumber":35,"author":{"gitId":"PoobalanAatmikaLakshmi"},"content":"                }","lastModifiedDate":"2023-01-29"},{"lineNumber":36,"author":{"gitId":"PoobalanAatmikaLakshmi"},"content":"                for (int i \u003d 0; i \u003c list.size(); i++) {","lastModifiedDate":"2023-01-22"},{"lineNumber":37,"author":{"gitId":"PoobalanAatmikaLakshmi"},"content":"                    System.out.println(String.format(\"%d.[%s] [%s] %s\", i + 1,","lastModifiedDate":"2023-01-29"},{"lineNumber":38,"author":{"gitId":"PoobalanAatmikaLakshmi"},"content":"                            list.get(i).getTypeIcon(), list.get(i).getStatusIcon(), list.get(i).getDescription()));","lastModifiedDate":"2023-01-29"},{"lineNumber":39,"author":{"gitId":"PoobalanAatmikaLakshmi"},"content":"                }","lastModifiedDate":"2023-01-22"},{"lineNumber":40,"author":{"gitId":"PoobalanAatmikaLakshmi"},"content":"            } else if (arr[0].equals(\"mark\")) {","lastModifiedDate":"2023-01-22"},{"lineNumber":41,"author":{"gitId":"PoobalanAatmikaLakshmi"},"content":"                System.out.println(\"You are crushing it,1 task down!\");","lastModifiedDate":"2023-01-22"},{"lineNumber":42,"author":{"gitId":"PoobalanAatmikaLakshmi"},"content":"                Task.markAsDone(list.get(Integer.parseInt(arr[1]) - 1));","lastModifiedDate":"2023-01-22"},{"lineNumber":43,"author":{"gitId":"PoobalanAatmikaLakshmi"},"content":"                int i \u003d Integer.parseInt(arr[1]) - 1;","lastModifiedDate":"2023-01-22"},{"lineNumber":44,"author":{"gitId":"PoobalanAatmikaLakshmi"},"content":"                System.out.println(String.format(\" [%s] [%s] %s\",","lastModifiedDate":"2023-01-29"},{"lineNumber":45,"author":{"gitId":"PoobalanAatmikaLakshmi"},"content":"                        list.get(i).getTypeIcon(), list.get(i).getStatusIcon(), list.get(i).getDescription()));","lastModifiedDate":"2023-01-29"},{"lineNumber":46,"author":{"gitId":"PoobalanAatmikaLakshmi"},"content":"","lastModifiedDate":"2023-01-22"},{"lineNumber":47,"author":{"gitId":"PoobalanAatmikaLakshmi"},"content":"            } else if (arr[0].equals(\"unmark\")) {","lastModifiedDate":"2023-01-22"},{"lineNumber":48,"author":{"gitId":"PoobalanAatmikaLakshmi"},"content":"                System.out.println(\"I have unchecked it for you\");","lastModifiedDate":"2023-01-22"},{"lineNumber":49,"author":{"gitId":"PoobalanAatmikaLakshmi"},"content":"                Task.markAsNotDone(list.get(Integer.parseInt(arr[1]) - 1));","lastModifiedDate":"2023-01-22"},{"lineNumber":50,"author":{"gitId":"PoobalanAatmikaLakshmi"},"content":"                int i \u003d Integer.parseInt(arr[1]) - 1;","lastModifiedDate":"2023-01-22"},{"lineNumber":51,"author":{"gitId":"PoobalanAatmikaLakshmi"},"content":"                System.out.println(String.format(\" [%s] [%s] %s\",","lastModifiedDate":"2023-01-29"},{"lineNumber":52,"author":{"gitId":"PoobalanAatmikaLakshmi"},"content":"                        list.get(i).getTypeIcon(), list.get(i).getStatusIcon(), list.get(i).getDescription()));","lastModifiedDate":"2023-01-29"},{"lineNumber":53,"author":{"gitId":"PoobalanAatmikaLakshmi"},"content":"","lastModifiedDate":"2023-01-29"},{"lineNumber":54,"author":{"gitId":"PoobalanAatmikaLakshmi"},"content":"            } else if (arr[0].equals(\"todo\")) {","lastModifiedDate":"2023-01-29"},{"lineNumber":55,"author":{"gitId":"PoobalanAatmikaLakshmi"},"content":"                addTasks(new Todo(arr[1]));","lastModifiedDate":"2023-01-29"},{"lineNumber":56,"author":{"gitId":"PoobalanAatmikaLakshmi"},"content":"                System.out.println(\"Added!\");","lastModifiedDate":"2023-01-29"},{"lineNumber":57,"author":{"gitId":"PoobalanAatmikaLakshmi"},"content":"                System.out.println(String.format(\" [%s] [%s] %s\", \u0027T\u0027, \" \", arr[1]));","lastModifiedDate":"2023-01-29"},{"lineNumber":58,"author":{"gitId":"PoobalanAatmikaLakshmi"},"content":"                System.out.println(\"Now you have \" + list.size() + \" tasks in your list\");","lastModifiedDate":"2023-01-29"},{"lineNumber":59,"author":{"gitId":"PoobalanAatmikaLakshmi"},"content":"            } else if (arr[0].equals(\"deadline\")) {","lastModifiedDate":"2023-01-29"},{"lineNumber":60,"author":{"gitId":"PoobalanAatmikaLakshmi"},"content":"                String[] parts \u003d arr[1].split(\"/\");","lastModifiedDate":"2023-01-29"},{"lineNumber":61,"author":{"gitId":"PoobalanAatmikaLakshmi"},"content":"                addTasks(new Deadline(parts[0], parts[1]));","lastModifiedDate":"2023-01-29"},{"lineNumber":62,"author":{"gitId":"PoobalanAatmikaLakshmi"},"content":"                System.out.println(\"Added!\");","lastModifiedDate":"2023-01-29"},{"lineNumber":63,"author":{"gitId":"PoobalanAatmikaLakshmi"},"content":"                System.out.println(String.format(\" [%s] [%s] %s (%s)\", \u0027D\u0027, \" \", parts[0], parts[1]));","lastModifiedDate":"2023-01-29"},{"lineNumber":64,"author":{"gitId":"PoobalanAatmikaLakshmi"},"content":"                System.out.println(\"Now you have \" + list.size() + \" tasks in your list\");","lastModifiedDate":"2023-01-29"},{"lineNumber":65,"author":{"gitId":"PoobalanAatmikaLakshmi"},"content":"            } else if (arr[0].equals(\"event\")) {","lastModifiedDate":"2023-01-29"},{"lineNumber":66,"author":{"gitId":"PoobalanAatmikaLakshmi"},"content":"                String[] parts \u003d arr[1].split(\"/\");","lastModifiedDate":"2023-01-29"},{"lineNumber":67,"author":{"gitId":"PoobalanAatmikaLakshmi"},"content":"                addTasks(new Event(parts[0], parts[1], parts[2]));","lastModifiedDate":"2023-01-29"},{"lineNumber":68,"author":{"gitId":"PoobalanAatmikaLakshmi"},"content":"                System.out.println(\"Added!\");","lastModifiedDate":"2023-01-29"},{"lineNumber":69,"author":{"gitId":"PoobalanAatmikaLakshmi"},"content":"                System.out.println(String.format(\" [%s] [%s] %s (%s %s)\", \u0027E\u0027, \" \", parts[0], parts[1], parts[2]));","lastModifiedDate":"2023-01-29"},{"lineNumber":70,"author":{"gitId":"PoobalanAatmikaLakshmi"},"content":"                System.out.println(\"Now you have \" + list.size() + \" tasks in your list\");","lastModifiedDate":"2023-01-29"},{"lineNumber":71,"author":{"gitId":"PoobalanAatmikaLakshmi"},"content":"","lastModifiedDate":"2023-01-22"},{"lineNumber":72,"author":{"gitId":"PoobalanAatmikaLakshmi"},"content":"            }","lastModifiedDate":"2023-01-22"},{"lineNumber":73,"author":{"gitId":"PoobalanAatmikaLakshmi"},"content":"","lastModifiedDate":"2023-01-22"},{"lineNumber":74,"author":{"gitId":"PoobalanAatmikaLakshmi"},"content":"","lastModifiedDate":"2023-01-22"},{"lineNumber":75,"author":{"gitId":"PoobalanAatmikaLakshmi"},"content":"        }","lastModifiedDate":"2023-01-22"},{"lineNumber":76,"author":{"gitId":"PoobalanAatmikaLakshmi"},"content":"","lastModifiedDate":"2023-01-22"},{"lineNumber":77,"author":{"gitId":"PoobalanAatmikaLakshmi"},"content":"","lastModifiedDate":"2023-01-13"},{"lineNumber":78,"author":{"gitId":"-"},"content":"    }","lastModifiedDate":"2019-07-29"},{"lineNumber":79,"author":{"gitId":"PoobalanAatmikaLakshmi"},"content":"","lastModifiedDate":"2023-01-22"},{"lineNumber":80,"author":{"gitId":"PoobalanAatmikaLakshmi"},"content":"","lastModifiedDate":"2023-01-22"},{"lineNumber":81,"author":{"gitId":"-"},"content":"}","lastModifiedDate":"2019-07-29"}],"authorContributionMap":{"PoobalanAatmikaLakshmi":72,"-":9}},{"path":"src/main/java/Event.java","fileType":"java","lines":[{"lineNumber":1,"author":{"gitId":"PoobalanAatmikaLakshmi"},"content":"public class Event extends Task {","lastModifiedDate":"2023-01-29"},{"lineNumber":2,"author":{"gitId":"PoobalanAatmikaLakshmi"},"content":"    String from;","lastModifiedDate":"2023-01-29"},{"lineNumber":3,"author":{"gitId":"PoobalanAatmikaLakshmi"},"content":"    String to;","lastModifiedDate":"2023-01-29"},{"lineNumber":4,"author":{"gitId":"PoobalanAatmikaLakshmi"},"content":"","lastModifiedDate":"2023-01-29"},{"lineNumber":5,"author":{"gitId":"PoobalanAatmikaLakshmi"},"content":"    public void setFrom(String from) {","lastModifiedDate":"2023-01-29"},{"lineNumber":6,"author":{"gitId":"PoobalanAatmikaLakshmi"},"content":"        this.from \u003d from;","lastModifiedDate":"2023-01-29"},{"lineNumber":7,"author":{"gitId":"PoobalanAatmikaLakshmi"},"content":"    }","lastModifiedDate":"2023-01-29"},{"lineNumber":8,"author":{"gitId":"PoobalanAatmikaLakshmi"},"content":"","lastModifiedDate":"2023-01-29"},{"lineNumber":9,"author":{"gitId":"PoobalanAatmikaLakshmi"},"content":"    public void setTo(String to) {","lastModifiedDate":"2023-01-29"},{"lineNumber":10,"author":{"gitId":"PoobalanAatmikaLakshmi"},"content":"        this.to \u003d to;","lastModifiedDate":"2023-01-29"},{"lineNumber":11,"author":{"gitId":"PoobalanAatmikaLakshmi"},"content":"    }","lastModifiedDate":"2023-01-29"},{"lineNumber":12,"author":{"gitId":"PoobalanAatmikaLakshmi"},"content":"","lastModifiedDate":"2023-01-29"},{"lineNumber":13,"author":{"gitId":"PoobalanAatmikaLakshmi"},"content":"    public String getFrom() {","lastModifiedDate":"2023-01-29"},{"lineNumber":14,"author":{"gitId":"PoobalanAatmikaLakshmi"},"content":"        return from;","lastModifiedDate":"2023-01-29"},{"lineNumber":15,"author":{"gitId":"PoobalanAatmikaLakshmi"},"content":"    }","lastModifiedDate":"2023-01-29"},{"lineNumber":16,"author":{"gitId":"PoobalanAatmikaLakshmi"},"content":"","lastModifiedDate":"2023-01-29"},{"lineNumber":17,"author":{"gitId":"PoobalanAatmikaLakshmi"},"content":"    public String getTo() {","lastModifiedDate":"2023-01-29"},{"lineNumber":18,"author":{"gitId":"PoobalanAatmikaLakshmi"},"content":"        return to;","lastModifiedDate":"2023-01-29"},{"lineNumber":19,"author":{"gitId":"PoobalanAatmikaLakshmi"},"content":"    }","lastModifiedDate":"2023-01-29"},{"lineNumber":20,"author":{"gitId":"PoobalanAatmikaLakshmi"},"content":"","lastModifiedDate":"2023-01-29"},{"lineNumber":21,"author":{"gitId":"PoobalanAatmikaLakshmi"},"content":"    Event(String description, String from, String to) {","lastModifiedDate":"2023-01-29"},{"lineNumber":22,"author":{"gitId":"PoobalanAatmikaLakshmi"},"content":"        super(description);","lastModifiedDate":"2023-01-29"},{"lineNumber":23,"author":{"gitId":"PoobalanAatmikaLakshmi"},"content":"        setFrom(from);","lastModifiedDate":"2023-01-29"},{"lineNumber":24,"author":{"gitId":"PoobalanAatmikaLakshmi"},"content":"        setTo(to);","lastModifiedDate":"2023-01-29"},{"lineNumber":25,"author":{"gitId":"PoobalanAatmikaLakshmi"},"content":"    }","lastModifiedDate":"2023-01-29"},{"lineNumber":26,"author":{"gitId":"PoobalanAatmikaLakshmi"},"content":"","lastModifiedDate":"2023-01-29"},{"lineNumber":27,"author":{"gitId":"PoobalanAatmikaLakshmi"},"content":"    @Override","lastModifiedDate":"2023-01-29"},{"lineNumber":28,"author":{"gitId":"PoobalanAatmikaLakshmi"},"content":"    public char getTypeIcon() {","lastModifiedDate":"2023-01-29"},{"lineNumber":29,"author":{"gitId":"PoobalanAatmikaLakshmi"},"content":"        return \u0027E\u0027;","lastModifiedDate":"2023-01-29"},{"lineNumber":30,"author":{"gitId":"PoobalanAatmikaLakshmi"},"content":"    }","lastModifiedDate":"2023-01-29"},{"lineNumber":31,"author":{"gitId":"PoobalanAatmikaLakshmi"},"content":"","lastModifiedDate":"2023-01-29"},{"lineNumber":32,"author":{"gitId":"PoobalanAatmikaLakshmi"},"content":"    @Override","lastModifiedDate":"2023-01-29"},{"lineNumber":33,"author":{"gitId":"PoobalanAatmikaLakshmi"},"content":"    public String getDescription() {","lastModifiedDate":"2023-01-29"},{"lineNumber":34,"author":{"gitId":"PoobalanAatmikaLakshmi"},"content":"        return super.getDescription() + from + to;","lastModifiedDate":"2023-01-29"},{"lineNumber":35,"author":{"gitId":"PoobalanAatmikaLakshmi"},"content":"    }","lastModifiedDate":"2023-01-29"},{"lineNumber":36,"author":{"gitId":"PoobalanAatmikaLakshmi"},"content":"}","lastModifiedDate":"2023-01-29"}],"authorContributionMap":{"PoobalanAatmikaLakshmi":36}},{"path":"src/main/java/Task.java","fileType":"java","lines":[{"lineNumber":1,"author":{"gitId":"PoobalanAatmikaLakshmi"},"content":"public abstract class Task {","lastModifiedDate":"2023-01-29"},{"lineNumber":2,"author":{"gitId":"PoobalanAatmikaLakshmi"},"content":"","lastModifiedDate":"2023-01-22"},{"lineNumber":3,"author":{"gitId":"PoobalanAatmikaLakshmi"},"content":"    protected String description;","lastModifiedDate":"2023-01-22"},{"lineNumber":4,"author":{"gitId":"PoobalanAatmikaLakshmi"},"content":"    protected boolean isDone;","lastModifiedDate":"2023-01-22"},{"lineNumber":5,"author":{"gitId":"PoobalanAatmikaLakshmi"},"content":"","lastModifiedDate":"2023-01-22"},{"lineNumber":6,"author":{"gitId":"PoobalanAatmikaLakshmi"},"content":"    public Task(String description) {","lastModifiedDate":"2023-01-22"},{"lineNumber":7,"author":{"gitId":"PoobalanAatmikaLakshmi"},"content":"        this.description \u003d description;","lastModifiedDate":"2023-01-22"},{"lineNumber":8,"author":{"gitId":"PoobalanAatmikaLakshmi"},"content":"        this.isDone \u003d false;","lastModifiedDate":"2023-01-22"},{"lineNumber":9,"author":{"gitId":"PoobalanAatmikaLakshmi"},"content":"    }","lastModifiedDate":"2023-01-22"},{"lineNumber":10,"author":{"gitId":"PoobalanAatmikaLakshmi"},"content":"","lastModifiedDate":"2023-01-22"},{"lineNumber":11,"author":{"gitId":"PoobalanAatmikaLakshmi"},"content":"    public String getStatusIcon() {","lastModifiedDate":"2023-01-22"},{"lineNumber":12,"author":{"gitId":"PoobalanAatmikaLakshmi"},"content":"        return (isDone ? \"X\" : \" \"); // mark done task with X","lastModifiedDate":"2023-01-22"},{"lineNumber":13,"author":{"gitId":"PoobalanAatmikaLakshmi"},"content":"    }","lastModifiedDate":"2023-01-22"},{"lineNumber":14,"author":{"gitId":"PoobalanAatmikaLakshmi"},"content":"","lastModifiedDate":"2023-01-29"},{"lineNumber":15,"author":{"gitId":"PoobalanAatmikaLakshmi"},"content":"    public abstract char getTypeIcon();","lastModifiedDate":"2023-01-29"},{"lineNumber":16,"author":{"gitId":"PoobalanAatmikaLakshmi"},"content":"","lastModifiedDate":"2023-01-29"},{"lineNumber":17,"author":{"gitId":"PoobalanAatmikaLakshmi"},"content":"","lastModifiedDate":"2023-01-29"},{"lineNumber":18,"author":{"gitId":"PoobalanAatmikaLakshmi"},"content":"    public static void markAsDone(Task task) {","lastModifiedDate":"2023-01-22"},{"lineNumber":19,"author":{"gitId":"PoobalanAatmikaLakshmi"},"content":"        task.isDone \u003d true;","lastModifiedDate":"2023-01-22"},{"lineNumber":20,"author":{"gitId":"PoobalanAatmikaLakshmi"},"content":"    }","lastModifiedDate":"2023-01-22"},{"lineNumber":21,"author":{"gitId":"PoobalanAatmikaLakshmi"},"content":"","lastModifiedDate":"2023-01-22"},{"lineNumber":22,"author":{"gitId":"PoobalanAatmikaLakshmi"},"content":"    public static void markAsNotDone(Task task) {","lastModifiedDate":"2023-01-22"},{"lineNumber":23,"author":{"gitId":"PoobalanAatmikaLakshmi"},"content":"        task.isDone \u003d false;","lastModifiedDate":"2023-01-22"},{"lineNumber":24,"author":{"gitId":"PoobalanAatmikaLakshmi"},"content":"    }","lastModifiedDate":"2023-01-22"},{"lineNumber":25,"author":{"gitId":"PoobalanAatmikaLakshmi"},"content":"","lastModifiedDate":"2023-01-22"},{"lineNumber":26,"author":{"gitId":"PoobalanAatmikaLakshmi"},"content":"    public String getDescription() {","lastModifiedDate":"2023-01-22"},{"lineNumber":27,"author":{"gitId":"PoobalanAatmikaLakshmi"},"content":"        return (this.description);","lastModifiedDate":"2023-01-22"},{"lineNumber":28,"author":{"gitId":"PoobalanAatmikaLakshmi"},"content":"    }","lastModifiedDate":"2023-01-22"},{"lineNumber":29,"author":{"gitId":"PoobalanAatmikaLakshmi"},"content":"}","lastModifiedDate":"2023-01-22"}],"authorContributionMap":{"PoobalanAatmikaLakshmi":29}},{"path":"src/main/java/Todo.java","fileType":"java","lines":[{"lineNumber":1,"author":{"gitId":"PoobalanAatmikaLakshmi"},"content":"public class Todo extends Task {","lastModifiedDate":"2023-01-29"},{"lineNumber":2,"author":{"gitId":"PoobalanAatmikaLakshmi"},"content":"","lastModifiedDate":"2023-01-29"},{"lineNumber":3,"author":{"gitId":"PoobalanAatmikaLakshmi"},"content":"    public Todo(String description) {","lastModifiedDate":"2023-01-29"},{"lineNumber":4,"author":{"gitId":"PoobalanAatmikaLakshmi"},"content":"        super(description);","lastModifiedDate":"2023-01-29"},{"lineNumber":5,"author":{"gitId":"PoobalanAatmikaLakshmi"},"content":"    }","lastModifiedDate":"2023-01-29"},{"lineNumber":6,"author":{"gitId":"PoobalanAatmikaLakshmi"},"content":"","lastModifiedDate":"2023-01-29"},{"lineNumber":7,"author":{"gitId":"PoobalanAatmikaLakshmi"},"content":"    @Override","lastModifiedDate":"2023-01-29"},{"lineNumber":8,"author":{"gitId":"PoobalanAatmikaLakshmi"},"content":"    public char getTypeIcon() {","lastModifiedDate":"2023-01-29"},{"lineNumber":9,"author":{"gitId":"PoobalanAatmikaLakshmi"},"content":"        return \u0027T\u0027;","lastModifiedDate":"2023-01-29"},{"lineNumber":10,"author":{"gitId":"PoobalanAatmikaLakshmi"},"content":"    }","lastModifiedDate":"2023-01-29"},{"lineNumber":11,"author":{"gitId":"PoobalanAatmikaLakshmi"},"content":"","lastModifiedDate":"2023-01-29"},{"lineNumber":12,"author":{"gitId":"PoobalanAatmikaLakshmi"},"content":"}","lastModifiedDate":"2023-01-29"}],"authorContributionMap":{"PoobalanAatmikaLakshmi":12}}]
