{"authorDailyContributionsMap":{"PoobalanAatmikaLakshmi":[{"date":"2023-01-13","commitResults":[{"hash":"af6328840d6de7332752b491de477b4f00f8d4bf","messageTitle":"test","messageBody":"","fileTypesAndContributionMap":{"java":{"insertions":2,"deletions":1}}},{"hash":"71a79c6c583e1143ac39355efa1e242475b5be3d","messageTitle":"changed duke","messageBody":"","fileTypesAndContributionMap":{"java":{"insertions":1,"deletions":1}}},{"hash":"b670245494e5ea4ab4b9fc66699fd913ad3a7688","messageTitle":"changed duke","messageBody":"","fileTypesAndContributionMap":{"java":{"insertions":1,"deletions":1}}},{"hash":"c9e034da0324f23d131ff555afc724c3b24d00b5","messageTitle":"normal","messageBody":"","fileTypesAndContributionMap":{"java":{"insertions":1,"deletions":1}}},{"hash":"db68ee1cc537895be3bac2ef395f5cb797c09528","messageTitle":"Level-0","messageBody":"","fileTypesAndContributionMap":{"java":{"insertions":3,"deletions":1}}}]},{"date":"2023-01-22","commitResults":[{"hash":"0387699f38e59f5468c667a2e7f7506e92ad76d1","messageTitle":"add Level1","messageBody":"","tags":["Level-1"],"fileTypesAndContributionMap":{"java":{"insertions":19,"deletions":3}}},{"hash":"f7e86a7c75dfde0bee9263385810e3fd476eeab5","messageTitle":"add level2","messageBody":"","tags":["Level-2"],"fileTypesAndContributionMap":{"java":{"insertions":14,"deletions":3}}},{"hash":"ab20a85eacbb8ff77ec862f1c54f3dd31f8391a4","messageTitle":"add level3","messageBody":"","tags":["Level-3"],"fileTypesAndContributionMap":{"java":{"insertions":57,"deletions":13}}}]},{"date":"2023-01-26","commitResults":[{"hash":"d9db2d4505dfd985d3582fe18870281ffb73693b","messageTitle":"add A-CodingStandard","messageBody":"","tags":["A-CodingStandard"],"fileTypesAndContributionMap":{"java":{"insertions":6,"deletions":9}}}]},{"date":"2023-01-29","commitResults":[{"hash":"4e8e0c427d09666d59d219f55ee2e6e72966782e","messageTitle":"Add Level-4","messageBody":"","tags":["Level-4"],"fileTypesAndContributionMap":{"java":{"insertions":119,"deletions":15}}}]},{"date":"2023-01-31","commitResults":[{"hash":"f8d18020e63518122ed7001ce74f0c4ddf35d553","messageTitle":"Add A-CodeQuality","messageBody":"","tags":["A-CodeQuality"],"fileTypesAndContributionMap":{"java":{"insertions":8,"deletions":5}}}]}]},"authorFileTypeContributionMap":{"PoobalanAatmikaLakshmi":{"java":179,"md":0,"fxml":0,"sh":0,"bat":0,"gradle":0,"txt":0}},"authorContributionVariance":{"PoobalanAatmikaLakshmi":1376.5762},"authorDisplayNameMap":{"PoobalanAatmikaLakshmi":"CS2113-T13-4 POOB..SHMI"}}
