{"authorDailyContributionsMap":{"Ansenn":[{"date":"2023-01-31","commitResults":[{"hash":"ada89aa0434db38a2d12e71b87928b138c6834f3","messageTitle":"Level-0","messageBody":"","fileTypesAndContributionMap":{"java":{"insertions":4,"deletions":0}}},{"hash":"e80cd8430cc259c2a119209002ada19709106701","messageTitle":"Add Greet, Echo and Exit fuction","messageBody":"","tags":["Level-1"],"fileTypesAndContributionMap":{"java":{"insertions":22,"deletions":1}}},{"hash":"7899b3acc7cbcea37f47fbeb019f91b24d83b4c3","messageTitle":"Add List and Add functions","messageBody":"","tags":["Level-2"],"fileTypesAndContributionMap":{"java":{"insertions":12,"deletions":3}}}]},{"date":"2023-02-07","commitResults":[{"hash":"c16324cb0219ee347d55ca2e50d774b96b6b9ef4","messageTitle":"Add Mark as Done function","messageBody":"","tags":["Level-3"],"fileTypesAndContributionMap":{"java":{"insertions":70,"deletions":12}}}]},{"date":"2023-02-16","commitResults":[{"hash":"f50166786830b689befa8aed9460d859812b204f","messageTitle":"Add Task, Deadline, Event and Todo Classes","messageBody":"","tags":["Level-4"],"fileTypesAndContributionMap":{"java":{"insertions":198,"deletions":44}}}]},{"date":"2023-02-27","commitResults":[{"hash":"b2a277ad21ce68778ff479bdd3758dfa3e32dfd2","messageTitle":"Add PrintCommands Class","messageBody":"","fileTypesAndContributionMap":{"java":{"insertions":317,"deletions":159}}},{"hash":"f221d3e8349dd2a40809fb612227b2d9ed55e447","messageTitle":"Organised into classes","messageBody":"","fileTypesAndContributionMap":{"java":{"insertions":53,"deletions":54}}},{"hash":"ddd4f96f114dfcb5f7fa24da3dba15c7dc13451d","messageTitle":"Add PrintCommands Class","messageBody":"","tags":["A-Jar"],"fileTypesAndContributionMap":{"java":{"insertions":26,"deletions":19}}}]},{"date":"2023-03-02","commitResults":[{"hash":"cde483e14972e5048caca0423500d2c066a70d04","messageTitle":"Add ArrayList and Delete","messageBody":"","tags":["Level-6","A-Collections"],"fileTypesAndContributionMap":{"java":{"insertions":15,"deletions":13}}},{"hash":"64f4a1f02abf1affa70e0d7d51ed56b3b992e341","messageTitle":"Add ArrayList and Delete","messageBody":"","fileTypesAndContributionMap":{"java":{"insertions":90,"deletions":56}}}]},{"date":"2023-03-03","commitResults":[{"hash":"afebd76d48a29a5108065097018e80cc2579152e","messageTitle":"Add Save File feature","messageBody":"","fileTypesAndContributionMap":{"txt":{"insertions":3,"deletions":0},"java":{"insertions":125,"deletions":4}}},{"hash":"bee15378f02712411031a69b186c5109e27884da","messageTitle":"Add Delete Message and More OOP","messageBody":"","tags":["A-MoreOOP"],"fileTypesAndContributionMap":{"java":{"insertions":13,"deletions":9}}},{"hash":"bf9ee9e1c1d92bfa1761c2140a206c57cea374c8","messageTitle":"Delete PrintCommands.java","messageBody":"","fileTypesAndContributionMap":{"java":{"insertions":0,"deletions":82}}},{"hash":"1479f8878b8633320a87d9958faaeaf5b619c142","messageTitle":"Add Find Task Feature","messageBody":"","tags":["Level-9"],"fileTypesAndContributionMap":{"java":{"insertions":31,"deletions":3}}},{"hash":"f5a59813b4c61fe19c30bc724c7e1f91eb83a86f","messageTitle":"Add InvalidFindStringException and  added JavaDoc for most methods","messageBody":"","tags":["A-JavaDoc"],"fileTypesAndContributionMap":{"java":{"insertions":189,"deletions":14}}},{"hash":"b48313c84f493ee0c7896db5e9ef0ff1809eb635","messageTitle":"Add README, fixed some bugs","messageBody":"","tags":["A-UserGuide"],"fileTypesAndContributionMap":{"java":{"insertions":4,"deletions":5},"md":{"insertions":224,"deletions":11}}},{"hash":"04de3727cddd4a45f675b4e13396240253748b04","messageTitle":"Edited User Guide","messageBody":"","fileTypesAndContributionMap":{"md":{"insertions":2,"deletions":2}}},{"hash":"b7f8b31ddb5e8fdb754db5210171c320378f7780","messageTitle":"Bug fixes","messageBody":"","fileTypesAndContributionMap":{"java":{"insertions":12,"deletions":12}}},{"hash":"905e2e3b570f02c8809e93aa814070a9239fcfe5","messageTitle":"Updated README and fixed bugs","messageBody":"","fileTypesAndContributionMap":{"java":{"insertions":22,"deletions":24},"md":{"insertions":9,"deletions":10}}}]}]},"authorFileTypeContributionMap":{"Ansenn":{"java":772,"md":214,"fxml":0,"sh":0,"bat":0,"gradle":0,"txt":3}},"authorContributionVariance":{"Ansenn":21391.248},"authorDisplayNameMap":{"Ansenn":"CS2113-T11-2 LEE ..SENN"}}
