{"authorDailyContributionsMap":{"chongyongrui":[{"date":"2023-01-14","commitResults":[{"hash":"14551c5632a8d93eb3472d6b6842ceb157409edf","messageTitle":"add greeting and bye message","messageBody":"","tags":["Level-0"],"fileTypesAndContributionMap":{"java":{"insertions":14,"deletions":0}}}]},{"date":"2023-01-20","commitResults":[{"hash":"24d97d2deb6e1a230b2337925b498a84dc02660c","messageTitle":"Duke echos the users input, and checks if there are any other inputs that the user might have, otherwise it will close","messageBody":"","tags":["Level-1"],"fileTypesAndContributionMap":{"java":{"insertions":63,"deletions":13}}},{"hash":"a9db81bb9d30bc3e06861e5675930d58a3936f64","messageTitle":"Add the ability to store whatever text entered by the user and display them back to the user when requested.","messageBody":"","tags":["Level-2"],"fileTypesAndContributionMap":{"java":{"insertions":36,"deletions":8}}},{"hash":"06712876db5fa156a3b60c436f2a1c98b0e458c9","messageTitle":"Add the ability to mark tasks as done and change the status back to not done. Add new class Task.","messageBody":"","tags":["Level-3"],"fileTypesAndContributionMap":{"java":{"insertions":93,"deletions":39}}}]},{"date":"2023-01-25","commitResults":[{"hash":"e570fe1d599746a678c48e6e957300c78ad6c591","messageTitle":"add support for tracking Todo, deadlines, and events using inheritence","messageBody":"","tags":["Level-4"],"fileTypesAndContributionMap":{"java":{"insertions":145,"deletions":29}}}]},{"date":"2023-01-28","commitResults":[{"hash":"19ff3cb4cb4a7bfb97fa6b314409efaf0e978548","messageTitle":"Tidy up Duke class by refactoring methods, change naming errors","messageBody":"","tags":["A-CodingStandard","A-CodeQuality"],"fileTypesAndContributionMap":{"java":{"insertions":131,"deletions":100}}}]},{"date":"2023-01-30","commitResults":[{"hash":"e488236e101f0f81c5f8f0941cdc5f798329a3f3","messageTitle":"Add input checks for Duke functions, new constants class","messageBody":"","fileTypesAndContributionMap":{"java":{"insertions":203,"deletions":8}}}]},{"date":"2023-02-06","commitResults":[{"hash":"95d8823147eec92b41972a31626ca227c92a3eb3","messageTitle":"add error checking for inputs for event, deadline and todo","messageBody":"","tags":["A-Exceptions"],"fileTypesAndContributionMap":{"java":{"insertions":39,"deletions":13}}},{"hash":"681dd8c8fd9ab10784aee225b1393d7647802c5f","messageTitle":"add packages to package constants and input checking methods","messageBody":"","tags":["A-Packages"],"fileTypesAndContributionMap":{"java":{"insertions":212,"deletions":186}}},{"hash":"2bb6ad5475de53d0b5930adbb7d8a506195e7806","messageTitle":"update some text responses to make UI less cluttered","messageBody":"","fileTypesAndContributionMap":{"java":{"insertions":1,"deletions":1}}},{"hash":"ca1dc2ec3a68fc37fab3a3ca60287a3e6ba4be35","messageTitle":"Add error checking for todo","messageBody":"","tags":["Level-5"],"fileTypesAndContributionMap":{"java":{"insertions":36,"deletions":8}}}]},{"date":"2023-02-07","commitResults":[{"hash":"8709ee0dbac6b465ea5db1a1fd6090f28fc29a50","messageTitle":"add delete function, used ArrayList instead of list","messageBody":"","tags":["A-Collections"],"fileTypesAndContributionMap":{"java":{"insertions":73,"deletions":31}}}]},{"date":"2023-02-09","commitResults":[{"hash":"c333bd009086cedacac5a160d1e4b6a0ac924925","messageTitle":"fix the branch 7 error","messageBody":"","fileTypesAndContributionMap":{"java":{"insertions":337,"deletions":205}}},{"hash":"6e3a92115a450b17550392cd389c3601e5dea2ff","messageTitle":"add storage funcitonality","messageBody":"","fileTypesAndContributionMap":{"java":{"insertions":120,"deletions":1}}},{"hash":"09242c228b144ac32f7fbdb1e046c080ccaec341","messageTitle":"Add delete functionality, changed to array list","messageBody":"","tags":["Level-6"],"fileTypesAndContributionMap":{"java":{"insertions":0,"deletions":2}}},{"hash":"dbd78fde9c8d1f79dc448f176d11c2ec7c000ea5","messageTitle":"add read and write functionality","messageBody":"","fileTypesAndContributionMap":{"txt":{"insertions":2,"deletions":0},"java":{"insertions":50,"deletions":54}}}]},{"date":"2023-02-10","commitResults":[{"hash":"3d7643a2017900c5756205594654a46432e71c6d","messageTitle":"add read and write to local file feature","messageBody":"","tags":["Level-7"],"fileTypesAndContributionMap":{"txt":{"insertions":0,"deletions":2},"java":{"insertions":15,"deletions":11}}},{"hash":"96d6eb4c19a70d4552fd76d8c29c1e582a172ed4","messageTitle":"Fix storage bug","messageBody":"","tags":["A-Jar"],"fileTypesAndContributionMap":{"txt":{"insertions":4,"deletions":0},"java":{"insertions":2,"deletions":1}}}]},{"date":"2023-02-14","commitResults":[{"hash":"c3d779b2dff925712d0c5ad06c36b9395a9e81c9","messageTitle":"Refacor into more classes for easier readability","messageBody":"","tags":["A-MoreOOP"],"fileTypesAndContributionMap":{"txt":{"insertions":5,"deletions":4},"java":{"insertions":310,"deletions":251}}}]},{"date":"2023-02-15","commitResults":[{"hash":"ef4895cc21635fea2ada94259eebcc6e14abd565","messageTitle":"fix storage persistence bug","messageBody":"","fileTypesAndContributionMap":{"txt":{"insertions":2,"deletions":5},"java":{"insertions":46,"deletions":21}}},{"hash":"9f8d56d0b13e588bc2f4845c4221cb2da73ec62f","messageTitle":"add find task function","messageBody":"","fileTypesAndContributionMap":{"txt":{"insertions":5,"deletions":0},"java":{"insertions":41,"deletions":27}}},{"hash":"0b2fcc2ce511c3d5be4304d3368fd477de244f00","messageTitle":"Fix delete function bug","messageBody":"","fileTypesAndContributionMap":{"java":{"insertions":11,"deletions":6}}},{"hash":"95d6cc990268de09d2c0ca7d248ce5cc5e064d0c","messageTitle":"Fix find bug","messageBody":"","fileTypesAndContributionMap":{"java":{"insertions":33,"deletions":15}}},{"hash":"66f12be755cfab8744ed122c09aa3c366ca083aa","messageTitle":"Add new JavaDocs","messageBody":"","fileTypesAndContributionMap":{"java":{"insertions":181,"deletions":17}}}]},{"date":"2023-02-17","commitResults":[{"hash":"09ef977b9af0955a89fa559ea3e99731f173bacb","messageTitle":"Remove dead code","messageBody":"","tags":["Level-9"],"fileTypesAndContributionMap":{"txt":{"insertions":1,"deletions":1},"java":{"insertions":1,"deletions":22}}},{"hash":"48e1e63b78bcd4be8181ca090f0c7160287630b9","messageTitle":"Delete unneccessary class, add more Java Docs","messageBody":"","fileTypesAndContributionMap":{"java":{"insertions":21,"deletions":2}}},{"hash":"6333ebd44c185f8e29207e998b70cc2ccbde9737","messageTitle":"Add more JavaDocs for Duke class","messageBody":"","fileTypesAndContributionMap":{"java":{"insertions":17,"deletions":1}}}]},{"date":"2023-02-19","commitResults":[{"hash":"71411735082e12de5cbab972b7d51ed8f5ca6242","messageTitle":"Change Duke logo, update user guide","messageBody":"","tags":["A-UserGuide"],"fileTypesAndContributionMap":{"txt":{"insertions":2,"deletions":4},"java":{"insertions":10,"deletions":1},"md":{"insertions":117,"deletions":12}}}]}]},"authorFileTypeContributionMap":{"chongyongrui":{"java":1064,"md":117,"fxml":0,"sh":0,"bat":0,"gradle":0,"txt":5}},"authorContributionVariance":{"chongyongrui":32745.611},"authorDisplayNameMap":{"chongyongrui":"CS2113-W15-3 CHON.. RUI"}}
