[{"path":"SaveInfo.txt","fileType":"txt","lines":[{"lineNumber":1,"author":{"gitId":"DeepanjaliDhawan"},"content":"event project meeting/fromMon 2pm | /to4pm0","lastModifiedDate":"2023-03-03"}],"authorContributionMap":{"DeepanjaliDhawan":1}},{"path":"src/main/java/IPChat/Deadline.java","fileType":"java","lines":[{"lineNumber":1,"author":{"gitId":"DeepanjaliDhawan"},"content":"package IPChat;","lastModifiedDate":"2023-02-26"},{"lineNumber":2,"author":{"gitId":"DeepanjaliDhawan"},"content":"","lastModifiedDate":"2023-02-26"},{"lineNumber":3,"author":{"gitId":"DeepanjaliDhawan"},"content":"import java.time.LocalDate;","lastModifiedDate":"2023-03-03"},{"lineNumber":4,"author":{"gitId":"DeepanjaliDhawan"},"content":"import java.time.format.DateTimeFormatter;","lastModifiedDate":"2023-03-03"},{"lineNumber":5,"author":{"gitId":"DeepanjaliDhawan"},"content":"","lastModifiedDate":"2023-03-03"},{"lineNumber":6,"author":{"gitId":"DeepanjaliDhawan"},"content":"public class Deadline extends Task {","lastModifiedDate":"2023-02-24"},{"lineNumber":7,"author":{"gitId":"DeepanjaliDhawan"},"content":"","lastModifiedDate":"2023-02-24"},{"lineNumber":8,"author":{"gitId":"DeepanjaliDhawan"},"content":"    protected String by;","lastModifiedDate":"2023-02-24"},{"lineNumber":9,"author":{"gitId":"DeepanjaliDhawan"},"content":"","lastModifiedDate":"2023-02-24"},{"lineNumber":10,"author":{"gitId":"DeepanjaliDhawan"},"content":"    public Deadline (String description, String by) {","lastModifiedDate":"2023-02-24"},{"lineNumber":11,"author":{"gitId":"DeepanjaliDhawan"},"content":"        super(description);","lastModifiedDate":"2023-02-24"},{"lineNumber":12,"author":{"gitId":"DeepanjaliDhawan"},"content":"        LocalDate time \u003d LocalDate.parse(by);","lastModifiedDate":"2023-03-03"},{"lineNumber":13,"author":{"gitId":"DeepanjaliDhawan"},"content":"        this.by \u003d time.format(DateTimeFormatter.ofPattern(\"yyyy-MM-dd\"));","lastModifiedDate":"2023-03-03"},{"lineNumber":14,"author":{"gitId":"DeepanjaliDhawan"},"content":"    }","lastModifiedDate":"2023-02-26"},{"lineNumber":15,"author":{"gitId":"DeepanjaliDhawan"},"content":"","lastModifiedDate":"2023-02-24"},{"lineNumber":16,"author":{"gitId":"DeepanjaliDhawan"},"content":"    @Override","lastModifiedDate":"2023-02-24"},{"lineNumber":17,"author":{"gitId":"DeepanjaliDhawan"},"content":"    public String toString() {","lastModifiedDate":"2023-02-24"},{"lineNumber":18,"author":{"gitId":"DeepanjaliDhawan"},"content":"        return \"[D][\" + super.getStatusIcon() + \"] \" + super.toString() + \"(by: \" + by + \")\";","lastModifiedDate":"2023-02-24"},{"lineNumber":19,"author":{"gitId":"DeepanjaliDhawan"},"content":"    }","lastModifiedDate":"2023-02-24"},{"lineNumber":20,"author":{"gitId":"DeepanjaliDhawan"},"content":"","lastModifiedDate":"2023-02-27"},{"lineNumber":21,"author":{"gitId":"DeepanjaliDhawan"},"content":"    @Override","lastModifiedDate":"2023-02-27"},{"lineNumber":22,"author":{"gitId":"DeepanjaliDhawan"},"content":"    public String saveStuff () {","lastModifiedDate":"2023-02-27"},{"lineNumber":23,"author":{"gitId":"DeepanjaliDhawan"},"content":"        int save \u003d 0;","lastModifiedDate":"2023-02-27"},{"lineNumber":24,"author":{"gitId":"DeepanjaliDhawan"},"content":"        if (this.isDone) {","lastModifiedDate":"2023-02-27"},{"lineNumber":25,"author":{"gitId":"DeepanjaliDhawan"},"content":"            save \u003d 1;","lastModifiedDate":"2023-02-27"},{"lineNumber":26,"author":{"gitId":"DeepanjaliDhawan"},"content":"        }","lastModifiedDate":"2023-02-27"},{"lineNumber":27,"author":{"gitId":"DeepanjaliDhawan"},"content":"        return \"deadline\" + description + \"/by\" + by + \" | \" + save;","lastModifiedDate":"2023-02-27"},{"lineNumber":28,"author":{"gitId":"DeepanjaliDhawan"},"content":"    }","lastModifiedDate":"2023-02-27"},{"lineNumber":29,"author":{"gitId":"DeepanjaliDhawan"},"content":"}","lastModifiedDate":"2023-02-24"}],"authorContributionMap":{"DeepanjaliDhawan":29}},{"path":"src/main/java/IPChat/Duke.java","fileType":"java","lines":[{"lineNumber":1,"author":{"gitId":"DeepanjaliDhawan"},"content":"package IPChat;","lastModifiedDate":"2023-02-26"},{"lineNumber":2,"author":{"gitId":"DeepanjaliDhawan"},"content":"","lastModifiedDate":"2023-02-26"},{"lineNumber":3,"author":{"gitId":"-"},"content":"public class Duke {","lastModifiedDate":"2019-07-29"},{"lineNumber":4,"author":{"gitId":"-"},"content":"    public static void main(String[] args) {","lastModifiedDate":"2019-07-29"},{"lineNumber":5,"author":{"gitId":"-"},"content":"        String logo \u003d \" ____        _        \\n\"","lastModifiedDate":"2019-07-29"},{"lineNumber":6,"author":{"gitId":"-"},"content":"                + \"|  _ \\\\ _   _| | _____ \\n\"","lastModifiedDate":"2019-07-29"},{"lineNumber":7,"author":{"gitId":"-"},"content":"                + \"| | | | | | | |/ / _ \\\\\\n\"","lastModifiedDate":"2019-07-29"},{"lineNumber":8,"author":{"gitId":"-"},"content":"                + \"| |_| | |_| |   \u003c  __/\\n\"","lastModifiedDate":"2019-07-29"},{"lineNumber":9,"author":{"gitId":"-"},"content":"                + \"|____/ \\\\__,_|_|\\\\_\\\\___|\\n\";","lastModifiedDate":"2019-07-29"},{"lineNumber":10,"author":{"gitId":"-"},"content":"        System.out.println(\"Hello from\\n\" + logo);","lastModifiedDate":"2019-07-29"},{"lineNumber":11,"author":{"gitId":"-"},"content":"    }","lastModifiedDate":"2019-07-29"},{"lineNumber":12,"author":{"gitId":"-"},"content":"}","lastModifiedDate":"2019-07-29"}],"authorContributionMap":{"DeepanjaliDhawan":2,"-":10}},{"path":"src/main/java/IPChat/Event.java","fileType":"java","lines":[{"lineNumber":1,"author":{"gitId":"DeepanjaliDhawan"},"content":"package IPChat;","lastModifiedDate":"2023-02-26"},{"lineNumber":2,"author":{"gitId":"DeepanjaliDhawan"},"content":"","lastModifiedDate":"2023-02-26"},{"lineNumber":3,"author":{"gitId":"DeepanjaliDhawan"},"content":"public class Event extends Task {","lastModifiedDate":"2023-02-24"},{"lineNumber":4,"author":{"gitId":"DeepanjaliDhawan"},"content":"    protected String from;","lastModifiedDate":"2023-03-03"},{"lineNumber":5,"author":{"gitId":"DeepanjaliDhawan"},"content":"    protected String to;","lastModifiedDate":"2023-03-03"},{"lineNumber":6,"author":{"gitId":"DeepanjaliDhawan"},"content":"","lastModifiedDate":"2023-02-24"},{"lineNumber":7,"author":{"gitId":"DeepanjaliDhawan"},"content":"    public Event(String description, String from, String to) {","lastModifiedDate":"2023-03-03"},{"lineNumber":8,"author":{"gitId":"DeepanjaliDhawan"},"content":"        super(description);","lastModifiedDate":"2023-02-24"},{"lineNumber":9,"author":{"gitId":"DeepanjaliDhawan"},"content":"        this.from \u003d from;","lastModifiedDate":"2023-03-03"},{"lineNumber":10,"author":{"gitId":"DeepanjaliDhawan"},"content":"        this.to \u003d to;","lastModifiedDate":"2023-03-03"},{"lineNumber":11,"author":{"gitId":"DeepanjaliDhawan"},"content":"    }","lastModifiedDate":"2023-02-24"},{"lineNumber":12,"author":{"gitId":"DeepanjaliDhawan"},"content":"","lastModifiedDate":"2023-02-24"},{"lineNumber":13,"author":{"gitId":"DeepanjaliDhawan"},"content":"    @Override","lastModifiedDate":"2023-02-24"},{"lineNumber":14,"author":{"gitId":"DeepanjaliDhawan"},"content":"    public String toString() {","lastModifiedDate":"2023-02-24"},{"lineNumber":15,"author":{"gitId":"DeepanjaliDhawan"},"content":"        return \"[E][\" + super.getStatusIcon() + \"] \" + super.toString() + \"(from: \" + from + \" to: \" + to + \")\";","lastModifiedDate":"2023-03-03"},{"lineNumber":16,"author":{"gitId":"DeepanjaliDhawan"},"content":"    }","lastModifiedDate":"2023-02-24"},{"lineNumber":17,"author":{"gitId":"DeepanjaliDhawan"},"content":"","lastModifiedDate":"2023-02-27"},{"lineNumber":18,"author":{"gitId":"DeepanjaliDhawan"},"content":"    @Override","lastModifiedDate":"2023-02-27"},{"lineNumber":19,"author":{"gitId":"DeepanjaliDhawan"},"content":"    public String saveStuff () {","lastModifiedDate":"2023-02-27"},{"lineNumber":20,"author":{"gitId":"DeepanjaliDhawan"},"content":"        int save \u003d 0;","lastModifiedDate":"2023-02-27"},{"lineNumber":21,"author":{"gitId":"DeepanjaliDhawan"},"content":"        if (this.isDone) {","lastModifiedDate":"2023-02-27"},{"lineNumber":22,"author":{"gitId":"DeepanjaliDhawan"},"content":"            save \u003d 1;","lastModifiedDate":"2023-02-27"},{"lineNumber":23,"author":{"gitId":"DeepanjaliDhawan"},"content":"        }","lastModifiedDate":"2023-02-27"},{"lineNumber":24,"author":{"gitId":"DeepanjaliDhawan"},"content":"        return \"event\" + description + \"/from\" + from + \" | \" + \"/to\" + to + save;","lastModifiedDate":"2023-03-03"},{"lineNumber":25,"author":{"gitId":"DeepanjaliDhawan"},"content":"    }","lastModifiedDate":"2023-02-27"},{"lineNumber":26,"author":{"gitId":"DeepanjaliDhawan"},"content":"}","lastModifiedDate":"2023-02-24"}],"authorContributionMap":{"DeepanjaliDhawan":26}},{"path":"src/main/java/IPChat/IPChat.java","fileType":"java","lines":[{"lineNumber":1,"author":{"gitId":"DeepanjaliDhawan"},"content":"package IPChat;","lastModifiedDate":"2023-02-26"},{"lineNumber":2,"author":{"gitId":"DeepanjaliDhawan"},"content":"","lastModifiedDate":"2023-02-26"},{"lineNumber":3,"author":{"gitId":"DeepanjaliDhawan"},"content":"import ipchatExceptions.IPChatExceptions;","lastModifiedDate":"2023-02-26"},{"lineNumber":4,"author":{"gitId":"DeepanjaliDhawan"},"content":"import java.util.Scanner;","lastModifiedDate":"2023-02-09"},{"lineNumber":5,"author":{"gitId":"DeepanjaliDhawan"},"content":"import java.util.ArrayList;","lastModifiedDate":"2023-02-27"},{"lineNumber":6,"author":{"gitId":"DeepanjaliDhawan"},"content":"import java.nio.file.Files;","lastModifiedDate":"2023-02-27"},{"lineNumber":7,"author":{"gitId":"DeepanjaliDhawan"},"content":"import java.nio.file.Paths;","lastModifiedDate":"2023-02-27"},{"lineNumber":8,"author":{"gitId":"DeepanjaliDhawan"},"content":"import java.nio.file.StandardOpenOption;","lastModifiedDate":"2023-02-27"},{"lineNumber":9,"author":{"gitId":"DeepanjaliDhawan"},"content":"import java.io.*;","lastModifiedDate":"2023-02-27"},{"lineNumber":10,"author":{"gitId":"DeepanjaliDhawan"},"content":"import java.time.format.DateTimeParseException;","lastModifiedDate":"2023-03-03"},{"lineNumber":11,"author":{"gitId":"DeepanjaliDhawan"},"content":"import java.time.LocalDate;","lastModifiedDate":"2023-03-03"},{"lineNumber":12,"author":{"gitId":"DeepanjaliDhawan"},"content":"import java.time.format.DateTimeFormatter;","lastModifiedDate":"2023-03-03"},{"lineNumber":13,"author":{"gitId":"DeepanjaliDhawan"},"content":"","lastModifiedDate":"2023-02-24"},{"lineNumber":14,"author":{"gitId":"DeepanjaliDhawan"},"content":"public class IPChat {","lastModifiedDate":"2023-01-30"},{"lineNumber":15,"author":{"gitId":"DeepanjaliDhawan"},"content":"    public static ArrayList\u003cTask\u003e tasks \u003d new ArrayList\u003c\u003e();","lastModifiedDate":"2023-02-27"},{"lineNumber":16,"author":{"gitId":"DeepanjaliDhawan"},"content":"    public static int tasksCount \u003d 0; // used camelCase","lastModifiedDate":"2023-02-24"},{"lineNumber":17,"author":{"gitId":"DeepanjaliDhawan"},"content":"    private static int checkInput \u003d 0;","lastModifiedDate":"2023-02-26"},{"lineNumber":18,"author":{"gitId":"DeepanjaliDhawan"},"content":"","lastModifiedDate":"2023-01-30"},{"lineNumber":19,"author":{"gitId":"DeepanjaliDhawan"},"content":"    // Saves","lastModifiedDate":"2023-02-27"},{"lineNumber":20,"author":{"gitId":"DeepanjaliDhawan"},"content":"    public static void saveContent(ArrayList\u003cTask\u003e tasks) {","lastModifiedDate":"2023-02-27"},{"lineNumber":21,"author":{"gitId":"DeepanjaliDhawan"},"content":"        String path \u003d \"C:\\\\Users\\\\deepa\\\\OneDrive\\\\Documents\\\\OneNote\\\\ip\\\\SaveInfo.txt\";","lastModifiedDate":"2023-02-27"},{"lineNumber":22,"author":{"gitId":"DeepanjaliDhawan"},"content":"        try {","lastModifiedDate":"2023-02-27"},{"lineNumber":23,"author":{"gitId":"DeepanjaliDhawan"},"content":"            FileWriter fw \u003d new FileWriter(path, false);","lastModifiedDate":"2023-02-27"},{"lineNumber":24,"author":{"gitId":"DeepanjaliDhawan"},"content":"            PrintWriter pw \u003d new PrintWriter(fw, false);","lastModifiedDate":"2023-02-27"},{"lineNumber":25,"author":{"gitId":"DeepanjaliDhawan"},"content":"            pw.flush();","lastModifiedDate":"2023-02-27"},{"lineNumber":26,"author":{"gitId":"DeepanjaliDhawan"},"content":"            pw.close();","lastModifiedDate":"2023-02-27"},{"lineNumber":27,"author":{"gitId":"DeepanjaliDhawan"},"content":"            fw.close();","lastModifiedDate":"2023-02-27"},{"lineNumber":28,"author":{"gitId":"DeepanjaliDhawan"},"content":"            for (int i \u003d 0; i \u003c tasksCount; i +\u003d 1) {","lastModifiedDate":"2023-02-27"},{"lineNumber":29,"author":{"gitId":"DeepanjaliDhawan"},"content":"                String value \u003d tasks.get(i).saveStuff() + \"\\n\";","lastModifiedDate":"2023-02-27"},{"lineNumber":30,"author":{"gitId":"DeepanjaliDhawan"},"content":"                Files.write(Paths.get(path), value.getBytes(), StandardOpenOption.APPEND);","lastModifiedDate":"2023-02-27"},{"lineNumber":31,"author":{"gitId":"DeepanjaliDhawan"},"content":"            }","lastModifiedDate":"2023-02-27"},{"lineNumber":32,"author":{"gitId":"DeepanjaliDhawan"},"content":"        } catch (IOException e) {","lastModifiedDate":"2023-02-27"},{"lineNumber":33,"author":{"gitId":"DeepanjaliDhawan"},"content":"            e.printStackTrace();","lastModifiedDate":"2023-02-27"},{"lineNumber":34,"author":{"gitId":"DeepanjaliDhawan"},"content":"        }","lastModifiedDate":"2023-02-27"},{"lineNumber":35,"author":{"gitId":"DeepanjaliDhawan"},"content":"    }","lastModifiedDate":"2023-02-27"},{"lineNumber":36,"author":{"gitId":"DeepanjaliDhawan"},"content":"","lastModifiedDate":"2023-02-27"},{"lineNumber":37,"author":{"gitId":"DeepanjaliDhawan"},"content":"    public static void loadContent() throws FileNotFoundException, IPChatExceptions {","lastModifiedDate":"2023-02-27"},{"lineNumber":38,"author":{"gitId":"DeepanjaliDhawan"},"content":"        File currFile \u003d new File(\"C:\\\\Users\\\\deepa\\\\OneDrive\\\\Documents\\\\OneNote\\\\ip\\\\SaveInfo.txt\");","lastModifiedDate":"2023-02-27"},{"lineNumber":39,"author":{"gitId":"DeepanjaliDhawan"},"content":"        Scanner input \u003d new Scanner(currFile);","lastModifiedDate":"2023-02-27"},{"lineNumber":40,"author":{"gitId":"DeepanjaliDhawan"},"content":"        String taskCase;","lastModifiedDate":"2023-02-27"},{"lineNumber":41,"author":{"gitId":"DeepanjaliDhawan"},"content":"        String str;","lastModifiedDate":"2023-02-27"},{"lineNumber":42,"author":{"gitId":"DeepanjaliDhawan"},"content":"        int taskNum \u003d 1;","lastModifiedDate":"2023-02-27"},{"lineNumber":43,"author":{"gitId":"DeepanjaliDhawan"},"content":"","lastModifiedDate":"2023-02-27"},{"lineNumber":44,"author":{"gitId":"DeepanjaliDhawan"},"content":"        while (input.hasNext()) {","lastModifiedDate":"2023-02-27"},{"lineNumber":45,"author":{"gitId":"DeepanjaliDhawan"},"content":"            String info \u003d input.nextLine();","lastModifiedDate":"2023-02-27"},{"lineNumber":46,"author":{"gitId":"DeepanjaliDhawan"},"content":"            String[] arr1 \u003d info.split(\" \\\\| \");","lastModifiedDate":"2023-02-27"},{"lineNumber":47,"author":{"gitId":"DeepanjaliDhawan"},"content":"            String[] arr2 \u003d arr1[0].split(\" \");","lastModifiedDate":"2023-02-27"},{"lineNumber":48,"author":{"gitId":"DeepanjaliDhawan"},"content":"            taskCase \u003d arr2[0];","lastModifiedDate":"2023-02-27"},{"lineNumber":49,"author":{"gitId":"DeepanjaliDhawan"},"content":"            str \u003d Integer.toString(taskNum);","lastModifiedDate":"2023-02-27"},{"lineNumber":50,"author":{"gitId":"DeepanjaliDhawan"},"content":"","lastModifiedDate":"2023-02-27"},{"lineNumber":51,"author":{"gitId":"DeepanjaliDhawan"},"content":"            switch (taskCase) {","lastModifiedDate":"2023-02-27"},{"lineNumber":52,"author":{"gitId":"DeepanjaliDhawan"},"content":"            case \"deadline\":","lastModifiedDate":"2023-02-27"},{"lineNumber":53,"author":{"gitId":"DeepanjaliDhawan"},"content":"                deadlineTasks(arr1[0]);","lastModifiedDate":"2023-02-27"},{"lineNumber":54,"author":{"gitId":"DeepanjaliDhawan"},"content":"                if (arr1[1].equals(\"1\")) {","lastModifiedDate":"2023-02-27"},{"lineNumber":55,"author":{"gitId":"DeepanjaliDhawan"},"content":"                    markDone(str);","lastModifiedDate":"2023-02-27"},{"lineNumber":56,"author":{"gitId":"DeepanjaliDhawan"},"content":"                }","lastModifiedDate":"2023-02-27"},{"lineNumber":57,"author":{"gitId":"DeepanjaliDhawan"},"content":"                break;","lastModifiedDate":"2023-02-27"},{"lineNumber":58,"author":{"gitId":"DeepanjaliDhawan"},"content":"            case \"todo\":","lastModifiedDate":"2023-02-27"},{"lineNumber":59,"author":{"gitId":"DeepanjaliDhawan"},"content":"                toDoTasks(arr1[0]);","lastModifiedDate":"2023-02-27"},{"lineNumber":60,"author":{"gitId":"DeepanjaliDhawan"},"content":"                if (arr1[1].equals(\"1\")) {","lastModifiedDate":"2023-02-27"},{"lineNumber":61,"author":{"gitId":"DeepanjaliDhawan"},"content":"                    markDone(str);","lastModifiedDate":"2023-02-27"},{"lineNumber":62,"author":{"gitId":"DeepanjaliDhawan"},"content":"                }","lastModifiedDate":"2023-02-27"},{"lineNumber":63,"author":{"gitId":"DeepanjaliDhawan"},"content":"                break;","lastModifiedDate":"2023-02-27"},{"lineNumber":64,"author":{"gitId":"DeepanjaliDhawan"},"content":"            case \"event\":","lastModifiedDate":"2023-02-27"},{"lineNumber":65,"author":{"gitId":"DeepanjaliDhawan"},"content":"                eventTasks(arr1[0]);","lastModifiedDate":"2023-02-27"},{"lineNumber":66,"author":{"gitId":"DeepanjaliDhawan"},"content":"                if (arr1[1].equals(\"1\")) {","lastModifiedDate":"2023-02-27"},{"lineNumber":67,"author":{"gitId":"DeepanjaliDhawan"},"content":"                    markDone(str);","lastModifiedDate":"2023-02-27"},{"lineNumber":68,"author":{"gitId":"DeepanjaliDhawan"},"content":"                }","lastModifiedDate":"2023-02-27"},{"lineNumber":69,"author":{"gitId":"DeepanjaliDhawan"},"content":"                break;","lastModifiedDate":"2023-02-27"},{"lineNumber":70,"author":{"gitId":"DeepanjaliDhawan"},"content":"            default:","lastModifiedDate":"2023-02-27"},{"lineNumber":71,"author":{"gitId":"DeepanjaliDhawan"},"content":"            }","lastModifiedDate":"2023-02-27"},{"lineNumber":72,"author":{"gitId":"DeepanjaliDhawan"},"content":"            taskNum +\u003d 1;","lastModifiedDate":"2023-02-27"},{"lineNumber":73,"author":{"gitId":"DeepanjaliDhawan"},"content":"        }","lastModifiedDate":"2023-02-27"},{"lineNumber":74,"author":{"gitId":"DeepanjaliDhawan"},"content":"        input.close();","lastModifiedDate":"2023-02-27"},{"lineNumber":75,"author":{"gitId":"DeepanjaliDhawan"},"content":"    }","lastModifiedDate":"2023-02-27"},{"lineNumber":76,"author":{"gitId":"DeepanjaliDhawan"},"content":"","lastModifiedDate":"2023-02-09"},{"lineNumber":77,"author":{"gitId":"DeepanjaliDhawan"},"content":"    // Says bye to the user and exits the program","lastModifiedDate":"2023-02-24"},{"lineNumber":78,"author":{"gitId":"DeepanjaliDhawan"},"content":"    public static void sayBye(String statements) throws IPChatExceptions {","lastModifiedDate":"2023-02-26"},{"lineNumber":79,"author":{"gitId":"DeepanjaliDhawan"},"content":"        if (statements.length() !\u003d 3) {","lastModifiedDate":"2023-02-26"},{"lineNumber":80,"author":{"gitId":"DeepanjaliDhawan"},"content":"            throw new IPChatExceptions(\"Too long a goodbye makes me emotional and too short a goodbye makes me feel ignored!\\n\");","lastModifiedDate":"2023-02-26"},{"lineNumber":81,"author":{"gitId":"DeepanjaliDhawan"},"content":"        } else {","lastModifiedDate":"2023-02-26"},{"lineNumber":82,"author":{"gitId":"DeepanjaliDhawan"},"content":"            System.out.println(\"------------------------------------------\");","lastModifiedDate":"2023-02-24"},{"lineNumber":83,"author":{"gitId":"DeepanjaliDhawan"},"content":"            System.out.println(\"Bye, Hope to see you soon\");","lastModifiedDate":"2023-02-24"},{"lineNumber":84,"author":{"gitId":"DeepanjaliDhawan"},"content":"            System.out.println(\"------------------------------------------\");","lastModifiedDate":"2023-02-24"},{"lineNumber":85,"author":{"gitId":"DeepanjaliDhawan"},"content":"            checkStatements();","lastModifiedDate":"2023-02-26"},{"lineNumber":86,"author":{"gitId":"DeepanjaliDhawan"},"content":"        }","lastModifiedDate":"2023-02-26"},{"lineNumber":87,"author":{"gitId":"DeepanjaliDhawan"},"content":"        System.exit(0);","lastModifiedDate":"2023-02-24"},{"lineNumber":88,"author":{"gitId":"DeepanjaliDhawan"},"content":"    }","lastModifiedDate":"2023-02-24"},{"lineNumber":89,"author":{"gitId":"DeepanjaliDhawan"},"content":"","lastModifiedDate":"2023-02-24"},{"lineNumber":90,"author":{"gitId":"DeepanjaliDhawan"},"content":"    public static void checkStatements() {","lastModifiedDate":"2023-02-26"},{"lineNumber":91,"author":{"gitId":"DeepanjaliDhawan"},"content":"        checkInput \u003d 1;","lastModifiedDate":"2023-02-26"},{"lineNumber":92,"author":{"gitId":"DeepanjaliDhawan"},"content":"    }","lastModifiedDate":"2023-02-26"},{"lineNumber":93,"author":{"gitId":"DeepanjaliDhawan"},"content":"","lastModifiedDate":"2023-02-26"},{"lineNumber":94,"author":{"gitId":"DeepanjaliDhawan"},"content":"    // Create a list of the task","lastModifiedDate":"2023-02-24"},{"lineNumber":95,"author":{"gitId":"DeepanjaliDhawan"},"content":"    public static void listTasks(String statements) throws IPChatExceptions {","lastModifiedDate":"2023-02-26"},{"lineNumber":96,"author":{"gitId":"DeepanjaliDhawan"},"content":"        if (tasksCount \u003d\u003d 0) {","lastModifiedDate":"2023-03-03"},{"lineNumber":97,"author":{"gitId":"DeepanjaliDhawan"},"content":"            throw new IPChatExceptions(\"Please give an input\");","lastModifiedDate":"2023-03-03"},{"lineNumber":98,"author":{"gitId":"DeepanjaliDhawan"},"content":"        } else {","lastModifiedDate":"2023-03-03"},{"lineNumber":99,"author":{"gitId":"DeepanjaliDhawan"},"content":"            System.out.println(\"------------------------------------------\");","lastModifiedDate":"2023-02-09"},{"lineNumber":100,"author":{"gitId":"DeepanjaliDhawan"},"content":"            System.out.println(\"Here is the list of tasks for the day! All the best :) \\n\");","lastModifiedDate":"2023-02-09"},{"lineNumber":101,"author":{"gitId":"DeepanjaliDhawan"},"content":"            for (int i \u003d 0; i \u003c tasksCount; i +\u003d 1) {","lastModifiedDate":"2023-02-09"},{"lineNumber":102,"author":{"gitId":"DeepanjaliDhawan"},"content":"                System.out.println((i + 1) + \". \" + \"[\" + tasks.get(i).getStatusIcon() + \"] \" + tasks.get(i).toString());","lastModifiedDate":"2023-02-27"},{"lineNumber":103,"author":{"gitId":"DeepanjaliDhawan"},"content":"            }","lastModifiedDate":"2023-02-09"},{"lineNumber":104,"author":{"gitId":"DeepanjaliDhawan"},"content":"            System.out.println(\"------------------------------------------\");","lastModifiedDate":"2023-02-09"},{"lineNumber":105,"author":{"gitId":"DeepanjaliDhawan"},"content":"        }","lastModifiedDate":"2023-02-24"},{"lineNumber":106,"author":{"gitId":"DeepanjaliDhawan"},"content":"    }","lastModifiedDate":"2023-02-26"},{"lineNumber":107,"author":{"gitId":"DeepanjaliDhawan"},"content":"","lastModifiedDate":"2023-02-24"},{"lineNumber":108,"author":{"gitId":"DeepanjaliDhawan"},"content":"    // Marks a task as done","lastModifiedDate":"2023-02-24"},{"lineNumber":109,"author":{"gitId":"DeepanjaliDhawan"},"content":"    public static void markDone(String statements) throws IPChatExceptions {","lastModifiedDate":"2023-02-26"},{"lineNumber":110,"author":{"gitId":"DeepanjaliDhawan"},"content":"        if (tasksCount !\u003d 0) {","lastModifiedDate":"2023-02-26"},{"lineNumber":111,"author":{"gitId":"DeepanjaliDhawan"},"content":"            try {","lastModifiedDate":"2023-02-26"},{"lineNumber":112,"author":{"gitId":"DeepanjaliDhawan"},"content":"                int taskIndex \u003d Integer.parseInt(statements.substring(statements.lastIndexOf(\" \") + 1)) - 1; // changed index to taskIndex","lastModifiedDate":"2023-03-03"},{"lineNumber":113,"author":{"gitId":"DeepanjaliDhawan"},"content":"                tasks.get(taskIndex).markAsDone();","lastModifiedDate":"2023-02-27"},{"lineNumber":114,"author":{"gitId":"DeepanjaliDhawan"},"content":"                System.out.println(\"I have marked the task as done\");","lastModifiedDate":"2023-02-24"},{"lineNumber":115,"author":{"gitId":"DeepanjaliDhawan"},"content":"                System.out.println(\"------------------------------------------\");","lastModifiedDate":"2023-02-24"},{"lineNumber":116,"author":{"gitId":"DeepanjaliDhawan"},"content":"                System.out.println(\"  \" + tasks.get(taskIndex).toString() + \"\\n\");","lastModifiedDate":"2023-03-03"},{"lineNumber":117,"author":{"gitId":"DeepanjaliDhawan"},"content":"            } catch (NullPointerException e) {","lastModifiedDate":"2023-02-26"},{"lineNumber":118,"author":{"gitId":"DeepanjaliDhawan"},"content":"                System.out.println(\"Invalid Task Number\");","lastModifiedDate":"2023-02-26"},{"lineNumber":119,"author":{"gitId":"DeepanjaliDhawan"},"content":"            }","lastModifiedDate":"2023-02-26"},{"lineNumber":120,"author":{"gitId":"DeepanjaliDhawan"},"content":"        } else {","lastModifiedDate":"2023-02-26"},{"lineNumber":121,"author":{"gitId":"DeepanjaliDhawan"},"content":"            throw new IPChatExceptions(\"To start listing\");","lastModifiedDate":"2023-02-26"},{"lineNumber":122,"author":{"gitId":"DeepanjaliDhawan"},"content":"        }","lastModifiedDate":"2023-02-26"},{"lineNumber":123,"author":{"gitId":"DeepanjaliDhawan"},"content":"    }","lastModifiedDate":"2023-02-24"},{"lineNumber":124,"author":{"gitId":"DeepanjaliDhawan"},"content":"","lastModifiedDate":"2023-02-24"},{"lineNumber":125,"author":{"gitId":"DeepanjaliDhawan"},"content":"    // tasks to do","lastModifiedDate":"2023-02-24"},{"lineNumber":126,"author":{"gitId":"DeepanjaliDhawan"},"content":"    public static void toDoTasks(String statements) {","lastModifiedDate":"2023-02-24"},{"lineNumber":127,"author":{"gitId":"DeepanjaliDhawan"},"content":"        if (statements.length() \u003d\u003d 4) {","lastModifiedDate":"2023-02-26"},{"lineNumber":128,"author":{"gitId":"DeepanjaliDhawan"},"content":"            System.out.println(\"Please continue\");","lastModifiedDate":"2023-02-26"},{"lineNumber":129,"author":{"gitId":"DeepanjaliDhawan"},"content":"        } else {","lastModifiedDate":"2023-02-26"},{"lineNumber":130,"author":{"gitId":"DeepanjaliDhawan"},"content":"            int todoLength \u003d statements.length();","lastModifiedDate":"2023-02-24"},{"lineNumber":131,"author":{"gitId":"DeepanjaliDhawan"},"content":"            String todoName \u003d statements.substring(5, todoLength);","lastModifiedDate":"2023-02-24"},{"lineNumber":132,"author":{"gitId":"DeepanjaliDhawan"},"content":"            tasks.add(tasksCount, new ToDo(todoName));","lastModifiedDate":"2023-02-27"},{"lineNumber":133,"author":{"gitId":"DeepanjaliDhawan"},"content":"            System.out.println(\"------------------------------------------\");","lastModifiedDate":"2023-02-09"},{"lineNumber":134,"author":{"gitId":"DeepanjaliDhawan"},"content":"            System.out.println(\"Got it. I\u0027ve added this task:\\n\" + tasks.get(tasksCount).toString());","lastModifiedDate":"2023-03-03"},{"lineNumber":135,"author":{"gitId":"DeepanjaliDhawan"},"content":"            tasksCount +\u003d 1;","lastModifiedDate":"2023-02-09"},{"lineNumber":136,"author":{"gitId":"DeepanjaliDhawan"},"content":"            System.out.println(\"Now you have \" + tasksCount + \" tasks in the list.\\n\");","lastModifiedDate":"2023-02-24"},{"lineNumber":137,"author":{"gitId":"DeepanjaliDhawan"},"content":"            System.out.println(\"------------------------------------------\");","lastModifiedDate":"2023-02-09"},{"lineNumber":138,"author":{"gitId":"DeepanjaliDhawan"},"content":"        }","lastModifiedDate":"2023-02-09"},{"lineNumber":139,"author":{"gitId":"DeepanjaliDhawan"},"content":"    }","lastModifiedDate":"2023-02-26"},{"lineNumber":140,"author":{"gitId":"DeepanjaliDhawan"},"content":"","lastModifiedDate":"2023-02-09"},{"lineNumber":141,"author":{"gitId":"DeepanjaliDhawan"},"content":"    // Tasks having deadlines","lastModifiedDate":"2023-02-24"},{"lineNumber":142,"author":{"gitId":"DeepanjaliDhawan"},"content":"    public static void deadlineTasks(String statements) {","lastModifiedDate":"2023-02-24"},{"lineNumber":143,"author":{"gitId":"DeepanjaliDhawan"},"content":"        if (statements.length() \u003d\u003d 8) {","lastModifiedDate":"2023-02-26"},{"lineNumber":144,"author":{"gitId":"DeepanjaliDhawan"},"content":"            System.out.println(\"Please provide correct input\");","lastModifiedDate":"2023-02-26"},{"lineNumber":145,"author":{"gitId":"DeepanjaliDhawan"},"content":"        } else {","lastModifiedDate":"2023-02-26"},{"lineNumber":146,"author":{"gitId":"DeepanjaliDhawan"},"content":"            int end \u003d statements.indexOf(\"/\");","lastModifiedDate":"2023-03-03"},{"lineNumber":147,"author":{"gitId":"DeepanjaliDhawan"},"content":"            String deadlineName \u003d statements.substring(9, end);","lastModifiedDate":"2023-03-03"},{"lineNumber":148,"author":{"gitId":"DeepanjaliDhawan"},"content":"            int deadlineLength \u003d statements.length();","lastModifiedDate":"2023-02-24"},{"lineNumber":149,"author":{"gitId":"DeepanjaliDhawan"},"content":"            String by \u003d statements.substring(end + 4, deadlineLength);","lastModifiedDate":"2023-03-03"},{"lineNumber":150,"author":{"gitId":"DeepanjaliDhawan"},"content":"            LocalDate date \u003d LocalDate.parse(by);","lastModifiedDate":"2023-03-03"},{"lineNumber":151,"author":{"gitId":"DeepanjaliDhawan"},"content":"            LocalDate day \u003d LocalDate.parse(by);","lastModifiedDate":"2023-03-03"},{"lineNumber":152,"author":{"gitId":"DeepanjaliDhawan"},"content":"            tasks.add(tasksCount, new Deadline(deadlineName, by));","lastModifiedDate":"2023-02-27"},{"lineNumber":153,"author":{"gitId":"DeepanjaliDhawan"},"content":"            System.out.println(\"------------------------------------------\");","lastModifiedDate":"2023-02-24"},{"lineNumber":154,"author":{"gitId":"DeepanjaliDhawan"},"content":"            System.out.println(\"Date of deadline: \" + date.format(DateTimeFormatter.ofPattern(\"MMM d yyyy\")) + \"\\n\");","lastModifiedDate":"2023-03-03"},{"lineNumber":155,"author":{"gitId":"DeepanjaliDhawan"},"content":"            System.out.println(\"Day of deadline: \" + day.getDayOfWeek());","lastModifiedDate":"2023-03-03"},{"lineNumber":156,"author":{"gitId":"DeepanjaliDhawan"},"content":"            System.out.println(\"Got it. I\u0027ve added this task:\\n\");","lastModifiedDate":"2023-03-03"},{"lineNumber":157,"author":{"gitId":"DeepanjaliDhawan"},"content":"            System.out.println(tasks.get(tasksCount).toString());","lastModifiedDate":"2023-03-03"},{"lineNumber":158,"author":{"gitId":"DeepanjaliDhawan"},"content":"            tasksCount +\u003d 1;","lastModifiedDate":"2023-02-24"},{"lineNumber":159,"author":{"gitId":"DeepanjaliDhawan"},"content":"            System.out.println(\"Now you have \" + tasksCount + \" tasks in the list.\\n\");","lastModifiedDate":"2023-02-24"},{"lineNumber":160,"author":{"gitId":"DeepanjaliDhawan"},"content":"            System.out.println(\"------------------------------------------\");","lastModifiedDate":"2023-02-24"},{"lineNumber":161,"author":{"gitId":"DeepanjaliDhawan"},"content":"        }","lastModifiedDate":"2023-02-09"},{"lineNumber":162,"author":{"gitId":"DeepanjaliDhawan"},"content":"    }","lastModifiedDate":"2023-02-26"},{"lineNumber":163,"author":{"gitId":"DeepanjaliDhawan"},"content":"","lastModifiedDate":"2023-02-24"},{"lineNumber":164,"author":{"gitId":"DeepanjaliDhawan"},"content":"    // Events of the task","lastModifiedDate":"2023-02-24"},{"lineNumber":165,"author":{"gitId":"DeepanjaliDhawan"},"content":"    public static void eventTasks(String statements) {","lastModifiedDate":"2023-02-24"},{"lineNumber":166,"author":{"gitId":"DeepanjaliDhawan"},"content":"        if (statements.length() \u003d\u003d 5) {","lastModifiedDate":"2023-02-26"},{"lineNumber":167,"author":{"gitId":"DeepanjaliDhawan"},"content":"            System.out.println(\"Please provide correct input\");","lastModifiedDate":"2023-02-26"},{"lineNumber":168,"author":{"gitId":"DeepanjaliDhawan"},"content":"        } else if (!statements.contains(\"/\")) {","lastModifiedDate":"2023-02-26"},{"lineNumber":169,"author":{"gitId":"DeepanjaliDhawan"},"content":"            System.out.println(\"Please provide timings\");","lastModifiedDate":"2023-02-26"},{"lineNumber":170,"author":{"gitId":"DeepanjaliDhawan"},"content":"        } else {","lastModifiedDate":"2023-02-26"},{"lineNumber":171,"author":{"gitId":"DeepanjaliDhawan"},"content":"            int fromStart \u003d statements.indexOf(\" /from\");","lastModifiedDate":"2023-03-03"},{"lineNumber":172,"author":{"gitId":"DeepanjaliDhawan"},"content":"            int toStart \u003d statements.indexOf(\" /to\");","lastModifiedDate":"2023-03-03"},{"lineNumber":173,"author":{"gitId":"DeepanjaliDhawan"},"content":"","lastModifiedDate":"2023-03-03"},{"lineNumber":174,"author":{"gitId":"DeepanjaliDhawan"},"content":"            String eventName \u003d statements.substring(5, fromStart);","lastModifiedDate":"2023-03-03"},{"lineNumber":175,"author":{"gitId":"DeepanjaliDhawan"},"content":"            String fromBegin \u003d statements.substring(fromStart + 7, toStart);","lastModifiedDate":"2023-03-03"},{"lineNumber":176,"author":{"gitId":"DeepanjaliDhawan"},"content":"            String toBegin \u003d statements.substring(toStart + 5);","lastModifiedDate":"2023-03-03"},{"lineNumber":177,"author":{"gitId":"DeepanjaliDhawan"},"content":"","lastModifiedDate":"2023-03-03"},{"lineNumber":178,"author":{"gitId":"DeepanjaliDhawan"},"content":"            tasks.add(tasksCount, new Event(eventName, fromBegin, toBegin));","lastModifiedDate":"2023-03-03"},{"lineNumber":179,"author":{"gitId":"DeepanjaliDhawan"},"content":"            System.out.println(\"------------------------------------------\");","lastModifiedDate":"2023-02-09"},{"lineNumber":180,"author":{"gitId":"DeepanjaliDhawan"},"content":"            System.out.println(\"Got it. I\u0027ve added this task:\\n\" + tasks.get(tasksCount).toString());","lastModifiedDate":"2023-03-03"},{"lineNumber":181,"author":{"gitId":"DeepanjaliDhawan"},"content":"            tasksCount +\u003d 1;","lastModifiedDate":"2023-02-24"},{"lineNumber":182,"author":{"gitId":"DeepanjaliDhawan"},"content":"            System.out.println(\"Now you have \" + tasksCount + \" tasks in the list.\\n\");","lastModifiedDate":"2023-02-24"},{"lineNumber":183,"author":{"gitId":"DeepanjaliDhawan"},"content":"            System.out.println(\"------------------------------------------\");","lastModifiedDate":"2023-02-24"},{"lineNumber":184,"author":{"gitId":"DeepanjaliDhawan"},"content":"        }","lastModifiedDate":"2023-02-24"},{"lineNumber":185,"author":{"gitId":"DeepanjaliDhawan"},"content":"    }","lastModifiedDate":"2023-02-26"},{"lineNumber":186,"author":{"gitId":"DeepanjaliDhawan"},"content":"","lastModifiedDate":"2023-02-24"},{"lineNumber":187,"author":{"gitId":"DeepanjaliDhawan"},"content":"    // Delete a task","lastModifiedDate":"2023-02-27"},{"lineNumber":188,"author":{"gitId":"DeepanjaliDhawan"},"content":"    public static void deleteTasks(String statements) throws IPChatExceptions {","lastModifiedDate":"2023-02-27"},{"lineNumber":189,"author":{"gitId":"DeepanjaliDhawan"},"content":"        if (tasksCount !\u003d 0) {","lastModifiedDate":"2023-02-27"},{"lineNumber":190,"author":{"gitId":"DeepanjaliDhawan"},"content":"            try {","lastModifiedDate":"2023-02-27"},{"lineNumber":191,"author":{"gitId":"DeepanjaliDhawan"},"content":"                int finalNum \u003d Integer.parseInt(statements.substring(statements.lastIndexOf(\" \") + 1)) - 1;","lastModifiedDate":"2023-02-27"},{"lineNumber":192,"author":{"gitId":"DeepanjaliDhawan"},"content":"                Task removeTask \u003d tasks.get(finalNum);","lastModifiedDate":"2023-02-27"},{"lineNumber":193,"author":{"gitId":"DeepanjaliDhawan"},"content":"                tasks.remove(finalNum);","lastModifiedDate":"2023-02-27"},{"lineNumber":194,"author":{"gitId":"DeepanjaliDhawan"},"content":"                tasksCount--;","lastModifiedDate":"2023-02-27"},{"lineNumber":195,"author":{"gitId":"DeepanjaliDhawan"},"content":"                System.out.println(\"------------------------------------------\");","lastModifiedDate":"2023-02-27"},{"lineNumber":196,"author":{"gitId":"DeepanjaliDhawan"},"content":"                System.out.println(\"Deleting the following items\");","lastModifiedDate":"2023-02-27"},{"lineNumber":197,"author":{"gitId":"DeepanjaliDhawan"},"content":"                System.out.println(\"  \" + removeTask.toString() + \"\\n\" + \"\\nYou now have \" + tasksCount + \" tasks left.\\n\");","lastModifiedDate":"2023-02-27"},{"lineNumber":198,"author":{"gitId":"DeepanjaliDhawan"},"content":"                System.out.println(\"------------------------------------------\");","lastModifiedDate":"2023-02-27"},{"lineNumber":199,"author":{"gitId":"DeepanjaliDhawan"},"content":"            } catch (IndexOutOfBoundsException e) {","lastModifiedDate":"2023-02-27"},{"lineNumber":200,"author":{"gitId":"DeepanjaliDhawan"},"content":"                System.out.println(\"Invalid Task number !!\");","lastModifiedDate":"2023-02-27"},{"lineNumber":201,"author":{"gitId":"DeepanjaliDhawan"},"content":"            }","lastModifiedDate":"2023-02-27"},{"lineNumber":202,"author":{"gitId":"DeepanjaliDhawan"},"content":"        } else {","lastModifiedDate":"2023-02-27"},{"lineNumber":203,"author":{"gitId":"DeepanjaliDhawan"},"content":"            throw new IPChatExceptions(\"Please give tasks to delete!\");","lastModifiedDate":"2023-02-27"},{"lineNumber":204,"author":{"gitId":"DeepanjaliDhawan"},"content":"        }","lastModifiedDate":"2023-02-27"},{"lineNumber":205,"author":{"gitId":"DeepanjaliDhawan"},"content":"    }","lastModifiedDate":"2023-02-27"},{"lineNumber":206,"author":{"gitId":"DeepanjaliDhawan"},"content":"","lastModifiedDate":"2023-02-27"},{"lineNumber":207,"author":{"gitId":"DeepanjaliDhawan"},"content":"    // Compilation","lastModifiedDate":"2023-02-24"},{"lineNumber":208,"author":{"gitId":"DeepanjaliDhawan"},"content":"    public static void mySequence() throws IPChatExceptions {","lastModifiedDate":"2023-03-03"},{"lineNumber":209,"author":{"gitId":"DeepanjaliDhawan"},"content":"        while (checkInput \u003d\u003d 0) {","lastModifiedDate":"2023-02-26"},{"lineNumber":210,"author":{"gitId":"DeepanjaliDhawan"},"content":"            Scanner input \u003d new Scanner(System.in);","lastModifiedDate":"2023-02-26"},{"lineNumber":211,"author":{"gitId":"DeepanjaliDhawan"},"content":"            String statements \u003d input.nextLine();","lastModifiedDate":"2023-02-26"},{"lineNumber":212,"author":{"gitId":"DeepanjaliDhawan"},"content":"            String words \u003d statements.split(\" \")[0];","lastModifiedDate":"2023-02-26"},{"lineNumber":213,"author":{"gitId":"DeepanjaliDhawan"},"content":"            switch (words) {","lastModifiedDate":"2023-02-26"},{"lineNumber":214,"author":{"gitId":"DeepanjaliDhawan"},"content":"            case \"bye\":","lastModifiedDate":"2023-02-26"},{"lineNumber":215,"author":{"gitId":"DeepanjaliDhawan"},"content":"                sayBye(statements);","lastModifiedDate":"2023-02-26"},{"lineNumber":216,"author":{"gitId":"DeepanjaliDhawan"},"content":"                break;","lastModifiedDate":"2023-02-26"},{"lineNumber":217,"author":{"gitId":"DeepanjaliDhawan"},"content":"            case \"list\":","lastModifiedDate":"2023-02-26"},{"lineNumber":218,"author":{"gitId":"DeepanjaliDhawan"},"content":"                try {","lastModifiedDate":"2023-03-03"},{"lineNumber":219,"author":{"gitId":"DeepanjaliDhawan"},"content":"                    listTasks(statements);","lastModifiedDate":"2023-02-26"},{"lineNumber":220,"author":{"gitId":"DeepanjaliDhawan"},"content":"                } catch (IPChatExceptions e) {","lastModifiedDate":"2023-03-03"},{"lineNumber":221,"author":{"gitId":"DeepanjaliDhawan"},"content":"                    System.out.println(\"Please give an input\");","lastModifiedDate":"2023-03-03"},{"lineNumber":222,"author":{"gitId":"DeepanjaliDhawan"},"content":"                }","lastModifiedDate":"2023-03-03"},{"lineNumber":223,"author":{"gitId":"DeepanjaliDhawan"},"content":"                break;","lastModifiedDate":"2023-02-26"},{"lineNumber":224,"author":{"gitId":"DeepanjaliDhawan"},"content":"            case \"done\":","lastModifiedDate":"2023-02-26"},{"lineNumber":225,"author":{"gitId":"DeepanjaliDhawan"},"content":"                markDone(statements);","lastModifiedDate":"2023-02-24"},{"lineNumber":226,"author":{"gitId":"DeepanjaliDhawan"},"content":"                saveContent(tasks);","lastModifiedDate":"2023-02-27"},{"lineNumber":227,"author":{"gitId":"DeepanjaliDhawan"},"content":"                break;","lastModifiedDate":"2023-02-26"},{"lineNumber":228,"author":{"gitId":"DeepanjaliDhawan"},"content":"            case \"todo\":","lastModifiedDate":"2023-02-26"},{"lineNumber":229,"author":{"gitId":"DeepanjaliDhawan"},"content":"                toDoTasks(statements);","lastModifiedDate":"2023-02-24"},{"lineNumber":230,"author":{"gitId":"DeepanjaliDhawan"},"content":"                saveContent(tasks);","lastModifiedDate":"2023-02-27"},{"lineNumber":231,"author":{"gitId":"DeepanjaliDhawan"},"content":"                break;","lastModifiedDate":"2023-02-26"},{"lineNumber":232,"author":{"gitId":"DeepanjaliDhawan"},"content":"            case \"deadline\":","lastModifiedDate":"2023-02-26"},{"lineNumber":233,"author":{"gitId":"DeepanjaliDhawan"},"content":"                try {","lastModifiedDate":"2023-03-03"},{"lineNumber":234,"author":{"gitId":"DeepanjaliDhawan"},"content":"                    deadlineTasks(statements);","lastModifiedDate":"2023-02-24"},{"lineNumber":235,"author":{"gitId":"DeepanjaliDhawan"},"content":"                    saveContent(tasks);","lastModifiedDate":"2023-02-27"},{"lineNumber":236,"author":{"gitId":"DeepanjaliDhawan"},"content":"                } catch (DateTimeParseException d) {","lastModifiedDate":"2023-03-03"},{"lineNumber":237,"author":{"gitId":"DeepanjaliDhawan"},"content":"                    System.out.println(\"Please enter the correct date format yyyy-mm-dd\");","lastModifiedDate":"2023-03-03"},{"lineNumber":238,"author":{"gitId":"DeepanjaliDhawan"},"content":"                }","lastModifiedDate":"2023-03-03"},{"lineNumber":239,"author":{"gitId":"DeepanjaliDhawan"},"content":"                break;","lastModifiedDate":"2023-02-26"},{"lineNumber":240,"author":{"gitId":"DeepanjaliDhawan"},"content":"            case \"event\":","lastModifiedDate":"2023-02-26"},{"lineNumber":241,"author":{"gitId":"DeepanjaliDhawan"},"content":"                eventTasks(statements);","lastModifiedDate":"2023-02-24"},{"lineNumber":242,"author":{"gitId":"DeepanjaliDhawan"},"content":"                saveContent(tasks);","lastModifiedDate":"2023-02-27"},{"lineNumber":243,"author":{"gitId":"DeepanjaliDhawan"},"content":"                break;","lastModifiedDate":"2023-02-26"},{"lineNumber":244,"author":{"gitId":"DeepanjaliDhawan"},"content":"            case \"delete\":","lastModifiedDate":"2023-02-27"},{"lineNumber":245,"author":{"gitId":"DeepanjaliDhawan"},"content":"                deleteTasks(statements);","lastModifiedDate":"2023-02-27"},{"lineNumber":246,"author":{"gitId":"DeepanjaliDhawan"},"content":"                saveContent(tasks);","lastModifiedDate":"2023-02-27"},{"lineNumber":247,"author":{"gitId":"DeepanjaliDhawan"},"content":"                break;","lastModifiedDate":"2023-02-27"},{"lineNumber":248,"author":{"gitId":"DeepanjaliDhawan"},"content":"            default:","lastModifiedDate":"2023-02-26"},{"lineNumber":249,"author":{"gitId":"DeepanjaliDhawan"},"content":"                System.out.println(\"------------------------------------------\");","lastModifiedDate":"2023-02-26"},{"lineNumber":250,"author":{"gitId":"DeepanjaliDhawan"},"content":"                System.out.println(\"Please provide accurate readings\");","lastModifiedDate":"2023-02-26"},{"lineNumber":251,"author":{"gitId":"DeepanjaliDhawan"},"content":"            }","lastModifiedDate":"2023-02-24"},{"lineNumber":252,"author":{"gitId":"DeepanjaliDhawan"},"content":"        }","lastModifiedDate":"2023-02-24"},{"lineNumber":253,"author":{"gitId":"DeepanjaliDhawan"},"content":"    }","lastModifiedDate":"2023-02-24"},{"lineNumber":254,"author":{"gitId":"DeepanjaliDhawan"},"content":"","lastModifiedDate":"2023-02-26"},{"lineNumber":255,"author":{"gitId":"DeepanjaliDhawan"},"content":"    public static void main(String[] args) throws IPChatExceptions , IOException{","lastModifiedDate":"2023-02-27"},{"lineNumber":256,"author":{"gitId":"DeepanjaliDhawan"},"content":"        System.out.println(\"Hello I\u0027m IPChat, What can I do for you\");","lastModifiedDate":"2023-02-24"},{"lineNumber":257,"author":{"gitId":"DeepanjaliDhawan"},"content":"        System.out.println(\"------------------------------------------\");","lastModifiedDate":"2023-02-09"},{"lineNumber":258,"author":{"gitId":"DeepanjaliDhawan"},"content":"        mySequence();","lastModifiedDate":"2023-02-26"},{"lineNumber":259,"author":{"gitId":"DeepanjaliDhawan"},"content":"    }","lastModifiedDate":"2023-02-09"},{"lineNumber":260,"author":{"gitId":"DeepanjaliDhawan"},"content":"}","lastModifiedDate":"2023-01-30"}],"authorContributionMap":{"DeepanjaliDhawan":260}},{"path":"src/main/java/IPChat/Task.java","fileType":"java","lines":[{"lineNumber":1,"author":{"gitId":"DeepanjaliDhawan"},"content":"package IPChat;","lastModifiedDate":"2023-02-26"},{"lineNumber":2,"author":{"gitId":"DeepanjaliDhawan"},"content":"","lastModifiedDate":"2023-02-26"},{"lineNumber":3,"author":{"gitId":"DeepanjaliDhawan"},"content":"public class Task {","lastModifiedDate":"2023-02-09"},{"lineNumber":4,"author":{"gitId":"DeepanjaliDhawan"},"content":"    protected String description;","lastModifiedDate":"2023-02-09"},{"lineNumber":5,"author":{"gitId":"DeepanjaliDhawan"},"content":"    protected boolean isDone;","lastModifiedDate":"2023-02-09"},{"lineNumber":6,"author":{"gitId":"DeepanjaliDhawan"},"content":"","lastModifiedDate":"2023-02-09"},{"lineNumber":7,"author":{"gitId":"DeepanjaliDhawan"},"content":"    public Task(String description) {","lastModifiedDate":"2023-02-09"},{"lineNumber":8,"author":{"gitId":"DeepanjaliDhawan"},"content":"        this.description \u003d description;","lastModifiedDate":"2023-02-09"},{"lineNumber":9,"author":{"gitId":"DeepanjaliDhawan"},"content":"        this.isDone \u003d false;","lastModifiedDate":"2023-02-09"},{"lineNumber":10,"author":{"gitId":"DeepanjaliDhawan"},"content":"    }","lastModifiedDate":"2023-02-09"},{"lineNumber":11,"author":{"gitId":"DeepanjaliDhawan"},"content":"","lastModifiedDate":"2023-02-09"},{"lineNumber":12,"author":{"gitId":"DeepanjaliDhawan"},"content":"    public String getStatusIcon() {","lastModifiedDate":"2023-02-09"},{"lineNumber":13,"author":{"gitId":"DeepanjaliDhawan"},"content":"","lastModifiedDate":"2023-02-09"},{"lineNumber":14,"author":{"gitId":"DeepanjaliDhawan"},"content":"        return (isDone ? \"X\" : \" \"); // mark done task with X","lastModifiedDate":"2023-02-24"},{"lineNumber":15,"author":{"gitId":"DeepanjaliDhawan"},"content":"    }","lastModifiedDate":"2023-02-09"},{"lineNumber":16,"author":{"gitId":"DeepanjaliDhawan"},"content":"","lastModifiedDate":"2023-02-09"},{"lineNumber":17,"author":{"gitId":"DeepanjaliDhawan"},"content":"    public void markAsDone() {","lastModifiedDate":"2023-02-09"},{"lineNumber":18,"author":{"gitId":"DeepanjaliDhawan"},"content":"        isDone \u003d true;","lastModifiedDate":"2023-02-09"},{"lineNumber":19,"author":{"gitId":"DeepanjaliDhawan"},"content":"    }","lastModifiedDate":"2023-02-09"},{"lineNumber":20,"author":{"gitId":"DeepanjaliDhawan"},"content":"","lastModifiedDate":"2023-02-24"},{"lineNumber":21,"author":{"gitId":"DeepanjaliDhawan"},"content":"    public String toString() {","lastModifiedDate":"2023-02-24"},{"lineNumber":22,"author":{"gitId":"DeepanjaliDhawan"},"content":"        return description;","lastModifiedDate":"2023-02-24"},{"lineNumber":23,"author":{"gitId":"DeepanjaliDhawan"},"content":"    }","lastModifiedDate":"2023-02-24"},{"lineNumber":24,"author":{"gitId":"DeepanjaliDhawan"},"content":"    public String saveStuff() {","lastModifiedDate":"2023-02-27"},{"lineNumber":25,"author":{"gitId":"DeepanjaliDhawan"},"content":"        int save \u003d 0;","lastModifiedDate":"2023-02-27"},{"lineNumber":26,"author":{"gitId":"DeepanjaliDhawan"},"content":"        if (this.isDone) {","lastModifiedDate":"2023-02-27"},{"lineNumber":27,"author":{"gitId":"DeepanjaliDhawan"},"content":"            save \u003d 1;","lastModifiedDate":"2023-02-27"},{"lineNumber":28,"author":{"gitId":"DeepanjaliDhawan"},"content":"        }","lastModifiedDate":"2023-02-27"},{"lineNumber":29,"author":{"gitId":"DeepanjaliDhawan"},"content":"        return \"taskType\" + description +  \" | \" + save+ \"\\n\";","lastModifiedDate":"2023-03-03"},{"lineNumber":30,"author":{"gitId":"DeepanjaliDhawan"},"content":"    }","lastModifiedDate":"2023-02-27"},{"lineNumber":31,"author":{"gitId":"DeepanjaliDhawan"},"content":"}","lastModifiedDate":"2023-02-09"}],"authorContributionMap":{"DeepanjaliDhawan":31}},{"path":"src/main/java/IPChat/ToDo.java","fileType":"java","lines":[{"lineNumber":1,"author":{"gitId":"DeepanjaliDhawan"},"content":"package IPChat;","lastModifiedDate":"2023-02-26"},{"lineNumber":2,"author":{"gitId":"DeepanjaliDhawan"},"content":"","lastModifiedDate":"2023-02-26"},{"lineNumber":3,"author":{"gitId":"DeepanjaliDhawan"},"content":"public class ToDo extends Task{","lastModifiedDate":"2023-02-24"},{"lineNumber":4,"author":{"gitId":"DeepanjaliDhawan"},"content":"","lastModifiedDate":"2023-02-24"},{"lineNumber":5,"author":{"gitId":"DeepanjaliDhawan"},"content":"    public ToDo(String description) {","lastModifiedDate":"2023-02-24"},{"lineNumber":6,"author":{"gitId":"DeepanjaliDhawan"},"content":"        super(description);","lastModifiedDate":"2023-02-24"},{"lineNumber":7,"author":{"gitId":"DeepanjaliDhawan"},"content":"    }","lastModifiedDate":"2023-02-24"},{"lineNumber":8,"author":{"gitId":"DeepanjaliDhawan"},"content":"","lastModifiedDate":"2023-02-24"},{"lineNumber":9,"author":{"gitId":"DeepanjaliDhawan"},"content":"    @Override","lastModifiedDate":"2023-02-24"},{"lineNumber":10,"author":{"gitId":"DeepanjaliDhawan"},"content":"    public String toString() {","lastModifiedDate":"2023-02-24"},{"lineNumber":11,"author":{"gitId":"DeepanjaliDhawan"},"content":"        return \"[T][\" + super.getStatusIcon() + \"] \" + super.toString();","lastModifiedDate":"2023-02-24"},{"lineNumber":12,"author":{"gitId":"DeepanjaliDhawan"},"content":"    }","lastModifiedDate":"2023-02-24"},{"lineNumber":13,"author":{"gitId":"DeepanjaliDhawan"},"content":"","lastModifiedDate":"2023-02-27"},{"lineNumber":14,"author":{"gitId":"DeepanjaliDhawan"},"content":"    @Override","lastModifiedDate":"2023-02-27"},{"lineNumber":15,"author":{"gitId":"DeepanjaliDhawan"},"content":"    public String saveStuff () {","lastModifiedDate":"2023-02-27"},{"lineNumber":16,"author":{"gitId":"DeepanjaliDhawan"},"content":"        int save \u003d 0;","lastModifiedDate":"2023-02-27"},{"lineNumber":17,"author":{"gitId":"DeepanjaliDhawan"},"content":"        if (this.isDone) {","lastModifiedDate":"2023-02-27"},{"lineNumber":18,"author":{"gitId":"DeepanjaliDhawan"},"content":"            save \u003d 1;","lastModifiedDate":"2023-02-27"},{"lineNumber":19,"author":{"gitId":"DeepanjaliDhawan"},"content":"        }","lastModifiedDate":"2023-02-27"},{"lineNumber":20,"author":{"gitId":"DeepanjaliDhawan"},"content":"        return \"todo\" + description + \" | \" + save;","lastModifiedDate":"2023-02-27"},{"lineNumber":21,"author":{"gitId":"DeepanjaliDhawan"},"content":"    }","lastModifiedDate":"2023-02-27"},{"lineNumber":22,"author":{"gitId":"DeepanjaliDhawan"},"content":"}","lastModifiedDate":"2023-02-24"}],"authorContributionMap":{"DeepanjaliDhawan":22}},{"path":"src/main/java/ipchatExceptions/IPChatExceptions.java","fileType":"java","lines":[{"lineNumber":1,"author":{"gitId":"DeepanjaliDhawan"},"content":"package ipchatExceptions;","lastModifiedDate":"2023-02-26"},{"lineNumber":2,"author":{"gitId":"DeepanjaliDhawan"},"content":"","lastModifiedDate":"2023-02-26"},{"lineNumber":3,"author":{"gitId":"DeepanjaliDhawan"},"content":"public class IPChatExceptions extends Exception {","lastModifiedDate":"2023-02-26"},{"lineNumber":4,"author":{"gitId":"DeepanjaliDhawan"},"content":"    public IPChatExceptions(String errorAlert) {","lastModifiedDate":"2023-02-26"},{"lineNumber":5,"author":{"gitId":"DeepanjaliDhawan"},"content":"        super(errorAlert);","lastModifiedDate":"2023-02-26"},{"lineNumber":6,"author":{"gitId":"DeepanjaliDhawan"},"content":"    }","lastModifiedDate":"2023-02-26"},{"lineNumber":7,"author":{"gitId":"DeepanjaliDhawan"},"content":"}","lastModifiedDate":"2023-02-26"}],"authorContributionMap":{"DeepanjaliDhawan":7}},{"path":"text-ui-test/runtest.bat","fileType":"bat","lines":[{"lineNumber":1,"author":{"gitId":"-"},"content":"@ECHO OFF","lastModifiedDate":"2020-05-25"},{"lineNumber":2,"author":{"gitId":"-"},"content":"","lastModifiedDate":"2020-05-25"},{"lineNumber":3,"author":{"gitId":"-"},"content":"REM create bin directory if it doesn\u0027t exist","lastModifiedDate":"2020-05-25"},{"lineNumber":4,"author":{"gitId":"-"},"content":"if not exist ..\\bin mkdir ..\\bin","lastModifiedDate":"2020-05-25"},{"lineNumber":5,"author":{"gitId":"-"},"content":"","lastModifiedDate":"2020-05-25"},{"lineNumber":6,"author":{"gitId":"-"},"content":"REM delete output from previous run","lastModifiedDate":"2020-05-25"},{"lineNumber":7,"author":{"gitId":"DeepanjaliDhawan"},"content":"if exist ACTUAL.txt del ACTUAL.TXT","lastModifiedDate":"2023-02-24"},{"lineNumber":8,"author":{"gitId":"-"},"content":"","lastModifiedDate":"2020-05-25"},{"lineNumber":9,"author":{"gitId":"-"},"content":"REM compile the code into the bin folder","lastModifiedDate":"2020-05-25"},{"lineNumber":10,"author":{"gitId":"DeepanjaliDhawan"},"content":"javac  -cp ..\\src\\main\\java -Xlint:none -d ..\\bin ..\\src\\main\\java\\IPChat.java","lastModifiedDate":"2023-02-24"},{"lineNumber":11,"author":{"gitId":"-"},"content":"IF ERRORLEVEL 1 (","lastModifiedDate":"2020-05-25"},{"lineNumber":12,"author":{"gitId":"-"},"content":"    echo ********** BUILD FAILURE **********","lastModifiedDate":"2020-05-25"},{"lineNumber":13,"author":{"gitId":"DeepanjaliDhawan"},"content":"    pause","lastModifiedDate":"2023-02-24"},{"lineNumber":14,"author":{"gitId":"-"},"content":"    exit /b 1","lastModifiedDate":"2020-05-25"},{"lineNumber":15,"author":{"gitId":"-"},"content":")","lastModifiedDate":"2020-05-25"},{"lineNumber":16,"author":{"gitId":"-"},"content":"REM no error here, errorlevel \u003d\u003d 0","lastModifiedDate":"2020-05-25"},{"lineNumber":17,"author":{"gitId":"-"},"content":"","lastModifiedDate":"2020-05-25"},{"lineNumber":18,"author":{"gitId":"-"},"content":"REM run the program, feed commands from input.txt file and redirect the output to the ACTUAL.TXT","lastModifiedDate":"2020-05-25"},{"lineNumber":19,"author":{"gitId":"DeepanjaliDhawan"},"content":"java -classpath ..\\bin IPChat \u003c input.txt \u003e ACTUAL.TXT","lastModifiedDate":"2023-02-24"},{"lineNumber":20,"author":{"gitId":"-"},"content":"","lastModifiedDate":"2020-05-25"},{"lineNumber":21,"author":{"gitId":"-"},"content":"REM compare the output to the expected output","lastModifiedDate":"2020-05-25"},{"lineNumber":22,"author":{"gitId":"-"},"content":"FC ACTUAL.TXT EXPECTED.TXT","lastModifiedDate":"2020-05-25"},{"lineNumber":23,"author":{"gitId":"DeepanjaliDhawan"},"content":"pause","lastModifiedDate":"2023-02-24"}],"authorContributionMap":{"DeepanjaliDhawan":5,"-":18}}]
