[{"path":"src/main/java/IPChat.java","fileType":"java","lines":[{"lineNumber":1,"author":{"gitId":"DeepanjaliDhawan"},"content":"import java.util.Scanner;","lastModifiedDate":"2023-02-09"},{"lineNumber":2,"author":{"gitId":"DeepanjaliDhawan"},"content":"public class IPChat {","lastModifiedDate":"2023-01-30"},{"lineNumber":3,"author":{"gitId":"DeepanjaliDhawan"},"content":"    public static void main(String[] args) {","lastModifiedDate":"2023-02-09"},{"lineNumber":4,"author":{"gitId":"DeepanjaliDhawan"},"content":"","lastModifiedDate":"2023-02-09"},{"lineNumber":5,"author":{"gitId":"DeepanjaliDhawan"},"content":"        // Level 3: Mark as done","lastModifiedDate":"2023-02-09"},{"lineNumber":6,"author":{"gitId":"DeepanjaliDhawan"},"content":"        System.out.println(\"Hello I\u0027m IPChat, What can I do for you\");","lastModifiedDate":"2023-02-09"},{"lineNumber":7,"author":{"gitId":"DeepanjaliDhawan"},"content":"        System.out.println(\"------------------------------------------\");","lastModifiedDate":"2023-02-09"},{"lineNumber":8,"author":{"gitId":"DeepanjaliDhawan"},"content":"","lastModifiedDate":"2023-01-30"},{"lineNumber":9,"author":{"gitId":"DeepanjaliDhawan"},"content":"        Scanner input \u003d  new Scanner(System.in);","lastModifiedDate":"2023-02-09"},{"lineNumber":10,"author":{"gitId":"DeepanjaliDhawan"},"content":"        String statements \u003d input.nextLine(); // changed statement to statements","lastModifiedDate":"2023-02-09"},{"lineNumber":11,"author":{"gitId":"DeepanjaliDhawan"},"content":"        Task[] tasks \u003d new Task [100];","lastModifiedDate":"2023-02-09"},{"lineNumber":12,"author":{"gitId":"DeepanjaliDhawan"},"content":"        int tasksCount \u003d 0; // used camelCase","lastModifiedDate":"2023-02-09"},{"lineNumber":13,"author":{"gitId":"DeepanjaliDhawan"},"content":"","lastModifiedDate":"2023-02-09"},{"lineNumber":14,"author":{"gitId":"DeepanjaliDhawan"},"content":"        while(!statements.equals(\"bye\")) {","lastModifiedDate":"2023-02-09"},{"lineNumber":15,"author":{"gitId":"DeepanjaliDhawan"},"content":"            System.out.println(\"------------------------------------------\");","lastModifiedDate":"2023-02-09"},{"lineNumber":16,"author":{"gitId":"DeepanjaliDhawan"},"content":"            if (statements.equals(\"list\")) {","lastModifiedDate":"2023-02-09"},{"lineNumber":17,"author":{"gitId":"DeepanjaliDhawan"},"content":"                System.out.println(\"Here is the list of tasks for the day! All the best :) \\n\");","lastModifiedDate":"2023-02-09"},{"lineNumber":18,"author":{"gitId":"DeepanjaliDhawan"},"content":"                for (int i \u003d 0; i \u003c tasksCount; i +\u003d 1) {","lastModifiedDate":"2023-02-09"},{"lineNumber":19,"author":{"gitId":"DeepanjaliDhawan"},"content":"                    System.out.println((i + 1) + \".\" +\"[\" + tasks[i].getStatusIcon() + \"] \" + tasks[i].getDescription());","lastModifiedDate":"2023-02-09"},{"lineNumber":20,"author":{"gitId":"DeepanjaliDhawan"},"content":"                }","lastModifiedDate":"2023-02-09"},{"lineNumber":21,"author":{"gitId":"DeepanjaliDhawan"},"content":"                System.out.println(\"------------------------------------------\");","lastModifiedDate":"2023-02-09"},{"lineNumber":22,"author":{"gitId":"DeepanjaliDhawan"},"content":"            } else if (statements.contains(\"mark\")) {","lastModifiedDate":"2023-02-09"},{"lineNumber":23,"author":{"gitId":"DeepanjaliDhawan"},"content":"                System.out.println(\"I have marked the task as done\");","lastModifiedDate":"2023-02-09"},{"lineNumber":24,"author":{"gitId":"DeepanjaliDhawan"},"content":"                int taskIndex \u003d Integer.parseInt(statements.substring(statements.length()-1)) - 1; // changed index to taskIndex","lastModifiedDate":"2023-02-09"},{"lineNumber":25,"author":{"gitId":"DeepanjaliDhawan"},"content":"                tasks[taskIndex].markAsDone();","lastModifiedDate":"2023-02-09"},{"lineNumber":26,"author":{"gitId":"DeepanjaliDhawan"},"content":"                System.out.println(\"------------------------------------------\");","lastModifiedDate":"2023-02-09"},{"lineNumber":27,"author":{"gitId":"DeepanjaliDhawan"},"content":"            } else {","lastModifiedDate":"2023-02-09"},{"lineNumber":28,"author":{"gitId":"DeepanjaliDhawan"},"content":"                tasks[tasksCount] \u003d new Task(statements);","lastModifiedDate":"2023-02-09"},{"lineNumber":29,"author":{"gitId":"DeepanjaliDhawan"},"content":"                tasksCount +\u003d 1;","lastModifiedDate":"2023-02-09"},{"lineNumber":30,"author":{"gitId":"DeepanjaliDhawan"},"content":"                System.out.println(\"Adding new tasks to the list\");","lastModifiedDate":"2023-02-09"},{"lineNumber":31,"author":{"gitId":"DeepanjaliDhawan"},"content":"                System.out.println(\"added: \" + statements);","lastModifiedDate":"2023-02-09"},{"lineNumber":32,"author":{"gitId":"DeepanjaliDhawan"},"content":"                System.out.println(\"------------------------------------------\");","lastModifiedDate":"2023-02-09"},{"lineNumber":33,"author":{"gitId":"DeepanjaliDhawan"},"content":"            }","lastModifiedDate":"2023-02-09"},{"lineNumber":34,"author":{"gitId":"DeepanjaliDhawan"},"content":"            statements \u003d input.nextLine();","lastModifiedDate":"2023-02-09"},{"lineNumber":35,"author":{"gitId":"DeepanjaliDhawan"},"content":"","lastModifiedDate":"2023-02-09"},{"lineNumber":36,"author":{"gitId":"DeepanjaliDhawan"},"content":"        }","lastModifiedDate":"2023-02-09"},{"lineNumber":37,"author":{"gitId":"DeepanjaliDhawan"},"content":"        System.out.println(\"------------------------------------------\");","lastModifiedDate":"2023-02-09"},{"lineNumber":38,"author":{"gitId":"DeepanjaliDhawan"},"content":"        System.out.println(\"Bye, Hope to see you soon\");","lastModifiedDate":"2023-02-09"},{"lineNumber":39,"author":{"gitId":"DeepanjaliDhawan"},"content":"        System.out.println(\"------------------------------------------\");","lastModifiedDate":"2023-02-09"},{"lineNumber":40,"author":{"gitId":"DeepanjaliDhawan"},"content":"    }","lastModifiedDate":"2023-02-09"},{"lineNumber":41,"author":{"gitId":"DeepanjaliDhawan"},"content":"}","lastModifiedDate":"2023-01-30"}],"authorContributionMap":{"DeepanjaliDhawan":41}},{"path":"src/main/java/Task.java","fileType":"java","lines":[{"lineNumber":1,"author":{"gitId":"DeepanjaliDhawan"},"content":"public class Task {","lastModifiedDate":"2023-02-09"},{"lineNumber":2,"author":{"gitId":"DeepanjaliDhawan"},"content":"    protected String description;","lastModifiedDate":"2023-02-09"},{"lineNumber":3,"author":{"gitId":"DeepanjaliDhawan"},"content":"    protected boolean isDone;","lastModifiedDate":"2023-02-09"},{"lineNumber":4,"author":{"gitId":"DeepanjaliDhawan"},"content":"","lastModifiedDate":"2023-02-09"},{"lineNumber":5,"author":{"gitId":"DeepanjaliDhawan"},"content":"    public Task(String description) {","lastModifiedDate":"2023-02-09"},{"lineNumber":6,"author":{"gitId":"DeepanjaliDhawan"},"content":"        this.description \u003d description;","lastModifiedDate":"2023-02-09"},{"lineNumber":7,"author":{"gitId":"DeepanjaliDhawan"},"content":"        this.isDone \u003d false;","lastModifiedDate":"2023-02-09"},{"lineNumber":8,"author":{"gitId":"DeepanjaliDhawan"},"content":"    }","lastModifiedDate":"2023-02-09"},{"lineNumber":9,"author":{"gitId":"DeepanjaliDhawan"},"content":"","lastModifiedDate":"2023-02-09"},{"lineNumber":10,"author":{"gitId":"DeepanjaliDhawan"},"content":"    public String getStatusIcon() {","lastModifiedDate":"2023-02-09"},{"lineNumber":11,"author":{"gitId":"DeepanjaliDhawan"},"content":"        return (isDone ? \"X\" : \" \"); // mark done task with X","lastModifiedDate":"2023-02-09"},{"lineNumber":12,"author":{"gitId":"DeepanjaliDhawan"},"content":"    }","lastModifiedDate":"2023-02-09"},{"lineNumber":13,"author":{"gitId":"DeepanjaliDhawan"},"content":"","lastModifiedDate":"2023-02-09"},{"lineNumber":14,"author":{"gitId":"DeepanjaliDhawan"},"content":"    public String getDescription() {","lastModifiedDate":"2023-02-09"},{"lineNumber":15,"author":{"gitId":"DeepanjaliDhawan"},"content":"        return description;","lastModifiedDate":"2023-02-09"},{"lineNumber":16,"author":{"gitId":"DeepanjaliDhawan"},"content":"    }","lastModifiedDate":"2023-02-09"},{"lineNumber":17,"author":{"gitId":"DeepanjaliDhawan"},"content":"","lastModifiedDate":"2023-02-09"},{"lineNumber":18,"author":{"gitId":"DeepanjaliDhawan"},"content":"    public void markAsDone() {","lastModifiedDate":"2023-02-09"},{"lineNumber":19,"author":{"gitId":"DeepanjaliDhawan"},"content":"        isDone \u003d true;","lastModifiedDate":"2023-02-09"},{"lineNumber":20,"author":{"gitId":"DeepanjaliDhawan"},"content":"    }","lastModifiedDate":"2023-02-09"},{"lineNumber":21,"author":{"gitId":"DeepanjaliDhawan"},"content":"}","lastModifiedDate":"2023-02-09"}],"authorContributionMap":{"DeepanjaliDhawan":21}}]
