{"authorDailyContributionsMap":{"DeepanjaliDhawan":[{"date":"2023-01-30","commitResults":[{"hash":"b7a628c918c7a346ba6284766033cf071da4c27e","messageTitle":"Add IPChat.java","messageBody":"","tags":["Level_0"],"fileTypesAndContributionMap":{"java":{"insertions":8,"deletions":0}}}]},{"date":"2023-02-09","commitResults":[{"hash":"b8ea57cb65f9998d50d6572d19441d0b9e627755","messageTitle":"Commit Level-1: Greet, Echo, Exit","messageBody":"","tags":["Level_1","Level-1"],"fileTypesAndContributionMap":{"java":{"insertions":16,"deletions":5}}},{"hash":"9e21f2bb6a9c2a7be40103b6a359bafd1bf41319","messageTitle":"Commit Level-2: Add, List","messageBody":"","tags":["Level_2","Level-2"],"fileTypesAndContributionMap":{"java":{"insertions":21,"deletions":5}}},{"hash":"ba63fd10a22d4784269250d0037f23e11c0d220a","messageTitle":"Commit Level-3 Mark as Done","messageBody":"","tags":["Level_3"],"fileTypesAndContributionMap":{"java":{"insertions":35,"deletions":7}}},{"hash":"ad81f69edcecc007ff7b2b8d208c45e013bed41e","messageTitle":"Commit A-CodingStandard","messageBody":"","tags":["Level-3","A-CodingStandard"],"fileTypesAndContributionMap":{"java":{"insertions":12,"deletions":13}}}]},{"date":"2023-02-24","commitResults":[{"hash":"60c220f24cb9d7f55f1516a4b59b99045e3dfcdd","messageTitle":"Commit Level-4 ToDos, Events, Deadlines","messageBody":"","tags":["Level-4"],"fileTypesAndContributionMap":{"java":{"insertions":135,"deletions":31}}},{"hash":"00844253f23c2c069c1674bcfcad1f44a673d2a5","messageTitle":"Commit A-CodeQuality","messageBody":"","tags":["A-CodeQuality"],"fileTypesAndContributionMap":{"java":{"insertions":9,"deletions":9}}},{"hash":"914d87cbf12bdbe15ef23a161296d68f2c01a9cb","messageTitle":"Commit A-TextUiTesting","messageBody":"","tags":["A-TextUiTesting"],"fileTypesAndContributionMap":{"txt":{"insertions":1,"deletions":0},"bat":{"insertions":5,"deletions":3}}}]}]},"authorFileTypeContributionMap":{"DeepanjaliDhawan":{"java":166,"md":0,"fxml":0,"sh":0,"bat":5,"gradle":0,"txt":1}},"authorContributionVariance":{"DeepanjaliDhawan":1116.3126},"authorDisplayNameMap":{"DeepanjaliDhawan":"CS2113-T15-2 DEEP..AWAN"}}
