{"authorDailyContributionsMap":{"honglinshang":[{"date":"2023-01-23","commitResults":[{"hash":"bb5d9f49ced6579a72a7b9aedbbcbb3a19f1a668","messageTitle":"Add greet, echo and exit","messageBody":"","tags":["Level-1"],"fileTypesAndContributionMap":{"java":{"insertions":20,"deletions":6}}}]},{"date":"2023-01-26","commitResults":[{"hash":"b3a6bece9730b93571597a5a6a02a0bfbdd91c4f","messageTitle":"Add store and display function","messageBody":"","tags":["Level-2"],"fileTypesAndContributionMap":{"java":{"insertions":13,"deletions":1}}},{"hash":"c3432313267e1ccc919b3a008cbb75c8b586bb46","messageTitle":"Add status of task","messageBody":"","tags":["Level-3"],"fileTypesAndContributionMap":{"java":{"insertions":70,"deletions":14}}},{"hash":"2fb4da01f800412a6365eb0c99fb9423e9a9ce58","messageTitle":"Add instructions","messageBody":"","fileTypesAndContributionMap":{"java":{"insertions":5,"deletions":2}}},{"hash":"97dae317bb46b6149848f3d05375eca6aea6be89","messageTitle":"Fixed bugs for inputs in wrong format","messageBody":"","fileTypesAndContributionMap":{"java":{"insertions":42,"deletions":13}}}]},{"date":"2023-01-29","commitResults":[{"hash":"3c93eac32d438625edc58042dd32e86349b07393","messageTitle":"Add support for tracking 3 types of tasks","messageBody":"","tags":["Level-4"],"fileTypesAndContributionMap":{"java":{"insertions":266,"deletions":87}}}]},{"date":"2023-02-09","commitResults":[{"hash":"fad20406613aa48cffd6224a4c359eb31143933a","messageTitle":"Add error handling","messageBody":"","fileTypesAndContributionMap":{"java":{"insertions":4,"deletions":0}}},{"hash":"214a3732451b8454c5997d1c7bbb634d5bd5091e","messageTitle":"Implement Output class for printing","messageBody":"","fileTypesAndContributionMap":{"java":{"insertions":229,"deletions":116}}},{"hash":"e7a20edf2dd5773289ded9bd854ecedb15f8a555","messageTitle":"Update README","messageBody":"","fileTypesAndContributionMap":{"md":{"insertions":20,"deletions":19}}}]},{"date":"2023-02-11","commitResults":[{"hash":"e3c5d38a0a19c4680c79683e781d47fc6285dace","messageTitle":"Add help command, remove dead code","messageBody":"","fileTypesAndContributionMap":{"java":{"insertions":53,"deletions":73}}},{"hash":"c8c84b34f10342b65e7030904a77480ecf055b70","messageTitle":"Add automated testing","messageBody":"","fileTypesAndContributionMap":{"txt":{"insertions":18,"deletions":0},"sh":{"insertions":1,"deletions":5}}}]},{"date":"2023-02-14","commitResults":[{"hash":"b8ac71800f6803653ff33e1e66407ddc4f2ca187","messageTitle":"Organise into packages","messageBody":"","fileTypesAndContributionMap":{"java":{"insertions":25,"deletions":0}}},{"hash":"6b737160b0db762340dc1e68da730be15972d2bd","messageTitle":"Fix automated testing, remove dead code","messageBody":"","fileTypesAndContributionMap":{"java":{"insertions":0,"deletions":1},"sh":{"insertions":1,"deletions":1}}},{"hash":"18d6a7eca7fd6d51e613202dbe707173a1f60c00","messageTitle":"Add delete function","messageBody":"","fileTypesAndContributionMap":{"txt":{"insertions":6,"deletions":1},"java":{"insertions":71,"deletions":87},"sh":{"insertions":8,"deletions":3}}},{"hash":"a3d2b241a88f0b87fb2a903f1ab7133b61126d21","messageTitle":"Add ability to read todos from hard disk data","messageBody":"","fileTypesAndContributionMap":{"txt":{"insertions":4,"deletions":0},"java":{"insertions":72,"deletions":2}}},{"hash":"cbe9563411ea0326cccdeb065ed6645f89ab63ca","messageTitle":"Add reading deadlines and events from hard disk","messageBody":"","fileTypesAndContributionMap":{"txt":{"insertions":3,"deletions":3},"java":{"insertions":81,"deletions":43},"sh":{"insertions":1,"deletions":1}}},{"hash":"433e63dc0c31f8dd77ea262b5b60d354e4b54003","messageTitle":"Update instructions, readme","messageBody":"","fileTypesAndContributionMap":{"java":{"insertions":1,"deletions":0},"md":{"insertions":1,"deletions":0}}}]},{"date":"2023-02-15","commitResults":[{"hash":"d11925adc8f038068185d03f480039db74653684","messageTitle":"Improve error catching","messageBody":"","fileTypesAndContributionMap":{"txt":{"insertions":5,"deletions":5},"java":{"insertions":94,"deletions":54},"sh":{"insertions":5,"deletions":1}}},{"hash":"09a6095f9992ca503e24ea79a0718e45ebb818a5","messageTitle":"Add automatic hard disk saving","messageBody":"","fileTypesAndContributionMap":{"txt":{"insertions":4,"deletions":0},"java":{"insertions":39,"deletions":20},"sh":{"insertions":1,"deletions":0}}}]},{"date":"2023-02-22","commitResults":[{"hash":"3601302ba598e57c9f5bb8d344385de4d29d198f","messageTitle":"Renamed classes","messageBody":"","fileTypesAndContributionMap":{"txt":{"insertions":4,"deletions":0},"java":{"insertions":16,"deletions":3}}},{"hash":"0f130fe291ae4abd6394f473b6b29d077db63784","messageTitle":"Refactor TaskList class","messageBody":"","fileTypesAndContributionMap":{"java":{"insertions":126,"deletions":0}}},{"hash":"3d982c25390f7feaca9fbfc97922e71cb24f7548","messageTitle":"Remove refactored code from Duke","messageBody":"","fileTypesAndContributionMap":{"java":{"insertions":0,"deletions":110}}},{"hash":"198f6641049a1f349b640ea2b11abd98d46550f2","messageTitle":"Update classes from refactoring","messageBody":"","fileTypesAndContributionMap":{"java":{"insertions":40,"deletions":27}}}]},{"date":"2023-02-23","commitResults":[{"hash":"3c6e0a6d587c89f9a6fab55d984c4647ed448792","messageTitle":"Add Command class","messageBody":"","fileTypesAndContributionMap":{"java":{"insertions":16,"deletions":0}}},{"hash":"d4d960d0303af162e6ff21b5ae9815afbb4d3aa2","messageTitle":"Add individual Command classes","messageBody":"","fileTypesAndContributionMap":{"java":{"insertions":124,"deletions":0}}},{"hash":"06c8b423e5f689f7a5448c509aca35b9e7f2d2f6","messageTitle":"Add dealing with commands to Parser","messageBody":"","fileTypesAndContributionMap":{"java":{"insertions":41,"deletions":4}}},{"hash":"7665c270cbedbf6a2803ad73fa0135b8aea1fc32","messageTitle":"Renaming functions","messageBody":"","fileTypesAndContributionMap":{"java":{"insertions":5,"deletions":5}}},{"hash":"998229e53a57e65285ee40c0cdddf4472ad8e014","messageTitle":"Add default printing of divider","messageBody":"","fileTypesAndContributionMap":{"java":{"insertions":40,"deletions":55}}},{"hash":"55063d9d3fd0c21deefa184234eded70efbcdb50","messageTitle":"Remove unnecessary code","messageBody":"","fileTypesAndContributionMap":{"java":{"insertions":14,"deletions":87}}},{"hash":"2264b5365742cb06120f1a56ae9fd0d2d00d3e9e","messageTitle":"Implement Command class","messageBody":"","fileTypesAndContributionMap":{"java":{"insertions":18,"deletions":21}}},{"hash":"72685fbece8060c66130fb91cdb5c9d8ef0c836c","messageTitle":"Update automatic testing","messageBody":"","fileTypesAndContributionMap":{"txt":{"insertions":1,"deletions":0}}},{"hash":"5af5ee7b6c4dd8e61424d0a0ddadbe62bac9c3cb","messageTitle":"Add more packaging","messageBody":"","fileTypesAndContributionMap":{"java":{"insertions":75,"deletions":42}}},{"hash":"310d091a10cf2bf45b783b52ba98723a530a91d6","messageTitle":"Fixed updating of hard disk after mark/delete","messageBody":"","fileTypesAndContributionMap":{"java":{"insertions":5,"deletions":0}}},{"hash":"fda15a4868dbc86a17d0557edce75de149f6da70","messageTitle":"Add date and time understanding to Deadline","messageBody":"","fileTypesAndContributionMap":{"java":{"insertions":15,"deletions":9}}},{"hash":"736d556cba730afa27d4c256c1a71f068e8442e2","messageTitle":"Add date time understanding to event","messageBody":"","fileTypesAndContributionMap":{"java":{"insertions":27,"deletions":17}}},{"hash":"07785d523e7fd30be574d94ab1a44263adabafa4","messageTitle":"Package and update Storage","messageBody":"","fileTypesAndContributionMap":{"java":{"insertions":13,"deletions":11}}},{"hash":"3349babc1aa1bbfc9d56c42644755d8a8769a74a","messageTitle":"Add function for parsing date time","messageBody":"","fileTypesAndContributionMap":{"java":{"insertions":11,"deletions":0}}},{"hash":"c42ef5cce7ecb237de99ebbf6143922b01e819b5","messageTitle":"Fix parsing of date time","messageBody":"","fileTypesAndContributionMap":{"txt":{"insertions":0,"deletions":6},"java":{"insertions":11,"deletions":7}}},{"hash":"0171f2f576b5da33de69a835ca3a6cc5cd4b0b66","messageTitle":"Update README and Help command","messageBody":"","fileTypesAndContributionMap":{"java":{"insertions":7,"deletions":4},"md":{"insertions":6,"deletions":0}}},{"hash":"83483c1d2b7936ca04915cafdc1dd0abaf5e624a","messageTitle":"Update automatic testing","messageBody":"","fileTypesAndContributionMap":{"txt":{"insertions":3,"deletions":3},"java":{"insertions":3,"deletions":3}}},{"hash":"ef645f5e5565d4634c3d59b3dc48b291de1b5c2a","messageTitle":"Create class for Date command","messageBody":"","fileTypesAndContributionMap":{"java":{"insertions":30,"deletions":0}}},{"hash":"19c8d2613eff940795b3e6b24cb63b863ad8dc0d","messageTitle":"Add ability to check if task occurs on date","messageBody":"","fileTypesAndContributionMap":{"java":{"insertions":34,"deletions":0}}},{"hash":"b1c41f57ef2ee352902f2ac299cee36ccbaec432","messageTitle":"Implement Date command","messageBody":"","fileTypesAndContributionMap":{"java":{"insertions":45,"deletions":12}}},{"hash":"dd0459e80e9b3995d18d18afe2725c2381445f7f","messageTitle":"Update automatic testing","messageBody":"","fileTypesAndContributionMap":{"txt":{"insertions":3,"deletions":0}}},{"hash":"6cf373b2706a93946ec60b6924e8aa987bb7f02c","messageTitle":"Create class for Find command","messageBody":"","fileTypesAndContributionMap":{"java":{"insertions":18,"deletions":0}}},{"hash":"2da8959ea5183381a1844e3591e8e406b48681d3","messageTitle":"Add method to find tasks with keyword","messageBody":"","fileTypesAndContributionMap":{"java":{"insertions":11,"deletions":1}}},{"hash":"6370f713d25d39d301da446e40ef205c1d79782e","messageTitle":"Add UI printing for find command execution","messageBody":"","fileTypesAndContributionMap":{"txt":{"insertions":0,"deletions":6},"java":{"insertions":12,"deletions":1}}},{"hash":"cfdb2290b719e787c6b1958a0c1c018b2366eb1e","messageTitle":"Implement Find command","messageBody":"","fileTypesAndContributionMap":{"java":{"insertions":19,"deletions":21}}},{"hash":"1ab9931d1736fc29240a6bb343581ba5445e0c03","messageTitle":"Update automatic testing","messageBody":"","fileTypesAndContributionMap":{"txt":{"insertions":3,"deletions":0}}},{"hash":"8db1ab8b92719316f4f2503635768e9e8764f181","messageTitle":"Update README and Help command","messageBody":"","fileTypesAndContributionMap":{"java":{"insertions":28,"deletions":24},"md":{"insertions":1,"deletions":0}}},{"hash":"597379798e9ed4643657ee80072cd65783413279","messageTitle":"Update README and Help command","messageBody":"","fileTypesAndContributionMap":{"java":{"insertions":3,"deletions":1},"md":{"insertions":17,"deletions":6}}},{"hash":"bff5c5970c5180435f0661636da906e0b1d9cf9c","messageTitle":"Add JavaDoc","messageBody":"","tags":["A-JavaDoc"],"fileTypesAndContributionMap":{"txt":{"insertions":6,"deletions":4},"java":{"insertions":562,"deletions":114},"sh":{"insertions":14,"deletions":2}}}]}]},"authorFileTypeContributionMap":{"honglinshang":{"java":1370,"md":31,"fxml":0,"sh":14,"bat":0,"gradle":0,"txt":39}},"authorContributionVariance":{"honglinshang":76989.47},"authorDisplayNameMap":{"honglinshang":"CS2113-T13-4 HONG..HANG"}}
