{"authorDailyContributionsMap":{"Bawfen":[{"date":"2023-01-23","commitResults":[{"hash":"9be538d7d587c870e92ac7e3e76453b122fed743","messageTitle":"Add greeting","messageBody":"","tags":["Level-0"],"fileTypesAndContributionMap":{"java":{"insertions":6,"deletions":6}}},{"hash":"8f5b9986208b2549a13977d561b96946079c451a","messageTitle":"Add input and echo","messageBody":"","tags":["Level-1"],"fileTypesAndContributionMap":{"java":{"insertions":22,"deletions":0}}},{"hash":"013200e6a520c4d5430152af9c82968e95b1782b","messageTitle":"Add feature to store and list tasks","messageBody":"","tags":["Level-2"],"fileTypesAndContributionMap":{"java":{"insertions":54,"deletions":12}}},{"hash":"456e417ad2d2c07f0d3ac7b8232cac430ffa916c","messageTitle":"Add Task class and commands to mark or unmark tasks","messageBody":"","fileTypesAndContributionMap":{"java":{"insertions":70,"deletions":6}}}]},{"date":"2023-01-29","commitResults":[{"hash":"e7768284f0add81a3fc3830cd81f0accc2c333ca","messageTitle":"Add basic exception handling and change TASK_LIMIT variable name","messageBody":"","tags":["Level-3","A-CodingStandard"],"fileTypesAndContributionMap":{"java":{"insertions":33,"deletions":25}}}]},{"date":"2023-01-30","commitResults":[{"hash":"918debcdd08a4540fb647d75afda00ddfe62bd54","messageTitle":"Update test script and expected output","messageBody":"","fileTypesAndContributionMap":{"txt":{"insertions":6,"deletions":0},"sh":{"insertions":1,"deletions":6}}}]},{"date":"2023-02-02","commitResults":[{"hash":"0ac5cd50d47e3822fa2dfd9c499d4140ec3f99b3","messageTitle":"Add Level-4 and input parser","messageBody":"","tags":["Level-4","A-TextUiTesting"],"fileTypesAndContributionMap":{"txt":{"insertions":1,"deletions":0},"java":{"insertions":219,"deletions":34}}}]},{"date":"2023-02-05","commitResults":[{"hash":"949af3a779307d34ddf611c8f1256c7927b3f6a1","messageTitle":"Add KeyNotFoundException and other minor changes to improve code quality","messageBody":"","tags":["A-CodeQuality"],"fileTypesAndContributionMap":{"java":{"insertions":99,"deletions":53}}}]},{"date":"2023-02-08","commitResults":[{"hash":"10333046b08c979540b1e71d31819ea233aed2cc","messageTitle":"Add EmptyDescriptionException and renamed to Tusky","messageBody":"","fileTypesAndContributionMap":{"java":{"insertions":59,"deletions":24},"bat":{"insertions":1,"deletions":1},"md":{"insertions":3,"deletions":11}}},{"hash":"fa99f7e51e6372ec059ed1ece4df70c26fd1b0a2","messageTitle":"Add package tusky and add more exception handling when parsing","messageBody":"","tags":["Level-5","A-Packages","A-Exceptions"],"fileTypesAndContributionMap":{"java":{"insertions":51,"deletions":23},"bat":{"insertions":1,"deletions":1},"md":{"insertions":2,"deletions":2}}}]},{"date":"2023-02-15","commitResults":[{"hash":"93783548f68e34e4030f3899757b7d43785dddd3","messageTitle":"Changed tasks to ArrayList and add \"delete\" command","messageBody":"","tags":["Level-6","A-Collections"],"fileTypesAndContributionMap":{"java":{"insertions":76,"deletions":67}}}]},{"date":"2023-02-16","commitResults":[{"hash":"374d0ca560896702afbf45e820dfb9c48ddfa098","messageTitle":"feat: add save","messageBody":"","tags":["Level-7"],"fileTypesAndContributionMap":{"gradle":{"insertions":50,"deletions":0},"txt":{"insertions":2,"deletions":0},"java":{"insertions":155,"deletions":15}}}]},{"date":"2023-02-26","commitResults":[{"hash":"c3f5d28e1abdd5b047ba335e0b46f73691b763ad","messageTitle":"refactor Storage class to use gson","messageBody":"","fileTypesAndContributionMap":{"txt":{"insertions":0,"deletions":1},"java":{"insertions":115,"deletions":118}}}]},{"date":"2023-02-27","commitResults":[{"hash":"8563d6a8c6e228c261e2a75bb649eb1267b20532","messageTitle":"refactor for MoreOOP","messageBody":"","tags":["A-MoreOOP"],"fileTypesAndContributionMap":{"java":{"insertions":470,"deletions":242}}},{"hash":"0d96188ecdec75cc3f9c2fa49a96cc6abf509275","messageTitle":"fix bug with EmptyDescriptionException","messageBody":"","fileTypesAndContributionMap":{"java":{"insertions":7,"deletions":3}}}]},{"date":"2023-03-01","commitResults":[{"hash":"b83241c7b7af99e86f3649619dcaf1a9d81f705f","messageTitle":"add date parsing for tasks","messageBody":"","fileTypesAndContributionMap":{"java":{"insertions":204,"deletions":61}}},{"hash":"680b795ce755201863c611197ce2bb5abc2a71cf","messageTitle":"add find command","messageBody":"","fileTypesAndContributionMap":{"java":{"insertions":35,"deletions":2}}}]},{"date":"2023-03-02","commitResults":[{"hash":"796c73cb26d98d27e8ab8c5a9fd68aca25338660","messageTitle":"Add JavaDocs and clean up some exception handling","messageBody":"","fileTypesAndContributionMap":{"java":{"insertions":248,"deletions":45}}}]},{"date":"2023-03-03","commitResults":[{"hash":"608aa4a41a315c1a2b7e760b1c808906fac6252f","messageTitle":"Update User Guide","messageBody":"","tags":["v0.2","A-UserGuide","A-Release"],"fileTypesAndContributionMap":{"md":{"insertions":148,"deletions":10}}},{"hash":"113e1be5818eb08b538f533cfdf6ce40dbb92804","messageTitle":"Update UserGuide","messageBody":"","fileTypesAndContributionMap":{"md":{"insertions":9,"deletions":1}}}]}]},"authorFileTypeContributionMap":{"Bawfen":{"java":1183,"md":150,"fxml":0,"sh":1,"bat":1,"gradle":50,"txt":7}},"authorContributionVariance":{"Bawfen":16703.176},"authorDisplayNameMap":{"Bawfen":"CS2113-T13-1 BENJ..MING"}}
