{"authorDailyContributionsMap":{"Bawfen":[{"date":"2023-01-23","commitResults":[{"hash":"9be538d7d587c870e92ac7e3e76453b122fed743","messageTitle":"Add greeting","messageBody":"","tags":["Level-0"],"fileTypesAndContributionMap":{"java":{"insertions":6,"deletions":6}}},{"hash":"8f5b9986208b2549a13977d561b96946079c451a","messageTitle":"Add input and echo","messageBody":"","tags":["Level-1"],"fileTypesAndContributionMap":{"java":{"insertions":22,"deletions":0}}},{"hash":"013200e6a520c4d5430152af9c82968e95b1782b","messageTitle":"Add feature to store and list tasks","messageBody":"","tags":["Level-2"],"fileTypesAndContributionMap":{"java":{"insertions":54,"deletions":12}}},{"hash":"456e417ad2d2c07f0d3ac7b8232cac430ffa916c","messageTitle":"Add Task class and commands to mark or unmark tasks","messageBody":"","fileTypesAndContributionMap":{"java":{"insertions":70,"deletions":6}}}]},{"date":"2023-01-29","commitResults":[{"hash":"e7768284f0add81a3fc3830cd81f0accc2c333ca","messageTitle":"Add basic exception handling and change TASK_LIMIT variable name","messageBody":"","tags":["Level-3","A-CodingStandard"],"fileTypesAndContributionMap":{"java":{"insertions":33,"deletions":25}}}]}]},"authorFileTypeContributionMap":{"Bawfen":{"java":142,"md":0,"fxml":0,"sh":0,"bat":0,"gradle":0,"txt":0}},"authorContributionVariance":{"Bawfen":1830.5327},"authorDisplayNameMap":{"Bawfen":"CS2113-T13-1 BENJ..MING"}}
