{"authorDailyContributionsMap":{"T-Wan-Lin":[{"date":"2023-01-13","commitResults":[{"hash":"47e5978dc86c4461cbad71782625b883b549fd78","messageTitle":"Test Commit of Week 2 IP changes","messageBody":"","fileTypesAndContributionMap":{"java":{"insertions":3,"deletions":0}}},{"hash":"58c47d3d1acb14c2ce0f801ff9193d16bdb1fc39","messageTitle":"Test Commit of Week 2 IP changes","messageBody":"","fileTypesAndContributionMap":{"java":{"insertions":1,"deletions":0}}},{"hash":"1ee3bac39b27a93e703e5a0b7b31f42b1fae4ceb","messageTitle":"Increment Level 0","messageBody":"","fileTypesAndContributionMap":{"java":{"insertions":1,"deletions":1}}},{"hash":"abf52074a7126534a43f2121ce4923c44d9580d4","messageTitle":"Increment Level 0","messageBody":"","fileTypesAndContributionMap":{"java":{"insertions":0,"deletions":1}}},{"hash":"a67517f85275102e305b0cbb10a5cc7453592663","messageTitle":"Duke Level-0 Greet","messageBody":"","tags":["Level-0"],"fileTypesAndContributionMap":{"java":{"insertions":6,"deletions":1}}}]},{"date":"2023-01-27","commitResults":[{"hash":"2f698a5fe7c724a6598246717dec68415500438b","messageTitle":"Duke Level-1 and Level-2","messageBody":"","tags":["Level-1"],"fileTypesAndContributionMap":{"java":{"insertions":71,"deletions":6}}},{"hash":"56d4405f6a33f6c80383fff19f7f04f9b6075378","messageTitle":"Duke Level-1 and Level-2 Documentation","messageBody":"","tags":["Level-2"],"fileTypesAndContributionMap":{"java":{"insertions":3,"deletions":0}}}]},{"date":"2023-01-28","commitResults":[{"hash":"3c79a548144d403fc8a9c8e4bb9c2976fa4f9af6","messageTitle":"Reformatted to SLAP standards","messageBody":"","fileTypesAndContributionMap":{"java":{"insertions":37,"deletions":24}}},{"hash":"ffb4f8308bcbc1b0fb090f3e72aa5fb30f9d8489","messageTitle":"Start on Level 3","messageBody":"","fileTypesAndContributionMap":{"java":{"insertions":51,"deletions":4}}}]},{"date":"2023-01-29","commitResults":[{"hash":"3f0544f7073f02a8c2e4ad5f1fe5956388307192","messageTitle":"Level-3 Mark as Done","messageBody":"","tags":["Level-3"],"fileTypesAndContributionMap":{"java":{"insertions":89,"deletions":13}}},{"hash":"5f20c7a9cbc8774335a5e8e1f51647c3c3dc7b1a","messageTitle":"Added Documentation","messageBody":"","tags":["A-CodingStandard"],"fileTypesAndContributionMap":{"java":{"insertions":113,"deletions":22}}},{"hash":"139ab2a9cccd7fea90efdd031d1fd52b9155af69","messageTitle":"Update README.md","messageBody":"","fileTypesAndContributionMap":{"md":{"insertions":63,"deletions":6}}},{"hash":"2e62b1f20083ead2d9def4a152aea52565ddb9d7","messageTitle":"Update README.md","messageBody":"","fileTypesAndContributionMap":{"md":{"insertions":0,"deletions":56}}},{"hash":"3ab1053eb29ff5e9758ca06592faa199c3ddcf48","messageTitle":"Refactoring for better readability","messageBody":"","fileTypesAndContributionMap":{"java":{"insertions":34,"deletions":32}}},{"hash":"ca3d230d9b01e93f332e4f9dcd7def99087cd054","messageTitle":"Refactoring for better readability","messageBody":"","fileTypesAndContributionMap":{"java":{"insertions":1,"deletions":1}}},{"hash":"c40a340c4bff168541443f11b26e938799fa456e","messageTitle":"UI improvements","messageBody":"","fileTypesAndContributionMap":{"java":{"insertions":3,"deletions":3}}}]},{"date":"2023-02-05","commitResults":[{"hash":"83bbdddaf6729880cc658a1b271d70e208fc630e","messageTitle":"Increment Level-4 Todo, Event, Deadline","messageBody":"","tags":["Level-4","A-Inheritance"],"fileTypesAndContributionMap":{"java":{"insertions":337,"deletions":285},"bat":{"insertions":1,"deletions":1},"md":{"insertions":2,"deletions":2}}},{"hash":"70cab81c088198b9beb8b96f2ee7eebcdbeae3cc","messageTitle":"Refactor to SLAP conventions","messageBody":"","fileTypesAndContributionMap":{"java":{"insertions":4,"deletions":2}}},{"hash":"6cef1a18589b36ebd1513f5d99001725705d0a6c","messageTitle":"Update to new name","messageBody":"","fileTypesAndContributionMap":{"md":{"insertions":12,"deletions":7}}},{"hash":"40f5fc8543284de2d8b365b42ba1f18b0c85fd0e","messageTitle":"Update to new name","messageBody":"","fileTypesAndContributionMap":{"md":{"insertions":2,"deletions":0}}},{"hash":"2682020b66693fd454b8743d262e9d6a28e69b7a","messageTitle":"Update README to new name","messageBody":"","fileTypesAndContributionMap":{"md":{"insertions":6,"deletions":2}}},{"hash":"8cc4b6ed218cac489faf0f3f4bf08a2eb258f474","messageTitle":"no message","messageBody":"","fileTypesAndContributionMap":{"java":{"insertions":1,"deletions":1}}},{"hash":"f58ec370ff2a9ca1c2f45d0db0132eb3eabf5502","messageTitle":"no message","messageBody":"","fileTypesAndContributionMap":{"java":{"insertions":0,"deletions":1}}},{"hash":"08e1fb569d569b254c54b0e4d04208c90ccb27b3","messageTitle":"Packaging","messageBody":"","tags":["A-Packages","A-CodeQuality"],"fileTypesAndContributionMap":{"java":{"insertions":33,"deletions":0}}},{"hash":"e1e97fa824e999cf7152e5eaaa085a69699bea66","messageTitle":"Update Help menu","messageBody":"","fileTypesAndContributionMap":{"java":{"insertions":16,"deletions":9}}},{"hash":"ae6e10efdad6be95bb516e6657af792191ec113b","messageTitle":"test commit on level 5 branch","messageBody":"","fileTypesAndContributionMap":{"java":{"insertions":1,"deletions":1}}},{"hash":"c6374b02b492026270f79b56af5f0850f8189fbe","messageTitle":"Level 5 handle out of bounds errors","messageBody":"","tags":["Level-5"],"fileTypesAndContributionMap":{"java":{"insertions":12,"deletions":8}}},{"hash":"0ab216a92e0134606cb4623efb4e386a9eedb03b","messageTitle":"Added documentation","messageBody":"","fileTypesAndContributionMap":{"java":{"insertions":30,"deletions":4}}},{"hash":"78f292ea98e98be56ba11a463bde5e179c72700a","messageTitle":"Clock function","messageBody":"","fileTypesAndContributionMap":{"java":{"insertions":44,"deletions":0}}},{"hash":"568268243a6f527a36eb4b3d1d0c010ba589c573","messageTitle":"no message","messageBody":"","fileTypesAndContributionMap":{"java":{"insertions":2,"deletions":0}}}]},{"date":"2023-02-06","commitResults":[{"hash":"84bdb7df58324af52044a353997bc37916ca7ec7","messageTitle":"Test Commit","messageBody":"","fileTypesAndContributionMap":{"java":{"insertions":2,"deletions":0}}},{"hash":"5a1e4c914a2810a36eac1aedeb93714dc1a18192","messageTitle":"Timer module implementation","messageBody":"","fileTypesAndContributionMap":{"java":{"insertions":36,"deletions":6}}},{"hash":"ec87b3cfc7f233567d91dcd6db173f72457235c5","messageTitle":"UI Updates","messageBody":"","fileTypesAndContributionMap":{"java":{"insertions":1,"deletions":0}}},{"hash":"ac8c9a7ef1b9de4481df63857f56d56c45b1fc46","messageTitle":"Update README.md","messageBody":"","fileTypesAndContributionMap":{"md":{"insertions":23,"deletions":0}}}]},{"date":"2023-02-07","commitResults":[{"hash":"b463b2d9663a1b1a69c7bbe4407e71ff76c392dd","messageTitle":"no message","messageBody":"","fileTypesAndContributionMap":{"java":{"insertions":2,"deletions":2}}}]},{"date":"2023-02-09","commitResults":[{"hash":"f9c9be0247a908cbab1f4accfeca64faf9a743bc","messageTitle":"Refactoring","messageBody":"","fileTypesAndContributionMap":{"java":{"insertions":16,"deletions":17}}}]},{"date":"2023-02-10","commitResults":[{"hash":"568a5e1a525228143ceb38371204ef53f51defba","messageTitle":"Refactoring","messageBody":"","fileTypesAndContributionMap":{"java":{"insertions":135,"deletions":95}}},{"hash":"85c27aa0e53091ba305f5d1e1ec94597206560ad","messageTitle":"Removal of dead code","messageBody":"","fileTypesAndContributionMap":{"java":{"insertions":0,"deletions":16}}}]},{"date":"2023-02-12","commitResults":[{"hash":"2704f3be895434bf71c0fafbb63a41f2df9aa80a","messageTitle":"Housekeeping","messageBody":"","fileTypesAndContributionMap":{"java":{"insertions":1,"deletions":1}}},{"hash":"7783b9099ff8bc7dbb6a21071aae017f8f97a2e0","messageTitle":"Dummy Commit to make sure everything is fine","messageBody":"","fileTypesAndContributionMap":{"java":{"insertions":1,"deletions":1}}},{"hash":"528e18f22569a0f80e03e16bb61574b2e55b24bd","messageTitle":"Implement Delete Tasks and A-Collections","messageBody":"","tags":["Level-6","A-Collections"],"fileTypesAndContributionMap":{"java":{"insertions":42,"deletions":10}}},{"hash":"ac9bb8a2c63a1a20a82101716f12439a7dce96ce","messageTitle":"Chronos Exceptions","messageBody":"","tags":["A-Exceptions"],"fileTypesAndContributionMap":{"java":{"insertions":57,"deletions":38}}},{"hash":"854adcf91338e4283bc4bebcf379c167a663451b","messageTitle":"Housekeeping","messageBody":"","fileTypesAndContributionMap":{"java":{"insertions":0,"deletions":2}}},{"hash":"47ba235964ea0d5aab23104eed4aa0828ccc845f","messageTitle":"Begin Level-7","messageBody":"","fileTypesAndContributionMap":{"java":{"insertions":17,"deletions":0}}},{"hash":"5be1a53e2f5624ceef481183575c9af199a156c0","messageTitle":"Begin level 7","messageBody":"","fileTypesAndContributionMap":{"java":{"insertions":20,"deletions":17}}},{"hash":"3f93d1a21a8a77307d991f03f0541757c106822f","messageTitle":"Construct Save Class","messageBody":"","fileTypesAndContributionMap":{"java":{"insertions":14,"deletions":4}}},{"hash":"a6a37a90723c4379290cab632a0109fa05ac46e2","messageTitle":"half-done level 7 and refactoring","messageBody":"","fileTypesAndContributionMap":{"java":{"insertions":165,"deletions":57},"bat":{"insertions":1,"deletions":1},"md":{"insertions":1,"deletions":1}}},{"hash":"99daa8fb660690ca98979d79eb48a3bebdcff77b","messageTitle":"Level 7 Complete","messageBody":"","fileTypesAndContributionMap":{"txt":{"insertions":1,"deletions":0},"java":{"insertions":74,"deletions":10}}}]},{"date":"2023-02-22","commitResults":[{"hash":"2dedbbfc4c4810862cec27c8c654fc64d3b43a04","messageTitle":"Clean-up","messageBody":"","fileTypesAndContributionMap":{"txt":{"insertions":0,"deletions":1},"java":{"insertions":37,"deletions":33}}},{"hash":"53972f85391f8e255932071e9294b7e0c747b6d4","messageTitle":"Debugging level 7","messageBody":"","tags":["A-Jar"],"fileTypesAndContributionMap":{"txt":{"insertions":0,"deletions":0},"java":{"insertions":20,"deletions":3}}}]},{"date":"2023-02-25","commitResults":[{"hash":"c12e757c2d13345ec78ba92a8c02b878a719fd8b","messageTitle":"Debugging level 7","messageBody":"","fileTypesAndContributionMap":{"java":{"insertions":31,"deletions":40}}},{"hash":"cd0532ff137a8fa5b3e81d5b4517eee567fca943","messageTitle":"Level 9 Complete","messageBody":"","tags":["Level-9"],"fileTypesAndContributionMap":{"java":{"insertions":18,"deletions":2}}}]},{"date":"2023-02-26","commitResults":[{"hash":"1967026da8e4fe39e0c1d60d2198c2293e66bef3","messageTitle":"Added Documentation","messageBody":"","fileTypesAndContributionMap":{"java":{"insertions":90,"deletions":18}}},{"hash":"d9499ba9fad491bcba5f7a8426782b54ee5ca285","messageTitle":"Documentation of Timer Packages","messageBody":"","fileTypesAndContributionMap":{"java":{"insertions":8,"deletions":2}}}]},{"date":"2023-02-27","commitResults":[{"hash":"d7dc92ed110058029ec06b492a54a0e83c3fdd6d","messageTitle":"Added Documentation","messageBody":"","fileTypesAndContributionMap":{"java":{"insertions":299,"deletions":29}}},{"hash":"4f71a7f2f57d03f6c93a23763fef4b62015252d9","messageTitle":"Clean up and update UserGuide","messageBody":"","fileTypesAndContributionMap":{"md":{"insertions":27,"deletions":35}}},{"hash":"71f0124a90fbc5843cc201e62cdf6a21faac4201","messageTitle":"Update UserGuide for jar file","messageBody":"","fileTypesAndContributionMap":{"md":{"insertions":142,"deletions":15}}},{"hash":"230c57d2bd873802160a27be080d29a2f118e569","messageTitle":"Updated FAQ","messageBody":"","fileTypesAndContributionMap":{"md":{"insertions":8,"deletions":0}}},{"hash":"04888c0507a75493d80e0386b00d31aec1e6e34d","messageTitle":"Update UG","messageBody":"","tags":["A-UserGuide"],"fileTypesAndContributionMap":{"md":{"insertions":1,"deletions":1}}},{"hash":"97a63839a04783e8306aa2d9e4991b873e647cbf","messageTitle":"Finalise UG","messageBody":"","fileTypesAndContributionMap":{"md":{"insertions":1,"deletions":1}}},{"hash":"aaab8d69f734e9ab1323377bd0ec94c6dc7b5246","messageTitle":"Finalise UG","messageBody":"","fileTypesAndContributionMap":{"md":{"insertions":0,"deletions":1}}},{"hash":"03a77b4ea35b5dbf0804a26744c623fa6cba6554","messageTitle":"Update README to fix typo","messageBody":"","fileTypesAndContributionMap":{"md":{"insertions":1,"deletions":1}}}]},{"date":"2023-02-28","commitResults":[{"hash":"b2623291b39e67e54e04b2815599a82ed25b92ad","messageTitle":"Level-9 Complete","messageBody":"","fileTypesAndContributionMap":{"java":{"insertions":3,"deletions":3}}},{"hash":"8554a7d350519321aa7af2b1b534214b8e5403d7","messageTitle":"exception changes","messageBody":"","fileTypesAndContributionMap":{"java":{"insertions":59,"deletions":39}}},{"hash":"da41002d400339cee91bc5e2ae5059a6b811a54c","messageTitle":"Cleaned up exceptions so application does not crash","messageBody":"","fileTypesAndContributionMap":{"java":{"insertions":5,"deletions":5}}},{"hash":"1764a1361d5bc777a6c43486a35bba542259d463","messageTitle":"Removed unexpected bug","messageBody":"","fileTypesAndContributionMap":{"java":{"insertions":2,"deletions":15}}},{"hash":"65a6b81d1d7179fe24411d7099c7fa42fd982f61","messageTitle":"Update README.md","messageBody":"","fileTypesAndContributionMap":{"md":{"insertions":3,"deletions":0}}}]}]},"authorFileTypeContributionMap":{"T-Wan-Lin":{"java":1174,"md":178,"fxml":0,"sh":0,"bat":2,"gradle":0,"txt":0}},"authorContributionVariance":{"T-Wan-Lin":29167.816},"authorDisplayNameMap":{"T-Wan-Lin":"CS2113-T13-4 TAN .. LIN"}}
