[{"path":"src/main/java/duke/Duke.java","fileType":"java","lines":[{"lineNumber":1,"author":{"gitId":"Mnsd05"},"content":"package duke;","lastModifiedDate":"2023-02-15"},{"lineNumber":2,"author":{"gitId":"Mnsd05"},"content":"","lastModifiedDate":"2023-02-15"},{"lineNumber":3,"author":{"gitId":"Mnsd05"},"content":"import duke.exception.EmptyDescription;","lastModifiedDate":"2023-02-15"},{"lineNumber":4,"author":{"gitId":"Mnsd05"},"content":"import duke.keycommand.Deadline;","lastModifiedDate":"2023-02-15"},{"lineNumber":5,"author":{"gitId":"Mnsd05"},"content":"import duke.keycommand.Event;","lastModifiedDate":"2023-02-15"},{"lineNumber":6,"author":{"gitId":"Mnsd05"},"content":"import duke.keycommand.ToDo;","lastModifiedDate":"2023-02-15"},{"lineNumber":7,"author":{"gitId":"Mnsd05"},"content":"","lastModifiedDate":"2023-02-15"},{"lineNumber":8,"author":{"gitId":"Mnsd05"},"content":"import java.util.List;","lastModifiedDate":"2023-02-09"},{"lineNumber":9,"author":{"gitId":"Mnsd05"},"content":"import java.util.Scanner;","lastModifiedDate":"2023-01-23"},{"lineNumber":10,"author":{"gitId":"Mnsd05"},"content":"import java.util.ArrayList;","lastModifiedDate":"2023-01-24"},{"lineNumber":11,"author":{"gitId":"Mnsd05"},"content":"// still accept \"todo \"","lastModifiedDate":"2023-02-09"},{"lineNumber":12,"author":{"gitId":"Mnsd05"},"content":"// already handle all the invalid input, A-exceptions may be used later","lastModifiedDate":"2023-02-09"},{"lineNumber":13,"author":{"gitId":"-"},"content":"public class Duke {","lastModifiedDate":"2019-07-29"},{"lineNumber":14,"author":{"gitId":"Mnsd05"},"content":"","lastModifiedDate":"2023-02-01"},{"lineNumber":15,"author":{"gitId":"Mnsd05"},"content":"    private static final String BYE_MESSAGE \u003d \"Bye. Hope to see you again soon!\";","lastModifiedDate":"2023-02-09"},{"lineNumber":16,"author":{"gitId":"Mnsd05"},"content":"    private static final String MARK_INSTRUCTION \u003d \"Please give your command in the following format\";","lastModifiedDate":"2023-02-09"},{"lineNumber":17,"author":{"gitId":"Mnsd05"},"content":"    private static final String HorizontalLine \u003d \"____________________________________________________________\";","lastModifiedDate":"2023-02-09"},{"lineNumber":18,"author":{"gitId":"Mnsd05"},"content":"    private static final String HELLO_IM_DUKE \u003d \"Hello! I\u0027m Duke\";","lastModifiedDate":"2023-02-09"},{"lineNumber":19,"author":{"gitId":"Mnsd05"},"content":"    private static final String KEYWORD_TO_SEE_THE_INSTRUCTIONS \u003d \"Please type \u0027help\u0027 if you want to see the instructions\";","lastModifiedDate":"2023-02-09"},{"lineNumber":20,"author":{"gitId":"Mnsd05"},"content":"    private static final String HELP_USAGE \u003d \"help: to view the instructions for all commands\\n\";","lastModifiedDate":"2023-02-09"},{"lineNumber":21,"author":{"gitId":"Mnsd05"},"content":"    private static final String BYE_USAGE \u003d \"bye: to end the program\\n\";","lastModifiedDate":"2023-02-09"},{"lineNumber":22,"author":{"gitId":"Mnsd05"},"content":"    private static final String LIST_USAGE \u003d \"list: to view the list of tasks\\n\";","lastModifiedDate":"2023-02-09"},{"lineNumber":23,"author":{"gitId":"Mnsd05"},"content":"    private static final String MARK_USAGE \u003d \"mark: to mark a task as done\";","lastModifiedDate":"2023-02-09"},{"lineNumber":24,"author":{"gitId":"Mnsd05"},"content":"    private static final String MARK_FORMAT \u003d \"Format: mark {Number}\\n\";","lastModifiedDate":"2023-02-09"},{"lineNumber":25,"author":{"gitId":"Mnsd05"},"content":"    private static final String UNMARK_USAGE \u003d \"unmark: to unmark a task as not done yet\";","lastModifiedDate":"2023-02-09"},{"lineNumber":26,"author":{"gitId":"Mnsd05"},"content":"    private static final String UNMARK_FORMAT \u003d \"Format: unmark {Number}\\n\";","lastModifiedDate":"2023-02-09"},{"lineNumber":27,"author":{"gitId":"Mnsd05"},"content":"    private static final String TODO_USAGE \u003d \"todo: to add a todo task in your list\";","lastModifiedDate":"2023-02-09"},{"lineNumber":28,"author":{"gitId":"Mnsd05"},"content":"    private static final String TODO_FORMAT \u003d \"Format: todo {your task}\\n\";","lastModifiedDate":"2023-02-09"},{"lineNumber":29,"author":{"gitId":"Mnsd05"},"content":"    private static final String DEADLINE_USAGE \u003d \"deadline: to add a deadline task in your list\";","lastModifiedDate":"2023-02-09"},{"lineNumber":30,"author":{"gitId":"Mnsd05"},"content":"    private static final String DEADLINE_FORMAT \u003d \"Format: deadline {your task} /by {deadline date}\\n\";","lastModifiedDate":"2023-02-09"},{"lineNumber":31,"author":{"gitId":"Mnsd05"},"content":"    private static final String EVENT_USAGE \u003d \"event: to add an event task in your list\";","lastModifiedDate":"2023-02-09"},{"lineNumber":32,"author":{"gitId":"Mnsd05"},"content":"    private static final String EVENT_FORMAT \u003d \"Format: event {your task} /from {begin date} /to {end date}\\n\";","lastModifiedDate":"2023-02-09"},{"lineNumber":33,"author":{"gitId":"Mnsd05"},"content":"    private static final String ADDING_TASK \u003d \"Got it. I\u0027ve added this task:\";","lastModifiedDate":"2023-02-09"},{"lineNumber":34,"author":{"gitId":"Mnsd05"},"content":"    private static final String BIG_MARK_NUMBER \u003d \"The task number is bigger than the number of tasks\";","lastModifiedDate":"2023-02-09"},{"lineNumber":35,"author":{"gitId":"Mnsd05"},"content":"    private static final String FINISH_UNMARKING_MESSAGE \u003d \"Ok! I\u0027ve marked this task as not done yet:\";","lastModifiedDate":"2023-02-09"},{"lineNumber":36,"author":{"gitId":"Mnsd05"},"content":"    private static final String FINISH_MARKING_MESSAGE \u003d \"Nice! I\u0027ve marked this task as done:\";","lastModifiedDate":"2023-02-09"},{"lineNumber":37,"author":{"gitId":"Mnsd05"},"content":"    private static final String ASKING_MESSAGE \u003d \"What can I do for you?\";","lastModifiedDate":"2023-02-09"},{"lineNumber":38,"author":{"gitId":"Mnsd05"},"content":"    public static final String INCORRECT_KEYWORD \u003d \"OOPS!!! I\u0027m sorry, but I don\u0027t know what that means :-(\";","lastModifiedDate":"2023-02-09"},{"lineNumber":39,"author":{"gitId":"Mnsd05"},"content":"    public static final String EMPTY_TODO_DESCRIPTION \u003d \"OOPS!!! The description of a todo cannot be empty.\";","lastModifiedDate":"2023-02-09"},{"lineNumber":40,"author":{"gitId":"Mnsd05"},"content":"    public static final String EMPTY_DEADLINE_DESCRIPTION \u003d \"OOPS!!! The description of a deadline cannot be empty.\";","lastModifiedDate":"2023-02-09"},{"lineNumber":41,"author":{"gitId":"Mnsd05"},"content":"    public static final String EMPTY_EVENT_DESCRIPTION \u003d \"OOPS!!! The description of a event cannot be empty.\";","lastModifiedDate":"2023-02-09"},{"lineNumber":42,"author":{"gitId":"Mnsd05"},"content":"    public static final String INVALID_INPUT \u003d \"This is an invalid input, please follow this input format\\n\";","lastModifiedDate":"2023-02-09"},{"lineNumber":43,"author":{"gitId":"Mnsd05"},"content":"    public static final String DEADLINE_INVALID_INPUT \u003d INVALID_INPUT + DEADLINE_FORMAT;","lastModifiedDate":"2023-02-09"},{"lineNumber":44,"author":{"gitId":"Mnsd05"},"content":"    public static final String EVENT_INVALID_INPUT \u003d INVALID_INPUT + EVENT_FORMAT;","lastModifiedDate":"2023-02-09"},{"lineNumber":45,"author":{"gitId":"Mnsd05"},"content":"    public static final ArrayList\u003cString\u003e KEYWORDS \u003d new ArrayList\u003c\u003e(","lastModifiedDate":"2023-02-15"},{"lineNumber":46,"author":{"gitId":"Mnsd05"},"content":"            List.of(\"todo\",\"deadline\",\"event\",\"list\",\"bye\",\"mark\",\"unmark\",\"help\")","lastModifiedDate":"2023-02-09"},{"lineNumber":47,"author":{"gitId":"Mnsd05"},"content":"    );","lastModifiedDate":"2023-02-09"},{"lineNumber":48,"author":{"gitId":"Mnsd05"},"content":"    public static final String MEANINGLESS_SENTENCE_AFTER_KEYWORD \u003d \"OPPS!!! The sentence after keyword has no meaning\";","lastModifiedDate":"2023-02-15"},{"lineNumber":49,"author":{"gitId":"Mnsd05"},"content":"","lastModifiedDate":"2023-02-01"},{"lineNumber":50,"author":{"gitId":"Mnsd05"},"content":"    public static void main(String[] args) {","lastModifiedDate":"2023-01-31"},{"lineNumber":51,"author":{"gitId":"Mnsd05"},"content":"        showWelcomeMessage();","lastModifiedDate":"2023-01-31"},{"lineNumber":52,"author":{"gitId":"Mnsd05"},"content":"","lastModifiedDate":"2023-01-31"},{"lineNumber":53,"author":{"gitId":"Mnsd05"},"content":"        String userInput;","lastModifiedDate":"2023-01-31"},{"lineNumber":54,"author":{"gitId":"Mnsd05"},"content":"        Scanner in \u003d new Scanner(System.in);","lastModifiedDate":"2023-01-31"},{"lineNumber":55,"author":{"gitId":"Mnsd05"},"content":"        ArrayList\u003cTask\u003e tasks \u003d new ArrayList\u003c\u003e();","lastModifiedDate":"2023-01-31"},{"lineNumber":56,"author":{"gitId":"Mnsd05"},"content":"","lastModifiedDate":"2023-01-31"},{"lineNumber":57,"author":{"gitId":"Mnsd05"},"content":"        while (true) {","lastModifiedDate":"2023-01-31"},{"lineNumber":58,"author":{"gitId":"Mnsd05"},"content":"            userInput \u003d getInput(in);","lastModifiedDate":"2023-01-31"},{"lineNumber":59,"author":{"gitId":"Mnsd05"},"content":"            String[] separatedKeyWordAndContent \u003d userInput.split(\" \", 2);","lastModifiedDate":"2023-02-09"},{"lineNumber":60,"author":{"gitId":"Mnsd05"},"content":"            String keyword \u003d separatedKeyWordAndContent[0];","lastModifiedDate":"2023-02-09"},{"lineNumber":61,"author":{"gitId":"Mnsd05"},"content":"            if (!KEYWORDS.contains(keyword)) {","lastModifiedDate":"2023-02-09"},{"lineNumber":62,"author":{"gitId":"Mnsd05"},"content":"                System.out.println(INCORRECT_KEYWORD);","lastModifiedDate":"2023-02-09"},{"lineNumber":63,"author":{"gitId":"Mnsd05"},"content":"                continue;","lastModifiedDate":"2023-02-09"},{"lineNumber":64,"author":{"gitId":"Mnsd05"},"content":"            }","lastModifiedDate":"2023-02-09"},{"lineNumber":65,"author":{"gitId":"Mnsd05"},"content":"            if (userInput.equals(\"bye\")) {","lastModifiedDate":"2023-01-31"},{"lineNumber":66,"author":{"gitId":"Mnsd05"},"content":"                System.out.println(BYE_MESSAGE);","lastModifiedDate":"2023-02-01"},{"lineNumber":67,"author":{"gitId":"Mnsd05"},"content":"                createHorizontalLine();","lastModifiedDate":"2023-01-31"},{"lineNumber":68,"author":{"gitId":"Mnsd05"},"content":"                break;","lastModifiedDate":"2023-01-24"},{"lineNumber":69,"author":{"gitId":"Mnsd05"},"content":"            } else if (userInput.equals(\"help\")) {","lastModifiedDate":"2023-01-31"},{"lineNumber":70,"author":{"gitId":"Mnsd05"},"content":"                showHelpMessage();","lastModifiedDate":"2023-01-31"},{"lineNumber":71,"author":{"gitId":"Mnsd05"},"content":"            } else if (userInput.equals(\"list\")) {","lastModifiedDate":"2023-01-31"},{"lineNumber":72,"author":{"gitId":"Mnsd05"},"content":"                printItems(tasks);","lastModifiedDate":"2023-01-31"},{"lineNumber":73,"author":{"gitId":"Mnsd05"},"content":"            } else if (keyword.equals(\"todo\")) {","lastModifiedDate":"2023-02-09"},{"lineNumber":74,"author":{"gitId":"Mnsd05"},"content":"                if (doesIndexOutOfBoundsOccur(separatedKeyWordAndContent,1, EMPTY_TODO_DESCRIPTION)) {","lastModifiedDate":"2023-02-15"},{"lineNumber":75,"author":{"gitId":"Mnsd05"},"content":"                    continue;","lastModifiedDate":"2023-02-01"},{"lineNumber":76,"author":{"gitId":"Mnsd05"},"content":"                }","lastModifiedDate":"2023-02-01"},{"lineNumber":77,"author":{"gitId":"Mnsd05"},"content":"                try {","lastModifiedDate":"2023-02-15"},{"lineNumber":78,"author":{"gitId":"Mnsd05"},"content":"                    addTodoTask(separatedKeyWordAndContent[1], tasks);","lastModifiedDate":"2023-02-09"},{"lineNumber":79,"author":{"gitId":"Mnsd05"},"content":"                } catch(EmptyDescription e) {","lastModifiedDate":"2023-02-15"},{"lineNumber":80,"author":{"gitId":"Mnsd05"},"content":"                    System.out.println(\"OOPS!!! your task can not be empty\");","lastModifiedDate":"2023-02-15"},{"lineNumber":81,"author":{"gitId":"Mnsd05"},"content":"                }","lastModifiedDate":"2023-02-15"},{"lineNumber":82,"author":{"gitId":"Mnsd05"},"content":"            } else if (keyword.equals(\"deadline\")) {","lastModifiedDate":"2023-02-09"},{"lineNumber":83,"author":{"gitId":"Mnsd05"},"content":"                if (doesIndexOutOfBoundsOccur(separatedKeyWordAndContent,1, EMPTY_DEADLINE_DESCRIPTION)) {","lastModifiedDate":"2023-02-15"},{"lineNumber":84,"author":{"gitId":"Mnsd05"},"content":"                    continue;","lastModifiedDate":"2023-02-01"},{"lineNumber":85,"author":{"gitId":"Mnsd05"},"content":"                }","lastModifiedDate":"2023-02-01"},{"lineNumber":86,"author":{"gitId":"Mnsd05"},"content":"                try {","lastModifiedDate":"2023-02-15"},{"lineNumber":87,"author":{"gitId":"Mnsd05"},"content":"                    addDeadlineTask(separatedKeyWordAndContent[1], tasks);","lastModifiedDate":"2023-02-09"},{"lineNumber":88,"author":{"gitId":"Mnsd05"},"content":"                } catch(EmptyDescription e) {","lastModifiedDate":"2023-02-15"},{"lineNumber":89,"author":{"gitId":"Mnsd05"},"content":"                    System.out.println(\"OOPS!!! the deadline can not be empty\");","lastModifiedDate":"2023-02-15"},{"lineNumber":90,"author":{"gitId":"Mnsd05"},"content":"                }","lastModifiedDate":"2023-02-15"},{"lineNumber":91,"author":{"gitId":"Mnsd05"},"content":"            } else if (keyword.equals(\"event\")) {","lastModifiedDate":"2023-02-09"},{"lineNumber":92,"author":{"gitId":"Mnsd05"},"content":"                if (doesIndexOutOfBoundsOccur(separatedKeyWordAndContent,1, EMPTY_EVENT_DESCRIPTION)) {","lastModifiedDate":"2023-02-15"},{"lineNumber":93,"author":{"gitId":"Mnsd05"},"content":"                    continue;","lastModifiedDate":"2023-02-01"},{"lineNumber":94,"author":{"gitId":"Mnsd05"},"content":"                }","lastModifiedDate":"2023-02-01"},{"lineNumber":95,"author":{"gitId":"Mnsd05"},"content":"                addEventTask(separatedKeyWordAndContent[1], tasks);","lastModifiedDate":"2023-02-09"},{"lineNumber":96,"author":{"gitId":"Mnsd05"},"content":"            } else if (keyword.equals(\"mark\") || keyword.equals(\"unmark\")) {","lastModifiedDate":"2023-02-09"},{"lineNumber":97,"author":{"gitId":"Mnsd05"},"content":"                if (userInput.split(\" \").length !\u003d 2) {","lastModifiedDate":"2023-02-01"},{"lineNumber":98,"author":{"gitId":"Mnsd05"},"content":"                    System.out.println(MARK_INSTRUCTION + \"\\n\"","lastModifiedDate":"2023-02-01"},{"lineNumber":99,"author":{"gitId":"Mnsd05"},"content":"                            + keyword + \": Number\");","lastModifiedDate":"2023-02-09"},{"lineNumber":100,"author":{"gitId":"Mnsd05"},"content":"                } else {","lastModifiedDate":"2023-01-24"},{"lineNumber":101,"author":{"gitId":"Mnsd05"},"content":"                    changeTaskStatus(tasks, separatedKeyWordAndContent);","lastModifiedDate":"2023-02-09"},{"lineNumber":102,"author":{"gitId":"Mnsd05"},"content":"                }","lastModifiedDate":"2023-01-31"},{"lineNumber":103,"author":{"gitId":"Mnsd05"},"content":"            } else {","lastModifiedDate":"2023-02-09"},{"lineNumber":104,"author":{"gitId":"Mnsd05"},"content":"                System.out.println(MEANINGLESS_SENTENCE_AFTER_KEYWORD);","lastModifiedDate":"2023-02-09"},{"lineNumber":105,"author":{"gitId":"Mnsd05"},"content":"            }","lastModifiedDate":"2023-01-24"},{"lineNumber":106,"author":{"gitId":"Mnsd05"},"content":"","lastModifiedDate":"2023-02-09"},{"lineNumber":107,"author":{"gitId":"Mnsd05"},"content":"        }","lastModifiedDate":"2023-01-24"},{"lineNumber":108,"author":{"gitId":"Mnsd05"},"content":"    }","lastModifiedDate":"2023-01-24"},{"lineNumber":109,"author":{"gitId":"Mnsd05"},"content":"","lastModifiedDate":"2023-01-24"},{"lineNumber":110,"author":{"gitId":"Mnsd05"},"content":"    private static void createHorizontalLine() {","lastModifiedDate":"2023-02-01"},{"lineNumber":111,"author":{"gitId":"Mnsd05"},"content":"        System.out.println(HorizontalLine);","lastModifiedDate":"2023-02-01"},{"lineNumber":112,"author":{"gitId":"Mnsd05"},"content":"    }","lastModifiedDate":"2023-01-24"},{"lineNumber":113,"author":{"gitId":"Mnsd05"},"content":"","lastModifiedDate":"2023-02-01"},{"lineNumber":114,"author":{"gitId":"Mnsd05"},"content":"    private static String getInput(Scanner in) {","lastModifiedDate":"2023-02-01"},{"lineNumber":115,"author":{"gitId":"Mnsd05"},"content":"        String userInput;","lastModifiedDate":"2023-02-01"},{"lineNumber":116,"author":{"gitId":"Mnsd05"},"content":"        createHorizontalLine();","lastModifiedDate":"2023-02-01"},{"lineNumber":117,"author":{"gitId":"Mnsd05"},"content":"        System.out.println();","lastModifiedDate":"2023-02-01"},{"lineNumber":118,"author":{"gitId":"Mnsd05"},"content":"        userInput \u003d in.nextLine();","lastModifiedDate":"2023-02-01"},{"lineNumber":119,"author":{"gitId":"Mnsd05"},"content":"        createHorizontalLine();","lastModifiedDate":"2023-02-01"},{"lineNumber":120,"author":{"gitId":"Mnsd05"},"content":"        return userInput;","lastModifiedDate":"2023-02-01"},{"lineNumber":121,"author":{"gitId":"Mnsd05"},"content":"    }","lastModifiedDate":"2023-01-24"},{"lineNumber":122,"author":{"gitId":"Mnsd05"},"content":"","lastModifiedDate":"2023-02-01"},{"lineNumber":123,"author":{"gitId":"Mnsd05"},"content":"    private static void showWelcomeMessage() {","lastModifiedDate":"2023-02-01"},{"lineNumber":124,"author":{"gitId":"Mnsd05"},"content":"        createHorizontalLine();","lastModifiedDate":"2023-02-01"},{"lineNumber":125,"author":{"gitId":"Mnsd05"},"content":"        System.out.println(HELLO_IM_DUKE);","lastModifiedDate":"2023-02-01"},{"lineNumber":126,"author":{"gitId":"Mnsd05"},"content":"        System.out.println(KEYWORD_TO_SEE_THE_INSTRUCTIONS);","lastModifiedDate":"2023-02-01"},{"lineNumber":127,"author":{"gitId":"Mnsd05"},"content":"        System.out.println(ASKING_MESSAGE);","lastModifiedDate":"2023-02-01"},{"lineNumber":128,"author":{"gitId":"Mnsd05"},"content":"    }","lastModifiedDate":"2023-01-24"},{"lineNumber":129,"author":{"gitId":"Mnsd05"},"content":"","lastModifiedDate":"2023-02-01"},{"lineNumber":130,"author":{"gitId":"Mnsd05"},"content":"    private static void showHelpMessage() {","lastModifiedDate":"2023-02-01"},{"lineNumber":131,"author":{"gitId":"Mnsd05"},"content":"        System.out.println(\"This is the list of our commands\\n\");","lastModifiedDate":"2023-02-01"},{"lineNumber":132,"author":{"gitId":"Mnsd05"},"content":"        System.out.println(HELP_USAGE);","lastModifiedDate":"2023-02-01"},{"lineNumber":133,"author":{"gitId":"Mnsd05"},"content":"        System.out.println(BYE_USAGE);","lastModifiedDate":"2023-02-01"},{"lineNumber":134,"author":{"gitId":"Mnsd05"},"content":"        System.out.println(LIST_USAGE);","lastModifiedDate":"2023-02-01"},{"lineNumber":135,"author":{"gitId":"Mnsd05"},"content":"        System.out.println(MARK_USAGE);","lastModifiedDate":"2023-02-01"},{"lineNumber":136,"author":{"gitId":"Mnsd05"},"content":"        System.out.println(MARK_FORMAT);","lastModifiedDate":"2023-02-01"},{"lineNumber":137,"author":{"gitId":"Mnsd05"},"content":"        System.out.println(UNMARK_USAGE);","lastModifiedDate":"2023-02-01"},{"lineNumber":138,"author":{"gitId":"Mnsd05"},"content":"        System.out.println(UNMARK_FORMAT);","lastModifiedDate":"2023-02-01"},{"lineNumber":139,"author":{"gitId":"Mnsd05"},"content":"        System.out.println(TODO_USAGE);","lastModifiedDate":"2023-02-01"},{"lineNumber":140,"author":{"gitId":"Mnsd05"},"content":"        System.out.println(TODO_FORMAT);","lastModifiedDate":"2023-02-01"},{"lineNumber":141,"author":{"gitId":"Mnsd05"},"content":"        System.out.println(DEADLINE_USAGE);","lastModifiedDate":"2023-02-01"},{"lineNumber":142,"author":{"gitId":"Mnsd05"},"content":"        System.out.println(DEADLINE_FORMAT);","lastModifiedDate":"2023-02-01"},{"lineNumber":143,"author":{"gitId":"Mnsd05"},"content":"        System.out.println(EVENT_USAGE);","lastModifiedDate":"2023-02-01"},{"lineNumber":144,"author":{"gitId":"Mnsd05"},"content":"        System.out.println(EVENT_FORMAT);","lastModifiedDate":"2023-02-01"},{"lineNumber":145,"author":{"gitId":"Mnsd05"},"content":"    }","lastModifiedDate":"2023-01-24"},{"lineNumber":146,"author":{"gitId":"Mnsd05"},"content":"","lastModifiedDate":"2023-01-30"},{"lineNumber":147,"author":{"gitId":"Mnsd05"},"content":"    private static boolean doesIndexOutOfBoundsOccur(String[] stringArray, int index, String outputMessage) {","lastModifiedDate":"2023-02-15"},{"lineNumber":148,"author":{"gitId":"Mnsd05"},"content":"        try {","lastModifiedDate":"2023-02-01"},{"lineNumber":149,"author":{"gitId":"Mnsd05"},"content":"            String test \u003d stringArray[index];","lastModifiedDate":"2023-02-01"},{"lineNumber":150,"author":{"gitId":"Mnsd05"},"content":"            return false;","lastModifiedDate":"2023-02-01"},{"lineNumber":151,"author":{"gitId":"Mnsd05"},"content":"        } catch (ArrayIndexOutOfBoundsException error) {","lastModifiedDate":"2023-02-01"},{"lineNumber":152,"author":{"gitId":"Mnsd05"},"content":"            System.out.println(outputMessage);","lastModifiedDate":"2023-02-09"},{"lineNumber":153,"author":{"gitId":"Mnsd05"},"content":"            return true;","lastModifiedDate":"2023-02-01"},{"lineNumber":154,"author":{"gitId":"Mnsd05"},"content":"        }","lastModifiedDate":"2023-02-01"},{"lineNumber":155,"author":{"gitId":"Mnsd05"},"content":"    }","lastModifiedDate":"2023-02-01"},{"lineNumber":156,"author":{"gitId":"Mnsd05"},"content":"","lastModifiedDate":"2023-01-31"},{"lineNumber":157,"author":{"gitId":"Mnsd05"},"content":"    private static void addTodoTask(String content, ArrayList\u003cTask\u003e tasks) throws EmptyDescription {","lastModifiedDate":"2023-02-15"},{"lineNumber":158,"author":{"gitId":"Mnsd05"},"content":"        if (content.trim().isEmpty()) {","lastModifiedDate":"2023-02-15"},{"lineNumber":159,"author":{"gitId":"Mnsd05"},"content":"            throw new EmptyDescription();","lastModifiedDate":"2023-02-15"},{"lineNumber":160,"author":{"gitId":"Mnsd05"},"content":"        }","lastModifiedDate":"2023-02-15"},{"lineNumber":161,"author":{"gitId":"Mnsd05"},"content":"        Task task \u003d new ToDo(content);","lastModifiedDate":"2023-02-01"},{"lineNumber":162,"author":{"gitId":"Mnsd05"},"content":"        tasks.add(task);","lastModifiedDate":"2023-01-24"},{"lineNumber":163,"author":{"gitId":"Mnsd05"},"content":"        System.out.println(ADDING_TASK);","lastModifiedDate":"2023-02-01"},{"lineNumber":164,"author":{"gitId":"Mnsd05"},"content":"        System.out.println(\"[T][] \" + content);","lastModifiedDate":"2023-02-01"},{"lineNumber":165,"author":{"gitId":"Mnsd05"},"content":"        System.out.println(\"Now you have \" + tasks.size() + \" tasks in the list.\");","lastModifiedDate":"2023-02-01"},{"lineNumber":166,"author":{"gitId":"Mnsd05"},"content":"    }","lastModifiedDate":"2023-01-23"},{"lineNumber":167,"author":{"gitId":"Mnsd05"},"content":"","lastModifiedDate":"2023-01-31"},{"lineNumber":168,"author":{"gitId":"Mnsd05"},"content":"    private static void addDeadlineTask(String content, ArrayList\u003cTask\u003e tasks) throws EmptyDescription{","lastModifiedDate":"2023-02-15"},{"lineNumber":169,"author":{"gitId":"Mnsd05"},"content":"        String[] seperatedWordsInContent \u003d content.split(\" /\");","lastModifiedDate":"2023-02-01"},{"lineNumber":170,"author":{"gitId":"Mnsd05"},"content":"        if (doesIndexOutOfBoundsOccur(seperatedWordsInContent, 1, DEADLINE_INVALID_INPUT)) {","lastModifiedDate":"2023-02-15"},{"lineNumber":171,"author":{"gitId":"Mnsd05"},"content":"            return;","lastModifiedDate":"2023-02-01"},{"lineNumber":172,"author":{"gitId":"Mnsd05"},"content":"        }","lastModifiedDate":"2023-02-01"},{"lineNumber":173,"author":{"gitId":"Mnsd05"},"content":"        if (seperatedWordsInContent[1].startsWith(\"by \")) {","lastModifiedDate":"2023-02-01"},{"lineNumber":174,"author":{"gitId":"Mnsd05"},"content":"            String date \u003d seperatedWordsInContent[1].split(\" \", 2)[1];","lastModifiedDate":"2023-02-01"},{"lineNumber":175,"author":{"gitId":"Mnsd05"},"content":"            if (date.trim().isEmpty()) {","lastModifiedDate":"2023-02-15"},{"lineNumber":176,"author":{"gitId":"Mnsd05"},"content":"                throw new EmptyDescription();","lastModifiedDate":"2023-02-15"},{"lineNumber":177,"author":{"gitId":"Mnsd05"},"content":"            }","lastModifiedDate":"2023-02-15"},{"lineNumber":178,"author":{"gitId":"Mnsd05"},"content":"            String taskName \u003d seperatedWordsInContent[0];","lastModifiedDate":"2023-02-01"},{"lineNumber":179,"author":{"gitId":"Mnsd05"},"content":"            Task task \u003d new Deadline(taskName,date);","lastModifiedDate":"2023-02-01"},{"lineNumber":180,"author":{"gitId":"Mnsd05"},"content":"            tasks.add(task);","lastModifiedDate":"2023-02-01"},{"lineNumber":181,"author":{"gitId":"Mnsd05"},"content":"            System.out.println(ADDING_TASK);","lastModifiedDate":"2023-02-01"},{"lineNumber":182,"author":{"gitId":"Mnsd05"},"content":"            System.out.println(\"[D][] \" + taskName + \" (by: \" + date + \")\");","lastModifiedDate":"2023-02-01"},{"lineNumber":183,"author":{"gitId":"Mnsd05"},"content":"            System.out.println(\"Now you have \" + tasks.size() + \" tasks in the list.\");","lastModifiedDate":"2023-02-01"},{"lineNumber":184,"author":{"gitId":"Mnsd05"},"content":"        } else {","lastModifiedDate":"2023-02-01"},{"lineNumber":185,"author":{"gitId":"Mnsd05"},"content":"            System.out.println(DEADLINE_INVALID_INPUT);","lastModifiedDate":"2023-02-09"},{"lineNumber":186,"author":{"gitId":"Mnsd05"},"content":"        }","lastModifiedDate":"2023-02-01"},{"lineNumber":187,"author":{"gitId":"Mnsd05"},"content":"    }","lastModifiedDate":"2023-02-01"},{"lineNumber":188,"author":{"gitId":"Mnsd05"},"content":"","lastModifiedDate":"2023-02-01"},{"lineNumber":189,"author":{"gitId":"Mnsd05"},"content":"    private static void addEventTask(String content, ArrayList\u003cTask\u003e tasks)  {","lastModifiedDate":"2023-02-01"},{"lineNumber":190,"author":{"gitId":"Mnsd05"},"content":"        String[] seperatedWordsInContent \u003d content.split(\" /\");","lastModifiedDate":"2023-02-01"},{"lineNumber":191,"author":{"gitId":"Mnsd05"},"content":"        if (doesIndexOutOfBoundsOccur(seperatedWordsInContent,2,EVENT_INVALID_INPUT)) {","lastModifiedDate":"2023-02-15"},{"lineNumber":192,"author":{"gitId":"Mnsd05"},"content":"            return;","lastModifiedDate":"2023-02-15"},{"lineNumber":193,"author":{"gitId":"Mnsd05"},"content":"        }","lastModifiedDate":"2023-02-15"},{"lineNumber":194,"author":{"gitId":"Mnsd05"},"content":"        if (doesIndexOutOfBoundsOccur(seperatedWordsInContent[1].split(\" \", 2),1,EVENT_INVALID_INPUT)) {","lastModifiedDate":"2023-02-15"},{"lineNumber":195,"author":{"gitId":"Mnsd05"},"content":"            return;","lastModifiedDate":"2023-02-01"},{"lineNumber":196,"author":{"gitId":"Mnsd05"},"content":"        }","lastModifiedDate":"2023-02-01"},{"lineNumber":197,"author":{"gitId":"Mnsd05"},"content":"        String beginDate \u003d seperatedWordsInContent[1].split(\" \", 2)[1];","lastModifiedDate":"2023-02-01"},{"lineNumber":198,"author":{"gitId":"Mnsd05"},"content":"        if (doesIndexOutOfBoundsOccur(seperatedWordsInContent[2].split(\" \", 2),1,EVENT_INVALID_INPUT)) {","lastModifiedDate":"2023-02-15"},{"lineNumber":199,"author":{"gitId":"Mnsd05"},"content":"            return;","lastModifiedDate":"2023-02-01"},{"lineNumber":200,"author":{"gitId":"Mnsd05"},"content":"        }","lastModifiedDate":"2023-02-01"},{"lineNumber":201,"author":{"gitId":"Mnsd05"},"content":"        String endDate \u003d seperatedWordsInContent[2].split(\" \", 2)[1];","lastModifiedDate":"2023-02-01"},{"lineNumber":202,"author":{"gitId":"Mnsd05"},"content":"","lastModifiedDate":"2023-02-01"},{"lineNumber":203,"author":{"gitId":"Mnsd05"},"content":"        if (seperatedWordsInContent[1].startsWith(\"from \") \u0026\u0026 seperatedWordsInContent[2].startsWith(\"to \")) {","lastModifiedDate":"2023-02-01"},{"lineNumber":204,"author":{"gitId":"Mnsd05"},"content":"            String taskName \u003d seperatedWordsInContent[0];","lastModifiedDate":"2023-02-01"},{"lineNumber":205,"author":{"gitId":"Mnsd05"},"content":"            Task task \u003d new Event(taskName,beginDate,endDate);","lastModifiedDate":"2023-02-01"},{"lineNumber":206,"author":{"gitId":"Mnsd05"},"content":"            tasks.add(task);","lastModifiedDate":"2023-02-01"},{"lineNumber":207,"author":{"gitId":"Mnsd05"},"content":"            System.out.println(ADDING_TASK);","lastModifiedDate":"2023-02-01"},{"lineNumber":208,"author":{"gitId":"Mnsd05"},"content":"            System.out.println(\"[E][] \" + taskName + \" (from: \" + beginDate + \" to: \" + endDate + \")\");","lastModifiedDate":"2023-02-01"},{"lineNumber":209,"author":{"gitId":"Mnsd05"},"content":"            System.out.println(\"Now you have \" + tasks.size() + \" tasks in the list.\");","lastModifiedDate":"2023-02-01"},{"lineNumber":210,"author":{"gitId":"Mnsd05"},"content":"        } else {","lastModifiedDate":"2023-02-01"},{"lineNumber":211,"author":{"gitId":"Mnsd05"},"content":"            System.out.println(EVENT_INVALID_INPUT);","lastModifiedDate":"2023-02-09"},{"lineNumber":212,"author":{"gitId":"Mnsd05"},"content":"        }","lastModifiedDate":"2023-02-01"},{"lineNumber":213,"author":{"gitId":"Mnsd05"},"content":"    }","lastModifiedDate":"2023-02-01"},{"lineNumber":214,"author":{"gitId":"Mnsd05"},"content":"","lastModifiedDate":"2023-02-01"},{"lineNumber":215,"author":{"gitId":"Mnsd05"},"content":"    private static void changeTaskStatus(ArrayList\u003cTask\u003e tasks, String[] seperatedWords) {","lastModifiedDate":"2023-02-01"},{"lineNumber":216,"author":{"gitId":"Mnsd05"},"content":"        try {","lastModifiedDate":"2023-02-01"},{"lineNumber":217,"author":{"gitId":"Mnsd05"},"content":"            int lastWordInInteger \u003d Integer.parseInt(seperatedWords[1]);","lastModifiedDate":"2023-02-01"},{"lineNumber":218,"author":{"gitId":"Mnsd05"},"content":"            if (lastWordInInteger \u003e tasks.size()) {","lastModifiedDate":"2023-02-01"},{"lineNumber":219,"author":{"gitId":"Mnsd05"},"content":"                System.out.println(BIG_MARK_NUMBER);","lastModifiedDate":"2023-02-01"},{"lineNumber":220,"author":{"gitId":"Mnsd05"},"content":"            } else {","lastModifiedDate":"2023-02-01"},{"lineNumber":221,"author":{"gitId":"Mnsd05"},"content":"                boolean doesCommandContainsUnmark \u003d seperatedWords[0].equals(\"unmark\");","lastModifiedDate":"2023-02-01"},{"lineNumber":222,"author":{"gitId":"Mnsd05"},"content":"                if (doesCommandContainsUnmark) {","lastModifiedDate":"2023-02-01"},{"lineNumber":223,"author":{"gitId":"Mnsd05"},"content":"                    tasks.get(lastWordInInteger - 1).unMark();","lastModifiedDate":"2023-02-01"},{"lineNumber":224,"author":{"gitId":"Mnsd05"},"content":"                    System.out.println(FINISH_UNMARKING_MESSAGE);","lastModifiedDate":"2023-02-01"},{"lineNumber":225,"author":{"gitId":"Mnsd05"},"content":"                } else {","lastModifiedDate":"2023-02-01"},{"lineNumber":226,"author":{"gitId":"Mnsd05"},"content":"                    tasks.get(lastWordInInteger - 1).mark();","lastModifiedDate":"2023-02-01"},{"lineNumber":227,"author":{"gitId":"Mnsd05"},"content":"                    System.out.println(FINISH_MARKING_MESSAGE);","lastModifiedDate":"2023-02-01"},{"lineNumber":228,"author":{"gitId":"Mnsd05"},"content":"                }","lastModifiedDate":"2023-02-01"},{"lineNumber":229,"author":{"gitId":"Mnsd05"},"content":"                System.out.println(lastWordInInteger + \". \" + tasks.get(lastWordInInteger - 1).getMarkingStatus()","lastModifiedDate":"2023-02-09"},{"lineNumber":230,"author":{"gitId":"Mnsd05"},"content":"                        + \" \" + tasks.get(lastWordInInteger - 1).getContent());","lastModifiedDate":"2023-02-09"},{"lineNumber":231,"author":{"gitId":"Mnsd05"},"content":"            }","lastModifiedDate":"2023-02-01"},{"lineNumber":232,"author":{"gitId":"Mnsd05"},"content":"        } catch (Exception error) {","lastModifiedDate":"2023-02-01"},{"lineNumber":233,"author":{"gitId":"Mnsd05"},"content":"            System.out.println(MARK_INSTRUCTION + \"\\n\" + seperatedWords[0] + \": Number\");","lastModifiedDate":"2023-02-01"},{"lineNumber":234,"author":{"gitId":"Mnsd05"},"content":"        }","lastModifiedDate":"2023-02-01"},{"lineNumber":235,"author":{"gitId":"Mnsd05"},"content":"    }","lastModifiedDate":"2023-02-01"},{"lineNumber":236,"author":{"gitId":"Mnsd05"},"content":"","lastModifiedDate":"2023-01-31"},{"lineNumber":237,"author":{"gitId":"Mnsd05"},"content":"    private static void printItems(ArrayList\u003cTask\u003e container) {","lastModifiedDate":"2023-01-31"},{"lineNumber":238,"author":{"gitId":"Mnsd05"},"content":"        for (int i \u003d 0; i \u003c container.size(); ++i) {","lastModifiedDate":"2023-01-31"},{"lineNumber":239,"author":{"gitId":"Mnsd05"},"content":"            Task item \u003d container.get(i);","lastModifiedDate":"2023-02-01"},{"lineNumber":240,"author":{"gitId":"Mnsd05"},"content":"            if (item \u003d\u003d null) {","lastModifiedDate":"2023-02-01"},{"lineNumber":241,"author":{"gitId":"Mnsd05"},"content":"                break;","lastModifiedDate":"2023-01-31"},{"lineNumber":242,"author":{"gitId":"Mnsd05"},"content":"            } else if (item.getClassSymbol().equals(\"[T]\")) {","lastModifiedDate":"2023-02-09"},{"lineNumber":243,"author":{"gitId":"Mnsd05"},"content":"                System.out.println((i + 1) + \".\" + item.getClassSymbol()","lastModifiedDate":"2023-02-09"},{"lineNumber":244,"author":{"gitId":"Mnsd05"},"content":"                        + item.getMarkingStatus() + \" \" + item.getContent());","lastModifiedDate":"2023-02-09"},{"lineNumber":245,"author":{"gitId":"Mnsd05"},"content":"            } else if (item.getClassSymbol().equals(\"[D]\")) {","lastModifiedDate":"2023-02-09"},{"lineNumber":246,"author":{"gitId":"Mnsd05"},"content":"                System.out.println((i + 1) + \".\" + item.getClassSymbol()","lastModifiedDate":"2023-02-09"},{"lineNumber":247,"author":{"gitId":"Mnsd05"},"content":"                        + item.getMarkingStatus() + \" \" + item.getContent() + \"(by: \" + item.getDate() + \")\");","lastModifiedDate":"2023-02-09"},{"lineNumber":248,"author":{"gitId":"Mnsd05"},"content":"            } else if (item.getClassSymbol().equals(\"[E]\")) {","lastModifiedDate":"2023-02-09"},{"lineNumber":249,"author":{"gitId":"Mnsd05"},"content":"                System.out.println((i + 1) + \".\" + item.getClassSymbol()","lastModifiedDate":"2023-02-09"},{"lineNumber":250,"author":{"gitId":"Mnsd05"},"content":"                        + item.getMarkingStatus() + \" \" + item.getContent() + \"(from: \" + item.getBeginDate()","lastModifiedDate":"2023-02-09"},{"lineNumber":251,"author":{"gitId":"Mnsd05"},"content":"                        + \" to: \" + item.getEndDate() + \")\");","lastModifiedDate":"2023-02-01"},{"lineNumber":252,"author":{"gitId":"Mnsd05"},"content":"            }","lastModifiedDate":"2023-01-23"},{"lineNumber":253,"author":{"gitId":"Mnsd05"},"content":"        }","lastModifiedDate":"2023-01-30"},{"lineNumber":254,"author":{"gitId":"-"},"content":"    }","lastModifiedDate":"2019-07-29"},{"lineNumber":255,"author":{"gitId":"Mnsd05"},"content":"","lastModifiedDate":"2023-01-31"},{"lineNumber":256,"author":{"gitId":"-"},"content":"}","lastModifiedDate":"2019-07-29"},{"lineNumber":257,"author":{"gitId":"Mnsd05"},"content":"","lastModifiedDate":"2023-02-09"}],"authorContributionMap":{"Mnsd05":254,"-":3}},{"path":"src/main/java/duke/Task.java","fileType":"java","lines":[{"lineNumber":1,"author":{"gitId":"Mnsd05"},"content":"package duke;","lastModifiedDate":"2023-02-15"},{"lineNumber":2,"author":{"gitId":"Mnsd05"},"content":"","lastModifiedDate":"2023-02-15"},{"lineNumber":3,"author":{"gitId":"Mnsd05"},"content":"import java.util.ArrayList;","lastModifiedDate":"2023-01-31"},{"lineNumber":4,"author":{"gitId":"Mnsd05"},"content":"","lastModifiedDate":"2023-01-31"},{"lineNumber":5,"author":{"gitId":"Mnsd05"},"content":"public class Task {","lastModifiedDate":"2023-01-24"},{"lineNumber":6,"author":{"gitId":"Mnsd05"},"content":"    private String content;","lastModifiedDate":"2023-01-24"},{"lineNumber":7,"author":{"gitId":"Mnsd05"},"content":"    private boolean isMarked;","lastModifiedDate":"2023-01-24"},{"lineNumber":8,"author":{"gitId":"Mnsd05"},"content":"","lastModifiedDate":"2023-01-24"},{"lineNumber":9,"author":{"gitId":"Mnsd05"},"content":"    public Task(String content) {","lastModifiedDate":"2023-01-24"},{"lineNumber":10,"author":{"gitId":"Mnsd05"},"content":"        this.content \u003d content;","lastModifiedDate":"2023-01-24"},{"lineNumber":11,"author":{"gitId":"Mnsd05"},"content":"        this.isMarked \u003d false;","lastModifiedDate":"2023-01-24"},{"lineNumber":12,"author":{"gitId":"Mnsd05"},"content":"    }","lastModifiedDate":"2023-01-24"},{"lineNumber":13,"author":{"gitId":"Mnsd05"},"content":"","lastModifiedDate":"2023-01-24"},{"lineNumber":14,"author":{"gitId":"Mnsd05"},"content":"    public void mark() {","lastModifiedDate":"2023-01-24"},{"lineNumber":15,"author":{"gitId":"Mnsd05"},"content":"        this.isMarked \u003d true;","lastModifiedDate":"2023-01-24"},{"lineNumber":16,"author":{"gitId":"Mnsd05"},"content":"    }","lastModifiedDate":"2023-01-24"},{"lineNumber":17,"author":{"gitId":"Mnsd05"},"content":"","lastModifiedDate":"2023-01-24"},{"lineNumber":18,"author":{"gitId":"Mnsd05"},"content":"    public void unMark() {","lastModifiedDate":"2023-01-24"},{"lineNumber":19,"author":{"gitId":"Mnsd05"},"content":"        this.isMarked \u003d false;","lastModifiedDate":"2023-01-24"},{"lineNumber":20,"author":{"gitId":"Mnsd05"},"content":"    }","lastModifiedDate":"2023-01-24"},{"lineNumber":21,"author":{"gitId":"Mnsd05"},"content":"","lastModifiedDate":"2023-01-24"},{"lineNumber":22,"author":{"gitId":"Mnsd05"},"content":"    public String getMarkingStatus() {","lastModifiedDate":"2023-01-24"},{"lineNumber":23,"author":{"gitId":"Mnsd05"},"content":"        return isMarked ? \"[X]\" : \"[ ]\";","lastModifiedDate":"2023-02-09"},{"lineNumber":24,"author":{"gitId":"Mnsd05"},"content":"    }","lastModifiedDate":"2023-01-24"},{"lineNumber":25,"author":{"gitId":"Mnsd05"},"content":"","lastModifiedDate":"2023-01-24"},{"lineNumber":26,"author":{"gitId":"Mnsd05"},"content":"    public String getContent() {","lastModifiedDate":"2023-01-24"},{"lineNumber":27,"author":{"gitId":"Mnsd05"},"content":"        return this.content;","lastModifiedDate":"2023-01-24"},{"lineNumber":28,"author":{"gitId":"Mnsd05"},"content":"    }","lastModifiedDate":"2023-01-24"},{"lineNumber":29,"author":{"gitId":"Mnsd05"},"content":"","lastModifiedDate":"2023-01-31"},{"lineNumber":30,"author":{"gitId":"Mnsd05"},"content":"    public String getClassSymbol() {","lastModifiedDate":"2023-02-01"},{"lineNumber":31,"author":{"gitId":"Mnsd05"},"content":"        return \"\";","lastModifiedDate":"2023-02-01"},{"lineNumber":32,"author":{"gitId":"Mnsd05"},"content":"    }","lastModifiedDate":"2023-02-01"},{"lineNumber":33,"author":{"gitId":"Mnsd05"},"content":"","lastModifiedDate":"2023-02-01"},{"lineNumber":34,"author":{"gitId":"Mnsd05"},"content":"    public String getDate() {","lastModifiedDate":"2023-02-01"},{"lineNumber":35,"author":{"gitId":"Mnsd05"},"content":"        return \"\";","lastModifiedDate":"2023-02-01"},{"lineNumber":36,"author":{"gitId":"Mnsd05"},"content":"    }","lastModifiedDate":"2023-02-01"},{"lineNumber":37,"author":{"gitId":"Mnsd05"},"content":"","lastModifiedDate":"2023-02-01"},{"lineNumber":38,"author":{"gitId":"Mnsd05"},"content":"    public String getBeginDate() {","lastModifiedDate":"2023-02-01"},{"lineNumber":39,"author":{"gitId":"Mnsd05"},"content":"        return \"\";","lastModifiedDate":"2023-02-01"},{"lineNumber":40,"author":{"gitId":"Mnsd05"},"content":"    }","lastModifiedDate":"2023-02-01"},{"lineNumber":41,"author":{"gitId":"Mnsd05"},"content":"","lastModifiedDate":"2023-02-01"},{"lineNumber":42,"author":{"gitId":"Mnsd05"},"content":"    public String getEndDate() {","lastModifiedDate":"2023-02-01"},{"lineNumber":43,"author":{"gitId":"Mnsd05"},"content":"        return \"\";","lastModifiedDate":"2023-02-01"},{"lineNumber":44,"author":{"gitId":"Mnsd05"},"content":"    }","lastModifiedDate":"2023-02-01"},{"lineNumber":45,"author":{"gitId":"Mnsd05"},"content":"","lastModifiedDate":"2023-02-01"},{"lineNumber":46,"author":{"gitId":"Mnsd05"},"content":"}","lastModifiedDate":"2023-01-24"}],"authorContributionMap":{"Mnsd05":46}},{"path":"src/main/java/duke/exception/EmptyDescription.java","fileType":"java","lines":[{"lineNumber":1,"author":{"gitId":"Mnsd05"},"content":"package duke.exception;","lastModifiedDate":"2023-02-15"},{"lineNumber":2,"author":{"gitId":"Mnsd05"},"content":"","lastModifiedDate":"2023-02-15"},{"lineNumber":3,"author":{"gitId":"Mnsd05"},"content":"public class EmptyDescription extends Exception{","lastModifiedDate":"2023-02-09"},{"lineNumber":4,"author":{"gitId":"Mnsd05"},"content":"}","lastModifiedDate":"2023-02-09"}],"authorContributionMap":{"Mnsd05":4}},{"path":"src/main/java/duke/keycommand/Deadline.java","fileType":"java","lines":[{"lineNumber":1,"author":{"gitId":"Mnsd05"},"content":"package duke.keycommand;","lastModifiedDate":"2023-02-15"},{"lineNumber":2,"author":{"gitId":"Mnsd05"},"content":"","lastModifiedDate":"2023-02-15"},{"lineNumber":3,"author":{"gitId":"Mnsd05"},"content":"import duke.Task;","lastModifiedDate":"2023-02-15"},{"lineNumber":4,"author":{"gitId":"Mnsd05"},"content":"","lastModifiedDate":"2023-02-15"},{"lineNumber":5,"author":{"gitId":"Mnsd05"},"content":"public class Deadline extends Task {","lastModifiedDate":"2023-02-01"},{"lineNumber":6,"author":{"gitId":"Mnsd05"},"content":"","lastModifiedDate":"2023-02-01"},{"lineNumber":7,"author":{"gitId":"Mnsd05"},"content":"    private String date;","lastModifiedDate":"2023-02-01"},{"lineNumber":8,"author":{"gitId":"Mnsd05"},"content":"","lastModifiedDate":"2023-02-01"},{"lineNumber":9,"author":{"gitId":"Mnsd05"},"content":"    public Deadline(String content, String date) {","lastModifiedDate":"2023-02-01"},{"lineNumber":10,"author":{"gitId":"Mnsd05"},"content":"        super(content);","lastModifiedDate":"2023-02-01"},{"lineNumber":11,"author":{"gitId":"Mnsd05"},"content":"        this.date \u003d date;","lastModifiedDate":"2023-02-01"},{"lineNumber":12,"author":{"gitId":"Mnsd05"},"content":"    }","lastModifiedDate":"2023-02-01"},{"lineNumber":13,"author":{"gitId":"Mnsd05"},"content":"","lastModifiedDate":"2023-02-01"},{"lineNumber":14,"author":{"gitId":"Mnsd05"},"content":"    @Override","lastModifiedDate":"2023-02-01"},{"lineNumber":15,"author":{"gitId":"Mnsd05"},"content":"    public String getClassSymbol() {","lastModifiedDate":"2023-02-01"},{"lineNumber":16,"author":{"gitId":"Mnsd05"},"content":"        return \"[D]\";","lastModifiedDate":"2023-02-09"},{"lineNumber":17,"author":{"gitId":"Mnsd05"},"content":"    }","lastModifiedDate":"2023-02-01"},{"lineNumber":18,"author":{"gitId":"Mnsd05"},"content":"","lastModifiedDate":"2023-02-01"},{"lineNumber":19,"author":{"gitId":"Mnsd05"},"content":"    @Override","lastModifiedDate":"2023-02-01"},{"lineNumber":20,"author":{"gitId":"Mnsd05"},"content":"    public String getDate() {","lastModifiedDate":"2023-02-01"},{"lineNumber":21,"author":{"gitId":"Mnsd05"},"content":"        return this.date;","lastModifiedDate":"2023-02-01"},{"lineNumber":22,"author":{"gitId":"Mnsd05"},"content":"    }","lastModifiedDate":"2023-02-01"},{"lineNumber":23,"author":{"gitId":"Mnsd05"},"content":"","lastModifiedDate":"2023-02-01"},{"lineNumber":24,"author":{"gitId":"Mnsd05"},"content":"}","lastModifiedDate":"2023-02-01"}],"authorContributionMap":{"Mnsd05":24}},{"path":"src/main/java/duke/keycommand/Event.java","fileType":"java","lines":[{"lineNumber":1,"author":{"gitId":"Mnsd05"},"content":"package duke.keycommand;","lastModifiedDate":"2023-02-15"},{"lineNumber":2,"author":{"gitId":"Mnsd05"},"content":"","lastModifiedDate":"2023-02-15"},{"lineNumber":3,"author":{"gitId":"Mnsd05"},"content":"import duke.Task;","lastModifiedDate":"2023-02-15"},{"lineNumber":4,"author":{"gitId":"Mnsd05"},"content":"","lastModifiedDate":"2023-02-15"},{"lineNumber":5,"author":{"gitId":"Mnsd05"},"content":"public class Event extends Task {","lastModifiedDate":"2023-02-01"},{"lineNumber":6,"author":{"gitId":"Mnsd05"},"content":"","lastModifiedDate":"2023-02-01"},{"lineNumber":7,"author":{"gitId":"Mnsd05"},"content":"    private String beginDate;","lastModifiedDate":"2023-02-01"},{"lineNumber":8,"author":{"gitId":"Mnsd05"},"content":"    private String endDate;","lastModifiedDate":"2023-02-01"},{"lineNumber":9,"author":{"gitId":"Mnsd05"},"content":"","lastModifiedDate":"2023-02-01"},{"lineNumber":10,"author":{"gitId":"Mnsd05"},"content":"    public Event(String content, String beginDate, String endDate) {","lastModifiedDate":"2023-02-01"},{"lineNumber":11,"author":{"gitId":"Mnsd05"},"content":"        super(content);","lastModifiedDate":"2023-02-01"},{"lineNumber":12,"author":{"gitId":"Mnsd05"},"content":"        this.beginDate \u003d beginDate;","lastModifiedDate":"2023-02-01"},{"lineNumber":13,"author":{"gitId":"Mnsd05"},"content":"        this.endDate \u003d endDate;","lastModifiedDate":"2023-02-01"},{"lineNumber":14,"author":{"gitId":"Mnsd05"},"content":"    }","lastModifiedDate":"2023-02-01"},{"lineNumber":15,"author":{"gitId":"Mnsd05"},"content":"","lastModifiedDate":"2023-02-01"},{"lineNumber":16,"author":{"gitId":"Mnsd05"},"content":"    @Override","lastModifiedDate":"2023-02-01"},{"lineNumber":17,"author":{"gitId":"Mnsd05"},"content":"    public String getClassSymbol() {","lastModifiedDate":"2023-02-01"},{"lineNumber":18,"author":{"gitId":"Mnsd05"},"content":"        return \"[E]\";","lastModifiedDate":"2023-02-09"},{"lineNumber":19,"author":{"gitId":"Mnsd05"},"content":"    }","lastModifiedDate":"2023-02-01"},{"lineNumber":20,"author":{"gitId":"Mnsd05"},"content":"","lastModifiedDate":"2023-02-01"},{"lineNumber":21,"author":{"gitId":"Mnsd05"},"content":"    @Override","lastModifiedDate":"2023-02-01"},{"lineNumber":22,"author":{"gitId":"Mnsd05"},"content":"    public String getBeginDate() {","lastModifiedDate":"2023-02-01"},{"lineNumber":23,"author":{"gitId":"Mnsd05"},"content":"        return this.beginDate;","lastModifiedDate":"2023-02-01"},{"lineNumber":24,"author":{"gitId":"Mnsd05"},"content":"    }","lastModifiedDate":"2023-02-01"},{"lineNumber":25,"author":{"gitId":"Mnsd05"},"content":"","lastModifiedDate":"2023-02-01"},{"lineNumber":26,"author":{"gitId":"Mnsd05"},"content":"    @Override","lastModifiedDate":"2023-02-01"},{"lineNumber":27,"author":{"gitId":"Mnsd05"},"content":"    public String getEndDate() {","lastModifiedDate":"2023-02-01"},{"lineNumber":28,"author":{"gitId":"Mnsd05"},"content":"        return this.endDate;","lastModifiedDate":"2023-02-01"},{"lineNumber":29,"author":{"gitId":"Mnsd05"},"content":"    }","lastModifiedDate":"2023-02-01"},{"lineNumber":30,"author":{"gitId":"Mnsd05"},"content":"","lastModifiedDate":"2023-02-01"},{"lineNumber":31,"author":{"gitId":"Mnsd05"},"content":"}","lastModifiedDate":"2023-02-01"}],"authorContributionMap":{"Mnsd05":31}},{"path":"src/main/java/duke/keycommand/ToDo.java","fileType":"java","lines":[{"lineNumber":1,"author":{"gitId":"Mnsd05"},"content":"package duke.keycommand;","lastModifiedDate":"2023-02-15"},{"lineNumber":2,"author":{"gitId":"Mnsd05"},"content":"","lastModifiedDate":"2023-02-15"},{"lineNumber":3,"author":{"gitId":"Mnsd05"},"content":"import duke.Task;","lastModifiedDate":"2023-02-15"},{"lineNumber":4,"author":{"gitId":"Mnsd05"},"content":"","lastModifiedDate":"2023-02-01"},{"lineNumber":5,"author":{"gitId":"Mnsd05"},"content":"public class ToDo extends Task {","lastModifiedDate":"2023-02-01"},{"lineNumber":6,"author":{"gitId":"Mnsd05"},"content":"    public ToDo(String content) {","lastModifiedDate":"2023-02-01"},{"lineNumber":7,"author":{"gitId":"Mnsd05"},"content":"        super(content);","lastModifiedDate":"2023-02-01"},{"lineNumber":8,"author":{"gitId":"Mnsd05"},"content":"    }","lastModifiedDate":"2023-02-01"},{"lineNumber":9,"author":{"gitId":"Mnsd05"},"content":"","lastModifiedDate":"2023-02-01"},{"lineNumber":10,"author":{"gitId":"Mnsd05"},"content":"    @Override","lastModifiedDate":"2023-02-01"},{"lineNumber":11,"author":{"gitId":"Mnsd05"},"content":"    public String getClassSymbol() {","lastModifiedDate":"2023-02-01"},{"lineNumber":12,"author":{"gitId":"Mnsd05"},"content":"        return \"[T]\";","lastModifiedDate":"2023-02-09"},{"lineNumber":13,"author":{"gitId":"Mnsd05"},"content":"    }","lastModifiedDate":"2023-02-01"},{"lineNumber":14,"author":{"gitId":"Mnsd05"},"content":"","lastModifiedDate":"2023-02-01"},{"lineNumber":15,"author":{"gitId":"Mnsd05"},"content":"}","lastModifiedDate":"2023-02-01"}],"authorContributionMap":{"Mnsd05":15}}]
