{"authorDailyContributionsMap":{"Mnsd05":[{"date":"2023-01-17","commitResults":[{"hash":"215ba28a885d0c354cb446e8404aa5a1eb3176ec","messageTitle":"Add increment: Level 0","messageBody":"","tags":["Level-0"],"fileTypesAndContributionMap":{"java":{"insertions":9,"deletions":6}}}]},{"date":"2023-01-23","commitResults":[{"hash":"d72d1186ff26a02a918a2e6ecbb5d56d89ad8a4f","messageTitle":"Add Greet, Echo, Exit","messageBody":"","tags":["Level-1"],"fileTypesAndContributionMap":{"java":{"insertions":20,"deletions":4}}}]},{"date":"2023-01-24","commitResults":[{"hash":"05c6734061cbaa93d09180545e9bf85fdf83d79f","messageTitle":"Add \"Add, List\"","messageBody":"","tags":["level-2"],"fileTypesAndContributionMap":{"java":{"insertions":23,"deletions":6}}},{"hash":"a52114d57c24f6d5d2cb070e13092d46368f00d6","messageTitle":"Add \"Mark as done\"","messageBody":"","tags":["Level-3","A-CodingStandard"],"fileTypesAndContributionMap":{"java":{"insertions":60,"deletions":9}}}]},{"date":"2023-01-30","commitResults":[{"hash":"909bc5d8d59df048f152346cd2433cc0d30c101d","messageTitle":"Fix bugs and improve \"Mark as done\" feature","messageBody":"","fileTypesAndContributionMap":{"java":{"insertions":24,"deletions":16}}}]},{"date":"2023-01-31","commitResults":[{"hash":"fda02dc64e5aec047c35267a4df711e095348955","messageTitle":"fix bugs of \"Mark as done\" feature","messageBody":"","fileTypesAndContributionMap":{"java":{"insertions":82,"deletions":46}}}]},{"date":"2023-02-01","commitResults":[{"hash":"8890f20bf18f5099b3a485b208af834d5c894c19","messageTitle":"Add \"todo, deadline, event\" tasks","messageBody":"","tags":["Level-4"],"fileTypesAndContributionMap":{"java":{"insertions":191,"deletions":30}}},{"hash":"07ac5428f4a0f22d933b7ad21be09d0e47835074","messageTitle":"Improve code quality","messageBody":"","tags":["A-CodeQuality"],"fileTypesAndContributionMap":{"java":{"insertions":131,"deletions":108}}}]}]},"authorFileTypeContributionMap":{"Mnsd05":{"java":320,"md":0,"fxml":0,"sh":0,"bat":0,"gradle":0,"txt":0}},"authorContributionVariance":{"Mnsd05":10536.388},"authorDisplayNameMap":{"Mnsd05":"CS2113-T15-3 NGUY..HANG"}}
