[{"path":"docs/README.md","fileType":"md","lines":[{"lineNumber":1,"author":{"gitId":"miahjerry"},"content":"# Duke","lastModifiedDate":"2023-03-03"},{"lineNumber":2,"author":{"gitId":"miahjerry"},"content":"Welcome to Duke! This is a user guide for the task tracker Duke.","lastModifiedDate":"2023-03-03"},{"lineNumber":3,"author":{"gitId":"miahjerry"},"content":"","lastModifiedDate":"2023-03-03"},{"lineNumber":4,"author":{"gitId":"miahjerry"},"content":"## Installation","lastModifiedDate":"2023-03-03"},{"lineNumber":5,"author":{"gitId":"miahjerry"},"content":"Requires: JDK 11","lastModifiedDate":"2023-03-03"},{"lineNumber":6,"author":{"gitId":"miahjerry"},"content":"1. Download the jar file for Duke under \"Releases\"","lastModifiedDate":"2023-03-03"},{"lineNumber":7,"author":{"gitId":"miahjerry"},"content":"2. Extract it to an empty folder","lastModifiedDate":"2023-03-03"},{"lineNumber":8,"author":{"gitId":"miahjerry"},"content":"3. Run the jar file","lastModifiedDate":"2023-03-03"},{"lineNumber":9,"author":{"gitId":"miahjerry"},"content":"4. Enjoy!","lastModifiedDate":"2023-03-03"},{"lineNumber":10,"author":{"gitId":"miahjerry"},"content":"","lastModifiedDate":"2023-03-03"},{"lineNumber":11,"author":{"gitId":"miahjerry"},"content":"### Commands","lastModifiedDate":"2023-03-03"},{"lineNumber":12,"author":{"gitId":"miahjerry"},"content":"Below are the list of commands that can be used with Duke  ","lastModifiedDate":"2023-03-03"},{"lineNumber":13,"author":{"gitId":"miahjerry"},"content":"Please remember to follow the input format strictly!","lastModifiedDate":"2023-03-03"},{"lineNumber":14,"author":{"gitId":"miahjerry"},"content":"","lastModifiedDate":"2023-03-03"},{"lineNumber":15,"author":{"gitId":"miahjerry"},"content":"1. list || (to see the current tasks saved)","lastModifiedDate":"2023-03-03"},{"lineNumber":16,"author":{"gitId":"miahjerry"},"content":"2. `todo \u003ctask\u003e` || Adds a task with no particular time to take note of","lastModifiedDate":"2023-03-03"},{"lineNumber":17,"author":{"gitId":"miahjerry"},"content":"3. `event \u003ctask\u003e /from \u003cstart time of event\u003e /to \u003cend time of event\u003e` || Adds an event with a start and end time","lastModifiedDate":"2023-03-03"},{"lineNumber":18,"author":{"gitId":"miahjerry"},"content":"4. `deadline \u003ctask\u003e /by \u003cdeadline of task\u003e` || Adds a task with a deadline","lastModifiedDate":"2023-03-03"},{"lineNumber":19,"author":{"gitId":"miahjerry"},"content":"5. `mark \u003ctask number\u003e` || To mark a task as done","lastModifiedDate":"2023-03-03"},{"lineNumber":20,"author":{"gitId":"miahjerry"},"content":"6. `unmark \u003ctask number\u003e` || To mark a task as not done","lastModifiedDate":"2023-03-03"},{"lineNumber":21,"author":{"gitId":"miahjerry"},"content":"7. `delete \u003ctask number\u003e` || To remove a task from the list","lastModifiedDate":"2023-03-03"},{"lineNumber":22,"author":{"gitId":"miahjerry"},"content":"8. `bye` || To terminate the programme","lastModifiedDate":"2023-03-03"},{"lineNumber":23,"author":{"gitId":"-"},"content":"","lastModifiedDate":"2019-07-29"},{"lineNumber":24,"author":{"gitId":"-"},"content":"## Usage","lastModifiedDate":"2019-07-29"},{"lineNumber":25,"author":{"gitId":"-"},"content":"","lastModifiedDate":"2019-07-29"},{"lineNumber":26,"author":{"gitId":"-"},"content":"Example of usage: ","lastModifiedDate":"2019-07-29"},{"lineNumber":27,"author":{"gitId":"-"},"content":"","lastModifiedDate":"2019-07-29"},{"lineNumber":28,"author":{"gitId":"miahjerry"},"content":"`event study /from 2pm /tp 4pm`","lastModifiedDate":"2023-03-03"},{"lineNumber":29,"author":{"gitId":"-"},"content":"","lastModifiedDate":"2019-07-29"},{"lineNumber":30,"author":{"gitId":"-"},"content":"Expected outcome:","lastModifiedDate":"2019-07-29"},{"lineNumber":31,"author":{"gitId":"-"},"content":"```","lastModifiedDate":"2021-07-17"},{"lineNumber":32,"author":{"gitId":"miahjerry"},"content":"Got it. I\u0027ve added this task: ","lastModifiedDate":"2023-03-03"},{"lineNumber":33,"author":{"gitId":"miahjerry"},"content":"[E][ ] study (From: 2pm to To: 4pm)","lastModifiedDate":"2023-03-03"},{"lineNumber":34,"author":{"gitId":"miahjerry"},"content":"Now you have 1 tasks in the list. ","lastModifiedDate":"2023-03-03"},{"lineNumber":35,"author":{"gitId":"miahjerry"},"content":"____________________________________________________________","lastModifiedDate":"2023-03-03"},{"lineNumber":36,"author":{"gitId":"miahjerry"},"content":"","lastModifiedDate":"2023-03-03"},{"lineNumber":37,"author":{"gitId":"miahjerry"},"content":"What would you like to do?","lastModifiedDate":"2023-03-03"},{"lineNumber":38,"author":{"gitId":"-"},"content":"```","lastModifiedDate":"2021-07-17"}],"authorContributionMap":{"miahjerry":29,"-":9}},{"path":"duke.txt","fileType":"txt","lines":[{"lineNumber":1,"author":{"gitId":"miahjerry"},"content":"[ ] : T : study","lastModifiedDate":"2023-03-03"},{"lineNumber":2,"author":{"gitId":"miahjerry"},"content":"[X] : E : study (From:now To:later)","lastModifiedDate":"2023-03-03"},{"lineNumber":3,"author":{"gitId":"miahjerry"},"content":"[ ] : D : study (By:later)","lastModifiedDate":"2023-03-03"}],"authorContributionMap":{"miahjerry":3}},{"path":"src/main/java/Duke.java","fileType":"java","lines":[{"lineNumber":1,"author":{"gitId":"miahjerry"},"content":"import Tasks.Task;","lastModifiedDate":"2023-02-28"},{"lineNumber":2,"author":{"gitId":"miahjerry"},"content":"import User.Parser;","lastModifiedDate":"2023-03-03"},{"lineNumber":3,"author":{"gitId":"miahjerry"},"content":"import User.Storage;","lastModifiedDate":"2023-03-03"},{"lineNumber":4,"author":{"gitId":"miahjerry"},"content":"import User.TaskList;","lastModifiedDate":"2023-03-03"},{"lineNumber":5,"author":{"gitId":"miahjerry"},"content":"import User.UI;","lastModifiedDate":"2023-03-03"},{"lineNumber":6,"author":{"gitId":"miahjerry"},"content":"import java.io.FileNotFoundException;","lastModifiedDate":"2023-02-28"},{"lineNumber":7,"author":{"gitId":"miahjerry"},"content":"import java.io.IOException;","lastModifiedDate":"2023-03-03"},{"lineNumber":8,"author":{"gitId":"miahjerry"},"content":"import java.util.ArrayList;","lastModifiedDate":"2023-02-08"},{"lineNumber":9,"author":{"gitId":"miahjerry"},"content":"import java.util.Scanner;","lastModifiedDate":"2023-03-03"},{"lineNumber":10,"author":{"gitId":"miahjerry"},"content":"","lastModifiedDate":"2023-01-23"},{"lineNumber":11,"author":{"gitId":"-"},"content":"public class Duke {","lastModifiedDate":"2023-02-28"},{"lineNumber":12,"author":{"gitId":"miahjerry"},"content":"","lastModifiedDate":"2023-03-03"},{"lineNumber":13,"author":{"gitId":"miahjerry"},"content":"    public static void main(String[] args) throws IOException {","lastModifiedDate":"2023-03-03"},{"lineNumber":14,"author":{"gitId":"miahjerry"},"content":"        try{","lastModifiedDate":"2023-03-03"},{"lineNumber":15,"author":{"gitId":"miahjerry"},"content":"            TaskList.taskList \u003d Storage.readFile(\"duke.txt\");","lastModifiedDate":"2023-03-03"},{"lineNumber":16,"author":{"gitId":"miahjerry"},"content":"        } catch (FileNotFoundException e) {","lastModifiedDate":"2023-03-03"},{"lineNumber":17,"author":{"gitId":"miahjerry"},"content":"            System.out.println(\"File not found, a new one will be created shortly!\");","lastModifiedDate":"2023-03-03"},{"lineNumber":18,"author":{"gitId":"miahjerry"},"content":"        }","lastModifiedDate":"2023-03-03"},{"lineNumber":19,"author":{"gitId":"miahjerry"},"content":"        UI.printLogo();","lastModifiedDate":"2023-03-03"},{"lineNumber":20,"author":{"gitId":"miahjerry"},"content":"        Scanner myObj \u003d new Scanner(System.in);","lastModifiedDate":"2023-01-23"},{"lineNumber":21,"author":{"gitId":"miahjerry"},"content":"        String userInput;","lastModifiedDate":"2023-01-23"},{"lineNumber":22,"author":{"gitId":"miahjerry"},"content":"        userInput \u003d myObj.nextLine();","lastModifiedDate":"2023-01-23"},{"lineNumber":23,"author":{"gitId":"miahjerry"},"content":"        while (!userInput.equals(\"bye\")) { //if user inputs \"bye\" the loop will break","lastModifiedDate":"2023-03-03"},{"lineNumber":24,"author":{"gitId":"miahjerry"},"content":"            Parser.parsing(userInput);","lastModifiedDate":"2023-03-03"},{"lineNumber":25,"author":{"gitId":"miahjerry"},"content":"            System.out.println(\"What would you like to do?\");","lastModifiedDate":"2023-02-28"},{"lineNumber":26,"author":{"gitId":"miahjerry"},"content":"            userInput \u003d myObj.nextLine(); //to take in next input","lastModifiedDate":"2023-03-03"},{"lineNumber":27,"author":{"gitId":"miahjerry"},"content":"        }","lastModifiedDate":"2023-01-23"},{"lineNumber":28,"author":{"gitId":"miahjerry"},"content":"        Storage.clearFile();","lastModifiedDate":"2023-03-03"},{"lineNumber":29,"author":{"gitId":"miahjerry"},"content":"        Storage.updateFile(TaskList.taskList);","lastModifiedDate":"2023-03-03"},{"lineNumber":30,"author":{"gitId":"miahjerry"},"content":"        UI.printBye();","lastModifiedDate":"2023-03-03"},{"lineNumber":31,"author":{"gitId":"-"},"content":"    }","lastModifiedDate":"2019-07-29"},{"lineNumber":32,"author":{"gitId":"-"},"content":"}","lastModifiedDate":"2019-07-29"}],"authorContributionMap":{"miahjerry":29,"-":3}},{"path":"src/main/java/Tasks/Deadline.java","fileType":"java","lines":[{"lineNumber":1,"author":{"gitId":"miahjerry"},"content":"package Tasks;","lastModifiedDate":"2023-02-28"},{"lineNumber":2,"author":{"gitId":"miahjerry"},"content":"","lastModifiedDate":"2023-02-28"},{"lineNumber":3,"author":{"gitId":"miahjerry"},"content":"import Tasks.Task;","lastModifiedDate":"2023-02-28"},{"lineNumber":4,"author":{"gitId":"miahjerry"},"content":"","lastModifiedDate":"2023-02-28"},{"lineNumber":5,"author":{"gitId":"miahjerry"},"content":"public class Deadline extends Task {","lastModifiedDate":"2023-02-28"},{"lineNumber":6,"author":{"gitId":"miahjerry"},"content":"","lastModifiedDate":"2023-02-28"},{"lineNumber":7,"author":{"gitId":"miahjerry"},"content":"    protected String by;","lastModifiedDate":"2023-02-28"},{"lineNumber":8,"author":{"gitId":"miahjerry"},"content":"    protected String symbol \u003d \"[D]\";","lastModifiedDate":"2023-02-28"},{"lineNumber":9,"author":{"gitId":"miahjerry"},"content":"","lastModifiedDate":"2023-02-28"},{"lineNumber":10,"author":{"gitId":"miahjerry"},"content":"    public String getDescription() {","lastModifiedDate":"2023-02-28"},{"lineNumber":11,"author":{"gitId":"miahjerry"},"content":"        return super.getDescription();","lastModifiedDate":"2023-02-28"},{"lineNumber":12,"author":{"gitId":"miahjerry"},"content":"    }","lastModifiedDate":"2023-02-28"},{"lineNumber":13,"author":{"gitId":"miahjerry"},"content":"","lastModifiedDate":"2023-02-28"},{"lineNumber":14,"author":{"gitId":"miahjerry"},"content":"    public String getSymbol() {","lastModifiedDate":"2023-02-28"},{"lineNumber":15,"author":{"gitId":"miahjerry"},"content":"        return symbol;","lastModifiedDate":"2023-02-28"},{"lineNumber":16,"author":{"gitId":"miahjerry"},"content":"    }","lastModifiedDate":"2023-02-28"},{"lineNumber":17,"author":{"gitId":"miahjerry"},"content":"","lastModifiedDate":"2023-02-28"},{"lineNumber":18,"author":{"gitId":"miahjerry"},"content":"    public Deadline(String description, String by) {","lastModifiedDate":"2023-02-28"},{"lineNumber":19,"author":{"gitId":"miahjerry"},"content":"        super(description);","lastModifiedDate":"2023-02-28"},{"lineNumber":20,"author":{"gitId":"miahjerry"},"content":"        this.by \u003d by;","lastModifiedDate":"2023-02-28"},{"lineNumber":21,"author":{"gitId":"miahjerry"},"content":"        this.description \u003d description + \"(By:\" + by + \")\";","lastModifiedDate":"2023-03-03"},{"lineNumber":22,"author":{"gitId":"miahjerry"},"content":"    }","lastModifiedDate":"2023-02-28"},{"lineNumber":23,"author":{"gitId":"miahjerry"},"content":"","lastModifiedDate":"2023-02-28"},{"lineNumber":24,"author":{"gitId":"miahjerry"},"content":"    @Override","lastModifiedDate":"2023-02-28"},{"lineNumber":25,"author":{"gitId":"miahjerry"},"content":"    public String toString() {","lastModifiedDate":"2023-02-28"},{"lineNumber":26,"author":{"gitId":"miahjerry"},"content":"        return \"[D]\" + super.getStatusIcon() + super.getDescription() ;","lastModifiedDate":"2023-02-28"},{"lineNumber":27,"author":{"gitId":"miahjerry"},"content":"    }","lastModifiedDate":"2023-02-28"},{"lineNumber":28,"author":{"gitId":"miahjerry"},"content":"    @Override","lastModifiedDate":"2023-03-03"},{"lineNumber":29,"author":{"gitId":"miahjerry"},"content":"    public String toFile() {","lastModifiedDate":"2023-03-03"},{"lineNumber":30,"author":{"gitId":"miahjerry"},"content":"        return this.getStatusIcon() + \" : \" +\"D\"+ \" :\" + this.description;","lastModifiedDate":"2023-03-03"},{"lineNumber":31,"author":{"gitId":"miahjerry"},"content":"    }","lastModifiedDate":"2023-03-03"},{"lineNumber":32,"author":{"gitId":"miahjerry"},"content":"}","lastModifiedDate":"2023-02-28"}],"authorContributionMap":{"miahjerry":32}},{"path":"src/main/java/Tasks/Event.java","fileType":"java","lines":[{"lineNumber":1,"author":{"gitId":"miahjerry"},"content":"package Tasks;","lastModifiedDate":"2023-02-28"},{"lineNumber":2,"author":{"gitId":"miahjerry"},"content":"","lastModifiedDate":"2023-02-28"},{"lineNumber":3,"author":{"gitId":"miahjerry"},"content":"public class Event extends Task {","lastModifiedDate":"2023-02-28"},{"lineNumber":4,"author":{"gitId":"miahjerry"},"content":"    protected String from;","lastModifiedDate":"2023-02-28"},{"lineNumber":5,"author":{"gitId":"miahjerry"},"content":"    protected String to;","lastModifiedDate":"2023-02-28"},{"lineNumber":6,"author":{"gitId":"miahjerry"},"content":"    protected String symbol \u003d \"[E]\";","lastModifiedDate":"2023-02-28"},{"lineNumber":7,"author":{"gitId":"miahjerry"},"content":"","lastModifiedDate":"2023-02-28"},{"lineNumber":8,"author":{"gitId":"miahjerry"},"content":"    public Event(String description, String from, String to) {","lastModifiedDate":"2023-02-28"},{"lineNumber":9,"author":{"gitId":"miahjerry"},"content":"        super(description);","lastModifiedDate":"2023-02-28"},{"lineNumber":10,"author":{"gitId":"miahjerry"},"content":"        this.from \u003d from;","lastModifiedDate":"2023-02-28"},{"lineNumber":11,"author":{"gitId":"miahjerry"},"content":"        this.to \u003d to;","lastModifiedDate":"2023-02-28"},{"lineNumber":12,"author":{"gitId":"miahjerry"},"content":"        this.description \u003d description + \"(From:\" + this.from + \"To:\" + this.to + \")\";","lastModifiedDate":"2023-03-03"},{"lineNumber":13,"author":{"gitId":"miahjerry"},"content":"    }","lastModifiedDate":"2023-02-28"},{"lineNumber":14,"author":{"gitId":"miahjerry"},"content":"","lastModifiedDate":"2023-02-28"},{"lineNumber":15,"author":{"gitId":"miahjerry"},"content":"    @Override","lastModifiedDate":"2023-02-28"},{"lineNumber":16,"author":{"gitId":"miahjerry"},"content":"    public String getSymbol() {","lastModifiedDate":"2023-02-28"},{"lineNumber":17,"author":{"gitId":"miahjerry"},"content":"        return symbol;","lastModifiedDate":"2023-02-28"},{"lineNumber":18,"author":{"gitId":"miahjerry"},"content":"    }","lastModifiedDate":"2023-02-28"},{"lineNumber":19,"author":{"gitId":"miahjerry"},"content":"","lastModifiedDate":"2023-02-28"},{"lineNumber":20,"author":{"gitId":"miahjerry"},"content":"","lastModifiedDate":"2023-02-28"},{"lineNumber":21,"author":{"gitId":"miahjerry"},"content":"    @Override","lastModifiedDate":"2023-02-28"},{"lineNumber":22,"author":{"gitId":"miahjerry"},"content":"    public String toString(){","lastModifiedDate":"2023-02-28"},{"lineNumber":23,"author":{"gitId":"miahjerry"},"content":"        return \"[E]\" +  super.getStatusIcon() + super.getDescription();","lastModifiedDate":"2023-03-03"},{"lineNumber":24,"author":{"gitId":"miahjerry"},"content":"    }","lastModifiedDate":"2023-03-03"},{"lineNumber":25,"author":{"gitId":"miahjerry"},"content":"    @Override","lastModifiedDate":"2023-03-03"},{"lineNumber":26,"author":{"gitId":"miahjerry"},"content":"    public String toFile() {","lastModifiedDate":"2023-03-03"},{"lineNumber":27,"author":{"gitId":"miahjerry"},"content":"        return this.getStatusIcon() + \" : \" + \"E\" + \" :\" + this.description;","lastModifiedDate":"2023-03-03"},{"lineNumber":28,"author":{"gitId":"miahjerry"},"content":"    }","lastModifiedDate":"2023-02-28"},{"lineNumber":29,"author":{"gitId":"miahjerry"},"content":"}","lastModifiedDate":"2023-02-28"}],"authorContributionMap":{"miahjerry":29}},{"path":"src/main/java/Tasks/Task.java","fileType":"java","lines":[{"lineNumber":1,"author":{"gitId":"miahjerry"},"content":"package Tasks;","lastModifiedDate":"2023-02-28"},{"lineNumber":2,"author":{"gitId":"miahjerry"},"content":"","lastModifiedDate":"2023-02-28"},{"lineNumber":3,"author":{"gitId":"miahjerry"},"content":"public class Task {","lastModifiedDate":"2023-01-23"},{"lineNumber":4,"author":{"gitId":"miahjerry"},"content":"    protected String description;","lastModifiedDate":"2023-01-23"},{"lineNumber":5,"author":{"gitId":"miahjerry"},"content":"    protected boolean isDone;","lastModifiedDate":"2023-01-23"},{"lineNumber":6,"author":{"gitId":"miahjerry"},"content":"    protected String symbol \u003d \"[T]\";","lastModifiedDate":"2023-02-28"},{"lineNumber":7,"author":{"gitId":"miahjerry"},"content":"","lastModifiedDate":"2023-01-23"},{"lineNumber":8,"author":{"gitId":"miahjerry"},"content":"    public String getDescription() {","lastModifiedDate":"2023-01-23"},{"lineNumber":9,"author":{"gitId":"miahjerry"},"content":"        return description;","lastModifiedDate":"2023-01-23"},{"lineNumber":10,"author":{"gitId":"miahjerry"},"content":"    }","lastModifiedDate":"2023-01-23"},{"lineNumber":11,"author":{"gitId":"miahjerry"},"content":"","lastModifiedDate":"2023-01-23"},{"lineNumber":12,"author":{"gitId":"miahjerry"},"content":"    public Task(String description) {","lastModifiedDate":"2023-01-23"},{"lineNumber":13,"author":{"gitId":"miahjerry"},"content":"        this.description \u003d description;","lastModifiedDate":"2023-01-23"},{"lineNumber":14,"author":{"gitId":"miahjerry"},"content":"        this.isDone \u003d false;","lastModifiedDate":"2023-01-23"},{"lineNumber":15,"author":{"gitId":"miahjerry"},"content":"    }","lastModifiedDate":"2023-01-23"},{"lineNumber":16,"author":{"gitId":"miahjerry"},"content":"","lastModifiedDate":"2023-01-23"},{"lineNumber":17,"author":{"gitId":"miahjerry"},"content":"    public String getSymbol() {","lastModifiedDate":"2023-02-28"},{"lineNumber":18,"author":{"gitId":"miahjerry"},"content":"        return symbol;","lastModifiedDate":"2023-02-28"},{"lineNumber":19,"author":{"gitId":"miahjerry"},"content":"    }","lastModifiedDate":"2023-02-28"},{"lineNumber":20,"author":{"gitId":"miahjerry"},"content":"","lastModifiedDate":"2023-02-28"},{"lineNumber":21,"author":{"gitId":"miahjerry"},"content":"    public void markAsDone() {","lastModifiedDate":"2023-01-23"},{"lineNumber":22,"author":{"gitId":"miahjerry"},"content":"        this.isDone \u003d true;","lastModifiedDate":"2023-01-23"},{"lineNumber":23,"author":{"gitId":"miahjerry"},"content":"    }","lastModifiedDate":"2023-01-23"},{"lineNumber":24,"author":{"gitId":"miahjerry"},"content":"","lastModifiedDate":"2023-01-23"},{"lineNumber":25,"author":{"gitId":"miahjerry"},"content":"    public boolean isDone() {","lastModifiedDate":"2023-03-03"},{"lineNumber":26,"author":{"gitId":"miahjerry"},"content":"        return isDone;","lastModifiedDate":"2023-03-03"},{"lineNumber":27,"author":{"gitId":"miahjerry"},"content":"    }","lastModifiedDate":"2023-03-03"},{"lineNumber":28,"author":{"gitId":"miahjerry"},"content":"","lastModifiedDate":"2023-03-03"},{"lineNumber":29,"author":{"gitId":"miahjerry"},"content":"    public void markAsUnDone() {","lastModifiedDate":"2023-03-03"},{"lineNumber":30,"author":{"gitId":"miahjerry"},"content":"        this.isDone \u003d false;","lastModifiedDate":"2023-01-23"},{"lineNumber":31,"author":{"gitId":"miahjerry"},"content":"    }","lastModifiedDate":"2023-01-23"},{"lineNumber":32,"author":{"gitId":"miahjerry"},"content":"","lastModifiedDate":"2023-01-23"},{"lineNumber":33,"author":{"gitId":"miahjerry"},"content":"    public String getStatusIcon() {","lastModifiedDate":"2023-01-23"},{"lineNumber":34,"author":{"gitId":"miahjerry"},"content":"        return (isDone ? \"[X]\" : \"[ ]\"); // mark done task with X","lastModifiedDate":"2023-01-23"},{"lineNumber":35,"author":{"gitId":"miahjerry"},"content":"    }","lastModifiedDate":"2023-01-23"},{"lineNumber":36,"author":{"gitId":"miahjerry"},"content":"","lastModifiedDate":"2023-01-23"},{"lineNumber":37,"author":{"gitId":"miahjerry"},"content":"    @Override","lastModifiedDate":"2023-02-08"},{"lineNumber":38,"author":{"gitId":"miahjerry"},"content":"    public String toString(){","lastModifiedDate":"2023-02-08"},{"lineNumber":39,"author":{"gitId":"miahjerry"},"content":"        return \"[T]\" + this.getStatusIcon() + \" \" + getDescription();","lastModifiedDate":"2023-02-28"},{"lineNumber":40,"author":{"gitId":"miahjerry"},"content":"    }","lastModifiedDate":"2023-02-08"},{"lineNumber":41,"author":{"gitId":"miahjerry"},"content":"","lastModifiedDate":"2023-03-03"},{"lineNumber":42,"author":{"gitId":"miahjerry"},"content":"    public String toFile() {","lastModifiedDate":"2023-03-03"},{"lineNumber":43,"author":{"gitId":"miahjerry"},"content":"        return this.getStatusIcon() + \" : \" +\"T\"+ \" : \" + this.description;","lastModifiedDate":"2023-03-03"},{"lineNumber":44,"author":{"gitId":"miahjerry"},"content":"    }","lastModifiedDate":"2023-03-03"},{"lineNumber":45,"author":{"gitId":"miahjerry"},"content":"}","lastModifiedDate":"2023-01-23"},{"lineNumber":46,"author":{"gitId":"miahjerry"},"content":"","lastModifiedDate":"2023-01-23"},{"lineNumber":47,"author":{"gitId":"miahjerry"},"content":"","lastModifiedDate":"2023-01-23"}],"authorContributionMap":{"miahjerry":47}},{"path":"src/main/java/User/Parser.java","fileType":"java","lines":[{"lineNumber":1,"author":{"gitId":"miahjerry"},"content":"package User;","lastModifiedDate":"2023-03-03"},{"lineNumber":2,"author":{"gitId":"miahjerry"},"content":"","lastModifiedDate":"2023-03-03"},{"lineNumber":3,"author":{"gitId":"miahjerry"},"content":"public class Parser {","lastModifiedDate":"2023-03-03"},{"lineNumber":4,"author":{"gitId":"miahjerry"},"content":"    public static void parsing(String userInput){","lastModifiedDate":"2023-03-03"},{"lineNumber":5,"author":{"gitId":"miahjerry"},"content":"        String[] inputParts;","lastModifiedDate":"2023-03-03"},{"lineNumber":6,"author":{"gitId":"miahjerry"},"content":"        inputParts \u003d userInput.split(\" \",2);","lastModifiedDate":"2023-03-03"},{"lineNumber":7,"author":{"gitId":"miahjerry"},"content":"        String command \u003d inputParts[0];","lastModifiedDate":"2023-03-03"},{"lineNumber":8,"author":{"gitId":"miahjerry"},"content":"        switch(command){","lastModifiedDate":"2023-03-03"},{"lineNumber":9,"author":{"gitId":"miahjerry"},"content":"        case(\"list\"):","lastModifiedDate":"2023-03-03"},{"lineNumber":10,"author":{"gitId":"miahjerry"},"content":"            TaskList.printList();","lastModifiedDate":"2023-03-03"},{"lineNumber":11,"author":{"gitId":"miahjerry"},"content":"            break;","lastModifiedDate":"2023-03-03"},{"lineNumber":12,"author":{"gitId":"miahjerry"},"content":"        case(\"delete\"):","lastModifiedDate":"2023-03-03"},{"lineNumber":13,"author":{"gitId":"miahjerry"},"content":"            TaskList.deleteItem(userInput);","lastModifiedDate":"2023-03-03"},{"lineNumber":14,"author":{"gitId":"miahjerry"},"content":"            break;","lastModifiedDate":"2023-03-03"},{"lineNumber":15,"author":{"gitId":"miahjerry"},"content":"        case(\"mark\"):","lastModifiedDate":"2023-03-03"},{"lineNumber":16,"author":{"gitId":"miahjerry"},"content":"            TaskList.markItem(userInput);","lastModifiedDate":"2023-03-03"},{"lineNumber":17,"author":{"gitId":"miahjerry"},"content":"            break;","lastModifiedDate":"2023-03-03"},{"lineNumber":18,"author":{"gitId":"miahjerry"},"content":"        case(\"unmark\"):","lastModifiedDate":"2023-03-03"},{"lineNumber":19,"author":{"gitId":"miahjerry"},"content":"            TaskList.unMarkItem(userInput);","lastModifiedDate":"2023-03-03"},{"lineNumber":20,"author":{"gitId":"miahjerry"},"content":"            break;","lastModifiedDate":"2023-03-03"},{"lineNumber":21,"author":{"gitId":"miahjerry"},"content":"        case(\"event\"):","lastModifiedDate":"2023-03-03"},{"lineNumber":22,"author":{"gitId":"miahjerry"},"content":"            TaskList.createEvent(userInput);","lastModifiedDate":"2023-03-03"},{"lineNumber":23,"author":{"gitId":"miahjerry"},"content":"            break;","lastModifiedDate":"2023-03-03"},{"lineNumber":24,"author":{"gitId":"miahjerry"},"content":"        case(\"todo\"):","lastModifiedDate":"2023-03-03"},{"lineNumber":25,"author":{"gitId":"miahjerry"},"content":"            TaskList.createToDo(userInput);","lastModifiedDate":"2023-03-03"},{"lineNumber":26,"author":{"gitId":"miahjerry"},"content":"            break;","lastModifiedDate":"2023-03-03"},{"lineNumber":27,"author":{"gitId":"miahjerry"},"content":"        case(\"deadline\"):","lastModifiedDate":"2023-03-03"},{"lineNumber":28,"author":{"gitId":"miahjerry"},"content":"            TaskList.createDeadline(userInput);","lastModifiedDate":"2023-03-03"},{"lineNumber":29,"author":{"gitId":"miahjerry"},"content":"            break;","lastModifiedDate":"2023-03-03"},{"lineNumber":30,"author":{"gitId":"miahjerry"},"content":"        case(\"help\"):","lastModifiedDate":"2023-03-03"},{"lineNumber":31,"author":{"gitId":"miahjerry"},"content":"            UI.printHelp();","lastModifiedDate":"2023-03-03"},{"lineNumber":32,"author":{"gitId":"miahjerry"},"content":"            break;","lastModifiedDate":"2023-03-03"},{"lineNumber":33,"author":{"gitId":"miahjerry"},"content":"        default:","lastModifiedDate":"2023-03-03"},{"lineNumber":34,"author":{"gitId":"miahjerry"},"content":"            UI.invalidCommand();","lastModifiedDate":"2023-03-03"},{"lineNumber":35,"author":{"gitId":"miahjerry"},"content":"            break;","lastModifiedDate":"2023-03-03"},{"lineNumber":36,"author":{"gitId":"miahjerry"},"content":"        }","lastModifiedDate":"2023-03-03"},{"lineNumber":37,"author":{"gitId":"miahjerry"},"content":"    }","lastModifiedDate":"2023-03-03"},{"lineNumber":38,"author":{"gitId":"miahjerry"},"content":"}","lastModifiedDate":"2023-03-03"}],"authorContributionMap":{"miahjerry":38}},{"path":"src/main/java/User/Storage.java","fileType":"java","lines":[{"lineNumber":1,"author":{"gitId":"miahjerry"},"content":"package User;","lastModifiedDate":"2023-03-03"},{"lineNumber":2,"author":{"gitId":"miahjerry"},"content":"import Tasks.Deadline;","lastModifiedDate":"2023-03-03"},{"lineNumber":3,"author":{"gitId":"miahjerry"},"content":"import Tasks.Task;","lastModifiedDate":"2023-03-03"},{"lineNumber":4,"author":{"gitId":"miahjerry"},"content":"import Tasks.Event;","lastModifiedDate":"2023-03-03"},{"lineNumber":5,"author":{"gitId":"miahjerry"},"content":"import java.io.File;","lastModifiedDate":"2023-03-03"},{"lineNumber":6,"author":{"gitId":"miahjerry"},"content":"import java.io.FileNotFoundException;","lastModifiedDate":"2023-03-03"},{"lineNumber":7,"author":{"gitId":"miahjerry"},"content":"import java.io.FileWriter;","lastModifiedDate":"2023-03-03"},{"lineNumber":8,"author":{"gitId":"miahjerry"},"content":"import java.io.IOException;","lastModifiedDate":"2023-03-03"},{"lineNumber":9,"author":{"gitId":"miahjerry"},"content":"import java.util.ArrayList;","lastModifiedDate":"2023-03-03"},{"lineNumber":10,"author":{"gitId":"miahjerry"},"content":"import java.util.Scanner;","lastModifiedDate":"2023-03-03"},{"lineNumber":11,"author":{"gitId":"miahjerry"},"content":"","lastModifiedDate":"2023-03-03"},{"lineNumber":12,"author":{"gitId":"miahjerry"},"content":"public class Storage {","lastModifiedDate":"2023-03-03"},{"lineNumber":13,"author":{"gitId":"miahjerry"},"content":"","lastModifiedDate":"2023-03-03"},{"lineNumber":14,"author":{"gitId":"miahjerry"},"content":"    public static ArrayList\u003cTask\u003e readFile(String filePath) throws FileNotFoundException {","lastModifiedDate":"2023-03-03"},{"lineNumber":15,"author":{"gitId":"miahjerry"},"content":"        ArrayList\u003cTask\u003e tempTasks \u003d new ArrayList\u003cTask\u003e(100);","lastModifiedDate":"2023-03-03"},{"lineNumber":16,"author":{"gitId":"miahjerry"},"content":"        String[] userInputParts;","lastModifiedDate":"2023-03-03"},{"lineNumber":17,"author":{"gitId":"miahjerry"},"content":"        File f \u003d new File(filePath); // create a File for the given file path","lastModifiedDate":"2023-03-03"},{"lineNumber":18,"author":{"gitId":"miahjerry"},"content":"        Scanner s \u003d new Scanner(f); // create a Scanner using the File as the source","lastModifiedDate":"2023-03-03"},{"lineNumber":19,"author":{"gitId":"miahjerry"},"content":"        while (s.hasNext()) {","lastModifiedDate":"2023-03-03"},{"lineNumber":20,"author":{"gitId":"miahjerry"},"content":"            String newLine \u003d s.nextLine();","lastModifiedDate":"2023-03-03"},{"lineNumber":21,"author":{"gitId":"miahjerry"},"content":"            String[] newInput \u003d newLine.split(\" : \",3);","lastModifiedDate":"2023-03-03"},{"lineNumber":22,"author":{"gitId":"miahjerry"},"content":"            String userInput \u003d newInput[2];","lastModifiedDate":"2023-03-03"},{"lineNumber":23,"author":{"gitId":"miahjerry"},"content":"            String taskType \u003d newInput[1];","lastModifiedDate":"2023-03-03"},{"lineNumber":24,"author":{"gitId":"miahjerry"},"content":"            switch (taskType) {","lastModifiedDate":"2023-03-03"},{"lineNumber":25,"author":{"gitId":"miahjerry"},"content":"            case \"T\":","lastModifiedDate":"2023-03-03"},{"lineNumber":26,"author":{"gitId":"miahjerry"},"content":"                Task task \u003d new Task(userInput);","lastModifiedDate":"2023-03-03"},{"lineNumber":27,"author":{"gitId":"miahjerry"},"content":"                tempTasks.add(task);","lastModifiedDate":"2023-03-03"},{"lineNumber":28,"author":{"gitId":"miahjerry"},"content":"                break;","lastModifiedDate":"2023-03-03"},{"lineNumber":29,"author":{"gitId":"miahjerry"},"content":"            case \"D\":","lastModifiedDate":"2023-03-03"},{"lineNumber":30,"author":{"gitId":"miahjerry"},"content":"                userInput \u003d userInput.replace(\"(\",\"\");","lastModifiedDate":"2023-03-03"},{"lineNumber":31,"author":{"gitId":"miahjerry"},"content":"                userInput \u003d userInput.replace(\")\",\"\");","lastModifiedDate":"2023-03-03"},{"lineNumber":32,"author":{"gitId":"miahjerry"},"content":"                userInputParts \u003d userInput.split(\"By:\");","lastModifiedDate":"2023-03-03"},{"lineNumber":33,"author":{"gitId":"miahjerry"},"content":"                Deadline deadline \u003d new Deadline(userInputParts[0], userInputParts[1]);","lastModifiedDate":"2023-03-03"},{"lineNumber":34,"author":{"gitId":"miahjerry"},"content":"                tempTasks.add(deadline);","lastModifiedDate":"2023-03-03"},{"lineNumber":35,"author":{"gitId":"miahjerry"},"content":"                break;","lastModifiedDate":"2023-03-03"},{"lineNumber":36,"author":{"gitId":"miahjerry"},"content":"            case \"E\":","lastModifiedDate":"2023-03-03"},{"lineNumber":37,"author":{"gitId":"miahjerry"},"content":"                userInput \u003d userInput.replace(\"(\",\"\");","lastModifiedDate":"2023-03-03"},{"lineNumber":38,"author":{"gitId":"miahjerry"},"content":"                userInput \u003d userInput.replace(\")\",\"\");","lastModifiedDate":"2023-03-03"},{"lineNumber":39,"author":{"gitId":"miahjerry"},"content":"                userInputParts \u003d userInput.split(\"From:\");","lastModifiedDate":"2023-03-03"},{"lineNumber":40,"author":{"gitId":"miahjerry"},"content":"                String description \u003d userInputParts[0];","lastModifiedDate":"2023-03-03"},{"lineNumber":41,"author":{"gitId":"miahjerry"},"content":"                userInputParts \u003d userInputParts[1].split(\"To:\");","lastModifiedDate":"2023-03-03"},{"lineNumber":42,"author":{"gitId":"miahjerry"},"content":"                Event event \u003d new Event(description, userInputParts[0], userInputParts[1]);","lastModifiedDate":"2023-03-03"},{"lineNumber":43,"author":{"gitId":"miahjerry"},"content":"                tempTasks.add(event);","lastModifiedDate":"2023-03-03"},{"lineNumber":44,"author":{"gitId":"miahjerry"},"content":"                break;","lastModifiedDate":"2023-03-03"},{"lineNumber":45,"author":{"gitId":"miahjerry"},"content":"            default:","lastModifiedDate":"2023-03-03"},{"lineNumber":46,"author":{"gitId":"miahjerry"},"content":"                UI.printHelp();","lastModifiedDate":"2023-03-03"},{"lineNumber":47,"author":{"gitId":"miahjerry"},"content":"                break;","lastModifiedDate":"2023-03-03"},{"lineNumber":48,"author":{"gitId":"miahjerry"},"content":"            }","lastModifiedDate":"2023-03-03"},{"lineNumber":49,"author":{"gitId":"miahjerry"},"content":"            if (newInput[0].equals(\"[X]\")) {","lastModifiedDate":"2023-03-03"},{"lineNumber":50,"author":{"gitId":"miahjerry"},"content":"                tempTasks.get(tempTasks.size() - 1).markAsDone();","lastModifiedDate":"2023-03-03"},{"lineNumber":51,"author":{"gitId":"miahjerry"},"content":"            }","lastModifiedDate":"2023-03-03"},{"lineNumber":52,"author":{"gitId":"miahjerry"},"content":"        }","lastModifiedDate":"2023-03-03"},{"lineNumber":53,"author":{"gitId":"miahjerry"},"content":"        return tempTasks;","lastModifiedDate":"2023-03-03"},{"lineNumber":54,"author":{"gitId":"miahjerry"},"content":"    }","lastModifiedDate":"2023-03-03"},{"lineNumber":55,"author":{"gitId":"miahjerry"},"content":"","lastModifiedDate":"2023-03-03"},{"lineNumber":56,"author":{"gitId":"miahjerry"},"content":"    public static void writeToFile(String toFile) throws IOException {","lastModifiedDate":"2023-03-03"},{"lineNumber":57,"author":{"gitId":"miahjerry"},"content":"        FileWriter fw \u003d new FileWriter(\"duke.txt\",true);","lastModifiedDate":"2023-03-03"},{"lineNumber":58,"author":{"gitId":"miahjerry"},"content":"        fw.write(toFile);","lastModifiedDate":"2023-03-03"},{"lineNumber":59,"author":{"gitId":"miahjerry"},"content":"        fw.close();","lastModifiedDate":"2023-03-03"},{"lineNumber":60,"author":{"gitId":"miahjerry"},"content":"    }","lastModifiedDate":"2023-03-03"},{"lineNumber":61,"author":{"gitId":"miahjerry"},"content":"","lastModifiedDate":"2023-03-03"},{"lineNumber":62,"author":{"gitId":"miahjerry"},"content":"    public static void clearFile() throws IOException {","lastModifiedDate":"2023-03-03"},{"lineNumber":63,"author":{"gitId":"miahjerry"},"content":"        FileWriter fw \u003d new FileWriter(\"duke.txt\");","lastModifiedDate":"2023-03-03"},{"lineNumber":64,"author":{"gitId":"miahjerry"},"content":"        fw.write(\"\");","lastModifiedDate":"2023-03-03"},{"lineNumber":65,"author":{"gitId":"miahjerry"},"content":"        fw.close();","lastModifiedDate":"2023-03-03"},{"lineNumber":66,"author":{"gitId":"miahjerry"},"content":"    }","lastModifiedDate":"2023-03-03"},{"lineNumber":67,"author":{"gitId":"miahjerry"},"content":"","lastModifiedDate":"2023-03-03"},{"lineNumber":68,"author":{"gitId":"miahjerry"},"content":"    public static void updateFile(ArrayList\u003cTask\u003e taskList) {","lastModifiedDate":"2023-03-03"},{"lineNumber":69,"author":{"gitId":"miahjerry"},"content":"        for (int i \u003d 0; i \u003c taskList.size(); i++) {","lastModifiedDate":"2023-03-03"},{"lineNumber":70,"author":{"gitId":"miahjerry"},"content":"            try {","lastModifiedDate":"2023-03-03"},{"lineNumber":71,"author":{"gitId":"miahjerry"},"content":"                writeToFile(taskList.get(i).toFile());","lastModifiedDate":"2023-03-03"},{"lineNumber":72,"author":{"gitId":"miahjerry"},"content":"                if (i \u003c taskList.size()-1){","lastModifiedDate":"2023-03-03"},{"lineNumber":73,"author":{"gitId":"miahjerry"},"content":"                    writeToFile(\"\\n\");","lastModifiedDate":"2023-03-03"},{"lineNumber":74,"author":{"gitId":"miahjerry"},"content":"                }","lastModifiedDate":"2023-03-03"},{"lineNumber":75,"author":{"gitId":"miahjerry"},"content":"            } catch (IOException e) {","lastModifiedDate":"2023-03-03"},{"lineNumber":76,"author":{"gitId":"miahjerry"},"content":"                System.out.println(\"ERROR!\");","lastModifiedDate":"2023-03-03"},{"lineNumber":77,"author":{"gitId":"miahjerry"},"content":"            }","lastModifiedDate":"2023-03-03"},{"lineNumber":78,"author":{"gitId":"miahjerry"},"content":"        }","lastModifiedDate":"2023-03-03"},{"lineNumber":79,"author":{"gitId":"miahjerry"},"content":"    }","lastModifiedDate":"2023-03-03"},{"lineNumber":80,"author":{"gitId":"miahjerry"},"content":"","lastModifiedDate":"2023-03-03"},{"lineNumber":81,"author":{"gitId":"miahjerry"},"content":"}","lastModifiedDate":"2023-03-03"}],"authorContributionMap":{"miahjerry":81}},{"path":"src/main/java/User/TaskList.java","fileType":"java","lines":[{"lineNumber":1,"author":{"gitId":"miahjerry"},"content":"package User;","lastModifiedDate":"2023-03-03"},{"lineNumber":2,"author":{"gitId":"miahjerry"},"content":"import Tasks.Deadline;","lastModifiedDate":"2023-02-28"},{"lineNumber":3,"author":{"gitId":"miahjerry"},"content":"import Tasks.Event;","lastModifiedDate":"2023-02-28"},{"lineNumber":4,"author":{"gitId":"miahjerry"},"content":"import Tasks.Task;","lastModifiedDate":"2023-02-28"},{"lineNumber":5,"author":{"gitId":"miahjerry"},"content":"import java.util.ArrayList;","lastModifiedDate":"2023-02-28"},{"lineNumber":6,"author":{"gitId":"miahjerry"},"content":"import static User.UI.line;","lastModifiedDate":"2023-03-03"},{"lineNumber":7,"author":{"gitId":"miahjerry"},"content":"","lastModifiedDate":"2023-02-28"},{"lineNumber":8,"author":{"gitId":"miahjerry"},"content":"public class TaskList {","lastModifiedDate":"2023-03-03"},{"lineNumber":9,"author":{"gitId":"miahjerry"},"content":"","lastModifiedDate":"2023-02-28"},{"lineNumber":10,"author":{"gitId":"miahjerry"},"content":"    public static ArrayList\u003cTask\u003e taskList \u003d new ArrayList\u003cTask\u003e(100);","lastModifiedDate":"2023-03-03"},{"lineNumber":11,"author":{"gitId":"miahjerry"},"content":"","lastModifiedDate":"2023-03-03"},{"lineNumber":12,"author":{"gitId":"miahjerry"},"content":"    public static void printList(){","lastModifiedDate":"2023-03-03"},{"lineNumber":13,"author":{"gitId":"miahjerry"},"content":"        if (taskList.isEmpty()) {","lastModifiedDate":"2023-02-28"},{"lineNumber":14,"author":{"gitId":"miahjerry"},"content":"            UI.listIsEmpty();","lastModifiedDate":"2023-03-03"},{"lineNumber":15,"author":{"gitId":"miahjerry"},"content":"        } else {","lastModifiedDate":"2023-02-28"},{"lineNumber":16,"author":{"gitId":"miahjerry"},"content":"            System.out.println(\"Here are the tasks in your list:\\n\");","lastModifiedDate":"2023-02-28"},{"lineNumber":17,"author":{"gitId":"miahjerry"},"content":"            for (Task item : taskList) {","lastModifiedDate":"2023-02-28"},{"lineNumber":18,"author":{"gitId":"miahjerry"},"content":"                System.out.print((taskList.indexOf(item) + 1) + \".\");","lastModifiedDate":"2023-02-28"},{"lineNumber":19,"author":{"gitId":"miahjerry"},"content":"                System.out.println(item.toString());","lastModifiedDate":"2023-02-28"},{"lineNumber":20,"author":{"gitId":"miahjerry"},"content":"            }","lastModifiedDate":"2023-02-28"},{"lineNumber":21,"author":{"gitId":"miahjerry"},"content":"            System.out.println(line);","lastModifiedDate":"2023-02-28"},{"lineNumber":22,"author":{"gitId":"miahjerry"},"content":"        }","lastModifiedDate":"2023-02-28"},{"lineNumber":23,"author":{"gitId":"miahjerry"},"content":"    }","lastModifiedDate":"2023-02-28"},{"lineNumber":24,"author":{"gitId":"miahjerry"},"content":"","lastModifiedDate":"2023-02-28"},{"lineNumber":25,"author":{"gitId":"miahjerry"},"content":"    public static void deleteItem(String userInput) {","lastModifiedDate":"2023-03-03"},{"lineNumber":26,"author":{"gitId":"miahjerry"},"content":"        int itemNumber \u003d Integer.parseInt(userInput.replaceAll(\"[^0-9]\", \"\")) - 1;","lastModifiedDate":"2023-02-28"},{"lineNumber":27,"author":{"gitId":"miahjerry"},"content":"        //to check if an item is within the index of the list","lastModifiedDate":"2023-03-03"},{"lineNumber":28,"author":{"gitId":"miahjerry"},"content":"        if (itemNumber \u003e\u003d taskList.size()) {","lastModifiedDate":"2023-02-28"},{"lineNumber":29,"author":{"gitId":"miahjerry"},"content":"            UI.indexNotFound();","lastModifiedDate":"2023-03-03"},{"lineNumber":30,"author":{"gitId":"miahjerry"},"content":"        } else {","lastModifiedDate":"2023-02-28"},{"lineNumber":31,"author":{"gitId":"miahjerry"},"content":"            System.out.println(line);","lastModifiedDate":"2023-02-28"},{"lineNumber":32,"author":{"gitId":"miahjerry"},"content":"            System.out.println(\"Noted. I\u0027ve removed this task:\\n\" + taskList.get(itemNumber).getSymbol()","lastModifiedDate":"2023-02-28"},{"lineNumber":33,"author":{"gitId":"miahjerry"},"content":"                    + taskList.get(itemNumber).getStatusIcon() + taskList.get(itemNumber).getDescription() + \u0027\\n\u0027);","lastModifiedDate":"2023-02-28"},{"lineNumber":34,"author":{"gitId":"miahjerry"},"content":"            taskList.remove(itemNumber);","lastModifiedDate":"2023-02-28"},{"lineNumber":35,"author":{"gitId":"miahjerry"},"content":"            System.out.println(\"Now you have \" + taskList.size() + \" tasks in the list.\");","lastModifiedDate":"2023-02-28"},{"lineNumber":36,"author":{"gitId":"miahjerry"},"content":"            System.out.println(line);","lastModifiedDate":"2023-02-28"},{"lineNumber":37,"author":{"gitId":"miahjerry"},"content":"        }","lastModifiedDate":"2023-02-28"},{"lineNumber":38,"author":{"gitId":"miahjerry"},"content":"    }","lastModifiedDate":"2023-02-28"},{"lineNumber":39,"author":{"gitId":"miahjerry"},"content":"","lastModifiedDate":"2023-02-28"},{"lineNumber":40,"author":{"gitId":"miahjerry"},"content":"    public static void markItem(String userInput) {","lastModifiedDate":"2023-03-03"},{"lineNumber":41,"author":{"gitId":"miahjerry"},"content":"        int itemNumber \u003d Integer.parseInt(userInput.replaceAll(\"[^0-9]\", \"\")) - 1;","lastModifiedDate":"2023-02-28"},{"lineNumber":42,"author":{"gitId":"miahjerry"},"content":"        //to check if an item is within the index of the list","lastModifiedDate":"2023-03-03"},{"lineNumber":43,"author":{"gitId":"miahjerry"},"content":"        System.out.println(line);","lastModifiedDate":"2023-03-03"},{"lineNumber":44,"author":{"gitId":"miahjerry"},"content":"        if (itemNumber \u003e\u003d taskList.size()){","lastModifiedDate":"2023-02-28"},{"lineNumber":45,"author":{"gitId":"miahjerry"},"content":"            UI.indexNotFound();","lastModifiedDate":"2023-03-03"},{"lineNumber":46,"author":{"gitId":"miahjerry"},"content":"        } else {","lastModifiedDate":"2023-03-03"},{"lineNumber":47,"author":{"gitId":"miahjerry"},"content":"            if (taskList.get(itemNumber).isDone()){","lastModifiedDate":"2023-03-03"},{"lineNumber":48,"author":{"gitId":"miahjerry"},"content":"                System.out.println(\"The task has already been completed!\");","lastModifiedDate":"2023-03-03"},{"lineNumber":49,"author":{"gitId":"miahjerry"},"content":"                System.out.println(line);","lastModifiedDate":"2023-03-03"},{"lineNumber":50,"author":{"gitId":"miahjerry"},"content":"            } else {","lastModifiedDate":"2023-02-28"},{"lineNumber":51,"author":{"gitId":"miahjerry"},"content":"                taskList.get(itemNumber).markAsDone();","lastModifiedDate":"2023-02-28"},{"lineNumber":52,"author":{"gitId":"miahjerry"},"content":"                System.out.println(\"Nice! I\u0027ve marked this task as done: \\n\" + taskList.get(itemNumber).getStatusIcon() + taskList.get(itemNumber).getDescription());","lastModifiedDate":"2023-02-28"},{"lineNumber":53,"author":{"gitId":"miahjerry"},"content":"                System.out.println(line);","lastModifiedDate":"2023-02-28"},{"lineNumber":54,"author":{"gitId":"miahjerry"},"content":"            }","lastModifiedDate":"2023-02-28"},{"lineNumber":55,"author":{"gitId":"miahjerry"},"content":"        }","lastModifiedDate":"2023-02-28"},{"lineNumber":56,"author":{"gitId":"miahjerry"},"content":"    }","lastModifiedDate":"2023-03-03"},{"lineNumber":57,"author":{"gitId":"miahjerry"},"content":"","lastModifiedDate":"2023-02-28"},{"lineNumber":58,"author":{"gitId":"miahjerry"},"content":"    public static void unMarkItem(String userInput) {","lastModifiedDate":"2023-03-03"},{"lineNumber":59,"author":{"gitId":"miahjerry"},"content":"        int itemNumber \u003d Integer.parseInt(userInput.replaceAll(\"[^0-9]\", \"\")) - 1;","lastModifiedDate":"2023-02-28"},{"lineNumber":60,"author":{"gitId":"miahjerry"},"content":"        //to check if an item is within the index of the list","lastModifiedDate":"2023-03-03"},{"lineNumber":61,"author":{"gitId":"miahjerry"},"content":"        System.out.println(line);","lastModifiedDate":"2023-03-03"},{"lineNumber":62,"author":{"gitId":"miahjerry"},"content":"        if (itemNumber \u003e\u003d taskList.size()) {","lastModifiedDate":"2023-02-28"},{"lineNumber":63,"author":{"gitId":"miahjerry"},"content":"            UI.indexNotFound();","lastModifiedDate":"2023-03-03"},{"lineNumber":64,"author":{"gitId":"miahjerry"},"content":"        } else {","lastModifiedDate":"2023-02-28"},{"lineNumber":65,"author":{"gitId":"miahjerry"},"content":"            if (taskList.get(itemNumber).isDone()) {","lastModifiedDate":"2023-03-03"},{"lineNumber":66,"author":{"gitId":"miahjerry"},"content":"                taskList.get(itemNumber).markAsUnDone();","lastModifiedDate":"2023-02-28"},{"lineNumber":67,"author":{"gitId":"miahjerry"},"content":"                System.out.println(\"OK, I\u0027ve marked this task as not done yet: \\n\" + \"    \"","lastModifiedDate":"2023-02-28"},{"lineNumber":68,"author":{"gitId":"miahjerry"},"content":"                        + taskList.get(itemNumber).getStatusIcon() + taskList.get(itemNumber).getDescription());","lastModifiedDate":"2023-02-28"},{"lineNumber":69,"author":{"gitId":"miahjerry"},"content":"                System.out.println(line);","lastModifiedDate":"2023-02-28"},{"lineNumber":70,"author":{"gitId":"miahjerry"},"content":"            } else {","lastModifiedDate":"2023-03-03"},{"lineNumber":71,"author":{"gitId":"miahjerry"},"content":"                System.out.println(\"The task has not been completed!\");","lastModifiedDate":"2023-03-03"},{"lineNumber":72,"author":{"gitId":"miahjerry"},"content":"                System.out.println(line);","lastModifiedDate":"2023-03-03"},{"lineNumber":73,"author":{"gitId":"miahjerry"},"content":"            }","lastModifiedDate":"2023-03-03"},{"lineNumber":74,"author":{"gitId":"miahjerry"},"content":"        }","lastModifiedDate":"2023-02-28"},{"lineNumber":75,"author":{"gitId":"miahjerry"},"content":"    }","lastModifiedDate":"2023-02-28"},{"lineNumber":76,"author":{"gitId":"miahjerry"},"content":"","lastModifiedDate":"2023-02-28"},{"lineNumber":77,"author":{"gitId":"miahjerry"},"content":"    public static void createEvent(String userInput){","lastModifiedDate":"2023-03-03"},{"lineNumber":78,"author":{"gitId":"miahjerry"},"content":"        String[] userInputParts;","lastModifiedDate":"2023-03-03"},{"lineNumber":79,"author":{"gitId":"miahjerry"},"content":"        userInput \u003d userInput.replace(\"event\",\"\");","lastModifiedDate":"2023-02-28"},{"lineNumber":80,"author":{"gitId":"miahjerry"},"content":"        userInputParts \u003d userInput.split(\"/\");","lastModifiedDate":"2023-02-28"},{"lineNumber":81,"author":{"gitId":"miahjerry"},"content":"        userInputParts[1] \u003d userInputParts[1].replace(\"from \", \"\");","lastModifiedDate":"2023-03-03"},{"lineNumber":82,"author":{"gitId":"miahjerry"},"content":"        userInputParts[2] \u003d userInputParts[2].replace(\"to \", \"\");","lastModifiedDate":"2023-03-03"},{"lineNumber":83,"author":{"gitId":"miahjerry"},"content":"        Event event \u003d new Event(userInputParts[0], userInputParts[1], userInputParts[2]);","lastModifiedDate":"2023-02-28"},{"lineNumber":84,"author":{"gitId":"miahjerry"},"content":"        taskList.add(event);","lastModifiedDate":"2023-02-28"},{"lineNumber":85,"author":{"gitId":"miahjerry"},"content":"        System.out.println(\"Got it. I\u0027ve added this task: \");","lastModifiedDate":"2023-02-28"},{"lineNumber":86,"author":{"gitId":"miahjerry"},"content":"        System.out.println(event.toString());","lastModifiedDate":"2023-03-03"},{"lineNumber":87,"author":{"gitId":"miahjerry"},"content":"        System.out.println(\"Now you have \" + taskList.size() + \" tasks in the list. \");","lastModifiedDate":"2023-02-28"},{"lineNumber":88,"author":{"gitId":"miahjerry"},"content":"        System.out.println(line);","lastModifiedDate":"2023-02-28"},{"lineNumber":89,"author":{"gitId":"miahjerry"},"content":"    }","lastModifiedDate":"2023-02-28"},{"lineNumber":90,"author":{"gitId":"miahjerry"},"content":"","lastModifiedDate":"2023-03-03"},{"lineNumber":91,"author":{"gitId":"miahjerry"},"content":"    public static void createDeadline(String userInput){","lastModifiedDate":"2023-03-03"},{"lineNumber":92,"author":{"gitId":"miahjerry"},"content":"        String[] userInputParts;","lastModifiedDate":"2023-03-03"},{"lineNumber":93,"author":{"gitId":"miahjerry"},"content":"        userInput \u003d userInput.replace(\"deadline\",\"\");","lastModifiedDate":"2023-02-28"},{"lineNumber":94,"author":{"gitId":"miahjerry"},"content":"        userInputParts \u003d userInput.split(\"/\");","lastModifiedDate":"2023-02-28"},{"lineNumber":95,"author":{"gitId":"miahjerry"},"content":"        userInputParts[1] \u003d userInputParts[1].replace(\"by \", \"\");","lastModifiedDate":"2023-03-03"},{"lineNumber":96,"author":{"gitId":"miahjerry"},"content":"        Deadline deadline \u003d new Deadline(userInputParts[0], userInputParts[1]);","lastModifiedDate":"2023-02-28"},{"lineNumber":97,"author":{"gitId":"miahjerry"},"content":"        taskList.add(deadline);","lastModifiedDate":"2023-02-28"},{"lineNumber":98,"author":{"gitId":"miahjerry"},"content":"        System.out.println(deadline.getSymbol() + deadline.getStatusIcon() + deadline.getDescription());","lastModifiedDate":"2023-02-28"},{"lineNumber":99,"author":{"gitId":"miahjerry"},"content":"        System.out.println(\"Now you have \" + taskList.size() + \" tasks in the list. \");","lastModifiedDate":"2023-02-28"},{"lineNumber":100,"author":{"gitId":"miahjerry"},"content":"        System.out.println(line);","lastModifiedDate":"2023-02-28"},{"lineNumber":101,"author":{"gitId":"miahjerry"},"content":"    }","lastModifiedDate":"2023-02-28"},{"lineNumber":102,"author":{"gitId":"miahjerry"},"content":"","lastModifiedDate":"2023-02-28"},{"lineNumber":103,"author":{"gitId":"miahjerry"},"content":"    public static void createToDo(String userInput){","lastModifiedDate":"2023-03-03"},{"lineNumber":104,"author":{"gitId":"miahjerry"},"content":"        userInput \u003d userInput.replace(\"todo \",\"\");","lastModifiedDate":"2023-02-28"},{"lineNumber":105,"author":{"gitId":"miahjerry"},"content":"        String dummy \u003d userInput.replace(\" \",\"\");","lastModifiedDate":"2023-02-28"},{"lineNumber":106,"author":{"gitId":"miahjerry"},"content":"        //checks if description is empty and throws warning back to user","lastModifiedDate":"2023-03-03"},{"lineNumber":107,"author":{"gitId":"miahjerry"},"content":"        if (dummy.isEmpty()){","lastModifiedDate":"2023-02-28"},{"lineNumber":108,"author":{"gitId":"miahjerry"},"content":"            UI.emptyDescription();","lastModifiedDate":"2023-03-03"},{"lineNumber":109,"author":{"gitId":"miahjerry"},"content":"        } else {","lastModifiedDate":"2023-02-28"},{"lineNumber":110,"author":{"gitId":"miahjerry"},"content":"            Task task \u003d new Task(userInput);","lastModifiedDate":"2023-02-28"},{"lineNumber":111,"author":{"gitId":"miahjerry"},"content":"            taskList.add(task);","lastModifiedDate":"2023-02-28"},{"lineNumber":112,"author":{"gitId":"miahjerry"},"content":"            System.out.println(\"Got it. I\u0027ve added this task: \");","lastModifiedDate":"2023-02-28"},{"lineNumber":113,"author":{"gitId":"miahjerry"},"content":"            System.out.println(task.getSymbol() + task.getStatusIcon() + \" \" + task.getDescription());","lastModifiedDate":"2023-02-28"},{"lineNumber":114,"author":{"gitId":"miahjerry"},"content":"            System.out.println(\"Now you have \" + taskList.size() + \" tasks in the list. \");","lastModifiedDate":"2023-02-28"},{"lineNumber":115,"author":{"gitId":"miahjerry"},"content":"            System.out.println(line);","lastModifiedDate":"2023-02-28"},{"lineNumber":116,"author":{"gitId":"miahjerry"},"content":"        }","lastModifiedDate":"2023-02-28"},{"lineNumber":117,"author":{"gitId":"miahjerry"},"content":"    }","lastModifiedDate":"2023-02-28"},{"lineNumber":118,"author":{"gitId":"miahjerry"},"content":"}","lastModifiedDate":"2023-02-28"}],"authorContributionMap":{"miahjerry":118}},{"path":"src/main/java/User/UI.java","fileType":"java","lines":[{"lineNumber":1,"author":{"gitId":"miahjerry"},"content":"package User;","lastModifiedDate":"2023-03-03"},{"lineNumber":2,"author":{"gitId":"miahjerry"},"content":"","lastModifiedDate":"2023-02-28"},{"lineNumber":3,"author":{"gitId":"miahjerry"},"content":"public class UI {","lastModifiedDate":"2023-03-03"},{"lineNumber":4,"author":{"gitId":"miahjerry"},"content":"    static String logo \u003d \" ____        _        \\n\"","lastModifiedDate":"2023-02-28"},{"lineNumber":5,"author":{"gitId":"miahjerry"},"content":"            + \"|  _ \\\\ _   _| | _____ \\n\"","lastModifiedDate":"2023-02-28"},{"lineNumber":6,"author":{"gitId":"miahjerry"},"content":"            + \"| | | | | | | |/ / _ \\\\\\n\"","lastModifiedDate":"2023-02-28"},{"lineNumber":7,"author":{"gitId":"miahjerry"},"content":"            + \"| |_| | |_| |   \u003c  __/\\n\"","lastModifiedDate":"2023-02-28"},{"lineNumber":8,"author":{"gitId":"miahjerry"},"content":"            + \"|____/ \\\\__,_|_|\\\\_\\\\___|\\n\";","lastModifiedDate":"2023-02-28"},{"lineNumber":9,"author":{"gitId":"miahjerry"},"content":"    static String line \u003d \"____________________________________________________________\\n\";","lastModifiedDate":"2023-02-28"},{"lineNumber":10,"author":{"gitId":"miahjerry"},"content":"    static String greeting \u003d (line + \"Hello! I\u0027m Duke\\n\" + \"What can I do for you?\\n\" + line);","lastModifiedDate":"2023-02-28"},{"lineNumber":11,"author":{"gitId":"miahjerry"},"content":"    static String goodBye \u003d (line + \"Bye. Hope to see you again soon!\\n\" + line);","lastModifiedDate":"2023-02-28"},{"lineNumber":12,"author":{"gitId":"miahjerry"},"content":"","lastModifiedDate":"2023-02-28"},{"lineNumber":13,"author":{"gitId":"miahjerry"},"content":"    public static void printLogo(){","lastModifiedDate":"2023-02-28"},{"lineNumber":14,"author":{"gitId":"miahjerry"},"content":"        System.out.println(\"Hello from\\n\" + logo);","lastModifiedDate":"2023-02-28"},{"lineNumber":15,"author":{"gitId":"miahjerry"},"content":"        System.out.println(greeting);","lastModifiedDate":"2023-02-28"},{"lineNumber":16,"author":{"gitId":"miahjerry"},"content":"        printHelp();","lastModifiedDate":"2023-02-28"},{"lineNumber":17,"author":{"gitId":"miahjerry"},"content":"    }","lastModifiedDate":"2023-02-28"},{"lineNumber":18,"author":{"gitId":"miahjerry"},"content":"","lastModifiedDate":"2023-02-28"},{"lineNumber":19,"author":{"gitId":"miahjerry"},"content":"    public static void printBye(){","lastModifiedDate":"2023-02-28"},{"lineNumber":20,"author":{"gitId":"miahjerry"},"content":"        System.out.println(goodBye);","lastModifiedDate":"2023-02-28"},{"lineNumber":21,"author":{"gitId":"miahjerry"},"content":"    }","lastModifiedDate":"2023-02-28"},{"lineNumber":22,"author":{"gitId":"miahjerry"},"content":"","lastModifiedDate":"2023-02-28"},{"lineNumber":23,"author":{"gitId":"miahjerry"},"content":"    public static void printHelp(){","lastModifiedDate":"2023-02-28"},{"lineNumber":24,"author":{"gitId":"miahjerry"},"content":"        System.out.println(\"Here are the list of commands:\");","lastModifiedDate":"2023-02-28"},{"lineNumber":25,"author":{"gitId":"miahjerry"},"content":"        System.out.println(\"1. list (to see the current tasks saved)\");","lastModifiedDate":"2023-02-28"},{"lineNumber":26,"author":{"gitId":"miahjerry"},"content":"        System.out.println(\"2. todo \u003ctask\u003e (for tasks with no particular time to take note of)\");","lastModifiedDate":"2023-02-28"},{"lineNumber":27,"author":{"gitId":"miahjerry"},"content":"        System.out.println(\"3. event \u003ctask\u003e /from \u003cstart of event\u003e /to \u003cend time of event\u003e\");","lastModifiedDate":"2023-02-28"},{"lineNumber":28,"author":{"gitId":"miahjerry"},"content":"        System.out.println(\"4. deadline \u003ctask\u003e /by \u003cdeadline of task\u003e \");","lastModifiedDate":"2023-02-28"},{"lineNumber":29,"author":{"gitId":"miahjerry"},"content":"        System.out.println(\"5. mark \u003ctask number\u003e (to mark a task as done)\");","lastModifiedDate":"2023-02-28"},{"lineNumber":30,"author":{"gitId":"miahjerry"},"content":"        System.out.println(\"6. unmark \u003ctask number\u003e (to mark a task as not done)\");","lastModifiedDate":"2023-02-28"},{"lineNumber":31,"author":{"gitId":"miahjerry"},"content":"        System.out.println(\"7. delete \u003ctask number\u003e (to remove a task from the list)\");","lastModifiedDate":"2023-02-28"},{"lineNumber":32,"author":{"gitId":"miahjerry"},"content":"        System.out.println(\"8. bye (to terminate the programme)\");","lastModifiedDate":"2023-02-28"},{"lineNumber":33,"author":{"gitId":"miahjerry"},"content":"        System.out.println(line);","lastModifiedDate":"2023-02-28"},{"lineNumber":34,"author":{"gitId":"miahjerry"},"content":"    }","lastModifiedDate":"2023-02-28"},{"lineNumber":35,"author":{"gitId":"miahjerry"},"content":"    public static void emptyDescription(){","lastModifiedDate":"2023-03-03"},{"lineNumber":36,"author":{"gitId":"miahjerry"},"content":"        System.out.println(\"Please do not leave the description empty!\");","lastModifiedDate":"2023-03-03"},{"lineNumber":37,"author":{"gitId":"miahjerry"},"content":"        System.out.println(line);","lastModifiedDate":"2023-03-03"},{"lineNumber":38,"author":{"gitId":"miahjerry"},"content":"    }","lastModifiedDate":"2023-03-03"},{"lineNumber":39,"author":{"gitId":"miahjerry"},"content":"","lastModifiedDate":"2023-03-03"},{"lineNumber":40,"author":{"gitId":"miahjerry"},"content":"    public static void invalidCommand(){","lastModifiedDate":"2023-03-03"},{"lineNumber":41,"author":{"gitId":"miahjerry"},"content":"        System.out.println(\"Please enter a valid command!\");","lastModifiedDate":"2023-03-03"},{"lineNumber":42,"author":{"gitId":"miahjerry"},"content":"        System.out.println(\"Enter command \u0027help\u0027 to see the list of available commands!\");","lastModifiedDate":"2023-03-03"},{"lineNumber":43,"author":{"gitId":"miahjerry"},"content":"        System.out.println(line);","lastModifiedDate":"2023-03-03"},{"lineNumber":44,"author":{"gitId":"miahjerry"},"content":"    }","lastModifiedDate":"2023-03-03"},{"lineNumber":45,"author":{"gitId":"miahjerry"},"content":"","lastModifiedDate":"2023-03-03"},{"lineNumber":46,"author":{"gitId":"miahjerry"},"content":"    public static void indexNotFound(){","lastModifiedDate":"2023-03-03"},{"lineNumber":47,"author":{"gitId":"miahjerry"},"content":"        System.out.println(\"Please ensure the number you have entered is within the list!\");","lastModifiedDate":"2023-03-03"},{"lineNumber":48,"author":{"gitId":"miahjerry"},"content":"        System.out.println(line);","lastModifiedDate":"2023-03-03"},{"lineNumber":49,"author":{"gitId":"miahjerry"},"content":"    }","lastModifiedDate":"2023-03-03"},{"lineNumber":50,"author":{"gitId":"miahjerry"},"content":"","lastModifiedDate":"2023-03-03"},{"lineNumber":51,"author":{"gitId":"miahjerry"},"content":"    public static void listIsEmpty(){","lastModifiedDate":"2023-03-03"},{"lineNumber":52,"author":{"gitId":"miahjerry"},"content":"        System.out.println(\"Invalid command! The list is empty!\");","lastModifiedDate":"2023-03-03"},{"lineNumber":53,"author":{"gitId":"miahjerry"},"content":"        System.out.println(line);","lastModifiedDate":"2023-03-03"},{"lineNumber":54,"author":{"gitId":"miahjerry"},"content":"    }","lastModifiedDate":"2023-03-03"},{"lineNumber":55,"author":{"gitId":"miahjerry"},"content":"","lastModifiedDate":"2023-03-03"},{"lineNumber":56,"author":{"gitId":"miahjerry"},"content":"","lastModifiedDate":"2023-02-28"},{"lineNumber":57,"author":{"gitId":"miahjerry"},"content":"}","lastModifiedDate":"2023-02-28"}],"authorContributionMap":{"miahjerry":57}}]
