{"authorDailyContributionsMap":{"miahjerry":[{"date":"2023-01-22","commitResults":[{"hash":"2347e0af3c3d9eedbacd9c473be8837293a6d10a","messageTitle":"Increment level 0, added a greeting","messageBody":"","fileTypesAndContributionMap":{"java":{"insertions":10,"deletions":1}}}]},{"date":"2023-01-23","commitResults":[{"hash":"5697dca554c5222ca648dc2b49c7504180acbef8","messageTitle":"Level-1: Greet, Echo, Exit","messageBody":"","tags":["Level-1,Greet-Echo-Exit"],"fileTypesAndContributionMap":{"java":{"insertions":20,"deletions":5}}},{"hash":"9d838d8ec18f9717b8b934f5108e61d6064cd674","messageTitle":"Level-2: Add, List","messageBody":"","tags":["Level-2,Add-List"],"fileTypesAndContributionMap":{"java":{"insertions":17,"deletions":4}}},{"hash":"39997c34dc32e674ed6095aa2968b45177bb8f3f","messageTitle":"Level 3. Mark as Done","messageBody":"","tags":["Level-3,Mark-As-Done"],"fileTypesAndContributionMap":{"java":{"insertions":66,"deletions":11}}}]},{"date":"2023-01-26","commitResults":[{"hash":"9aab82a2f1ab118e978a839045bba44d235d7a21","messageTitle":"To test for push","messageBody":"","fileTypesAndContributionMap":{"java":{"insertions":5,"deletions":5}}}]},{"date":"2023-02-08","commitResults":[{"hash":"b88f2efab166ac6e5527f9f4a9e6fe10341e7994","messageTitle":"Level-4,ToDos-Events-Deadlines","messageBody":"","tags":["Level-4,ToDos-Events-Deadlines"],"fileTypesAndContributionMap":{"java":{"insertions":90,"deletions":30}}},{"hash":"f5c800f1ac6da121532030a5dbbeffc38c50f7f4","messageTitle":"Level-5,Handle-Errors","messageBody":"","fileTypesAndContributionMap":{"java":{"insertions":7,"deletions":15}}}]}]},"authorFileTypeContributionMap":{"miahjerry":{"java":145,"md":0,"fxml":0,"sh":0,"bat":0,"gradle":0,"txt":0}},"authorContributionVariance":{"miahjerry":1203.1304},"authorDisplayNameMap":{"miahjerry":"CS2113-T11-1 ONG ..MIAH"}}
