{"authorDailyContributionsMap":{"TopGun2001":[{"date":"2023-01-28","commitResults":[{"hash":"c85dc79dd8f201868a263106c791bed6c8b3c26f","messageTitle":"Committing Level 0","messageBody":"","tags":["Level-0"],"fileTypesAndContributionMap":{"java":{"insertions":18,"deletions":0}}},{"hash":"765e4c14dccfaf9773393d6eeb8bbfa7e1680714","messageTitle":"Committing Level-1","messageBody":"","tags":["Level-1"],"fileTypesAndContributionMap":{"java":{"insertions":32,"deletions":4}}},{"hash":"43c3f234c1325dadf90fce3f634d1f71e7d22248","messageTitle":"Committing Level-2","messageBody":"","tags":["Level-2"],"fileTypesAndContributionMap":{"java":{"insertions":24,"deletions":22}}},{"hash":"d05a2687038c103567d9999ced04ac4fbaed5b25","messageTitle":"Committing Level-3","messageBody":"","tags":["Level-3"],"fileTypesAndContributionMap":{"java":{"insertions":56,"deletions":11}}},{"hash":"ab25ca2b72b964631a9acc8610dd36d22b37ccf8","messageTitle":"Committing   A-CodingStandard","messageBody":"","tags":["A-CodingStandard"],"fileTypesAndContributionMap":{"java":{"insertions":21,"deletions":15}}},{"hash":"6c9774a562b3235c6a3f6eb1a70da37c417ffa56","messageTitle":"Just removed the extra lines","messageBody":"","fileTypesAndContributionMap":{"java":{"insertions":1,"deletions":7}}}]},{"date":"2023-01-29","commitResults":[{"hash":"dea65e222303ba86daa379e119f27427e5f35080","messageTitle":"Delete Duke.java","messageBody":"","fileTypesAndContributionMap":{"java":{"insertions":0,"deletions":10}}}]},{"date":"2023-02-01","commitResults":[{"hash":"6a58d509365ce1535b34630acc7270dcd4c7829c","messageTitle":"Added new classes: Todo, Deadline, Event","messageBody":"","fileTypesAndContributionMap":{"java":{"insertions":57,"deletions":4}}},{"hash":"37d26120da5fed4d4e50f222a7dba6ae5b04e134","messageTitle":"Committing Level 4","messageBody":"","tags":["Level-4"],"fileTypesAndContributionMap":{"java":{"insertions":44,"deletions":29}}}]},{"date":"2023-02-02","commitResults":[{"hash":"dee0189decc22ad4bf12a8e250d38c8755c39f24","messageTitle":"Committing A-CodeQuality","messageBody":"","tags":["A-CodeQuality"],"fileTypesAndContributionMap":{"java":{"insertions":100,"deletions":71}}}]},{"date":"2023-02-03","commitResults":[{"hash":"011ee6cb2b9e221273c49cad3d351be89297e9db","messageTitle":"Committing new changes to code after Peer Review","messageBody":"","fileTypesAndContributionMap":{"java":{"insertions":56,"deletions":64}}},{"hash":"49302335bc075a60453fa07791eff43385bbdaf2","messageTitle":"Committing A-TextUiTesting \u0026 few other code quality/style changes","messageBody":"","tags":["A-TextUiTesting"],"fileTypesAndContributionMap":{"txt":{"insertions":4,"deletions":0},"java":{"insertions":3,"deletions":3},"bat":{"insertions":1,"deletions":1},"sh":{"insertions":1,"deletions":1}}}]}]},"authorFileTypeContributionMap":{"TopGun2001":{"java":182,"md":0,"fxml":0,"sh":1,"bat":1,"gradle":0,"txt":4}},"authorContributionVariance":{"TopGun2001":4089.7273},"authorDisplayNameMap":{"TopGun2001":"CS2113-F10-3 SURE.. RAM"}}
