{"authorDailyContributionsMap":{"lohjooh":[{"date":"2023-01-16","commitResults":[{"hash":"a48260df3d6e74ea4c8a1a6df41a356fe6749910","messageTitle":"Level-0","messageBody":"","fileTypesAndContributionMap":{"java":{"insertions":35,"deletions":6}}}]},{"date":"2023-01-20","commitResults":[{"hash":"e0e21643275b68c71585468d4a17688a5a01de26","messageTitle":"Revert \"Level-0\"","messageBody":"This reverts commit a48260df3d6e74ea4c8a1a6df41a356fe6749910.\n","fileTypesAndContributionMap":{"java":{"insertions":6,"deletions":35}}},{"hash":"73c929790c2b63bf6df7db34f95c05aad4c2ccaf","messageTitle":"-Added greeting message -Added shutdown message","messageBody":"","tags":["Level-0"],"fileTypesAndContributionMap":{"java":{"insertions":35,"deletions":6}}},{"hash":"2d507249a75d3ff1a9f7e94736576db3aee8000d","messageTitle":"-Changed name of file to be the same as bot name -Added echo function -Added shutdown function","messageBody":"","tags":["Level-1"],"fileTypesAndContributionMap":{"java":{"insertions":64,"deletions":0}}}]},{"date":"2023-01-21","commitResults":[{"hash":"183a2ca58342036021f2fbf241d9528d8beccf5f","messageTitle":"-Added function to remember commands (up to 100 commands) -Added function for \"list\" command","messageBody":"","tags":["Level-2"],"fileTypesAndContributionMap":{"java":{"insertions":25,"deletions":6}}},{"hash":"dc2ca62e94cc2a99c0b23aecd1a45a5bc96b1f24","messageTitle":"-Removed unused Duke.java file -Added Task class (Task.java) -Added function for \"mark\" -Added function for \"unmark\" -Changed \"list\" to use Task class -Changed ASCII art to static final variables -Changed \"add\" function to use Task class","messageBody":"","tags":["Level-3"],"fileTypesAndContributionMap":{"java":{"insertions":98,"deletions":80}}},{"hash":"8366cb918e441539b82a2f51112a5aa4bb2d4557","messageTitle":"-Fixed formatting for ASCII art","messageBody":"","tags":["A-CodingStandard"],"fileTypesAndContributionMap":{"java":{"insertions":82,"deletions":33}}}]},{"date":"2023-01-26","commitResults":[{"hash":"de7ed798eac48c506de5dc737ff91be08de3dfe8","messageTitle":"-Fixed not taking in mulitple words","messageBody":"","fileTypesAndContributionMap":{"java":{"insertions":3,"deletions":2}}},{"hash":"b49d6c3111ec6ca455de4ecef1a735a4899c5aee","messageTitle":"-Fixed program crashing when using mark command with a string","messageBody":"","fileTypesAndContributionMap":{"java":{"insertions":22,"deletions":7}}},{"hash":"f788a4b6ee3b01d539b487cfc9cca7b9da504b9a","messageTitle":"-Changed if-else statements to switch-case statements","messageBody":"","fileTypesAndContributionMap":{"java":{"insertions":11,"deletions":4}}}]},{"date":"2023-01-27","commitResults":[{"hash":"2ab6fc6761027fd952784143b738b1542db99a4c","messageTitle":"Added: Child classes of \"Task\" for Level-4","messageBody":"Added: Support for \"Deadline\", \"Event\", \"ToDo\"\n\nImproved: Flavour text\n\nFixed: Bugs involving \"mark\" and \"unmark\" cases\n\nFixed: Constants not having uppercase names\n\nAdded: Divider to each reply from the bot\n\nAdded: There is now a toString overload function in \"Task\"\n\nAdded: Type is now tracked in \"Task\"\n\nChanged: Default case no longer adds a task, instead it prompts the user again\n\nChanged: \"Task\" no longer used as a standalone type\n\nFixed: Error message no longer print out multiple times when an invalid input is typed\n","tags":["Level-4","A-CodeQuality"],"fileTypesAndContributionMap":{"java":{"insertions":145,"deletions":36}}}]},{"date":"2023-01-31","commitResults":[{"hash":"275332d70de09151f51db2ae054f371217dad4aa","messageTitle":"Changed: Name of .java file back to Duke to prevent script errors","messageBody":"Tried: Ran runtest.bat and changed EXPECTED to expected output and added input test case\n","tags":["A-TextUiTesting"],"fileTypesAndContributionMap":{"txt":{"insertions":4,"deletions":0},"java":{"insertions":1,"deletions":1}}},{"hash":"5b76137b53b4dffb5a08693eae1778341deb95a4","messageTitle":"Added: DukeException for error handing","messageBody":"Changed: Made ASCII art smaller\n\nChanged: Existing error checking now uses exceptions\n","tags":["A-Exceptions"],"fileTypesAndContributionMap":{"java":{"insertions":46,"deletions":106}}},{"hash":"e5827b51a740b5b5ed4dc96f17632cf0091d7e9c","messageTitle":"Fixed: Removed bugs caused by new error handing","messageBody":"","fileTypesAndContributionMap":{"java":{"insertions":15,"deletions":19}}},{"hash":"da8d64624f2a1fab7e7eb70f1e5f6fbbec939f72","messageTitle":"Changed: ASCII goodbye art;","messageBody":"","fileTypesAndContributionMap":{"java":{"insertions":6,"deletions":4}}},{"hash":"08d278091f46940b61d2053cf25e51596379c824","messageTitle":"Fixed: Made some class variables protected","messageBody":"","fileTypesAndContributionMap":{"java":{"insertions":2,"deletions":2}}}]},{"date":"2023-02-02","commitResults":[{"hash":"c3f2af270145a2b8931a39208a5ccb7e65e1abe8","messageTitle":"Fixed: Rectified bugs introduced in recent changes","messageBody":"","fileTypesAndContributionMap":{"java":{"insertions":4,"deletions":4}}},{"hash":"4620b5ef64064fc3e4b821f6ffe48147a4da2a57","messageTitle":"Fixed: Removed some extraneous braces","messageBody":"","fileTypesAndContributionMap":{"java":{"insertions":13,"deletions":19}}}]},{"date":"2023-02-03","commitResults":[{"hash":"7914fd8d2b20e07308c987367746246e154b0f6b","messageTitle":"Added: Grouped all classes into packages","messageBody":"Added: Added echo method to improve readability\n","tags":["A-Packages"],"fileTypesAndContributionMap":{"java":{"insertions":26,"deletions":11}}}]},{"date":"2023-02-04","commitResults":[{"hash":"befc10a7cabb5c080647922813815fa4b709bbb1","messageTitle":"Replaced: Changed fixed size list to ArrayLists","messageBody":"Added: Added skeleton code for help function\n","fileTypesAndContributionMap":{"java":{"insertions":42,"deletions":18}}}]},{"date":"2023-02-09","commitResults":[{"hash":"113d681818d8a56476af486d96401688cd26bb59","messageTitle":"Fixed: Changed implementation of list number such that it works in line with the deletion","messageBody":"Added: Function to delete list items based on the list number\n","tags":["Level-6"],"fileTypesAndContributionMap":{"java":{"insertions":48,"deletions":43}}},{"hash":"e066ec53e5b7b273375ee6b8398407b751513b61","messageTitle":"Added: Read from file and write from file","messageBody":"Fixed: Improved code quality\n","tags":["Level-7"],"fileTypesAndContributionMap":{"txt":{"insertions":1,"deletions":0},"java":{"insertions":172,"deletions":53}}},{"hash":"64d26607e26624577a6e987f255eb9a9286ef88d","messageTitle":"Fixed: Resolved merge conflict","messageBody":"Fixed: Corrected bugs caused by saving file\n","fileTypesAndContributionMap":{"txt":{"insertions":1,"deletions":1},"java":{"insertions":10,"deletions":35}}}]},{"date":"2023-02-12","commitResults":[{"hash":"194597c1e2b4268c7a7b11906c9bbada242aaca0","messageTitle":"Added: Function to create directory for data text file and text file itself added.","messageBody":"Fixed: Resolved bug causing reading of file to fail\n","fileTypesAndContributionMap":{"txt":{"insertions":0,"deletions":1},"java":{"insertions":39,"deletions":17}}},{"hash":"5dcaa8d2fc526310e1bc2521111022c7a0f6e75e","messageTitle":"Fixed: Resolved issues with event getTask() member methods","messageBody":"Fixed: Resolved issues with writing event objects into data text file\n","fileTypesAndContributionMap":{"txt":{"insertions":2,"deletions":0},"java":{"insertions":5,"deletions":6}}}]},{"date":"2023-02-13","commitResults":[{"hash":"f0628e9073c53e5436adf6efaeae3a2e60c51018","messageTitle":"Added: FileManager, DataManager, DukeMessages classes for better management","messageBody":"DukeMessages: Error message and add messages stored within along with printing functionality\n\nDataManager: Separately stored data in this class, methods to modify data moved to this class as well\n\nFileManager: Used for reading and writing .txt file stored locally\n","fileTypesAndContributionMap":{"txt":{"insertions":0,"deletions":1},"java":{"insertions":437,"deletions":318}}}]},{"date":"2023-02-17","commitResults":[{"hash":"44d98609779eae6849c17c4c73522378997b58d9","messageTitle":"Added: Improved implementation of reading files such that the print messaged is not displayed","messageBody":"Changed: Changed write file implementation such that the file is changed immediately after changes to checklist have been made\n","tags":["A-Jar"],"fileTypesAndContributionMap":{"txt":{"insertions":2,"deletions":1},"java":{"insertions":73,"deletions":31}}},{"hash":"a2c9e2712c7bd4fc8178fe054374d1a51f0f86af","messageTitle":"Added: Jar file","messageBody":"","fileTypesAndContributionMap":{"txt":{"insertions":0,"deletions":1}}}]},{"date":"2023-02-18","commitResults":[{"hash":"1953c278ea597fc75a5e4bb0436bca92b3f2bb31","messageTitle":"Added: More classes such that the project is more modular","messageBody":"","tags":["A-MoreOOP"],"fileTypesAndContributionMap":{"txt":{"insertions":0,"deletions":1},"java":{"insertions":284,"deletions":192}}}]},{"date":"2023-02-19","commitResults":[{"hash":"9ceeabf830b5e607e1cd225b1224bab5fbc33e41","messageTitle":"Added: Functionality to recognise dates in a specific format, minimal date functionality achieved","messageBody":"","tags":["Level-8"],"fileTypesAndContributionMap":{"txt":{"insertions":2,"deletions":0},"java":{"insertions":149,"deletions":10}}},{"hash":"b1945d7176a755a7ce081afc833bd393bdd85def","messageTitle":"Fixed: Improved readability of code based on suggestions","messageBody":"Added: More modularity for tasklist object\n","fileTypesAndContributionMap":{"java":{"insertions":284,"deletions":243}}},{"hash":"a4b4f17528d0b86b50f0d6cd1fc356f6aa54fcc4","messageTitle":"Added: Command \"date\" to search list by date","messageBody":"Changed: Implementation of list changed to hashmap\n","fileTypesAndContributionMap":{"txt":{"insertions":0,"deletions":2},"java":{"insertions":139,"deletions":73}}}]},{"date":"2023-02-20","commitResults":[{"hash":"6c9fc84da8c82a533a3e06af90458144d078db51","messageTitle":"Added: Skeleton code for find function","messageBody":"","fileTypesAndContributionMap":{"java":{"insertions":51,"deletions":0}}},{"hash":"6712d654aea31bd4b932adab9e60a0a91db5a93a","messageTitle":"Added: Prepared parser class for find function","messageBody":"","fileTypesAndContributionMap":{"java":{"insertions":1,"deletions":0}}},{"hash":"4e763dae3f2d18a6c6b4d564cd97742ea736f145","messageTitle":"Fixed: Resolved bugs when using \"next\" keyword with \"date\"","messageBody":"Added: Custom message for \"find\" function\n","fileTypesAndContributionMap":{"java":{"insertions":24,"deletions":8}}},{"hash":"72f44ab97f2c9fd6d210a2ee632909726b575457","messageTitle":"Added: Full functionality for \"find\"","messageBody":"Fixed: Resolved issue with ToDo not working with \"find\"\n","fileTypesAndContributionMap":{"txt":{"insertions":3,"deletions":0},"java":{"insertions":45,"deletions":18}}}]}]},"authorFileTypeContributionMap":{"lohjooh":{"java":1037,"md":0,"fxml":0,"sh":0,"bat":0,"gradle":0,"txt":7}},"authorContributionVariance":{"lohjooh":41132.457},"authorDisplayNameMap":{"lohjooh":"CS2113-T15-1 LOH .. HOE"}}
