{"authorDailyContributionsMap":{"jeraldgau":[{"date":"2023-01-16","commitResults":[{"hash":"ad0886694e7ab76d8e784c005d1ac52a85a46647","isMergeCommit":false,"messageTitle":"Implemented Increment Level-0: Greet","messageBody":"","tags":["Level-0"],"fileTypesAndContributionMap":{"java":{"insertions":6,"deletions":0}}}]},{"date":"2023-01-22","commitResults":[{"hash":"a77a1c696292ec99db2f2ff7d459d354a6e84b66","isMergeCommit":false,"messageTitle":"Implement Increment Level-1: Greet, Echo, Exit","messageBody":"","tags":["Level-1"],"fileTypesAndContributionMap":{"java":{"insertions":21,"deletions":6}}},{"hash":"2c4000a5d1e327a4bd576acea31ed4aeb58d3359","isMergeCommit":false,"messageTitle":"Implemented Increment Level-2: Add, List","messageBody":"","tags":["Level-2"],"fileTypesAndContributionMap":{"java":{"insertions":18,"deletions":11}}},{"hash":"fb189ba35dcd81b8a8b1751492945ade0f1c15da","isMergeCommit":false,"messageTitle":"Implemented Increment Level-3: Mark as done, and implemented Extention: A-Classes","messageBody":"","tags":["A-Classes"],"fileTypesAndContributionMap":{"java":{"insertions":65,"deletions":9}}},{"hash":"9616abfa8ba0e2eeae6d9cce2e37a54007c4f32b","isMergeCommit":false,"messageTitle":"Implemented Increment A-CodingStandard, following the Java Coding Standard","messageBody":"","tags":["A-CodingStandard"],"fileTypesAndContributionMap":{"java":{"insertions":9,"deletions":5}}}]},{"date":"2023-01-25","commitResults":[{"hash":"dd3f803bacdd27aacfef81f4e9ff2580ee907243","isMergeCommit":false,"messageTitle":"Updated Increment Level-3 and included list of possible commands in the startup message.","messageBody":"","tags":["Level-3"],"fileTypesAndContributionMap":{"java":{"insertions":51,"deletions":18}}}]},{"date":"2023-01-28","commitResults":[{"hash":"039a526ba6f6277604924614dae4a1aa8084f7c3","isMergeCommit":false,"messageTitle":"Refactor code","messageBody":"","fileTypesAndContributionMap":{"java":{"insertions":75,"deletions":52}}}]},{"date":"2023-01-29","commitResults":[{"hash":"64398aa34ecbffe25d840b77241f04ffd0a1a74b","isMergeCommit":false,"messageTitle":"Implemented Increment Level-4: ToDo, Event, Deadline and Extension: A-Inheritance","messageBody":"","tags":["Level-4","A-Inheritance"],"fileTypesAndContributionMap":{"java":{"insertions":105,"deletions":12}}},{"hash":"d4c0e447e4fd2c67a3c9d08548e70b4742fe7d0d","isMergeCommit":false,"messageTitle":"Added test inputs and expected outputs for A-TextUiTesting","messageBody":"","tags":["A-TextUiTesting"],"fileTypesAndContributionMap":{"txt":{"insertions":10,"deletions":0}}},{"hash":"2b087ff8aa39aa23487c306f171e9ca51936727b","isMergeCommit":false,"messageTitle":"Implemented Increment A-CodeQuality","messageBody":"","tags":["A-CodeQuality"],"fileTypesAndContributionMap":{"java":{"insertions":8,"deletions":1}}}]},{"date":"2023-02-05","commitResults":[{"hash":"8409c7da7e353efde037f3dc0a5c1f3ac139a887","isMergeCommit":false,"messageTitle":"Refactored message border lines into a separate method","messageBody":"","fileTypesAndContributionMap":{"java":{"insertions":20,"deletions":16}}}]},{"date":"2023-02-06","commitResults":[{"hash":"bb395c00438131df123ebc6028e70858e8853f37","isMergeCommit":false,"messageTitle":"Implemented Increment Level-5: Handle Errors and implemented Extension: A-Exceptions","messageBody":"","fileTypesAndContributionMap":{"java":{"insertions":97,"deletions":18}}},{"hash":"40868ba7f57d47f479e5c5e877af7cc703b76b70","isMergeCommit":true,"messageTitle":"Merge branch \u0027branch-Level-5\u0027","messageBody":"","tags":["Level-5","A-Exceptions"],"fileTypesAndContributionMap":{}},{"hash":"4ef4b8bb2d61ec65463f8ef6cb750152316ad5d9","isMergeCommit":false,"messageTitle":"Implemented Increment: A-Packages","messageBody":"","fileTypesAndContributionMap":{"java":{"insertions":27,"deletions":0}}},{"hash":"438ff75db99a3d681cc8d49c0493ba0009a777aa","isMergeCommit":true,"messageTitle":"Merge branch \u0027branch-A-Packages\u0027","messageBody":"","tags":["A-Packages"],"fileTypesAndContributionMap":{}}]},{"date":"2023-02-15","commitResults":[{"hash":"448b78cd74adcfae78aafe63cbbcb7bc765de055","isMergeCommit":false,"messageTitle":"Implemented Increment Level-6: Delete and implemented Extension: A-Collections","messageBody":"","tags":["Level-6","A-Collections"],"fileTypesAndContributionMap":{"java":{"insertions":115,"deletions":68}}},{"hash":"cd07c67a432933cb7da4d9b9a0ef3b5b701536bb","isMergeCommit":false,"messageTitle":"Implemented Increment Level-7: Save","messageBody":"","tags":["Level-7"],"fileTypesAndContributionMap":{"txt":{"insertions":9,"deletions":0},"java":{"insertions":139,"deletions":2}}},{"hash":"eb6dc5185bcb8121cde1688e6f1441c36fa6074e","isMergeCommit":true,"messageTitle":"Merge branch \u0027branch-Level-6\u0027","messageBody":"","fileTypesAndContributionMap":{}},{"hash":"2fa1c66df42ff26caeced24259329c49954f3369","isMergeCommit":true,"messageTitle":"Merge branch \u0027branch-Level-7\u0027","messageBody":"Resolved merge conflicts\n# Conflicts:\n#\tsrc/main/java/duke/Duke.java\n#\tsrc/main/java/duke/task/Task.java\n","fileTypesAndContributionMap":{}},{"hash":"cdcd1d1f484b2ade8a1e2c6b0888571272af2723","isMergeCommit":false,"messageTitle":"Fixed empty command bug and tidied up code","messageBody":"","tags":["A-Jar"],"fileTypesAndContributionMap":{"java":{"insertions":75,"deletions":90}}}]},{"date":"2023-02-23","commitResults":[{"hash":"602973e6fd3ab83e67330e1319f683d0b6c4c934","isMergeCommit":false,"messageTitle":"Implemented Increment: A-MoreOOP","messageBody":"","tags":["A-MoreOOP"],"fileTypesAndContributionMap":{"java":{"insertions":393,"deletions":350}}}]},{"date":"2023-02-24","commitResults":[{"hash":"6f5021eefecc242279cd96ee294e8d81a6ad9b8d","isMergeCommit":false,"messageTitle":"Implemented Increment Level-9: Find","messageBody":"","fileTypesAndContributionMap":{"java":{"insertions":49,"deletions":0}}},{"hash":"f66b3067a6d935c4d2036137cc920418202f21a6","isMergeCommit":false,"messageTitle":"Implemented Increment: A-JavaDoc. Added header comments to non-trivial classes and methods.","messageBody":"","fileTypesAndContributionMap":{"java":{"insertions":116,"deletions":0}}},{"hash":"c6e54e87f275677616c237b007e58ec362e0cf8f","isMergeCommit":true,"messageTitle":"Merge pull request #1 from jeraldgau/branch-Level-9","messageBody":"Implemented Increment Level-9: Find","tags":["Level-9"],"fileTypesAndContributionMap":{}},{"hash":"a893f5ac53222998dda7a57cd9ecf27c2f71c571","isMergeCommit":true,"messageTitle":"Merge branch \u0027master\u0027 into branch-A-JavaDoc","messageBody":"Resolved merge conflicts\n# Conflicts:\n#\tsrc/main/java/duke/Ui.java\n","fileTypesAndContributionMap":{}},{"hash":"911dd15e989c0e4e4d292f3ee6fc50419f173805","isMergeCommit":false,"messageTitle":"Updated header comments for new methods pulled from origin","messageBody":"","fileTypesAndContributionMap":{"java":{"insertions":27,"deletions":2}}},{"hash":"80e755931e9e5fdb19b594f2c8a0a91cf5e6c1a1","isMergeCommit":true,"messageTitle":"Merge pull request #2 from jeraldgau/branch-A-JavaDoc","messageBody":"Implemented Increment: A-JavaDoc. Added header comments to non-trivia…","tags":["A-JavaDoc"],"fileTypesAndContributionMap":{}},{"hash":"0ab3ebf645b9542167f9bab1a343adf38120da74","isMergeCommit":false,"messageTitle":"Added the instructions for using the find command in the startup message","messageBody":"","fileTypesAndContributionMap":{"java":{"insertions":1,"deletions":0}}},{"hash":"87e40aa593ba52fdc4bb7acc4d9bcb73f6c0275d","isMergeCommit":false,"messageTitle":"Update README.md","messageBody":"Added the user guide for the Vivy bot.","fileTypesAndContributionMap":{"md":{"insertions":96,"deletions":24}}},{"hash":"274452d35ace5f6c5530b1f916f2104b2cc55154","isMergeCommit":false,"messageTitle":"Update README.md","messageBody":"Updated the user guide for the Vivy bot in the correct README file.","tags":["A-UserGuide"],"fileTypesAndContributionMap":{"md":{"insertions":82,"deletions":13}}},{"hash":"a21fd9ad494eff51d116f80dc20ae9b6e9c4d9cf","isMergeCommit":false,"messageTitle":"Update README.md","messageBody":"Changed main README back to default","tags":["A-Release"],"fileTypesAndContributionMap":{"md":{"insertions":24,"deletions":96}}}]},{"date":"2023-03-07","commitResults":[{"hash":"ba56b067120bb53c427eef89b447f651ba065b0a","isMergeCommit":false,"messageTitle":"Update README","messageBody":"","fileTypesAndContributionMap":{"md":{"insertions":18,"deletions":0}}}]}]},"authorFileTypeContributionMap":{"jeraldgau":{"java":767,"md":91,"fxml":0,"sh":0,"bat":0,"gradle":0,"txt":10}},"authorContributionVariance":{"jeraldgau":19478.3},"authorDisplayNameMap":{"jeraldgau":"CS2113-T11-1 GAU ..RALD"}}
