{"authorDailyContributionsMap":{"firwer":[{"date":"2023-01-25","commitResults":[{"hash":"cba3a84f12f30ae1bf3933e01f534a1c8f500e7b","messageTitle":"Level-0","messageBody":"","fileTypesAndContributionMap":{"java":{"insertions":4,"deletions":6}}},{"hash":"fa4c68ed65a73d7810d56f65b0aa93366548eeff","messageTitle":"Level 0: Greet","messageBody":"","fileTypesAndContributionMap":{"java":{"insertions":7,"deletions":1}}},{"hash":"b2bac14f79e68b6e413d02697031b72aa08b71cf","messageTitle":"Level 1: Greet, Echo, Exit","messageBody":"","tags":["Level-1"],"fileTypesAndContributionMap":{"java":{"insertions":15,"deletions":3}}}]},{"date":"2023-01-26","commitResults":[{"hash":"fe1d44392b22d3d57cacd64566afd1d0ffdeec78","messageTitle":"Level 2: Add, List","messageBody":"","tags":["Level-2"],"fileTypesAndContributionMap":{"java":{"insertions":15,"deletions":4}}},{"hash":"3cefb715584a3b881bbe14bb8412e4812bf5480e","messageTitle":"Level 3: Mark as done","messageBody":"","tags":["Level-3"],"fileTypesAndContributionMap":{"java":{"insertions":80,"deletions":4}}}]},{"date":"2023-01-30","commitResults":[{"hash":"31390cc0ffd6afde3cc35aa01fea5ebaa2681914","messageTitle":"A-CodingStandard: format code to meet requirement","messageBody":"","tags":["A-CodingStandard"],"fileTypesAndContributionMap":{"java":{"insertions":12,"deletions":12}}},{"hash":"6e29b6591c25843baec942188c42517416dafa49","messageTitle":"Level-4 - feat: add todos, deadlines, events tracking","messageBody":"","tags":["Level-4"],"fileTypesAndContributionMap":{"java":{"insertions":106,"deletions":12}}},{"hash":"431c1060d84ee550e7b4a36a38636a79cfe19640","messageTitle":"A-TextUiTesting","messageBody":"","tags":["A-TextUiTesting"],"fileTypesAndContributionMap":{"txt":{"insertions":18,"deletions":0}}}]},{"date":"2023-02-01","commitResults":[{"hash":"0d61ab198ca3e87c64041be895655b2db9b271b5","messageTitle":"refactor: introduce display class to handle all CLI display requirements","messageBody":"","fileTypesAndContributionMap":{"java":{"insertions":74,"deletions":63}}},{"hash":"30316f243e8fe3db7ca0f3737cc8bd353b9bb1bd","messageTitle":"docs: add param docs for display class functions","messageBody":"","fileTypesAndContributionMap":{"java":{"insertions":148,"deletions":72}}},{"hash":"a66e9868cac923f47bc98bd5b2fa14e98408a18c","messageTitle":"Update README.md","messageBody":"","fileTypesAndContributionMap":{"md":{"insertions":8,"deletions":22}}},{"hash":"cac0c9e2134faee5d59f1a1f788f8482d5c887de","messageTitle":"Update README.md","messageBody":"","fileTypesAndContributionMap":{"md":{"insertions":15,"deletions":7}}},{"hash":"ba94855dabf716d65386b815ab08d107ecd6bb4d","messageTitle":"chore: Rename methods to PASCAL and documentation of functions","messageBody":"","fileTypesAndContributionMap":{"java":{"insertions":89,"deletions":50}}}]},{"date":"2023-02-02","commitResults":[{"hash":"031dd31f20eae33c8c6586da6c2e1ebd71bbed9a","messageTitle":"A-CodeQuality: Minor adjustments to ensure coding standards are met","messageBody":"","fileTypesAndContributionMap":{"java":{"insertions":54,"deletions":55}}},{"hash":"73eff724c705c513542a7f82ce5ce246033231b2","messageTitle":"A-CodeQuality: Add-on to previous commit for further standard improvement","messageBody":"","tags":["A-CodeQuality"],"fileTypesAndContributionMap":{"java":{"insertions":3,"deletions":0}}}]},{"date":"2023-02-03","commitResults":[{"hash":"7307fefe4da2470efef735c14b40d74052519ba7","messageTitle":"refactor: Add Command class to handle string parsing","messageBody":"","fileTypesAndContributionMap":{"java":{"insertions":139,"deletions":55}}}]}]},"authorFileTypeContributionMap":{"firwer":{"java":419,"md":14,"fxml":0,"sh":0,"bat":0,"gradle":0,"txt":18}},"authorContributionVariance":{"firwer":14889.152},"authorDisplayNameMap":{"firwer":"CS2113-W12-3 POH .. PIN"}}
