{"authorDailyContributionsMap":{"Reynold-SL":[{"date":"2023-01-26","commitResults":[{"hash":"7cd0a3b084b66459bf1ef06f4b8e43b9d5ff1b9d","messageTitle":"Adding greeting and exit changes for Level-0:Greet","messageBody":"","tags":["Level-0"],"fileTypesAndContributionMap":{"java":{"insertions":3,"deletions":0}}}]},{"date":"2023-02-01","commitResults":[{"hash":"379d71b3f81e2ef41db93e971548c6a5dc13b45a","messageTitle":"Level 1: Changing Logo and adding new symbol, greeting, echoing of commands and exiting of program","messageBody":"","tags":["Level-1"],"fileTypesAndContributionMap":{"java":{"insertions":83,"deletions":9}}},{"hash":"afba74f55e8ae9b1acf1dea5ade1fbc33cea08df","messageTitle":"Level 2: adding the ability to store commands into list, displaying the list to the user and changing the if statement to switch statement","messageBody":"","tags":["Level-2"],"fileTypesAndContributionMap":{"java":{"insertions":80,"deletions":69}}},{"hash":"9d9cd639ff3adeb2050f3680d32c5323bfcb05ef","messageTitle":"Level 3 - Adding new class called Task, adding the ability to mark task as done and changing the status back to undone","messageBody":"","tags":["Level-3"],"fileTypesAndContributionMap":{"java":{"insertions":46,"deletions":5}}}]},{"date":"2023-02-02","commitResults":[{"hash":"25ff388b876db4e4c78031a3659731f00a46861c","messageTitle":"complete A-CodingStandard","messageBody":"","tags":["A-CodingStandard"],"fileTypesAndContributionMap":{"java":{"insertions":32,"deletions":29}}},{"hash":"4eb08af0b0ddf42a1e53de8e633e0a7905e68043","messageTitle":"complete Level 4- ToDos, Events, Deadlines","messageBody":"","tags":["Level-4"],"fileTypesAndContributionMap":{"java":{"insertions":74,"deletions":11}}}]},{"date":"2023-02-07","commitResults":[{"hash":"3e39e1d232361dbfba321bbe6492bb9797f5817b","messageTitle":"complete A-TextUiTesting","messageBody":"","tags":["A-TextUiTesting"],"fileTypesAndContributionMap":{"txt":{"insertions":10,"deletions":0}}},{"hash":"94a5108a087adc17aacc8ac68a14387fa70ade44","messageTitle":"complete A-CodeQuality","messageBody":"","tags":["A-CodeQuality"],"fileTypesAndContributionMap":{"java":{"insertions":21,"deletions":17}}}]},{"date":"2023-02-09","commitResults":[{"hash":"61debad9bcd49b2111e45788d3636be349f0fb04","messageTitle":"complete Level-5","messageBody":"","fileTypesAndContributionMap":{"java":{"insertions":82,"deletions":48}}}]}]},"authorFileTypeContributionMap":{"Reynold-SL":{"java":238,"md":0,"fxml":0,"sh":0,"bat":0,"gradle":0,"txt":10}},"authorContributionVariance":{"Reynold-SL":4003.881},"authorDisplayNameMap":{"Reynold-SL":"CS2113-T12-2 REYN.. LAM"}}
