{"authorDailyContributionsMap":{"Jjzeng123":[{"date":"2023-01-18","commitResults":[{"hash":"95fd0ebd83922a06a08caa33b176103e59a337e3","messageTitle":"Updated Duke.java with first increment","messageBody":"","tags":["Level-1","Level-0"],"fileTypesAndContributionMap":{"java":{"insertions":10,"deletions":2}}}]},{"date":"2023-01-27","commitResults":[{"hash":"16ecfb002ef8139a8abb255db915d26ec6acacbb","messageTitle":"Replace Duke.java with Mikey.java, Add increment Level-1","messageBody":"","fileTypesAndContributionMap":{"java":{"insertions":45,"deletions":18}}},{"hash":"652d020ffa0c35a99f30f074a24fb403205e33c4","messageTitle":"Add Task.java, Add increment Level-2","messageBody":"","tags":["Level-2"],"fileTypesAndContributionMap":{"java":{"insertions":41,"deletions":5}}},{"hash":"94b5eb055467eac29c01726f946edf4204662281","messageTitle":"Add increment Level-3","messageBody":"","tags":["Level-3"],"fileTypesAndContributionMap":{"java":{"insertions":44,"deletions":14}}}]},{"date":"2023-02-02","commitResults":[{"hash":"fd72ad54fbcbe8eed80a198d0ced7a303f527145","messageTitle":"Add Increment Level-4, add new classes Deadline, Event and Todo and modify Mikey and Task","messageBody":"","tags":["Level-4","A-CodeQuality"],"fileTypesAndContributionMap":{"java":{"insertions":129,"deletions":13}}}]},{"date":"2023-02-07","commitResults":[{"hash":"2c0a391d83c49d45436714191e34cebd22dd2e71","messageTitle":"Add exception handling in branch-Level-5","messageBody":"","fileTypesAndContributionMap":{"java":{"insertions":80,"deletions":39}}}]},{"date":"2023-02-14","commitResults":[{"hash":"ef62f65684a6f824320da4cdf4f95f40f2f33281","messageTitle":"Add Level 6 Delete, add Level 7 Save","messageBody":"","tags":["A-Jar","A-Collections"],"fileTypesAndContributionMap":{"txt":{"insertions":1,"deletions":0},"java":{"insertions":77,"deletions":20}}}]}]},"authorFileTypeContributionMap":{"Jjzeng123":{"java":325,"md":0,"fxml":0,"sh":0,"bat":0,"gradle":0,"txt":1}},"authorContributionVariance":{"Jjzeng123":1914.878},"authorDisplayNameMap":{"Jjzeng123":"CS2113T-T09-3 ZENG..CKIE"}}
