{"authorDailyContributionsMap":{"chao2048":[{"date":"2023-01-21","commitResults":[{"hash":"21d048da1cd3d3dd4bd1911cf645c8b08b71a16a","messageTitle":"Add greet","messageBody":"","tags":["Level-0"],"fileTypesAndContributionMap":{"java":{"insertions":11,"deletions":0}}}]},{"date":"2023-01-24","commitResults":[{"hash":"e1d56073560048464819bcb7ecfd24a4d65992b4","messageTitle":"Add echo","messageBody":"","tags":["Level-1"],"fileTypesAndContributionMap":{"java":{"insertions":15,"deletions":1}}}]},{"date":"2023-01-25","commitResults":[{"hash":"729ebe027117498022ec8edb6451aabc1b637232","messageTitle":"Add list","messageBody":"","tags":["Level-2"],"fileTypesAndContributionMap":{"java":{"insertions":16,"deletions":3}}},{"hash":"eed39fa231ef7caace2247f3967eafbb365027ba","messageTitle":"Add mark as done","messageBody":"","tags":["Level-3","A-CodingStandard"],"fileTypesAndContributionMap":{"java":{"insertions":53,"deletions":5}}}]}]},"authorFileTypeContributionMap":{"chao2048":{"java":86,"md":0,"fxml":0,"sh":0,"bat":0,"gradle":0,"txt":0}},"authorContributionVariance":{"chao2048":421.07693},"authorDisplayNameMap":{"chao2048":"CHAO..I-JU"}}
