{"authorDailyContributionsMap":{"xiaoge26":[{"date":"2023-01-19","commitResults":[{"hash":"76fb2946eae0b2915f80a4a4a6136f4e2da107b7","messageTitle":"Add greeting messages","messageBody":"","tags":["Level-0"],"fileTypesAndContributionMap":{"java":{"insertions":17,"deletions":10}}}]},{"date":"2023-01-25","commitResults":[{"hash":"5c2a78a4c0191ed563a95f63ee414eb125225d5f","messageTitle":"Added echo, add and list features","messageBody":"","tags":["Level-2","Level-1"],"fileTypesAndContributionMap":{"java":{"insertions":36,"deletions":1}}}]},{"date":"2023-01-26","commitResults":[{"hash":"5296362bb23aa99847dbf6762b546169ef3c2ba7","messageTitle":"Added mark/unmark feature and linebreakers","messageBody":"","tags":["Level-3","A-Classes"],"fileTypesAndContributionMap":{"java":{"insertions":97,"deletions":24}}},{"hash":"7af6b662ff143f6614b160b961ab9d6ba3e7d215","messageTitle":"Tweak the code to comply with a coding standard","messageBody":"","fileTypesAndContributionMap":{"java":{"insertions":15,"deletions":19}}},{"hash":"2b5f57ec1a23d5a2a5295e15d8586cdaee7df7f0","messageTitle":"Further tweak the code to comply with the coding standard","messageBody":"","tags":["A-CodingStandard"],"fileTypesAndContributionMap":{"java":{"insertions":4,"deletions":9}}}]},{"date":"2023-02-01","commitResults":[{"hash":"ac4082f9c9b71b591705b615e01cbd7ca045d7f2","messageTitle":"Added event, deadline, todo features","messageBody":"","tags":["Level-4","A-Inheritance"],"fileTypesAndContributionMap":{"java":{"insertions":147,"deletions":66}}},{"hash":"b60f5926e428c515e064f6782d3c537148bc6367","messageTitle":"Added automated Text UI testing","messageBody":"","tags":["A-TextUiTesting"],"fileTypesAndContributionMap":{"txt":{"insertions":9,"deletions":0}}},{"hash":"91c3432dd8a6af062aa8de7956440a75d82a1388","messageTitle":"Improved code quality","messageBody":"","tags":["A-CodeQuality"],"fileTypesAndContributionMap":{"java":{"insertions":62,"deletions":51}}}]},{"date":"2023-02-08","commitResults":[{"hash":"3218e4709989084681416c896b83fde3d5e8b1d0","messageTitle":"Fixed bugs and added personality","messageBody":"","fileTypesAndContributionMap":{"java":{"insertions":28,"deletions":13}}}]},{"date":"2023-02-09","commitResults":[{"hash":"822157da3cc93c873e36b0daddb6ad0452ff7660","messageTitle":"Add error messages. Add packages.","messageBody":"","tags":["A-Packages","A-Exceptions"],"fileTypesAndContributionMap":{"java":{"insertions":53,"deletions":29}}},{"hash":"e65b2de81def179c5048afd4be95999cc16e618f","messageTitle":"Improved code quality.","messageBody":"","fileTypesAndContributionMap":{"java":{"insertions":9,"deletions":10}}},{"hash":"2f94daf933921bf53569d6981837ec2252e2cdf0","messageTitle":"Changed text divider.","messageBody":"","fileTypesAndContributionMap":{"java":{"insertions":1,"deletions":1}}}]},{"date":"2023-02-15","commitResults":[{"hash":"c107fd5174125a4e7f7aae890d489259215427cd","messageTitle":"Added delete task function","messageBody":"","tags":["A-Collections"],"fileTypesAndContributionMap":{"java":{"insertions":26,"deletions":14}}}]},{"date":"2023-02-16","commitResults":[{"hash":"a42f208b82e4d081fa299b6682d112e4f6af328e","messageTitle":"Added save file feature","messageBody":"","fileTypesAndContributionMap":{"txt":{"insertions":3,"deletions":0},"java":{"insertions":63,"deletions":3}}}]}]},"authorFileTypeContributionMap":{"xiaoge26":{"java":314,"md":0,"fxml":0,"sh":0,"bat":0,"gradle":0,"txt":12}},"authorContributionVariance":{"xiaoge26":4056.7585},"authorDisplayNameMap":{"xiaoge26":"CS2113-T13-3 LIU ..AOGE"}}
