{"authorDailyContributionsMap":{"linuspuah":[{"date":"2023-01-19","commitResults":[{"hash":"2963d011328c6f7328c6e0ce0c28f3ed47fee36c","messageTitle":"Add greeting function","messageBody":"","tags":["Level-0"],"fileTypesAndContributionMap":{"java":{"insertions":16,"deletions":2}}}]},{"date":"2023-01-26","commitResults":[{"hash":"2cce0cce77a643d703606296a715b2c487f526af","messageTitle":"Add echo function","messageBody":"","tags":["Level-1"],"fileTypesAndContributionMap":{"java":{"insertions":43,"deletions":24}}},{"hash":"199a3c834ae8b92626b5082ef4fb3a78caeebd7b","messageTitle":"Add list function","messageBody":"","tags":["Level-2"],"fileTypesAndContributionMap":{"java":{"insertions":52,"deletions":12}}},{"hash":"72619c4db488a164b60a40092bae6f2cec7f4f3d","messageTitle":"Add marking onto list feature","messageBody":"","tags":["Level-3"],"fileTypesAndContributionMap":{"java":{"insertions":66,"deletions":16}}},{"hash":"6aeeee66d0ab2b8cad1d2fc7e2093636e5b558b4","messageTitle":"Update coding standard","messageBody":"","tags":["A-CodingStandard"],"fileTypesAndContributionMap":{"java":{"insertions":14,"deletions":8}}}]}]},"authorFileTypeContributionMap":{"linuspuah":{"java":139,"md":0,"fxml":0,"sh":0,"bat":0,"gradle":0,"txt":0}},"authorContributionVariance":{"linuspuah":3641.2092},"authorDisplayNameMap":{"linuspuah":"LINU..A HE"}}
