{"authorDailyContributionsMap":{"liuziyang020319":[{"date":"2023-01-15","commitResults":[{"hash":"77feef64d8ae6df860b3884b9816c90865ee560a","messageTitle":"Level 0. Greet","messageBody":"","fileTypesAndContributionMap":{"java":{"insertions":4,"deletions":0}}}]},{"date":"2023-01-25","commitResults":[{"hash":"bdb488cf840b2ea4f2d96b761b7a9a45ddcdd267","messageTitle":"Level1 increment, greet echo and exit added","messageBody":"","tags":["Level_1._Greet_Echo_Exit"],"fileTypesAndContributionMap":{"java":{"insertions":31,"deletions":1}}},{"hash":"90dad3badf6a9dc3ff606045b7f0a5cdab634e24","messageTitle":"Add the ability to store whatever text entered by the user and display them back to the user when requested.","messageBody":"","tags":["Level_2_Add_List"],"fileTypesAndContributionMap":{"java":{"insertions":49,"deletions":4}}},{"hash":"1a95bd34e5f5b8dd5113d35fb8cf0c80854ed594","messageTitle":"Add the ability to mark tasks as done. Optionally, add the ability to change the status back to not done.","messageBody":"","tags":["Level_3_Mark_As_Down"],"fileTypesAndContributionMap":{"java":{"insertions":81,"deletions":9}}}]},{"date":"2023-01-26","commitResults":[{"hash":"912f511d3310458e73fd4c7cb0be498981d479ee","messageTitle":"Tweak the code to comply with a coding standard","messageBody":"","tags":["A-CodingStandard"],"fileTypesAndContributionMap":{"java":{"insertions":55,"deletions":63}}}]},{"date":"2023-01-30","commitResults":[{"hash":"6ec3a94211a29bed5169bea6383b4a63dcc73acf","messageTitle":"Add support for tracking three types of tasks: Todo Deadline Event","messageBody":"","tags":["Level_4_ToDos_Events_Deadlines"],"fileTypesAndContributionMap":{"java":{"insertions":80,"deletions":8}}}]},{"date":"2023-02-01","commitResults":[{"hash":"90d4c50c15733c0692235e0291c420240454bf2c","messageTitle":"A-TextUItesting","messageBody":"","tags":["A-TextUItesting"],"fileTypesAndContributionMap":{"txt":{"insertions":14,"deletions":0}}},{"hash":"f08c6ee437fc596c026080f7cf1a00f586b39a86","messageTitle":"Refactor some bad names and complicated expressions","messageBody":"","tags":["A-CodeQuality"],"fileTypesAndContributionMap":{"java":{"insertions":56,"deletions":59}}}]},{"date":"2023-02-02","commitResults":[{"hash":"f33d52e7ea60a51b1eef7e50b7378087b9cf7357","messageTitle":"fix some name problem, add 3 todo for the code quality","messageBody":"","fileTypesAndContributionMap":{"java":{"insertions":66,"deletions":43}}}]},{"date":"2023-02-08","commitResults":[{"hash":"95c6acb384037c48fd4b4027e7749a00833f28d5","messageTitle":"Level 5 finished, handle errors added.","messageBody":"","fileTypesAndContributionMap":{"java":{"insertions":99,"deletions":36}}},{"hash":"c33d7682b96a645686384bdea051cae2876572ae","messageTitle":"refactor packages.","messageBody":"","fileTypesAndContributionMap":{"java":{"insertions":22,"deletions":13},"md":{"insertions":2,"deletions":2}}}]}]},"authorFileTypeContributionMap":{"liuziyang020319":{"java":314,"md":2,"fxml":0,"sh":0,"bat":0,"gradle":0,"txt":14}},"authorContributionVariance":{"liuziyang020319":3243.7312},"authorDisplayNameMap":{"liuziyang020319":"CS2113-F13-1 LIU ..YANG"}}
