{"authorDailyContributionsMap":{"liuziyang020319":[{"date":"2023-01-15","commitResults":[{"hash":"77feef64d8ae6df860b3884b9816c90865ee560a","messageTitle":"Level 0. Greet","messageBody":"","fileTypesAndContributionMap":{"java":{"insertions":4,"deletions":0}}}]},{"date":"2023-01-25","commitResults":[{"hash":"bdb488cf840b2ea4f2d96b761b7a9a45ddcdd267","messageTitle":"Level1 increment, greet echo and exit added","messageBody":"","tags":["Level_1._Greet_Echo_Exit"],"fileTypesAndContributionMap":{"java":{"insertions":31,"deletions":1}}},{"hash":"90dad3badf6a9dc3ff606045b7f0a5cdab634e24","messageTitle":"Add the ability to store whatever text entered by the user and display them back to the user when requested.","messageBody":"","tags":["Level_2_Add_List"],"fileTypesAndContributionMap":{"java":{"insertions":49,"deletions":4}}},{"hash":"1a95bd34e5f5b8dd5113d35fb8cf0c80854ed594","messageTitle":"Add the ability to mark tasks as done. Optionally, add the ability to change the status back to not done.","messageBody":"","tags":["Level_3_Mark_As_Down"],"fileTypesAndContributionMap":{"java":{"insertions":81,"deletions":9}}}]},{"date":"2023-01-26","commitResults":[{"hash":"912f511d3310458e73fd4c7cb0be498981d479ee","messageTitle":"Tweak the code to comply with a coding standard","messageBody":"","tags":["A-CodingStandard"],"fileTypesAndContributionMap":{"java":{"insertions":55,"deletions":63}}}]}]},"authorFileTypeContributionMap":{"liuziyang020319":{"java":149,"md":0,"fxml":0,"sh":0,"bat":0,"gradle":0,"txt":0}},"authorContributionVariance":{"liuziyang020319":2733.1685},"authorDisplayNameMap":{"liuziyang020319":"CS2113-F13-1 LIU ..YANG"}}
