{"authorDailyContributionsMap":{"liuziyang020319":[{"date":"2023-01-15","commitResults":[{"hash":"77feef64d8ae6df860b3884b9816c90865ee560a","isMergeCommit":false,"messageTitle":"Level 0. Greet","messageBody":"","tags":["Level-0"],"fileTypesAndContributionMap":{"java":{"insertions":4,"deletions":0}}}]},{"date":"2023-01-25","commitResults":[{"hash":"bdb488cf840b2ea4f2d96b761b7a9a45ddcdd267","isMergeCommit":false,"messageTitle":"Level1 increment, greet echo and exit added","messageBody":"","tags":["Level-1"],"fileTypesAndContributionMap":{"java":{"insertions":31,"deletions":1}}},{"hash":"90dad3badf6a9dc3ff606045b7f0a5cdab634e24","isMergeCommit":false,"messageTitle":"Add the ability to store whatever text entered by the user and display them back to the user when requested.","messageBody":"","tags":["Level-2"],"fileTypesAndContributionMap":{"java":{"insertions":49,"deletions":4}}},{"hash":"1a95bd34e5f5b8dd5113d35fb8cf0c80854ed594","isMergeCommit":false,"messageTitle":"Add the ability to mark tasks as done. Optionally, add the ability to change the status back to not done.","messageBody":"","tags":["Level-3"],"fileTypesAndContributionMap":{"java":{"insertions":81,"deletions":9}}}]},{"date":"2023-01-26","commitResults":[{"hash":"912f511d3310458e73fd4c7cb0be498981d479ee","isMergeCommit":false,"messageTitle":"Tweak the code to comply with a coding standard","messageBody":"","tags":["A-CodingStandard"],"fileTypesAndContributionMap":{"java":{"insertions":55,"deletions":63}}}]},{"date":"2023-01-30","commitResults":[{"hash":"6ec3a94211a29bed5169bea6383b4a63dcc73acf","isMergeCommit":false,"messageTitle":"Add support for tracking three types of tasks: Todo Deadline Event","messageBody":"","tags":["Level-4"],"fileTypesAndContributionMap":{"java":{"insertions":80,"deletions":8}}}]},{"date":"2023-02-01","commitResults":[{"hash":"90d4c50c15733c0692235e0291c420240454bf2c","isMergeCommit":false,"messageTitle":"A-TextUItesting","messageBody":"","tags":["A-TextUItesting"],"fileTypesAndContributionMap":{"txt":{"insertions":14,"deletions":0}}},{"hash":"f08c6ee437fc596c026080f7cf1a00f586b39a86","isMergeCommit":false,"messageTitle":"Refactor some bad names and complicated expressions","messageBody":"","tags":["A-CodeQuality"],"fileTypesAndContributionMap":{"java":{"insertions":56,"deletions":59}}}]},{"date":"2023-02-02","commitResults":[{"hash":"f33d52e7ea60a51b1eef7e50b7378087b9cf7357","isMergeCommit":false,"messageTitle":"fix some name problem, add 3 todo for the code quality","messageBody":"","fileTypesAndContributionMap":{"java":{"insertions":66,"deletions":43}}}]},{"date":"2023-02-08","commitResults":[{"hash":"95c6acb384037c48fd4b4027e7749a00833f28d5","isMergeCommit":false,"messageTitle":"Level 5 finished, handle errors added.","messageBody":"","fileTypesAndContributionMap":{"java":{"insertions":99,"deletions":36}}},{"hash":"a7ffddb0217bebcfaeb215c1ff4c3a792d4ea3a1","isMergeCommit":true,"messageTitle":"Merge branch \u0027branch-Level-5\u0027","messageBody":"","tags":["Level-5","A-Exceptions"],"fileTypesAndContributionMap":{}},{"hash":"c33d7682b96a645686384bdea051cae2876572ae","isMergeCommit":false,"messageTitle":"refactor packages.","messageBody":"","fileTypesAndContributionMap":{"java":{"insertions":22,"deletions":13},"md":{"insertions":2,"deletions":2}}},{"hash":"e2e0ecf356255a879467642968876845c0bb88d0","isMergeCommit":true,"messageTitle":"Merge branch \u0027branch-A-Packages\u0027","messageBody":"","tags":["A-Packages"],"fileTypesAndContributionMap":{}}]},{"date":"2023-02-14","commitResults":[{"hash":"97268fed5532597ee78b85ec0c3099108dafe0a4","isMergeCommit":false,"messageTitle":"add delete option","messageBody":"","fileTypesAndContributionMap":{"java":{"insertions":18,"deletions":1}}},{"hash":"271ee1acf22496edd82c60c6591ef84407f2e50f","isMergeCommit":false,"messageTitle":"Level 7 finished","messageBody":"","fileTypesAndContributionMap":{"java":{"insertions":92,"deletions":1}}},{"hash":"2e4a8d7dd31fa86a8f8930d7324e3c32340bf5af","isMergeCommit":true,"messageTitle":"Merge branch \u0027branch-Level-6\u0027","messageBody":"","tags":["Level-6","A-Collections"],"fileTypesAndContributionMap":{}},{"hash":"b4b08769d0a5ece664a83eff9e724b01953b8ac8","isMergeCommit":true,"messageTitle":"Merge branch \u0027branch-Level-7\u0027","messageBody":"# Conflicts:\n#\tsrc/main/java/Duke/DukeFunction/DukeList.java\n","fileTypesAndContributionMap":{}}]},{"date":"2023-02-17","commitResults":[{"hash":"7ceb9151690a20e05b2e7710ee29e2780556b8a2","isMergeCommit":false,"messageTitle":"Set save automatically","messageBody":"","tags":["Level-7","A-Jar"],"fileTypesAndContributionMap":{"txt":{"insertions":2,"deletions":2},"java":{"insertions":2,"deletions":4}}}]},{"date":"2023-02-20","commitResults":[{"hash":"4fa9eaed9b00969dea3eb24aa8194d62fa17bff2","isMergeCommit":false,"messageTitle":"DukeUI added","messageBody":"","fileTypesAndContributionMap":{"java":{"insertions":31,"deletions":33}}},{"hash":"e661cd43d2a018605ef0d16017a9d2f7a8a87ae4","isMergeCommit":false,"messageTitle":"a more oop version","messageBody":"","fileTypesAndContributionMap":{"txt":{"insertions":4,"deletions":2},"java":{"insertions":193,"deletions":159}}},{"hash":"eced92a6c7fa30dd84a1da80250fdec9bbdd7ab2","isMergeCommit":false,"messageTitle":"Separate Storage from List Class","messageBody":"","tags":["A-MoreOOP"],"fileTypesAndContributionMap":{"txt":{"insertions":1,"deletions":3},"java":{"insertions":103,"deletions":68}}},{"hash":"f4ce75f302b4fc6a414cb34b90d4e1a042b790f6","isMergeCommit":false,"messageTitle":"fixed some magic number problem","messageBody":"","fileTypesAndContributionMap":{"java":{"insertions":88,"deletions":73}}},{"hash":"f694013352d501625d6011bb3f8d0e4f8744a3c9","isMergeCommit":false,"messageTitle":"add Date and Time","messageBody":"","fileTypesAndContributionMap":{"txt":{"insertions":6,"deletions":2},"java":{"insertions":88,"deletions":6}}},{"hash":"659ddda81184631fd4543cf6e2331b5ce544c20f","isMergeCommit":true,"messageTitle":"Merge pull request #1 from liuziyang020319/branch-Level-8","messageBody":"add Date and Time","tags":["Level-8"],"fileTypesAndContributionMap":{}},{"hash":"86da4ba3dcce0b19b9943f4050ed51b92000d21c","isMergeCommit":false,"messageTitle":"add find","messageBody":"","fileTypesAndContributionMap":{"java":{"insertions":15,"deletions":0}}},{"hash":"9c52469df9b32ad36b8d08fbc4795630246cff82","isMergeCommit":true,"messageTitle":"Merge branch \u0027branch-Level-9\u0027","messageBody":"# Conflicts:\n#\tsrc/main/java/Duke/DukeCommandLine/DukeCommandLineInput.java\n#\tsrc/main/java/Duke/DukeFunction/DukeList.java\n#\tsrc/main/java/Duke/DukeTask/DukeTask.java\n","tags":["Level-9"],"fileTypesAndContributionMap":{}}]},{"date":"2023-02-28","commitResults":[{"hash":"9c7ef4ace30b2468a07eb306cf7260d44171cd03","isMergeCommit":false,"messageTitle":"add all the JavaDoc","messageBody":"","tags":["A-JavaDoc"],"fileTypesAndContributionMap":{"txt":{"insertions":1,"deletions":1},"java":{"insertions":249,"deletions":6}}},{"hash":"8e2bb0881a87fe0f715fc402c00bf7cbaf73004e","isMergeCommit":false,"messageTitle":"a test of user guide","messageBody":"","fileTypesAndContributionMap":{"md":{"insertions":13,"deletions":24}}},{"hash":"54113fc2a239691c7e51b6b45b2793d577e6f08c","isMergeCommit":false,"messageTitle":"Add User Guide","messageBody":"","fileTypesAndContributionMap":{"txt":{"insertions":5,"deletions":1},"md":{"insertions":234,"deletions":2}}},{"hash":"59a16c0931ab59ed3beb7417c9f0213e1c6078d4","isMergeCommit":false,"messageTitle":"Test for the website","messageBody":"","fileTypesAndContributionMap":{"md":{"insertions":7,"deletions":0}}},{"hash":"15abf13d770ed8d0258a9d882f78880ac7f05b41","isMergeCommit":false,"messageTitle":"Finish User Guide","messageBody":"","fileTypesAndContributionMap":{"md":{"insertions":10,"deletions":6}}},{"hash":"34c45e4378c6ef6231b24c34a3e45b9ff842d3a9","isMergeCommit":false,"messageTitle":"fix bug","messageBody":"","fileTypesAndContributionMap":{"md":{"insertions":1,"deletions":0}}},{"hash":"b47115a7ac5d78301b824c1551df01d173806d47","isMergeCommit":false,"messageTitle":"another bug fixed","messageBody":"","fileTypesAndContributionMap":{"md":{"insertions":1,"deletions":0}}}]},{"date":"2023-03-01","commitResults":[{"hash":"13a10474a782c2ee29e77c6733f1d3c64e417c3b","isMergeCommit":false,"messageTitle":"A slight change for the UI","messageBody":"","fileTypesAndContributionMap":{"java":{"insertions":1,"deletions":1}}},{"hash":"f8aa88af1e72c568ebf7669036e43044217d62e4","isMergeCommit":false,"messageTitle":"a breakline bug fixed","messageBody":"","tags":["A-UserGuide"],"fileTypesAndContributionMap":{"md":{"insertions":38,"deletions":38}}}]},{"date":"2023-03-03","commitResults":[{"hash":"03a82c8a39c5b4f4785b59d2f197ba0c24ce0262","isMergeCommit":false,"messageTitle":"remove almost all of the magic String","messageBody":"","fileTypesAndContributionMap":{"txt":{"insertions":1,"deletions":2},"java":{"insertions":83,"deletions":50}}},{"hash":"b28fdec9f8109df2a7c35a2f203b37820fd90f98","isMergeCommit":false,"messageTitle":"FIXED. Remove more magic string","messageBody":"","tags":["A-Release"],"fileTypesAndContributionMap":{"txt":{"insertions":1,"deletions":1},"java":{"insertions":8,"deletions":5}}}]}]},"authorFileTypeContributionMap":{"liuziyang020319":{"java":879,"md":249,"fxml":0,"sh":0,"bat":0,"gradle":0,"txt":26}},"authorContributionVariance":{"liuziyang020319":21988.818},"authorDisplayNameMap":{"liuziyang020319":"CS2113-F13-1 LIU ..YANG"}}
