{"authorDailyContributionsMap":{"kishore-a00":[{"date":"2023-01-20","commitResults":[{"hash":"7c0e358909531e9d31635f7fd5107954dd3f4343","messageTitle":"Add greeting to Duke.java","messageBody":"","fileTypesAndContributionMap":{"java":{"insertions":16,"deletions":1}}}]},{"date":"2023-01-25","commitResults":[{"hash":"b74da9a24e9d811acc4c92ebc73276ab451a301a","messageTitle":"Add echo function","messageBody":"","tags":["Level-1"],"fileTypesAndContributionMap":{"java":{"insertions":18,"deletions":0}}},{"hash":"215ab52666a8fd33ac069a3d1d9da6d1d6f1d214","messageTitle":"Add store and display text function","messageBody":"","tags":["Level-2"],"fileTypesAndContributionMap":{"java":{"insertions":18,"deletions":1}}}]},{"date":"2023-01-29","commitResults":[{"hash":"5812184cb29254bd6669f0edc4ece54860216fd9","messageTitle":"Extract addToList function from Main","messageBody":"","fileTypesAndContributionMap":{"java":{"insertions":13,"deletions":9}}},{"hash":"a077b56f57581e645668ce9ed07e3a4b82ff7d13","messageTitle":"Add Task class","messageBody":"","fileTypesAndContributionMap":{"java":{"insertions":40,"deletions":0}}}]},{"date":"2023-01-30","commitResults":[{"hash":"3d35bb9583d48581905f0a674906764a4d4ff34a","messageTitle":"Add feedback to user after task is marked","messageBody":"","fileTypesAndContributionMap":{"java":{"insertions":22,"deletions":3}}},{"hash":"167f248207cce3cfa64d5e008ec91212e613d8df","messageTitle":"Implement mark and unmark function using Task class","messageBody":"","tags":["Level-3"],"fileTypesAndContributionMap":{"java":{"insertions":31,"deletions":14}}},{"hash":"803b0a8e9a772a14936e55e8b46d206ab864e899","messageTitle":"Format code according to convention","messageBody":"","tags":["A-CodingStandard"],"fileTypesAndContributionMap":{"java":{"insertions":11,"deletions":8}}}]},{"date":"2023-02-01","commitResults":[{"hash":"1327faade096fb6cabc4592507ba079e2ca987d9","messageTitle":"Create ToDo class, a subclass of Task","messageBody":"","fileTypesAndContributionMap":{"java":{"insertions":17,"deletions":0}}}]},{"date":"2023-02-05","commitResults":[{"hash":"5d93ec80abc07ead0c43153f07c5a5734af7b2a0","messageTitle":"Add Deadline class","messageBody":"","fileTypesAndContributionMap":{"java":{"insertions":18,"deletions":0}}},{"hash":"6756d81b41ba8303ecf4a6162a5ed47f72e7fbf0","messageTitle":"Add Events class","messageBody":"","fileTypesAndContributionMap":{"java":{"insertions":35,"deletions":0}}},{"hash":"9f443bf95fd245a80edb2cf050dbee346d455fa3","messageTitle":"Rename Events Class to Event to keep Class names as singular","messageBody":"","fileTypesAndContributionMap":{"java":{"insertions":1,"deletions":1}}},{"hash":"b42f6bbc4abee815fbaad17047d943ce7e5f6bdd","messageTitle":"Renamed Event class constructor to maintain consistency with class name","messageBody":"","fileTypesAndContributionMap":{"java":{"insertions":1,"deletions":1}}}]},{"date":"2023-02-06","commitResults":[{"hash":"9d511698f6f742091f4b11e96e4ab39328e52505","messageTitle":"Combine event date and start time into one variable","messageBody":"","fileTypesAndContributionMap":{"java":{"insertions":7,"deletions":17}}},{"hash":"edbb8dc3e658c6999312c1bb9005d73b5f451738","messageTitle":"Include methods to create todo, deadline and event in Duke","messageBody":"","fileTypesAndContributionMap":{"java":{"insertions":28,"deletions":1}}},{"hash":"7befd40837101fe52f3e0a68b8f424bd8006336e","messageTitle":"Add checking and adding of task to storage based on respective input keyword","messageBody":"","fileTypesAndContributionMap":{"java":{"insertions":26,"deletions":5}}},{"hash":"86d8dcb1b8fc26aa376fb45bf895a454fc29a04b","messageTitle":"Add displayTask function to handle displaying different types of tasks","messageBody":"","fileTypesAndContributionMap":{"java":{"insertions":33,"deletions":1}}},{"hash":"2e110a7346ae5eaa8eecd8ac080d4cbbfb102f5f","messageTitle":"Fix string formatting for printing strings","messageBody":"","fileTypesAndContributionMap":{"java":{"insertions":13,"deletions":3}}},{"hash":"8251b08f3a9aad0686026e07f5508dc8fd4c78c8","messageTitle":"Remove task type from ToDo class as it is present in Task Class","messageBody":"","fileTypesAndContributionMap":{"java":{"insertions":1,"deletions":11}}},{"hash":"8ca57f474ffd0fd9d74b51d951d4869a1331bc5e","messageTitle":"Add function to show total number of tasks when displaying the newly added task","messageBody":"","tags":["Level-4"],"fileTypesAndContributionMap":{"java":{"insertions":15,"deletions":5}}},{"hash":"c60fa722b744400b803d8f05e784bb37ef7e6c01","messageTitle":"Remove Duke logo","messageBody":"","fileTypesAndContributionMap":{"java":{"insertions":0,"deletions":6}}},{"hash":"b73a5603a681c1d07f1994818878646c99dcbc88","messageTitle":"Add automated testing input and output","messageBody":"","tags":["A-TextUiTesting"],"fileTypesAndContributionMap":{"txt":{"insertions":8,"deletions":0},"java":{"insertions":1,"deletions":1}}}]},{"date":"2023-02-07","commitResults":[{"hash":"4c28a164f1a63ad51e864f23bd81342952aa79f6","messageTitle":"Improve code quality and ensure code is structured logically","messageBody":"","tags":["A-CodeQuality"],"fileTypesAndContributionMap":{"java":{"insertions":92,"deletions":92}}}]}]},"authorFileTypeContributionMap":{"kishore-a00":{"java":283,"md":0,"fxml":0,"sh":0,"bat":0,"gradle":0,"txt":8}},"authorContributionVariance":{"kishore-a00":2613.0781},"authorDisplayNameMap":{"kishore-a00":"CS2113-W12-2 KISH..OKAN"}}
